22:52:41.264 INFO  i.g.bonigarcia.wdm.WebDriverManager -- Using chromedriver 149.0.7827.55 (resolved driver for Chrome 149)
22:52:41.891 INFO  i.g.bonigarcia.wdm.online.Downloader -- Downloading https://storage.googleapis.com/chrome-for-testing-public/149.0.7827.55/win64/chromedriver-win64.zip
22:52:45.083 INFO  i.g.bonigarcia.wdm.online.Downloader -- Extracting driver from compressed file chromedriver-win64.zip
22:52:45.313 INFO  i.g.bonigarcia.wdm.WebDriverManager -- Exporting webdriver.chrome.driver as C:\Users\Nina\.cache\selenium\chromedriver\win64\149.0.7827.55\chromedriver.exe
22:52:46.618 INFO  manager.ListenerWD -- Navigate to -->https://telranedu.web.app/
22:52:47.417 INFO  manager.ApplicationManager -- The link --->https://telranedu.web.app/home
22:52:47.436 INFO  tests.TestBase -- test data---> email: lolik@gmail.com & password: Lolik123!
22:52:52.470 INFO  manager.ListenerWD -- Before find element-->By.cssSelector: a[href='/login']
22:52:52.505 INFO  manager.ListenerWD -- After find element-->By.cssSelector: a[href='/login']
22:52:52.511 INFO  manager.ListenerWD -- Location of element-->a
22:52:52.521 INFO  manager.ListenerWD -- Before click element-->atext -->LOGIN
22:52:52.560 INFO  manager.ListenerWD -- After click element-->a
22:52:52.560 INFO  manager.HelperBase -- Open form by ckick on button with locator a[href='/login']
22:52:52.560 INFO  manager.ListenerWD -- Before find element-->By.name: email
22:52:52.579 INFO  manager.ListenerWD -- After find element-->By.name: email
22:52:52.585 INFO  manager.ListenerWD -- Location of element-->input
22:52:52.593 INFO  manager.ListenerWD -- Before click element-->inputtext -->
22:52:52.625 INFO  manager.ListenerWD -- After click element-->input
22:52:52.643 INFO  manager.ListenerWD -- sendKeys -->
22:52:52.646 INFO  manager.ListenerWD -- sendKeys -->input
22:52:52.669 INFO  manager.ListenerWD -- sendKeys -->
22:52:52.671 INFO  manager.ListenerWD -- sendKeys -->input
22:52:52.687 INFO  manager.ListenerWD -- sendKeys -->
22:52:52.689 INFO  manager.ListenerWD -- sendKeys -->input
22:52:52.707 INFO  manager.ListenerWD -- Before find element-->By.xpath: //input[@placeholder='Password']
22:52:52.792 INFO  manager.ListenerWD -- After find element-->By.xpath: //input[@placeholder='Password']
22:52:52.798 INFO  manager.ListenerWD -- Location of element-->input
22:52:52.808 INFO  manager.ListenerWD -- Before click element-->inputtext -->
22:52:52.852 INFO  manager.ListenerWD -- After click element-->input
22:52:52.871 INFO  manager.ListenerWD -- sendKeys -->
22:52:52.875 INFO  manager.ListenerWD -- sendKeys -->input
22:52:52.896 INFO  manager.ListenerWD -- sendKeys -->
22:52:52.898 INFO  manager.ListenerWD -- sendKeys -->input
22:52:52.917 INFO  manager.ListenerWD -- sendKeys -->
22:52:52.920 INFO  manager.ListenerWD -- sendKeys -->input
22:52:52.935 INFO  manager.ListenerWD -- Before find element-->By.xpath: //button[text()='Login']
22:52:52.952 INFO  manager.ListenerWD -- After find element-->By.xpath: //button[text()='Login']
22:52:52.955 INFO  manager.ListenerWD -- Location of element-->button
22:52:52.963 INFO  manager.ListenerWD -- Before click element-->buttontext -->Login
22:52:52.999 INFO  tests.TestBase -- User logged in successfully
22:52:53.014 INFO  tests.TestBase -- Name of method (test) -->addNewContactEmptyAddress
22:52:53.105 INFO  tests.TestBase -- Test data --> name: Tony, lastName:Molly, phone: 343434342323, email: molly@gmail.com, address: , description: empty address
22:52:53.105 INFO  manager.ListenerWD -- Before find element-->By.cssSelector: a[href='/add']
22:52:54.369 INFO  manager.ListenerWD -- After find element-->By.cssSelector: a[href='/add']
22:52:54.372 INFO  manager.ListenerWD -- Location of element-->a
22:52:54.379 INFO  manager.ListenerWD -- Before click element-->atext -->ADD
22:52:54.409 INFO  manager.ListenerWD -- After click element-->a
22:52:54.409 INFO  manager.ListenerWD -- Before find element-->By.cssSelector: [placeholder='Name']
22:52:54.424 INFO  manager.ListenerWD -- After find element-->By.cssSelector: [placeholder='Name']
22:52:54.428 INFO  manager.ListenerWD -- Location of element-->input
22:52:54.436 INFO  manager.ListenerWD -- Before click element-->inputtext -->
22:52:54.491 INFO  manager.ListenerWD -- After click element-->input
22:52:54.507 INFO  manager.ListenerWD -- sendKeys -->
22:52:54.509 INFO  manager.ListenerWD -- sendKeys -->input
22:52:54.524 INFO  manager.ListenerWD -- sendKeys -->
22:52:54.526 INFO  manager.ListenerWD -- sendKeys -->input
22:52:54.539 INFO  manager.ListenerWD -- sendKeys -->
22:52:54.542 INFO  manager.ListenerWD -- sendKeys -->input
22:52:54.555 INFO  manager.ListenerWD -- Before find element-->By.cssSelector: [placeholder='Last Name']
22:52:54.568 INFO  manager.ListenerWD -- After find element-->By.cssSelector: [placeholder='Last Name']
22:52:54.571 INFO  manager.ListenerWD -- Location of element-->input
22:52:54.578 INFO  manager.ListenerWD -- Before click element-->inputtext -->
22:52:54.604 INFO  manager.ListenerWD -- After click element-->input
22:52:54.618 INFO  manager.ListenerWD -- sendKeys -->
22:52:54.620 INFO  manager.ListenerWD -- sendKeys -->input
22:52:54.635 INFO  manager.ListenerWD -- sendKeys -->
22:52:54.638 INFO  manager.ListenerWD -- sendKeys -->input
22:52:54.653 INFO  manager.ListenerWD -- sendKeys -->
22:52:54.655 INFO  manager.ListenerWD -- sendKeys -->input
22:52:54.667 INFO  manager.ListenerWD -- Before find element-->By.cssSelector: [placeholder='Phone']
22:52:54.685 INFO  manager.ListenerWD -- After find element-->By.cssSelector: [placeholder='Phone']
22:52:54.688 INFO  manager.ListenerWD -- Location of element-->input
22:52:54.693 INFO  manager.ListenerWD -- Before click element-->inputtext -->
22:52:54.718 INFO  manager.ListenerWD -- After click element-->input
22:52:54.732 INFO  manager.ListenerWD -- sendKeys -->
22:52:54.734 INFO  manager.ListenerWD -- sendKeys -->input
22:52:54.748 INFO  manager.ListenerWD -- sendKeys -->
22:52:54.750 INFO  manager.ListenerWD -- sendKeys -->input
22:52:54.764 INFO  manager.ListenerWD -- sendKeys -->
22:52:54.766 INFO  manager.ListenerWD -- sendKeys -->input
22:52:54.780 INFO  manager.ListenerWD -- Before find element-->By.cssSelector: [placeholder='email']
22:52:54.795 INFO  manager.ListenerWD -- After find element-->By.cssSelector: [placeholder='email']
22:52:54.799 INFO  manager.ListenerWD -- Location of element-->input
22:52:54.804 INFO  manager.ListenerWD -- Before click element-->inputtext -->
22:52:54.828 INFO  manager.ListenerWD -- After click element-->input
22:52:54.842 INFO  manager.ListenerWD -- sendKeys -->
22:52:54.844 INFO  manager.ListenerWD -- sendKeys -->input
22:52:54.861 INFO  manager.ListenerWD -- sendKeys -->
22:52:54.863 INFO  manager.ListenerWD -- sendKeys -->input
22:52:54.878 INFO  manager.ListenerWD -- sendKeys -->
22:52:54.881 INFO  manager.ListenerWD -- sendKeys -->input
22:52:54.894 INFO  manager.ListenerWD -- Before find element-->By.cssSelector: [placeholder='Address']
22:52:54.906 INFO  manager.ListenerWD -- After find element-->By.cssSelector: [placeholder='Address']
22:52:54.909 INFO  manager.ListenerWD -- Location of element-->input
22:52:54.916 INFO  manager.ListenerWD -- Before click element-->inputtext -->
22:52:54.943 INFO  manager.ListenerWD -- After click element-->input
22:52:54.957 INFO  manager.ListenerWD -- sendKeys -->
22:52:54.961 INFO  manager.ListenerWD -- sendKeys -->input
22:52:54.975 INFO  manager.ListenerWD -- sendKeys -->
22:52:54.977 INFO  manager.ListenerWD -- sendKeys -->input
22:52:54.991 INFO  manager.ListenerWD -- sendKeys -->
22:52:54.993 INFO  manager.ListenerWD -- sendKeys -->input
22:52:55.001 INFO  manager.ListenerWD -- Before find element-->By.cssSelector: [placeholder = 'description']
22:52:55.012 INFO  manager.ListenerWD -- After find element-->By.cssSelector: [placeholder = 'description']
22:52:55.016 INFO  manager.ListenerWD -- Location of element-->input
22:52:55.021 INFO  manager.ListenerWD -- Before click element-->inputtext -->
22:52:55.044 INFO  manager.ListenerWD -- After click element-->input
22:52:55.057 INFO  manager.ListenerWD -- sendKeys -->
22:52:55.060 INFO  manager.ListenerWD -- sendKeys -->input
22:52:55.074 INFO  manager.ListenerWD -- sendKeys -->
22:52:55.076 INFO  manager.ListenerWD -- sendKeys -->input
22:52:55.089 INFO  manager.ListenerWD -- sendKeys -->
22:52:55.092 INFO  manager.ListenerWD -- sendKeys -->input
22:52:55.106 INFO  manager.ListenerWD -- Before find element-->By.cssSelector: .add_form__2rsm2>button
22:52:55.119 INFO  manager.ListenerWD -- After find element-->By.cssSelector: .add_form__2rsm2>button
22:52:55.121 INFO  manager.ListenerWD -- Location of element-->button
22:52:55.126 INFO  manager.ListenerWD -- Before click element-->buttontext -->Save
22:52:55.150 INFO  manager.ListenerWD -- After click element-->button
22:52:55.163 INFO  tests.TestBase -- Assert check Add button is active
22:52:55.171 INFO  tests.TestBase -- ==============================================
22:52:55.172 INFO  tests.TestBase -- Name of method (test) -->addNewContactEmptyLastName
22:52:55.174 INFO  tests.TestBase -- Test data --> name: Tony , lastName:, phone: 343434342323,email: molly@gmail.com, address: Haifa, description: empty last name
22:52:55.174 INFO  manager.ListenerWD -- Before find element-->By.cssSelector: a[href='/add']
22:52:55.184 INFO  manager.ListenerWD -- After find element-->By.cssSelector: a[href='/add']
22:52:55.186 INFO  manager.ListenerWD -- Location of element-->a
22:52:55.191 INFO  manager.ListenerWD -- Before click element-->atext -->ADD
22:52:55.218 INFO  manager.ListenerWD -- After click element-->a
22:52:55.218 INFO  manager.ListenerWD -- Before find element-->By.cssSelector: [placeholder='Name']
22:52:55.228 INFO  manager.ListenerWD -- After find element-->By.cssSelector: [placeholder='Name']
22:52:55.231 INFO  manager.ListenerWD -- Location of element-->input
22:52:55.237 INFO  manager.ListenerWD -- Before click element-->inputtext -->
22:52:55.267 INFO  manager.ListenerWD -- After click element-->input
22:52:55.282 INFO  manager.ListenerWD -- sendKeys -->
22:52:55.285 INFO  manager.ListenerWD -- sendKeys -->input
22:52:55.307 INFO  manager.ListenerWD -- sendKeys -->
22:52:55.311 INFO  manager.ListenerWD -- sendKeys -->input
22:52:55.325 INFO  manager.ListenerWD -- sendKeys -->
22:52:55.327 INFO  manager.ListenerWD -- sendKeys -->input
22:52:55.338 INFO  manager.ListenerWD -- Before find element-->By.cssSelector: [placeholder='Last Name']
22:52:55.346 INFO  manager.ListenerWD -- After find element-->By.cssSelector: [placeholder='Last Name']
22:52:55.350 INFO  manager.ListenerWD -- Location of element-->input
22:52:55.356 INFO  manager.ListenerWD -- Before click element-->inputtext -->
22:52:55.380 INFO  manager.ListenerWD -- After click element-->input
22:52:55.394 INFO  manager.ListenerWD -- sendKeys -->
22:52:55.396 INFO  manager.ListenerWD -- sendKeys -->input
22:52:55.418 INFO  manager.ListenerWD -- sendKeys -->
22:52:55.420 INFO  manager.ListenerWD -- sendKeys -->input
22:52:55.435 INFO  manager.ListenerWD -- sendKeys -->
22:52:55.438 INFO  manager.ListenerWD -- sendKeys -->input
22:52:55.446 INFO  manager.ListenerWD -- Before find element-->By.cssSelector: [placeholder='Phone']
22:52:55.455 INFO  manager.ListenerWD -- After find element-->By.cssSelector: [placeholder='Phone']
22:52:55.457 INFO  manager.ListenerWD -- Location of element-->input
22:52:55.463 INFO  manager.ListenerWD -- Before click element-->inputtext -->
22:52:55.487 INFO  manager.ListenerWD -- After click element-->input
22:52:55.500 INFO  manager.ListenerWD -- sendKeys -->
22:52:55.502 INFO  manager.ListenerWD -- sendKeys -->input
22:52:55.523 INFO  manager.ListenerWD -- sendKeys -->
22:52:55.526 INFO  manager.ListenerWD -- sendKeys -->input
22:52:55.540 INFO  manager.ListenerWD -- sendKeys -->
22:52:55.542 INFO  manager.ListenerWD -- sendKeys -->input
22:52:55.556 INFO  manager.ListenerWD -- Before find element-->By.cssSelector: [placeholder='email']
22:52:55.566 INFO  manager.ListenerWD -- After find element-->By.cssSelector: [placeholder='email']
22:52:55.569 INFO  manager.ListenerWD -- Location of element-->input
22:52:55.576 INFO  manager.ListenerWD -- Before click element-->inputtext -->
22:52:55.599 INFO  manager.ListenerWD -- After click element-->input
22:52:55.614 INFO  manager.ListenerWD -- sendKeys -->
22:52:55.616 INFO  manager.ListenerWD -- sendKeys -->input
22:52:55.639 INFO  manager.ListenerWD -- sendKeys -->
22:52:55.641 INFO  manager.ListenerWD -- sendKeys -->input
22:52:55.656 INFO  manager.ListenerWD -- sendKeys -->
22:52:55.658 INFO  manager.ListenerWD -- sendKeys -->input
22:52:55.672 INFO  manager.ListenerWD -- Before find element-->By.cssSelector: [placeholder='Address']
22:52:55.682 INFO  manager.ListenerWD -- After find element-->By.cssSelector: [placeholder='Address']
22:52:55.685 INFO  manager.ListenerWD -- Location of element-->input
22:52:55.691 INFO  manager.ListenerWD -- Before click element-->inputtext -->
22:52:55.718 INFO  manager.ListenerWD -- After click element-->input
22:52:55.735 INFO  manager.ListenerWD -- sendKeys -->
22:52:55.737 INFO  manager.ListenerWD -- sendKeys -->input
22:52:55.751 INFO  manager.ListenerWD -- sendKeys -->
22:52:55.753 INFO  manager.ListenerWD -- sendKeys -->input
22:52:55.768 INFO  manager.ListenerWD -- sendKeys -->
22:52:55.770 INFO  manager.ListenerWD -- sendKeys -->input
22:52:55.781 INFO  manager.ListenerWD -- Before find element-->By.cssSelector: [placeholder = 'description']
22:52:55.790 INFO  manager.ListenerWD -- After find element-->By.cssSelector: [placeholder = 'description']
22:52:55.793 INFO  manager.ListenerWD -- Location of element-->input
22:52:55.798 INFO  manager.ListenerWD -- Before click element-->inputtext -->
22:52:55.822 INFO  manager.ListenerWD -- After click element-->input
22:52:55.838 INFO  manager.ListenerWD -- sendKeys -->
22:52:55.842 INFO  manager.ListenerWD -- sendKeys -->input
22:52:55.869 INFO  manager.ListenerWD -- sendKeys -->
22:52:55.871 INFO  manager.ListenerWD -- sendKeys -->input
22:52:55.888 INFO  manager.ListenerWD -- sendKeys -->
22:52:55.890 INFO  manager.ListenerWD -- sendKeys -->input
22:52:55.905 INFO  manager.ListenerWD -- Before find element-->By.cssSelector: .add_form__2rsm2>button
22:52:55.913 INFO  manager.ListenerWD -- After find element-->By.cssSelector: .add_form__2rsm2>button
22:52:55.916 INFO  manager.ListenerWD -- Location of element-->button
22:52:55.921 INFO  manager.ListenerWD -- Before click element-->buttontext -->Save
22:52:55.942 INFO  manager.ListenerWD -- After click element-->button
22:52:55.951 INFO  tests.TestBase -- Assert check Add button is active
22:52:55.953 INFO  tests.TestBase -- ==============================================
22:52:55.954 INFO  tests.TestBase -- Name of method (test) -->addNewContactEmptyName
22:52:55.954 INFO  tests.TestBase -- Test data --> name: , lastName:Molly, phone: 343434342323,email: molly@gmail.com, address: Haifa, description: empty name
22:52:55.956 INFO  manager.ListenerWD -- Before find element-->By.cssSelector: a[href='/add']
22:52:55.965 INFO  manager.ListenerWD -- After find element-->By.cssSelector: a[href='/add']
22:52:55.967 INFO  manager.ListenerWD -- Location of element-->a
22:52:55.973 INFO  manager.ListenerWD -- Before click element-->atext -->ADD
22:52:56.000 INFO  manager.ListenerWD -- After click element-->a
22:52:56.000 INFO  manager.ListenerWD -- Before find element-->By.cssSelector: [placeholder='Name']
22:52:56.010 INFO  manager.ListenerWD -- After find element-->By.cssSelector: [placeholder='Name']
22:52:56.012 INFO  manager.ListenerWD -- Location of element-->input
22:52:56.018 INFO  manager.ListenerWD -- Before click element-->inputtext -->
22:52:56.041 INFO  manager.ListenerWD -- After click element-->input
22:52:56.055 INFO  manager.ListenerWD -- sendKeys -->
22:52:56.057 INFO  manager.ListenerWD -- sendKeys -->input
22:52:56.077 INFO  manager.ListenerWD -- sendKeys -->
22:52:56.079 INFO  manager.ListenerWD -- sendKeys -->input
22:52:56.093 INFO  manager.ListenerWD -- sendKeys -->
22:52:56.095 INFO  manager.ListenerWD -- sendKeys -->input
22:52:56.104 INFO  manager.ListenerWD -- Before find element-->By.cssSelector: [placeholder='Last Name']
22:52:56.114 INFO  manager.ListenerWD -- After find element-->By.cssSelector: [placeholder='Last Name']
22:52:56.116 INFO  manager.ListenerWD -- Location of element-->input
22:52:56.121 INFO  manager.ListenerWD -- Before click element-->inputtext -->
22:52:56.143 INFO  manager.ListenerWD -- After click element-->input
22:52:56.156 INFO  manager.ListenerWD -- sendKeys -->
22:52:56.159 INFO  manager.ListenerWD -- sendKeys -->input
22:52:56.172 INFO  manager.ListenerWD -- sendKeys -->
22:52:56.174 INFO  manager.ListenerWD -- sendKeys -->input
22:52:56.189 INFO  manager.ListenerWD -- sendKeys -->
22:52:56.191 INFO  manager.ListenerWD -- sendKeys -->input
22:52:56.203 INFO  manager.ListenerWD -- Before find element-->By.cssSelector: [placeholder='Phone']
22:52:56.212 INFO  manager.ListenerWD -- After find element-->By.cssSelector: [placeholder='Phone']
22:52:56.215 INFO  manager.ListenerWD -- Location of element-->input
22:52:56.220 INFO  manager.ListenerWD -- Before click element-->inputtext -->
22:52:56.241 INFO  manager.ListenerWD -- After click element-->input
22:52:56.256 INFO  manager.ListenerWD -- sendKeys -->
22:52:56.258 INFO  manager.ListenerWD -- sendKeys -->input
22:52:56.278 INFO  manager.ListenerWD -- sendKeys -->
22:52:56.280 INFO  manager.ListenerWD -- sendKeys -->input
22:52:56.293 INFO  manager.ListenerWD -- sendKeys -->
22:52:56.298 INFO  manager.ListenerWD -- sendKeys -->input
22:52:56.312 INFO  manager.ListenerWD -- Before find element-->By.cssSelector: [placeholder='email']
22:52:56.321 INFO  manager.ListenerWD -- After find element-->By.cssSelector: [placeholder='email']
22:52:56.324 INFO  manager.ListenerWD -- Location of element-->input
22:52:56.330 INFO  manager.ListenerWD -- Before click element-->inputtext -->
22:52:56.355 INFO  manager.ListenerWD -- After click element-->input
22:52:56.370 INFO  manager.ListenerWD -- sendKeys -->
22:52:56.372 INFO  manager.ListenerWD -- sendKeys -->input
22:52:56.393 INFO  manager.ListenerWD -- sendKeys -->
22:52:56.395 INFO  manager.ListenerWD -- sendKeys -->input
22:52:56.408 INFO  manager.ListenerWD -- sendKeys -->
22:52:56.411 INFO  manager.ListenerWD -- sendKeys -->input
22:52:56.423 INFO  manager.ListenerWD -- Before find element-->By.cssSelector: [placeholder='Address']
22:52:56.433 INFO  manager.ListenerWD -- After find element-->By.cssSelector: [placeholder='Address']
22:52:56.436 INFO  manager.ListenerWD -- Location of element-->input
22:52:56.441 INFO  manager.ListenerWD -- Before click element-->inputtext -->
22:52:56.463 INFO  manager.ListenerWD -- After click element-->input
22:52:56.477 INFO  manager.ListenerWD -- sendKeys -->
22:52:56.479 INFO  manager.ListenerWD -- sendKeys -->input
22:52:56.498 INFO  manager.ListenerWD -- sendKeys -->
22:52:56.500 INFO  manager.ListenerWD -- sendKeys -->input
22:52:56.514 INFO  manager.ListenerWD -- sendKeys -->
22:52:56.516 INFO  manager.ListenerWD -- sendKeys -->input
22:52:56.526 INFO  manager.ListenerWD -- Before find element-->By.cssSelector: [placeholder = 'description']
22:52:56.535 INFO  manager.ListenerWD -- After find element-->By.cssSelector: [placeholder = 'description']
22:52:56.538 INFO  manager.ListenerWD -- Location of element-->input
22:52:56.542 INFO  manager.ListenerWD -- Before click element-->inputtext -->
22:52:56.564 INFO  manager.ListenerWD -- After click element-->input
22:52:56.577 INFO  manager.ListenerWD -- sendKeys -->
22:52:56.579 INFO  manager.ListenerWD -- sendKeys -->input
22:52:56.598 INFO  manager.ListenerWD -- sendKeys -->
22:52:56.601 INFO  manager.ListenerWD -- sendKeys -->input
22:52:56.613 INFO  manager.ListenerWD -- sendKeys -->
22:52:56.616 INFO  manager.ListenerWD -- sendKeys -->input
22:52:56.628 INFO  manager.ListenerWD -- Before find element-->By.cssSelector: .add_form__2rsm2>button
22:52:56.637 INFO  manager.ListenerWD -- After find element-->By.cssSelector: .add_form__2rsm2>button
22:52:56.640 INFO  manager.ListenerWD -- Location of element-->button
22:52:56.645 INFO  manager.ListenerWD -- Before click element-->buttontext -->Save
22:52:56.664 INFO  manager.ListenerWD -- After click element-->button
22:52:56.674 INFO  tests.TestBase -- Assert check Add button is active
22:52:56.675 INFO  tests.TestBase -- ==============================================
22:52:56.681 INFO  tests.TestBase -- Name of method (test) -->addNewContactSuccessAllFields
22:52:56.684 INFO  manager.ListenerWD -- Before find element-->By.cssSelector: a[href='/add']
22:52:56.692 INFO  manager.ListenerWD -- After find element-->By.cssSelector: a[href='/add']
22:52:56.695 INFO  manager.ListenerWD -- Location of element-->a
22:52:56.701 INFO  manager.ListenerWD -- Before click element-->atext -->ADD
22:52:56.731 INFO  manager.ListenerWD -- After click element-->a
22:52:56.731 INFO  manager.ListenerWD -- Before find element-->By.cssSelector: [placeholder='Name']
22:52:56.740 INFO  manager.ListenerWD -- After find element-->By.cssSelector: [placeholder='Name']
22:52:56.743 INFO  manager.ListenerWD -- Location of element-->input
22:52:56.748 INFO  manager.ListenerWD -- Before click element-->inputtext -->
22:52:56.772 INFO  manager.ListenerWD -- After click element-->input
22:52:56.784 INFO  manager.ListenerWD -- sendKeys -->
22:52:56.786 INFO  manager.ListenerWD -- sendKeys -->input
22:52:56.799 INFO  manager.ListenerWD -- sendKeys -->
22:52:56.801 INFO  manager.ListenerWD -- sendKeys -->input
22:52:56.813 INFO  manager.ListenerWD -- sendKeys -->
22:52:56.816 INFO  manager.ListenerWD -- sendKeys -->input
22:52:56.826 INFO  manager.ListenerWD -- Before find element-->By.cssSelector: [placeholder='Last Name']
22:52:56.834 INFO  manager.ListenerWD -- After find element-->By.cssSelector: [placeholder='Last Name']
22:52:56.836 INFO  manager.ListenerWD -- Location of element-->input
22:52:56.842 INFO  manager.ListenerWD -- Before click element-->inputtext -->
22:52:56.864 INFO  manager.ListenerWD -- After click element-->input
22:52:56.876 INFO  manager.ListenerWD -- sendKeys -->
22:52:56.879 INFO  manager.ListenerWD -- sendKeys -->input
22:52:56.897 INFO  manager.ListenerWD -- sendKeys -->
22:52:56.900 INFO  manager.ListenerWD -- sendKeys -->input
22:52:56.916 INFO  manager.ListenerWD -- sendKeys -->
22:52:56.919 INFO  manager.ListenerWD -- sendKeys -->input
22:52:56.931 INFO  manager.ListenerWD -- Before find element-->By.cssSelector: [placeholder='Phone']
22:52:56.938 INFO  manager.ListenerWD -- After find element-->By.cssSelector: [placeholder='Phone']
22:52:56.941 INFO  manager.ListenerWD -- Location of element-->input
22:52:56.946 INFO  manager.ListenerWD -- Before click element-->inputtext -->
22:52:56.970 INFO  manager.ListenerWD -- After click element-->input
22:52:56.984 INFO  manager.ListenerWD -- sendKeys -->
22:52:56.986 INFO  manager.ListenerWD -- sendKeys -->input
22:52:57.005 INFO  manager.ListenerWD -- sendKeys -->
22:52:57.008 INFO  manager.ListenerWD -- sendKeys -->input
22:52:57.020 INFO  manager.ListenerWD -- sendKeys -->
22:52:57.022 INFO  manager.ListenerWD -- sendKeys -->input
22:52:57.033 INFO  manager.ListenerWD -- Before find element-->By.cssSelector: [placeholder='email']
22:52:57.041 INFO  manager.ListenerWD -- After find element-->By.cssSelector: [placeholder='email']
22:52:57.043 INFO  manager.ListenerWD -- Location of element-->input
22:52:57.049 INFO  manager.ListenerWD -- Before click element-->inputtext -->
22:52:57.070 INFO  manager.ListenerWD -- After click element-->input
22:52:57.083 INFO  manager.ListenerWD -- sendKeys -->
22:52:57.085 INFO  manager.ListenerWD -- sendKeys -->input
22:52:57.104 INFO  manager.ListenerWD -- sendKeys -->
22:52:57.107 INFO  manager.ListenerWD -- sendKeys -->input
22:52:57.121 INFO  manager.ListenerWD -- sendKeys -->
22:52:57.123 INFO  manager.ListenerWD -- sendKeys -->input
22:52:57.137 INFO  manager.ListenerWD -- Before find element-->By.cssSelector: [placeholder='Address']
22:52:57.145 INFO  manager.ListenerWD -- After find element-->By.cssSelector: [placeholder='Address']
22:52:57.147 INFO  manager.ListenerWD -- Location of element-->input
22:52:57.151 INFO  manager.ListenerWD -- Before click element-->inputtext -->
22:52:57.174 INFO  manager.ListenerWD -- After click element-->input
22:52:57.186 INFO  manager.ListenerWD -- sendKeys -->
22:52:57.189 INFO  manager.ListenerWD -- sendKeys -->input
22:52:57.209 INFO  manager.ListenerWD -- sendKeys -->
22:52:57.211 INFO  manager.ListenerWD -- sendKeys -->input
22:52:57.223 INFO  manager.ListenerWD -- sendKeys -->
22:52:57.225 INFO  manager.ListenerWD -- sendKeys -->input
22:52:57.236 INFO  manager.ListenerWD -- Before find element-->By.cssSelector: [placeholder = 'description']
22:52:57.244 INFO  manager.ListenerWD -- After find element-->By.cssSelector: [placeholder = 'description']
22:52:57.246 INFO  manager.ListenerWD -- Location of element-->input
22:52:57.251 INFO  manager.ListenerWD -- Before click element-->inputtext -->
22:52:57.276 INFO  manager.ListenerWD -- After click element-->input
22:52:57.290 INFO  manager.ListenerWD -- sendKeys -->
22:52:57.292 INFO  manager.ListenerWD -- sendKeys -->input
22:52:57.311 INFO  manager.ListenerWD -- sendKeys -->
22:52:57.313 INFO  manager.ListenerWD -- sendKeys -->input
22:52:57.326 INFO  manager.ListenerWD -- sendKeys -->
22:52:57.329 INFO  manager.ListenerWD -- sendKeys -->input
22:52:57.543 INFO  manager.ListenerWD -- Before find element-->By.cssSelector: .add_form__2rsm2>button
22:52:57.555 INFO  manager.ListenerWD -- After find element-->By.cssSelector: .add_form__2rsm2>button
22:52:57.557 INFO  manager.ListenerWD -- Location of element-->button
22:52:57.563 INFO  manager.ListenerWD -- Before click element-->buttontext -->Save
22:52:57.583 INFO  manager.ListenerWD -- After click element-->button
22:52:58.104 INFO  tests.TestBase -- Assert check is add contact by name
22:52:58.135 INFO  tests.TestBase -- Assert check is add contact by phone
22:52:58.137 INFO  tests.TestBase -- ==============================================
22:52:58.137 INFO  tests.TestBase -- Name of method (test) -->addNewContactSuccessAllFields
22:52:58.140 INFO  manager.ListenerWD -- Before find element-->By.cssSelector: a[href='/add']
22:52:58.147 INFO  manager.ListenerWD -- After find element-->By.cssSelector: a[href='/add']
22:52:58.149 INFO  manager.ListenerWD -- Location of element-->a
22:52:58.155 INFO  manager.ListenerWD -- Before click element-->atext -->ADD
22:52:58.179 INFO  manager.ListenerWD -- After click element-->a
22:52:58.179 INFO  manager.ListenerWD -- Before find element-->By.cssSelector: [placeholder='Name']
22:52:58.187 INFO  manager.ListenerWD -- After find element-->By.cssSelector: [placeholder='Name']
22:52:58.190 INFO  manager.ListenerWD -- Location of element-->input
22:52:58.195 INFO  manager.ListenerWD -- Before click element-->inputtext -->
22:52:58.217 INFO  manager.ListenerWD -- After click element-->input
22:52:58.230 INFO  manager.ListenerWD -- sendKeys -->
22:52:58.231 INFO  manager.ListenerWD -- sendKeys -->input
22:52:58.255 INFO  manager.ListenerWD -- sendKeys -->
22:52:58.257 INFO  manager.ListenerWD -- sendKeys -->input
22:52:58.270 INFO  manager.ListenerWD -- sendKeys -->
22:52:58.272 INFO  manager.ListenerWD -- sendKeys -->input
22:52:58.282 INFO  manager.ListenerWD -- Before find element-->By.cssSelector: [placeholder='Last Name']
22:52:58.291 INFO  manager.ListenerWD -- After find element-->By.cssSelector: [placeholder='Last Name']
22:52:58.293 INFO  manager.ListenerWD -- Location of element-->input
22:52:58.298 INFO  manager.ListenerWD -- Before click element-->inputtext -->
22:52:58.319 INFO  manager.ListenerWD -- After click element-->input
22:52:58.331 INFO  manager.ListenerWD -- sendKeys -->
22:52:58.333 INFO  manager.ListenerWD -- sendKeys -->input
22:52:58.345 INFO  manager.ListenerWD -- sendKeys -->
22:52:58.348 INFO  manager.ListenerWD -- sendKeys -->input
22:52:58.360 INFO  manager.ListenerWD -- sendKeys -->
22:52:58.362 INFO  manager.ListenerWD -- sendKeys -->input
22:52:58.372 INFO  manager.ListenerWD -- Before find element-->By.cssSelector: [placeholder='Phone']
22:52:58.380 INFO  manager.ListenerWD -- After find element-->By.cssSelector: [placeholder='Phone']
22:52:58.382 INFO  manager.ListenerWD -- Location of element-->input
22:52:58.387 INFO  manager.ListenerWD -- Before click element-->inputtext -->
22:52:58.411 INFO  manager.ListenerWD -- After click element-->input
22:52:58.424 INFO  manager.ListenerWD -- sendKeys -->
22:52:58.426 INFO  manager.ListenerWD -- sendKeys -->input
22:52:58.440 INFO  manager.ListenerWD -- sendKeys -->
22:52:58.443 INFO  manager.ListenerWD -- sendKeys -->input
22:52:58.457 INFO  manager.ListenerWD -- sendKeys -->
22:52:58.459 INFO  manager.ListenerWD -- sendKeys -->input
22:52:58.472 INFO  manager.ListenerWD -- Before find element-->By.cssSelector: [placeholder='email']
22:52:58.481 INFO  manager.ListenerWD -- After find element-->By.cssSelector: [placeholder='email']
22:52:58.484 INFO  manager.ListenerWD -- Location of element-->input
22:52:58.489 INFO  manager.ListenerWD -- Before click element-->inputtext -->
22:52:58.514 INFO  manager.ListenerWD -- After click element-->input
22:52:58.529 INFO  manager.ListenerWD -- sendKeys -->
22:52:58.531 INFO  manager.ListenerWD -- sendKeys -->input
22:52:58.546 INFO  manager.ListenerWD -- sendKeys -->
22:52:58.548 INFO  manager.ListenerWD -- sendKeys -->input
22:52:58.560 INFO  manager.ListenerWD -- sendKeys -->
22:52:58.562 INFO  manager.ListenerWD -- sendKeys -->input
22:52:58.576 INFO  manager.ListenerWD -- Before find element-->By.cssSelector: [placeholder='Address']
22:52:58.584 INFO  manager.ListenerWD -- After find element-->By.cssSelector: [placeholder='Address']
22:52:58.586 INFO  manager.ListenerWD -- Location of element-->input
22:52:58.590 INFO  manager.ListenerWD -- Before click element-->inputtext -->
22:52:58.613 INFO  manager.ListenerWD -- After click element-->input
22:52:58.626 INFO  manager.ListenerWD -- sendKeys -->
22:52:58.628 INFO  manager.ListenerWD -- sendKeys -->input
22:52:58.641 INFO  manager.ListenerWD -- sendKeys -->
22:52:58.642 INFO  manager.ListenerWD -- sendKeys -->input
22:52:58.656 INFO  manager.ListenerWD -- sendKeys -->
22:52:58.658 INFO  manager.ListenerWD -- sendKeys -->input
22:52:58.667 INFO  manager.ListenerWD -- Before find element-->By.cssSelector: [placeholder = 'description']
22:52:58.676 INFO  manager.ListenerWD -- After find element-->By.cssSelector: [placeholder = 'description']
22:52:58.678 INFO  manager.ListenerWD -- Location of element-->input
22:52:58.683 INFO  manager.ListenerWD -- Before click element-->inputtext -->
22:52:58.704 INFO  manager.ListenerWD -- After click element-->input
22:52:58.718 INFO  manager.ListenerWD -- sendKeys -->
22:52:58.720 INFO  manager.ListenerWD -- sendKeys -->input
22:52:58.745 INFO  manager.ListenerWD -- sendKeys -->
22:52:58.747 INFO  manager.ListenerWD -- sendKeys -->input
22:52:58.924 INFO  manager.ListenerWD -- Before find element-->By.cssSelector: .add_form__2rsm2>button
22:52:58.935 INFO  manager.ListenerWD -- After find element-->By.cssSelector: .add_form__2rsm2>button
22:52:58.937 INFO  manager.ListenerWD -- Location of element-->button
22:52:58.943 INFO  manager.ListenerWD -- Before click element-->buttontext -->Save
22:52:58.968 INFO  manager.ListenerWD -- After click element-->button
22:52:59.685 INFO  tests.TestBase -- Assert check is add contact by name
22:52:59.720 INFO  tests.TestBase -- Assert check is add contact by phone
22:52:59.722 INFO  tests.TestBase -- ==============================================
22:52:59.726 INFO  tests.TestBase -- Name of method (test) -->addNewContactSuccessRequiredFields
22:52:59.729 INFO  tests.TestBase -- Test data --> name: Tony, lastName:Molly, phone: 343434343179email: molly3179@gmail.com, address: Haifa
22:52:59.729 INFO  manager.ListenerWD -- Before find element-->By.cssSelector: a[href='/add']
22:52:59.737 INFO  manager.ListenerWD -- After find element-->By.cssSelector: a[href='/add']
22:52:59.740 INFO  manager.ListenerWD -- Location of element-->a
22:52:59.746 INFO  manager.ListenerWD -- Before click element-->atext -->ADD
22:52:59.772 INFO  manager.ListenerWD -- After click element-->a
22:52:59.772 INFO  manager.ListenerWD -- Before find element-->By.cssSelector: [placeholder='Name']
22:52:59.781 INFO  manager.ListenerWD -- After find element-->By.cssSelector: [placeholder='Name']
22:52:59.783 INFO  manager.ListenerWD -- Location of element-->input
22:52:59.789 INFO  manager.ListenerWD -- Before click element-->inputtext -->
22:52:59.819 INFO  manager.ListenerWD -- After click element-->input
22:52:59.834 INFO  manager.ListenerWD -- sendKeys -->
22:52:59.837 INFO  manager.ListenerWD -- sendKeys -->input
22:52:59.852 INFO  manager.ListenerWD -- sendKeys -->
22:52:59.856 INFO  manager.ListenerWD -- sendKeys -->input
22:52:59.873 INFO  manager.ListenerWD -- sendKeys -->
22:52:59.877 INFO  manager.ListenerWD -- sendKeys -->input
22:52:59.891 INFO  manager.ListenerWD -- Before find element-->By.cssSelector: [placeholder='Last Name']
22:52:59.898 INFO  manager.ListenerWD -- After find element-->By.cssSelector: [placeholder='Last Name']
22:52:59.901 INFO  manager.ListenerWD -- Location of element-->input
22:52:59.906 INFO  manager.ListenerWD -- Before click element-->inputtext -->
22:52:59.928 INFO  manager.ListenerWD -- After click element-->input
22:52:59.944 INFO  manager.ListenerWD -- sendKeys -->
22:52:59.948 INFO  manager.ListenerWD -- sendKeys -->input
22:52:59.962 INFO  manager.ListenerWD -- sendKeys -->
22:52:59.966 INFO  manager.ListenerWD -- sendKeys -->input
22:52:59.981 INFO  manager.ListenerWD -- sendKeys -->
22:52:59.983 INFO  manager.ListenerWD -- sendKeys -->input
22:52:59.994 INFO  manager.ListenerWD -- Before find element-->By.cssSelector: [placeholder='Phone']
22:53:00.003 INFO  manager.ListenerWD -- After find element-->By.cssSelector: [placeholder='Phone']
22:53:00.005 INFO  manager.ListenerWD -- Location of element-->input
22:53:00.012 INFO  manager.ListenerWD -- Before click element-->inputtext -->
22:53:00.035 INFO  manager.ListenerWD -- After click element-->input
22:53:00.050 INFO  manager.ListenerWD -- sendKeys -->
22:53:00.052 INFO  manager.ListenerWD -- sendKeys -->input
22:53:00.066 INFO  manager.ListenerWD -- sendKeys -->
22:53:00.069 INFO  manager.ListenerWD -- sendKeys -->input
22:53:00.082 INFO  manager.ListenerWD -- sendKeys -->
22:53:00.084 INFO  manager.ListenerWD -- sendKeys -->input
22:53:00.096 INFO  manager.ListenerWD -- Before find element-->By.cssSelector: [placeholder='email']
22:53:00.103 INFO  manager.ListenerWD -- After find element-->By.cssSelector: [placeholder='email']
22:53:00.106 INFO  manager.ListenerWD -- Location of element-->input
22:53:00.111 INFO  manager.ListenerWD -- Before click element-->inputtext -->
22:53:00.134 INFO  manager.ListenerWD -- After click element-->input
22:53:00.147 INFO  manager.ListenerWD -- sendKeys -->
22:53:00.149 INFO  manager.ListenerWD -- sendKeys -->input
22:53:00.163 INFO  manager.ListenerWD -- sendKeys -->
22:53:00.165 INFO  manager.ListenerWD -- sendKeys -->input
22:53:00.177 INFO  manager.ListenerWD -- sendKeys -->
22:53:00.180 INFO  manager.ListenerWD -- sendKeys -->input
22:53:00.194 INFO  manager.ListenerWD -- Before find element-->By.cssSelector: [placeholder='Address']
22:53:00.202 INFO  manager.ListenerWD -- After find element-->By.cssSelector: [placeholder='Address']
22:53:00.204 INFO  manager.ListenerWD -- Location of element-->input
22:53:00.210 INFO  manager.ListenerWD -- Before click element-->inputtext -->
22:53:00.232 INFO  manager.ListenerWD -- After click element-->input
22:53:00.245 INFO  manager.ListenerWD -- sendKeys -->
22:53:00.247 INFO  manager.ListenerWD -- sendKeys -->input
22:53:00.259 INFO  manager.ListenerWD -- sendKeys -->
22:53:00.261 INFO  manager.ListenerWD -- sendKeys -->input
22:53:00.275 INFO  manager.ListenerWD -- sendKeys -->
22:53:00.276 INFO  manager.ListenerWD -- sendKeys -->input
22:53:00.286 INFO  manager.ListenerWD -- Before find element-->By.cssSelector: [placeholder = 'description']
22:53:00.294 INFO  manager.ListenerWD -- After find element-->By.cssSelector: [placeholder = 'description']
22:53:00.296 INFO  manager.ListenerWD -- Location of element-->input
22:53:00.301 INFO  manager.ListenerWD -- Before click element-->inputtext -->
22:53:00.323 INFO  manager.ListenerWD -- After click element-->input
22:53:00.336 INFO  manager.ListenerWD -- sendKeys -->
22:53:00.338 INFO  manager.ListenerWD -- sendKeys -->input
22:53:00.350 INFO  manager.ListenerWD -- sendKeys -->
22:53:00.351 INFO  manager.ListenerWD -- sendKeys -->input
22:53:00.362 INFO  manager.ListenerWD -- Before find element-->By.cssSelector: .add_form__2rsm2>button
22:53:00.370 INFO  manager.ListenerWD -- After find element-->By.cssSelector: .add_form__2rsm2>button
22:53:00.373 INFO  manager.ListenerWD -- Location of element-->button
22:53:00.378 INFO  manager.ListenerWD -- Before click element-->buttontext -->Save
22:53:00.398 INFO  manager.ListenerWD -- After click element-->button
22:53:01.001 INFO  tests.TestBase -- Assert check is add contact by name
22:53:01.039 INFO  tests.TestBase -- Assert check is add contact by phone
22:53:01.040 INFO  tests.TestBase -- ==============================================
22:53:01.042 INFO  tests.TestBase -- Name of method (test) -->addNewContactWrongEmail
22:53:01.043 INFO  tests.TestBase -- Test data --> name: Tony, lastName:Molly, phone: 343434342323, email: mollygmail.com, address: Haifa, description: wrong email
22:53:01.043 INFO  manager.ListenerWD -- Before find element-->By.cssSelector: a[href='/add']
22:53:01.051 INFO  manager.ListenerWD -- After find element-->By.cssSelector: a[href='/add']
22:53:01.053 INFO  manager.ListenerWD -- Location of element-->a
22:53:01.058 INFO  manager.ListenerWD -- Before click element-->atext -->ADD
22:53:01.083 INFO  manager.ListenerWD -- After click element-->a
22:53:01.083 INFO  manager.ListenerWD -- Before find element-->By.cssSelector: [placeholder='Name']
22:53:01.090 INFO  manager.ListenerWD -- After find element-->By.cssSelector: [placeholder='Name']
22:53:01.093 INFO  manager.ListenerWD -- Location of element-->input
22:53:01.098 INFO  manager.ListenerWD -- Before click element-->inputtext -->
22:53:01.122 INFO  manager.ListenerWD -- After click element-->input
22:53:01.134 INFO  manager.ListenerWD -- sendKeys -->
22:53:01.136 INFO  manager.ListenerWD -- sendKeys -->input
22:53:01.149 INFO  manager.ListenerWD -- sendKeys -->
22:53:01.151 INFO  manager.ListenerWD -- sendKeys -->input
22:53:01.164 INFO  manager.ListenerWD -- sendKeys -->
22:53:01.166 INFO  manager.ListenerWD -- sendKeys -->input
22:53:01.175 INFO  manager.ListenerWD -- Before find element-->By.cssSelector: [placeholder='Last Name']
22:53:01.183 INFO  manager.ListenerWD -- After find element-->By.cssSelector: [placeholder='Last Name']
22:53:01.185 INFO  manager.ListenerWD -- Location of element-->input
22:53:01.189 INFO  manager.ListenerWD -- Before click element-->inputtext -->
22:53:01.212 INFO  manager.ListenerWD -- After click element-->input
22:53:01.225 INFO  manager.ListenerWD -- sendKeys -->
22:53:01.227 INFO  manager.ListenerWD -- sendKeys -->input
22:53:01.240 INFO  manager.ListenerWD -- sendKeys -->
22:53:01.242 INFO  manager.ListenerWD -- sendKeys -->input
22:53:01.255 INFO  manager.ListenerWD -- sendKeys -->
22:53:01.257 INFO  manager.ListenerWD -- sendKeys -->input
22:53:01.267 INFO  manager.ListenerWD -- Before find element-->By.cssSelector: [placeholder='Phone']
22:53:01.275 INFO  manager.ListenerWD -- After find element-->By.cssSelector: [placeholder='Phone']
22:53:01.277 INFO  manager.ListenerWD -- Location of element-->input
22:53:01.282 INFO  manager.ListenerWD -- Before click element-->inputtext -->
22:53:01.305 INFO  manager.ListenerWD -- After click element-->input
22:53:01.317 INFO  manager.ListenerWD -- sendKeys -->
22:53:01.318 INFO  manager.ListenerWD -- sendKeys -->input
22:53:01.331 INFO  manager.ListenerWD -- sendKeys -->
22:53:01.333 INFO  manager.ListenerWD -- sendKeys -->input
22:53:01.346 INFO  manager.ListenerWD -- sendKeys -->
22:53:01.348 INFO  manager.ListenerWD -- sendKeys -->input
22:53:01.359 INFO  manager.ListenerWD -- Before find element-->By.cssSelector: [placeholder='email']
22:53:01.366 INFO  manager.ListenerWD -- After find element-->By.cssSelector: [placeholder='email']
22:53:01.369 INFO  manager.ListenerWD -- Location of element-->input
22:53:01.374 INFO  manager.ListenerWD -- Before click element-->inputtext -->
22:53:01.394 INFO  manager.ListenerWD -- After click element-->input
22:53:01.407 INFO  manager.ListenerWD -- sendKeys -->
22:53:01.409 INFO  manager.ListenerWD -- sendKeys -->input
22:53:01.420 INFO  manager.ListenerWD -- sendKeys -->
22:53:01.423 INFO  manager.ListenerWD -- sendKeys -->input
22:53:01.435 INFO  manager.ListenerWD -- sendKeys -->
22:53:01.437 INFO  manager.ListenerWD -- sendKeys -->input
22:53:01.450 INFO  manager.ListenerWD -- Before find element-->By.cssSelector: [placeholder='Address']
22:53:01.459 INFO  manager.ListenerWD -- After find element-->By.cssSelector: [placeholder='Address']
22:53:01.461 INFO  manager.ListenerWD -- Location of element-->input
22:53:01.467 INFO  manager.ListenerWD -- Before click element-->inputtext -->
22:53:01.490 INFO  manager.ListenerWD -- After click element-->input
22:53:01.504 INFO  manager.ListenerWD -- sendKeys -->
22:53:01.506 INFO  manager.ListenerWD -- sendKeys -->input
22:53:01.520 INFO  manager.ListenerWD -- sendKeys -->
22:53:01.522 INFO  manager.ListenerWD -- sendKeys -->input
22:53:01.535 INFO  manager.ListenerWD -- sendKeys -->
22:53:01.536 INFO  manager.ListenerWD -- sendKeys -->input
22:53:01.549 INFO  manager.ListenerWD -- Before find element-->By.cssSelector: [placeholder = 'description']
22:53:01.556 INFO  manager.ListenerWD -- After find element-->By.cssSelector: [placeholder = 'description']
22:53:01.558 INFO  manager.ListenerWD -- Location of element-->input
22:53:01.564 INFO  manager.ListenerWD -- Before click element-->inputtext -->
22:53:01.584 INFO  manager.ListenerWD -- After click element-->input
22:53:01.599 INFO  manager.ListenerWD -- sendKeys -->
22:53:01.600 INFO  manager.ListenerWD -- sendKeys -->input
22:53:01.614 INFO  manager.ListenerWD -- sendKeys -->
22:53:01.617 INFO  manager.ListenerWD -- sendKeys -->input
22:53:01.632 INFO  manager.ListenerWD -- sendKeys -->
22:53:01.633 INFO  manager.ListenerWD -- sendKeys -->input
22:53:01.646 INFO  manager.ListenerWD -- Before find element-->By.cssSelector: .add_form__2rsm2>button
22:53:01.653 INFO  manager.ListenerWD -- After find element-->By.cssSelector: .add_form__2rsm2>button
22:53:01.655 INFO  manager.ListenerWD -- Location of element-->button
22:53:01.659 INFO  manager.ListenerWD -- Before click element-->buttontext -->Save
22:53:01.678 INFO  manager.ListenerWD -- After click element-->button
22:53:01.686 INFO  tests.TestBase -- Assert check Add button is active
22:53:01.694 INFO  manager.ListenerWD -- Huston, we have a problem!
22:53:01.694 INFO  manager.ListenerWD -- Failed method:alert
22:53:01.694 INFO  manager.ListenerWD -- **********************
22:53:01.694 INFO  manager.ListenerWD -- Arguments:null
22:53:01.694 INFO  manager.ListenerWD -- **********************
22:53:01.695 INFO  manager.ListenerWD -- Exception:NoAlertPresentException
22:53:01.695 INFO  manager.ListenerWD -- **********************
22:53:01.695 INFO  manager.ListenerWD -- Messageno such alert
  (Session info: chrome=149.0.7827.103)
Build info: version: '4.26.0', revision: '8ccf0219d7'
System info: os.name: 'Windows 11', os.arch: 'amd64', os.version: '10.0', java.version: '21.0.10'
Driver info: org.openqa.selenium.chrome.ChromeDriver
Command: [00b8f5267e4d41f209c1f38a5c39ba21, getAlertText {}]
Capabilities {acceptInsecureCerts: false, browserName: chrome, browserVersion: 149.0.7827.103, chrome: {chromedriverVersion: 149.0.7827.55 (3188f8a607ae..., userDataDir: C:\Users\Nina\AppData\Local...}, fedcm:accounts: true, goog:chromeOptions: {debuggerAddress: localhost:58528}, goog:processID: 31740, networkConnectionEnabled: false, pageLoadStrategy: normal, platformName: windows, proxy: Proxy(), se:cdp: ws://localhost:58528/devtoo..., se:cdpVersion: 149.0.7827.103, setWindowRect: true, strictFileInteractability: false, timeouts: {implicit: 0, pageLoad: 300000, script: 30000}, unhandledPromptBehavior: dismiss and notify, webauthn:extension:credBlob: true, webauthn:extension:largeBlob: true, webauthn:extension:minPinLength: true, webauthn:extension:prf: true, webauthn:virtualAuthenticators: true}
Session ID: 00b8f5267e4d41f209c1f38a5c39ba21
22:53:01.695 INFO  manager.ListenerWD -- **********************
22:53:01.695 INFO  manager.ListenerWD -- Screen with error is --->src/test/screenshots/screen_1399.png
22:53:02.207 INFO  tests.TestBase -- Assert check is alert present with error test 'Email not valid' 
22:53:02.209 INFO  tests.TestBase -- ==============================================
22:53:02.212 INFO  tests.TestBase -- Name of method (test) -->addNewContactWrongPhone
22:53:02.213 INFO  tests.TestBase -- Test data --> name: Tony, lastName:Molly, phone: , email: molly@gmail.com, address: Haifa, description: empty phone
22:53:02.213 INFO  manager.ListenerWD -- Before find element-->By.cssSelector: a[href='/add']
22:53:02.222 INFO  manager.ListenerWD -- After find element-->By.cssSelector: a[href='/add']
22:53:02.224 INFO  manager.ListenerWD -- Location of element-->a
22:53:02.231 INFO  manager.ListenerWD -- Before click element-->atext -->ADD
22:53:02.257 INFO  manager.ListenerWD -- After click element-->a
22:53:02.257 INFO  manager.ListenerWD -- Before find element-->By.cssSelector: [placeholder='Name']
22:53:02.265 INFO  manager.ListenerWD -- After find element-->By.cssSelector: [placeholder='Name']
22:53:02.267 INFO  manager.ListenerWD -- Location of element-->input
22:53:02.273 INFO  manager.ListenerWD -- Before click element-->inputtext -->
22:53:02.299 INFO  manager.ListenerWD -- After click element-->input
22:53:02.314 INFO  manager.ListenerWD -- sendKeys -->
22:53:02.316 INFO  manager.ListenerWD -- sendKeys -->input
22:53:02.340 INFO  manager.ListenerWD -- sendKeys -->
22:53:02.342 INFO  manager.ListenerWD -- sendKeys -->input
22:53:02.356 INFO  manager.ListenerWD -- sendKeys -->
22:53:02.358 INFO  manager.ListenerWD -- sendKeys -->input
22:53:02.369 INFO  manager.ListenerWD -- Before find element-->By.cssSelector: [placeholder='Last Name']
22:53:02.375 INFO  manager.ListenerWD -- After find element-->By.cssSelector: [placeholder='Last Name']
22:53:02.379 INFO  manager.ListenerWD -- Location of element-->input
22:53:02.383 INFO  manager.ListenerWD -- Before click element-->inputtext -->
22:53:02.406 INFO  manager.ListenerWD -- After click element-->input
22:53:02.423 INFO  manager.ListenerWD -- sendKeys -->
22:53:02.426 INFO  manager.ListenerWD -- sendKeys -->input
22:53:02.451 INFO  manager.ListenerWD -- sendKeys -->
22:53:02.454 INFO  manager.ListenerWD -- sendKeys -->input
22:53:02.473 INFO  manager.ListenerWD -- sendKeys -->
22:53:02.477 INFO  manager.ListenerWD -- sendKeys -->input
22:53:02.491 INFO  manager.ListenerWD -- Before find element-->By.cssSelector: [placeholder='Phone']
22:53:02.501 INFO  manager.ListenerWD -- After find element-->By.cssSelector: [placeholder='Phone']
22:53:02.505 INFO  manager.ListenerWD -- Location of element-->input
22:53:02.512 INFO  manager.ListenerWD -- Before click element-->inputtext -->
22:53:02.538 INFO  manager.ListenerWD -- After click element-->input
22:53:02.552 INFO  manager.ListenerWD -- sendKeys -->
22:53:02.555 INFO  manager.ListenerWD -- sendKeys -->input
22:53:02.578 INFO  manager.ListenerWD -- sendKeys -->
22:53:02.580 INFO  manager.ListenerWD -- sendKeys -->input
22:53:02.594 INFO  manager.ListenerWD -- sendKeys -->
22:53:02.597 INFO  manager.ListenerWD -- sendKeys -->input
22:53:02.609 INFO  manager.ListenerWD -- Before find element-->By.cssSelector: [placeholder='email']
22:53:02.616 INFO  manager.ListenerWD -- After find element-->By.cssSelector: [placeholder='email']
22:53:02.620 INFO  manager.ListenerWD -- Location of element-->input
22:53:02.626 INFO  manager.ListenerWD -- Before click element-->inputtext -->
22:53:02.651 INFO  manager.ListenerWD -- After click element-->input
22:53:02.665 INFO  manager.ListenerWD -- sendKeys -->
22:53:02.667 INFO  manager.ListenerWD -- sendKeys -->input
22:53:02.688 INFO  manager.ListenerWD -- sendKeys -->
22:53:02.689 INFO  manager.ListenerWD -- sendKeys -->input
22:53:02.703 INFO  manager.ListenerWD -- sendKeys -->
22:53:02.705 INFO  manager.ListenerWD -- sendKeys -->input
22:53:02.721 INFO  manager.ListenerWD -- Before find element-->By.cssSelector: [placeholder='Address']
22:53:02.731 INFO  manager.ListenerWD -- After find element-->By.cssSelector: [placeholder='Address']
22:53:02.735 INFO  manager.ListenerWD -- Location of element-->input
22:53:02.741 INFO  manager.ListenerWD -- Before click element-->inputtext -->
22:53:02.775 INFO  manager.ListenerWD -- After click element-->input
22:53:02.798 INFO  manager.ListenerWD -- sendKeys -->
22:53:02.802 INFO  manager.ListenerWD -- sendKeys -->input
22:53:02.834 INFO  manager.ListenerWD -- sendKeys -->
22:53:02.836 INFO  manager.ListenerWD -- sendKeys -->input
22:53:02.856 INFO  manager.ListenerWD -- sendKeys -->
22:53:02.860 INFO  manager.ListenerWD -- sendKeys -->input
22:53:02.874 INFO  manager.ListenerWD -- Before find element-->By.cssSelector: [placeholder = 'description']
22:53:02.883 INFO  manager.ListenerWD -- After find element-->By.cssSelector: [placeholder = 'description']
22:53:02.886 INFO  manager.ListenerWD -- Location of element-->input
22:53:02.891 INFO  manager.ListenerWD -- Before click element-->inputtext -->
22:53:02.913 INFO  manager.ListenerWD -- After click element-->input
22:53:02.926 INFO  manager.ListenerWD -- sendKeys -->
22:53:02.928 INFO  manager.ListenerWD -- sendKeys -->input
22:53:02.949 INFO  manager.ListenerWD -- sendKeys -->
22:53:02.951 INFO  manager.ListenerWD -- sendKeys -->input
22:53:02.965 INFO  manager.ListenerWD -- sendKeys -->
22:53:02.966 INFO  manager.ListenerWD -- sendKeys -->input
22:53:02.979 INFO  manager.ListenerWD -- Before find element-->By.cssSelector: .add_form__2rsm2>button
22:53:02.985 INFO  manager.ListenerWD -- After find element-->By.cssSelector: .add_form__2rsm2>button
22:53:02.987 INFO  manager.ListenerWD -- Location of element-->button
22:53:02.991 INFO  manager.ListenerWD -- Before click element-->buttontext -->Save
22:53:03.011 INFO  manager.ListenerWD -- After click element-->button
22:53:03.017 INFO  manager.ListenerWD -- Huston, we have a problem!
22:53:03.017 INFO  manager.ListenerWD -- Failed method:alert
22:53:03.017 INFO  manager.ListenerWD -- **********************
22:53:03.017 INFO  manager.ListenerWD -- Arguments:null
22:53:03.017 INFO  manager.ListenerWD -- **********************
22:53:03.017 INFO  manager.ListenerWD -- Exception:NoAlertPresentException
22:53:03.017 INFO  manager.ListenerWD -- **********************
22:53:03.017 INFO  manager.ListenerWD -- Messageno such alert
  (Session info: chrome=149.0.7827.103)
Build info: version: '4.26.0', revision: '8ccf0219d7'
System info: os.name: 'Windows 11', os.arch: 'amd64', os.version: '10.0', java.version: '21.0.10'
Driver info: org.openqa.selenium.chrome.ChromeDriver
Command: [00b8f5267e4d41f209c1f38a5c39ba21, getAlertText {}]
Capabilities {acceptInsecureCerts: false, browserName: chrome, browserVersion: 149.0.7827.103, chrome: {chromedriverVersion: 149.0.7827.55 (3188f8a607ae..., userDataDir: C:\Users\Nina\AppData\Local...}, fedcm:accounts: true, goog:chromeOptions: {debuggerAddress: localhost:58528}, goog:processID: 31740, networkConnectionEnabled: false, pageLoadStrategy: normal, platformName: windows, proxy: Proxy(), se:cdp: ws://localhost:58528/devtoo..., se:cdpVersion: 149.0.7827.103, setWindowRect: true, strictFileInteractability: false, timeouts: {implicit: 0, pageLoad: 300000, script: 30000}, unhandledPromptBehavior: dismiss and notify, webauthn:extension:credBlob: true, webauthn:extension:largeBlob: true, webauthn:extension:minPinLength: true, webauthn:extension:prf: true, webauthn:virtualAuthenticators: true}
Session ID: 00b8f5267e4d41f209c1f38a5c39ba21
22:53:03.017 INFO  manager.ListenerWD -- **********************
22:53:03.017 INFO  manager.ListenerWD -- Screen with error is --->src/test/screenshots/screen_1345.png
22:53:03.540 INFO  tests.TestBase -- Assert check is alert present with error test 'Phone not valid' 
22:53:03.549 INFO  tests.TestBase -- Assert check Add button is active
22:53:03.550 INFO  tests.TestBase -- ==============================================
22:53:03.550 INFO  tests.TestBase -- Name of method (test) -->addNewContactWrongPhone
22:53:03.552 INFO  tests.TestBase -- Test data --> name: Tony, lastName:Molly, phone: , email: molly@gmail.com, address: Haifa, description: empty phone
22:53:03.552 INFO  manager.ListenerWD -- Before find element-->By.cssSelector: a[href='/add']
22:53:03.560 INFO  manager.ListenerWD -- After find element-->By.cssSelector: a[href='/add']
22:53:03.562 INFO  manager.ListenerWD -- Location of element-->a
22:53:03.567 INFO  manager.ListenerWD -- Before click element-->atext -->ADD
22:53:03.597 INFO  manager.ListenerWD -- After click element-->a
22:53:03.597 INFO  manager.ListenerWD -- Before find element-->By.cssSelector: [placeholder='Name']
22:53:03.608 INFO  manager.ListenerWD -- After find element-->By.cssSelector: [placeholder='Name']
22:53:03.610 INFO  manager.ListenerWD -- Location of element-->input
22:53:03.618 INFO  manager.ListenerWD -- Before click element-->inputtext -->
22:53:03.647 INFO  manager.ListenerWD -- After click element-->input
22:53:03.663 INFO  manager.ListenerWD -- sendKeys -->
22:53:03.665 INFO  manager.ListenerWD -- sendKeys -->input
22:53:03.689 INFO  manager.ListenerWD -- sendKeys -->
22:53:03.692 INFO  manager.ListenerWD -- sendKeys -->input
22:53:03.707 INFO  manager.ListenerWD -- sendKeys -->
22:53:03.710 INFO  manager.ListenerWD -- sendKeys -->input
22:53:03.722 INFO  manager.ListenerWD -- Before find element-->By.cssSelector: [placeholder='Last Name']
22:53:03.731 INFO  manager.ListenerWD -- After find element-->By.cssSelector: [placeholder='Last Name']
22:53:03.734 INFO  manager.ListenerWD -- Location of element-->input
22:53:03.740 INFO  manager.ListenerWD -- Before click element-->inputtext -->
22:53:03.766 INFO  manager.ListenerWD -- After click element-->input
22:53:03.783 INFO  manager.ListenerWD -- sendKeys -->
22:53:03.785 INFO  manager.ListenerWD -- sendKeys -->input
22:53:03.808 INFO  manager.ListenerWD -- sendKeys -->
22:53:03.810 INFO  manager.ListenerWD -- sendKeys -->input
22:53:03.824 INFO  manager.ListenerWD -- sendKeys -->
22:53:03.826 INFO  manager.ListenerWD -- sendKeys -->input
22:53:03.838 INFO  manager.ListenerWD -- Before find element-->By.cssSelector: [placeholder='Phone']
22:53:03.845 INFO  manager.ListenerWD -- After find element-->By.cssSelector: [placeholder='Phone']
22:53:03.849 INFO  manager.ListenerWD -- Location of element-->input
22:53:03.854 INFO  manager.ListenerWD -- Before click element-->inputtext -->
22:53:03.879 INFO  manager.ListenerWD -- After click element-->input
22:53:03.893 INFO  manager.ListenerWD -- sendKeys -->
22:53:03.895 INFO  manager.ListenerWD -- sendKeys -->input
22:53:03.917 INFO  manager.ListenerWD -- sendKeys -->
22:53:03.919 INFO  manager.ListenerWD -- sendKeys -->input
22:53:03.931 INFO  manager.ListenerWD -- sendKeys -->
22:53:03.934 INFO  manager.ListenerWD -- sendKeys -->input
22:53:03.947 INFO  manager.ListenerWD -- Before find element-->By.cssSelector: [placeholder='email']
22:53:03.954 INFO  manager.ListenerWD -- After find element-->By.cssSelector: [placeholder='email']
22:53:03.956 INFO  manager.ListenerWD -- Location of element-->input
22:53:03.961 INFO  manager.ListenerWD -- Before click element-->inputtext -->
22:53:03.983 INFO  manager.ListenerWD -- After click element-->input
22:53:03.998 INFO  manager.ListenerWD -- sendKeys -->
22:53:04.000 INFO  manager.ListenerWD -- sendKeys -->input
22:53:04.019 INFO  manager.ListenerWD -- sendKeys -->
22:53:04.021 INFO  manager.ListenerWD -- sendKeys -->input
22:53:04.034 INFO  manager.ListenerWD -- sendKeys -->
22:53:04.036 INFO  manager.ListenerWD -- sendKeys -->input
22:53:04.048 INFO  manager.ListenerWD -- Before find element-->By.cssSelector: [placeholder='Address']
22:53:04.057 INFO  manager.ListenerWD -- After find element-->By.cssSelector: [placeholder='Address']
22:53:04.060 INFO  manager.ListenerWD -- Location of element-->input
22:53:04.066 INFO  manager.ListenerWD -- Before click element-->inputtext -->
22:53:04.092 INFO  manager.ListenerWD -- After click element-->input
22:53:04.106 INFO  manager.ListenerWD -- sendKeys -->
22:53:04.109 INFO  manager.ListenerWD -- sendKeys -->input
22:53:04.130 INFO  manager.ListenerWD -- sendKeys -->
22:53:04.132 INFO  manager.ListenerWD -- sendKeys -->input
22:53:04.144 INFO  manager.ListenerWD -- sendKeys -->
22:53:04.146 INFO  manager.ListenerWD -- sendKeys -->input
22:53:04.157 INFO  manager.ListenerWD -- Before find element-->By.cssSelector: [placeholder = 'description']
22:53:04.165 INFO  manager.ListenerWD -- After find element-->By.cssSelector: [placeholder = 'description']
22:53:04.167 INFO  manager.ListenerWD -- Location of element-->input
22:53:04.173 INFO  manager.ListenerWD -- Before click element-->inputtext -->
22:53:04.196 INFO  manager.ListenerWD -- After click element-->input
22:53:04.210 INFO  manager.ListenerWD -- sendKeys -->
22:53:04.212 INFO  manager.ListenerWD -- sendKeys -->input
22:53:04.232 INFO  manager.ListenerWD -- sendKeys -->
22:53:04.233 INFO  manager.ListenerWD -- sendKeys -->input
22:53:04.247 INFO  manager.ListenerWD -- sendKeys -->
22:53:04.249 INFO  manager.ListenerWD -- sendKeys -->input
22:53:04.259 INFO  manager.ListenerWD -- Before find element-->By.cssSelector: .add_form__2rsm2>button
22:53:04.267 INFO  manager.ListenerWD -- After find element-->By.cssSelector: .add_form__2rsm2>button
22:53:04.269 INFO  manager.ListenerWD -- Location of element-->button
22:53:04.274 INFO  manager.ListenerWD -- Before click element-->buttontext -->Save
22:53:04.295 INFO  manager.ListenerWD -- After click element-->button
22:53:04.299 INFO  manager.ListenerWD -- Huston, we have a problem!
22:53:04.299 INFO  manager.ListenerWD -- Failed method:alert
22:53:04.299 INFO  manager.ListenerWD -- **********************
22:53:04.299 INFO  manager.ListenerWD -- Arguments:null
22:53:04.299 INFO  manager.ListenerWD -- **********************
22:53:04.299 INFO  manager.ListenerWD -- Exception:NoAlertPresentException
22:53:04.299 INFO  manager.ListenerWD -- **********************
22:53:04.299 INFO  manager.ListenerWD -- Messageno such alert
  (Session info: chrome=149.0.7827.103)
Build info: version: '4.26.0', revision: '8ccf0219d7'
System info: os.name: 'Windows 11', os.arch: 'amd64', os.version: '10.0', java.version: '21.0.10'
Driver info: org.openqa.selenium.chrome.ChromeDriver
Command: [00b8f5267e4d41f209c1f38a5c39ba21, getAlertText {}]
Capabilities {acceptInsecureCerts: false, browserName: chrome, browserVersion: 149.0.7827.103, chrome: {chromedriverVersion: 149.0.7827.55 (3188f8a607ae..., userDataDir: C:\Users\Nina\AppData\Local...}, fedcm:accounts: true, goog:chromeOptions: {debuggerAddress: localhost:58528}, goog:processID: 31740, networkConnectionEnabled: false, pageLoadStrategy: normal, platformName: windows, proxy: Proxy(), se:cdp: ws://localhost:58528/devtoo..., se:cdpVersion: 149.0.7827.103, setWindowRect: true, strictFileInteractability: false, timeouts: {implicit: 0, pageLoad: 300000, script: 30000}, unhandledPromptBehavior: dismiss and notify, webauthn:extension:credBlob: true, webauthn:extension:largeBlob: true, webauthn:extension:minPinLength: true, webauthn:extension:prf: true, webauthn:virtualAuthenticators: true}
Session ID: 00b8f5267e4d41f209c1f38a5c39ba21
22:53:04.299 INFO  manager.ListenerWD -- **********************
22:53:04.299 INFO  manager.ListenerWD -- Screen with error is --->src/test/screenshots/screen_1603.png
22:53:04.826 INFO  tests.TestBase -- Assert check is alert present with error test 'Phone not valid' 
22:53:04.838 INFO  tests.TestBase -- Assert check Add button is active
22:53:04.839 INFO  tests.TestBase -- ==============================================
22:53:04.840 INFO  tests.TestBase -- Name of method (test) -->addNewContactWrongPhone
22:53:04.841 INFO  tests.TestBase -- Test data --> name: Tony, lastName:Molly, phone: , email: molly@gmail.com, address: Haifa, description: empty phone
22:53:04.841 INFO  manager.ListenerWD -- Before find element-->By.cssSelector: a[href='/add']
22:53:04.849 INFO  manager.ListenerWD -- After find element-->By.cssSelector: a[href='/add']
22:53:04.852 INFO  manager.ListenerWD -- Location of element-->a
22:53:04.857 INFO  manager.ListenerWD -- Before click element-->atext -->ADD
22:53:04.883 INFO  manager.ListenerWD -- After click element-->a
22:53:04.883 INFO  manager.ListenerWD -- Before find element-->By.cssSelector: [placeholder='Name']
22:53:04.890 INFO  manager.ListenerWD -- After find element-->By.cssSelector: [placeholder='Name']
22:53:04.894 INFO  manager.ListenerWD -- Location of element-->input
22:53:04.899 INFO  manager.ListenerWD -- Before click element-->inputtext -->
22:53:04.938 INFO  manager.ListenerWD -- After click element-->input
22:53:04.958 INFO  manager.ListenerWD -- sendKeys -->
22:53:04.962 INFO  manager.ListenerWD -- sendKeys -->input
22:53:04.989 INFO  manager.ListenerWD -- sendKeys -->
22:53:04.992 INFO  manager.ListenerWD -- sendKeys -->input
22:53:05.008 INFO  manager.ListenerWD -- sendKeys -->
22:53:05.011 INFO  manager.ListenerWD -- sendKeys -->input
22:53:05.021 INFO  manager.ListenerWD -- Before find element-->By.cssSelector: [placeholder='Last Name']
22:53:05.029 INFO  manager.ListenerWD -- After find element-->By.cssSelector: [placeholder='Last Name']
22:53:05.032 INFO  manager.ListenerWD -- Location of element-->input
22:53:05.037 INFO  manager.ListenerWD -- Before click element-->inputtext -->
22:53:05.060 INFO  manager.ListenerWD -- After click element-->input
22:53:05.074 INFO  manager.ListenerWD -- sendKeys -->
22:53:05.076 INFO  manager.ListenerWD -- sendKeys -->input
22:53:05.095 INFO  manager.ListenerWD -- sendKeys -->
22:53:05.098 INFO  manager.ListenerWD -- sendKeys -->input
22:53:05.110 INFO  manager.ListenerWD -- sendKeys -->
22:53:05.113 INFO  manager.ListenerWD -- sendKeys -->input
22:53:05.124 INFO  manager.ListenerWD -- Before find element-->By.cssSelector: [placeholder='Phone']
22:53:05.131 INFO  manager.ListenerWD -- After find element-->By.cssSelector: [placeholder='Phone']
22:53:05.132 INFO  manager.ListenerWD -- Location of element-->input
22:53:05.137 INFO  manager.ListenerWD -- Before click element-->inputtext -->
22:53:05.161 INFO  manager.ListenerWD -- After click element-->input
22:53:05.175 INFO  manager.ListenerWD -- sendKeys -->
22:53:05.176 INFO  manager.ListenerWD -- sendKeys -->input
22:53:05.196 INFO  manager.ListenerWD -- sendKeys -->
22:53:05.198 INFO  manager.ListenerWD -- sendKeys -->input
22:53:05.211 INFO  manager.ListenerWD -- sendKeys -->
22:53:05.213 INFO  manager.ListenerWD -- sendKeys -->input
22:53:05.229 INFO  manager.ListenerWD -- Before find element-->By.cssSelector: [placeholder='email']
22:53:05.237 INFO  manager.ListenerWD -- After find element-->By.cssSelector: [placeholder='email']
22:53:05.240 INFO  manager.ListenerWD -- Location of element-->input
22:53:05.244 INFO  manager.ListenerWD -- Before click element-->inputtext -->
22:53:05.269 INFO  manager.ListenerWD -- After click element-->input
22:53:05.283 INFO  manager.ListenerWD -- sendKeys -->
22:53:05.286 INFO  manager.ListenerWD -- sendKeys -->input
22:53:05.308 INFO  manager.ListenerWD -- sendKeys -->
22:53:05.310 INFO  manager.ListenerWD -- sendKeys -->input
22:53:05.325 INFO  manager.ListenerWD -- sendKeys -->
22:53:05.327 INFO  manager.ListenerWD -- sendKeys -->input
22:53:05.339 INFO  manager.ListenerWD -- Before find element-->By.cssSelector: [placeholder='Address']
22:53:05.348 INFO  manager.ListenerWD -- After find element-->By.cssSelector: [placeholder='Address']
22:53:05.350 INFO  manager.ListenerWD -- Location of element-->input
22:53:05.355 INFO  manager.ListenerWD -- Before click element-->inputtext -->
22:53:05.378 INFO  manager.ListenerWD -- After click element-->input
22:53:05.391 INFO  manager.ListenerWD -- sendKeys -->
22:53:05.393 INFO  manager.ListenerWD -- sendKeys -->input
22:53:05.414 INFO  manager.ListenerWD -- sendKeys -->
22:53:05.416 INFO  manager.ListenerWD -- sendKeys -->input
22:53:05.429 INFO  manager.ListenerWD -- sendKeys -->
22:53:05.431 INFO  manager.ListenerWD -- sendKeys -->input
22:53:05.444 INFO  manager.ListenerWD -- Before find element-->By.cssSelector: [placeholder = 'description']
22:53:05.451 INFO  manager.ListenerWD -- After find element-->By.cssSelector: [placeholder = 'description']
22:53:05.453 INFO  manager.ListenerWD -- Location of element-->input
22:53:05.458 INFO  manager.ListenerWD -- Before click element-->inputtext -->
22:53:05.482 INFO  manager.ListenerWD -- After click element-->input
22:53:05.496 INFO  manager.ListenerWD -- sendKeys -->
22:53:05.498 INFO  manager.ListenerWD -- sendKeys -->input
22:53:05.519 INFO  manager.ListenerWD -- sendKeys -->
22:53:05.521 INFO  manager.ListenerWD -- sendKeys -->input
22:53:05.535 INFO  manager.ListenerWD -- sendKeys -->
22:53:05.537 INFO  manager.ListenerWD -- sendKeys -->input
22:53:05.549 INFO  manager.ListenerWD -- Before find element-->By.cssSelector: .add_form__2rsm2>button
22:53:05.556 INFO  manager.ListenerWD -- After find element-->By.cssSelector: .add_form__2rsm2>button
22:53:05.560 INFO  manager.ListenerWD -- Location of element-->button
22:53:05.564 INFO  manager.ListenerWD -- Before click element-->buttontext -->Save
22:53:05.586 INFO  manager.ListenerWD -- After click element-->button
22:53:05.591 INFO  manager.ListenerWD -- Huston, we have a problem!
22:53:05.591 INFO  manager.ListenerWD -- Failed method:alert
22:53:05.591 INFO  manager.ListenerWD -- **********************
22:53:05.591 INFO  manager.ListenerWD -- Arguments:null
22:53:05.591 INFO  manager.ListenerWD -- **********************
22:53:05.591 INFO  manager.ListenerWD -- Exception:NoAlertPresentException
22:53:05.591 INFO  manager.ListenerWD -- **********************
22:53:05.591 INFO  manager.ListenerWD -- Messageno such alert
  (Session info: chrome=149.0.7827.103)
Build info: version: '4.26.0', revision: '8ccf0219d7'
System info: os.name: 'Windows 11', os.arch: 'amd64', os.version: '10.0', java.version: '21.0.10'
Driver info: org.openqa.selenium.chrome.ChromeDriver
Command: [00b8f5267e4d41f209c1f38a5c39ba21, getAlertText {}]
Capabilities {acceptInsecureCerts: false, browserName: chrome, browserVersion: 149.0.7827.103, chrome: {chromedriverVersion: 149.0.7827.55 (3188f8a607ae..., userDataDir: C:\Users\Nina\AppData\Local...}, fedcm:accounts: true, goog:chromeOptions: {debuggerAddress: localhost:58528}, goog:processID: 31740, networkConnectionEnabled: false, pageLoadStrategy: normal, platformName: windows, proxy: Proxy(), se:cdp: ws://localhost:58528/devtoo..., se:cdpVersion: 149.0.7827.103, setWindowRect: true, strictFileInteractability: false, timeouts: {implicit: 0, pageLoad: 300000, script: 30000}, unhandledPromptBehavior: dismiss and notify, webauthn:extension:credBlob: true, webauthn:extension:largeBlob: true, webauthn:extension:minPinLength: true, webauthn:extension:prf: true, webauthn:virtualAuthenticators: true}
Session ID: 00b8f5267e4d41f209c1f38a5c39ba21
22:53:05.591 INFO  manager.ListenerWD -- **********************
22:53:05.591 INFO  manager.ListenerWD -- Screen with error is --->src/test/screenshots/screen_1563.png
22:53:06.113 INFO  tests.TestBase -- Assert check is alert present with error test 'Phone not valid' 
22:53:06.123 INFO  tests.TestBase -- Assert check Add button is active
22:53:06.125 INFO  tests.TestBase -- ==============================================
22:53:06.125 INFO  tests.TestBase -- Name of method (test) -->addNewContactWrongPhone
22:53:06.126 INFO  tests.TestBase -- Test data --> name: Tony, lastName:Molly, phone: , email: molly@gmail.com, address: Haifa, description: empty phone
22:53:06.126 INFO  manager.ListenerWD -- Before find element-->By.cssSelector: a[href='/add']
22:53:06.136 INFO  manager.ListenerWD -- After find element-->By.cssSelector: a[href='/add']
22:53:06.139 INFO  manager.ListenerWD -- Location of element-->a
22:53:06.144 INFO  manager.ListenerWD -- Before click element-->atext -->ADD
22:53:06.170 INFO  manager.ListenerWD -- After click element-->a
22:53:06.170 INFO  manager.ListenerWD -- Before find element-->By.cssSelector: [placeholder='Name']
22:53:06.179 INFO  manager.ListenerWD -- After find element-->By.cssSelector: [placeholder='Name']
22:53:06.181 INFO  manager.ListenerWD -- Location of element-->input
22:53:06.187 INFO  manager.ListenerWD -- Before click element-->inputtext -->
22:53:06.212 INFO  manager.ListenerWD -- After click element-->input
22:53:06.227 INFO  manager.ListenerWD -- sendKeys -->
22:53:06.229 INFO  manager.ListenerWD -- sendKeys -->input
22:53:06.250 INFO  manager.ListenerWD -- sendKeys -->
22:53:06.252 INFO  manager.ListenerWD -- sendKeys -->input
22:53:06.266 INFO  manager.ListenerWD -- sendKeys -->
22:53:06.268 INFO  manager.ListenerWD -- sendKeys -->input
22:53:06.279 INFO  manager.ListenerWD -- Before find element-->By.cssSelector: [placeholder='Last Name']
22:53:06.287 INFO  manager.ListenerWD -- After find element-->By.cssSelector: [placeholder='Last Name']
22:53:06.289 INFO  manager.ListenerWD -- Location of element-->input
22:53:06.294 INFO  manager.ListenerWD -- Before click element-->inputtext -->
22:53:06.318 INFO  manager.ListenerWD -- After click element-->input
22:53:06.332 INFO  manager.ListenerWD -- sendKeys -->
22:53:06.333 INFO  manager.ListenerWD -- sendKeys -->input
22:53:06.354 INFO  manager.ListenerWD -- sendKeys -->
22:53:06.357 INFO  manager.ListenerWD -- sendKeys -->input
22:53:06.369 INFO  manager.ListenerWD -- sendKeys -->
22:53:06.371 INFO  manager.ListenerWD -- sendKeys -->input
22:53:06.380 INFO  manager.ListenerWD -- Before find element-->By.cssSelector: [placeholder='Phone']
22:53:06.388 INFO  manager.ListenerWD -- After find element-->By.cssSelector: [placeholder='Phone']
22:53:06.390 INFO  manager.ListenerWD -- Location of element-->input
22:53:06.395 INFO  manager.ListenerWD -- Before click element-->inputtext -->
22:53:06.417 INFO  manager.ListenerWD -- After click element-->input
22:53:06.432 INFO  manager.ListenerWD -- sendKeys -->
22:53:06.434 INFO  manager.ListenerWD -- sendKeys -->input
22:53:06.454 INFO  manager.ListenerWD -- sendKeys -->
22:53:06.455 INFO  manager.ListenerWD -- sendKeys -->input
22:53:06.469 INFO  manager.ListenerWD -- sendKeys -->
22:53:06.471 INFO  manager.ListenerWD -- sendKeys -->input
22:53:06.478 INFO  manager.ListenerWD -- Before find element-->By.cssSelector: [placeholder='email']
22:53:06.486 INFO  manager.ListenerWD -- After find element-->By.cssSelector: [placeholder='email']
22:53:06.489 INFO  manager.ListenerWD -- Location of element-->input
22:53:06.493 INFO  manager.ListenerWD -- Before click element-->inputtext -->
22:53:06.514 INFO  manager.ListenerWD -- After click element-->input
22:53:06.527 INFO  manager.ListenerWD -- sendKeys -->
22:53:06.529 INFO  manager.ListenerWD -- sendKeys -->input
22:53:06.549 INFO  manager.ListenerWD -- sendKeys -->
22:53:06.551 INFO  manager.ListenerWD -- sendKeys -->input
22:53:06.563 INFO  manager.ListenerWD -- sendKeys -->
22:53:06.567 INFO  manager.ListenerWD -- sendKeys -->input
22:53:06.581 INFO  manager.ListenerWD -- Before find element-->By.cssSelector: [placeholder='Address']
22:53:06.590 INFO  manager.ListenerWD -- After find element-->By.cssSelector: [placeholder='Address']
22:53:06.591 INFO  manager.ListenerWD -- Location of element-->input
22:53:06.596 INFO  manager.ListenerWD -- Before click element-->inputtext -->
22:53:06.618 INFO  manager.ListenerWD -- After click element-->input
22:53:06.632 INFO  manager.ListenerWD -- sendKeys -->
22:53:06.634 INFO  manager.ListenerWD -- sendKeys -->input
22:53:06.654 INFO  manager.ListenerWD -- sendKeys -->
22:53:06.657 INFO  manager.ListenerWD -- sendKeys -->input
22:53:06.670 INFO  manager.ListenerWD -- sendKeys -->
22:53:06.673 INFO  manager.ListenerWD -- sendKeys -->input
22:53:06.682 INFO  manager.ListenerWD -- Before find element-->By.cssSelector: [placeholder = 'description']
22:53:06.689 INFO  manager.ListenerWD -- After find element-->By.cssSelector: [placeholder = 'description']
22:53:06.692 INFO  manager.ListenerWD -- Location of element-->input
22:53:06.696 INFO  manager.ListenerWD -- Before click element-->inputtext -->
22:53:06.720 INFO  manager.ListenerWD -- After click element-->input
22:53:06.732 INFO  manager.ListenerWD -- sendKeys -->
22:53:06.735 INFO  manager.ListenerWD -- sendKeys -->input
22:53:06.761 INFO  manager.ListenerWD -- sendKeys -->
22:53:06.765 INFO  manager.ListenerWD -- sendKeys -->input
22:53:06.790 INFO  manager.ListenerWD -- sendKeys -->
22:53:06.793 INFO  manager.ListenerWD -- sendKeys -->input
22:53:06.809 INFO  manager.ListenerWD -- Before find element-->By.cssSelector: .add_form__2rsm2>button
22:53:06.821 INFO  manager.ListenerWD -- After find element-->By.cssSelector: .add_form__2rsm2>button
22:53:06.825 INFO  manager.ListenerWD -- Location of element-->button
22:53:06.833 INFO  manager.ListenerWD -- Before click element-->buttontext -->Save
22:53:06.867 INFO  manager.ListenerWD -- After click element-->button
22:53:06.874 INFO  manager.ListenerWD -- Huston, we have a problem!
22:53:06.874 INFO  manager.ListenerWD -- Failed method:alert
22:53:06.874 INFO  manager.ListenerWD -- **********************
22:53:06.874 INFO  manager.ListenerWD -- Arguments:null
22:53:06.874 INFO  manager.ListenerWD -- **********************
22:53:06.874 INFO  manager.ListenerWD -- Exception:NoAlertPresentException
22:53:06.874 INFO  manager.ListenerWD -- **********************
22:53:06.874 INFO  manager.ListenerWD -- Messageno such alert
  (Session info: chrome=149.0.7827.103)
Build info: version: '4.26.0', revision: '8ccf0219d7'
System info: os.name: 'Windows 11', os.arch: 'amd64', os.version: '10.0', java.version: '21.0.10'
Driver info: org.openqa.selenium.chrome.ChromeDriver
Command: [00b8f5267e4d41f209c1f38a5c39ba21, getAlertText {}]
Capabilities {acceptInsecureCerts: false, browserName: chrome, browserVersion: 149.0.7827.103, chrome: {chromedriverVersion: 149.0.7827.55 (3188f8a607ae..., userDataDir: C:\Users\Nina\AppData\Local...}, fedcm:accounts: true, goog:chromeOptions: {debuggerAddress: localhost:58528}, goog:processID: 31740, networkConnectionEnabled: false, pageLoadStrategy: normal, platformName: windows, proxy: Proxy(), se:cdp: ws://localhost:58528/devtoo..., se:cdpVersion: 149.0.7827.103, setWindowRect: true, strictFileInteractability: false, timeouts: {implicit: 0, pageLoad: 300000, script: 30000}, unhandledPromptBehavior: dismiss and notify, webauthn:extension:credBlob: true, webauthn:extension:largeBlob: true, webauthn:extension:minPinLength: true, webauthn:extension:prf: true, webauthn:virtualAuthenticators: true}
Session ID: 00b8f5267e4d41f209c1f38a5c39ba21
22:53:06.874 INFO  manager.ListenerWD -- **********************
22:53:06.874 INFO  manager.ListenerWD -- Screen with error is --->src/test/screenshots/screen_1835.png
22:53:07.389 INFO  tests.TestBase -- Assert check is alert present with error test 'Phone not valid' 
22:53:07.396 INFO  tests.TestBase -- Assert check Add button is active
22:53:07.397 INFO  tests.TestBase -- ==============================================
22:53:07.398 INFO  tests.TestBase -- Name of method (test) -->addNewContactWrongPhone
22:53:07.399 INFO  tests.TestBase -- Test data --> name: Tony, lastName:Molly, phone: , email: molly@gmail.com, address: Haifa, description: empty phone
22:53:07.399 INFO  manager.ListenerWD -- Before find element-->By.cssSelector: a[href='/add']
22:53:07.409 INFO  manager.ListenerWD -- After find element-->By.cssSelector: a[href='/add']
22:53:07.412 INFO  manager.ListenerWD -- Location of element-->a
22:53:07.416 INFO  manager.ListenerWD -- Before click element-->atext -->ADD
22:53:07.445 INFO  manager.ListenerWD -- After click element-->a
22:53:07.445 INFO  manager.ListenerWD -- Before find element-->By.cssSelector: [placeholder='Name']
22:53:07.452 INFO  manager.ListenerWD -- After find element-->By.cssSelector: [placeholder='Name']
22:53:07.454 INFO  manager.ListenerWD -- Location of element-->input
22:53:07.460 INFO  manager.ListenerWD -- Before click element-->inputtext -->
22:53:07.488 INFO  manager.ListenerWD -- After click element-->input
22:53:07.506 INFO  manager.ListenerWD -- sendKeys -->
22:53:07.508 INFO  manager.ListenerWD -- sendKeys -->input
22:53:07.531 INFO  manager.ListenerWD -- sendKeys -->
22:53:07.534 INFO  manager.ListenerWD -- sendKeys -->input
22:53:07.547 INFO  manager.ListenerWD -- sendKeys -->
22:53:07.550 INFO  manager.ListenerWD -- sendKeys -->input
22:53:07.559 INFO  manager.ListenerWD -- Before find element-->By.cssSelector: [placeholder='Last Name']
22:53:07.567 INFO  manager.ListenerWD -- After find element-->By.cssSelector: [placeholder='Last Name']
22:53:07.570 INFO  manager.ListenerWD -- Location of element-->input
22:53:07.575 INFO  manager.ListenerWD -- Before click element-->inputtext -->
22:53:07.598 INFO  manager.ListenerWD -- After click element-->input
22:53:07.612 INFO  manager.ListenerWD -- sendKeys -->
22:53:07.614 INFO  manager.ListenerWD -- sendKeys -->input
22:53:07.638 INFO  manager.ListenerWD -- sendKeys -->
22:53:07.641 INFO  manager.ListenerWD -- sendKeys -->input
22:53:07.659 INFO  manager.ListenerWD -- sendKeys -->
22:53:07.662 INFO  manager.ListenerWD -- sendKeys -->input
22:53:07.680 INFO  manager.ListenerWD -- Before find element-->By.cssSelector: [placeholder='Phone']
22:53:07.688 INFO  manager.ListenerWD -- After find element-->By.cssSelector: [placeholder='Phone']
22:53:07.691 INFO  manager.ListenerWD -- Location of element-->input
22:53:07.696 INFO  manager.ListenerWD -- Before click element-->inputtext -->
22:53:07.718 INFO  manager.ListenerWD -- After click element-->input
22:53:07.731 INFO  manager.ListenerWD -- sendKeys -->
22:53:07.733 INFO  manager.ListenerWD -- sendKeys -->input
22:53:07.746 INFO  manager.ListenerWD -- sendKeys -->
22:53:07.749 INFO  manager.ListenerWD -- sendKeys -->input
22:53:07.761 INFO  manager.ListenerWD -- sendKeys -->
22:53:07.763 INFO  manager.ListenerWD -- sendKeys -->input
22:53:07.775 INFO  manager.ListenerWD -- Before find element-->By.cssSelector: [placeholder='email']
22:53:07.783 INFO  manager.ListenerWD -- After find element-->By.cssSelector: [placeholder='email']
22:53:07.786 INFO  manager.ListenerWD -- Location of element-->input
22:53:07.790 INFO  manager.ListenerWD -- Before click element-->inputtext -->
22:53:07.812 INFO  manager.ListenerWD -- After click element-->input
22:53:07.826 INFO  manager.ListenerWD -- sendKeys -->
22:53:07.828 INFO  manager.ListenerWD -- sendKeys -->input
22:53:07.848 INFO  manager.ListenerWD -- sendKeys -->
22:53:07.850 INFO  manager.ListenerWD -- sendKeys -->input
22:53:07.863 INFO  manager.ListenerWD -- sendKeys -->
22:53:07.865 INFO  manager.ListenerWD -- sendKeys -->input
22:53:07.876 INFO  manager.ListenerWD -- Before find element-->By.cssSelector: [placeholder='Address']
22:53:07.884 INFO  manager.ListenerWD -- After find element-->By.cssSelector: [placeholder='Address']
22:53:07.886 INFO  manager.ListenerWD -- Location of element-->input
22:53:07.892 INFO  manager.ListenerWD -- Before click element-->inputtext -->
22:53:07.915 INFO  manager.ListenerWD -- After click element-->input
22:53:07.928 INFO  manager.ListenerWD -- sendKeys -->
22:53:07.930 INFO  manager.ListenerWD -- sendKeys -->input
22:53:07.949 INFO  manager.ListenerWD -- sendKeys -->
22:53:07.951 INFO  manager.ListenerWD -- sendKeys -->input
22:53:07.967 INFO  manager.ListenerWD -- sendKeys -->
22:53:07.970 INFO  manager.ListenerWD -- sendKeys -->input
22:53:07.979 INFO  manager.ListenerWD -- Before find element-->By.cssSelector: [placeholder = 'description']
22:53:07.986 INFO  manager.ListenerWD -- After find element-->By.cssSelector: [placeholder = 'description']
22:53:07.989 INFO  manager.ListenerWD -- Location of element-->input
22:53:07.993 INFO  manager.ListenerWD -- Before click element-->inputtext -->
22:53:08.016 INFO  manager.ListenerWD -- After click element-->input
22:53:08.029 INFO  manager.ListenerWD -- sendKeys -->
22:53:08.031 INFO  manager.ListenerWD -- sendKeys -->input
22:53:08.052 INFO  manager.ListenerWD -- sendKeys -->
22:53:08.054 INFO  manager.ListenerWD -- sendKeys -->input
22:53:08.067 INFO  manager.ListenerWD -- sendKeys -->
22:53:08.069 INFO  manager.ListenerWD -- sendKeys -->input
22:53:08.080 INFO  manager.ListenerWD -- Before find element-->By.cssSelector: .add_form__2rsm2>button
22:53:08.087 INFO  manager.ListenerWD -- After find element-->By.cssSelector: .add_form__2rsm2>button
22:53:08.089 INFO  manager.ListenerWD -- Location of element-->button
22:53:08.094 INFO  manager.ListenerWD -- Before click element-->buttontext -->Save
22:53:08.114 INFO  manager.ListenerWD -- After click element-->button
22:53:08.119 INFO  manager.ListenerWD -- Huston, we have a problem!
22:53:08.119 INFO  manager.ListenerWD -- Failed method:alert
22:53:08.119 INFO  manager.ListenerWD -- **********************
22:53:08.119 INFO  manager.ListenerWD -- Arguments:null
22:53:08.119 INFO  manager.ListenerWD -- **********************
22:53:08.119 INFO  manager.ListenerWD -- Exception:NoAlertPresentException
22:53:08.119 INFO  manager.ListenerWD -- **********************
22:53:08.119 INFO  manager.ListenerWD -- Messageno such alert
  (Session info: chrome=149.0.7827.103)
Build info: version: '4.26.0', revision: '8ccf0219d7'
System info: os.name: 'Windows 11', os.arch: 'amd64', os.version: '10.0', java.version: '21.0.10'
Driver info: org.openqa.selenium.chrome.ChromeDriver
Command: [00b8f5267e4d41f209c1f38a5c39ba21, getAlertText {}]
Capabilities {acceptInsecureCerts: false, browserName: chrome, browserVersion: 149.0.7827.103, chrome: {chromedriverVersion: 149.0.7827.55 (3188f8a607ae..., userDataDir: C:\Users\Nina\AppData\Local...}, fedcm:accounts: true, goog:chromeOptions: {debuggerAddress: localhost:58528}, goog:processID: 31740, networkConnectionEnabled: false, pageLoadStrategy: normal, platformName: windows, proxy: Proxy(), se:cdp: ws://localhost:58528/devtoo..., se:cdpVersion: 149.0.7827.103, setWindowRect: true, strictFileInteractability: false, timeouts: {implicit: 0, pageLoad: 300000, script: 30000}, unhandledPromptBehavior: dismiss and notify, webauthn:extension:credBlob: true, webauthn:extension:largeBlob: true, webauthn:extension:minPinLength: true, webauthn:extension:prf: true, webauthn:virtualAuthenticators: true}
Session ID: 00b8f5267e4d41f209c1f38a5c39ba21
22:53:08.119 INFO  manager.ListenerWD -- **********************
22:53:08.119 INFO  manager.ListenerWD -- Screen with error is --->src/test/screenshots/screen_1058.png
22:53:08.631 INFO  tests.TestBase -- Assert check is alert present with error test 'Phone not valid' 
22:53:08.640 INFO  tests.TestBase -- Assert check Add button is active
22:53:08.642 INFO  tests.TestBase -- ==============================================
22:53:08.644 INFO  tests.TestBase -- Name of method (test) -->loginSuccess
22:53:08.656 INFO  manager.ListenerWD -- Before find element-->By.xpath: //button[text()='Sign Out']
22:53:08.667 INFO  manager.ListenerWD -- After find element-->By.xpath: //button[text()='Sign Out']
22:53:08.670 INFO  manager.ListenerWD -- Location of element-->button
22:53:08.676 INFO  manager.ListenerWD -- Before click element-->buttontext -->Sign Out
22:53:08.709 INFO  tests.TestBase -- Before method finished logout
22:53:08.711 INFO  tests.TestBase -- Start test with name 'loginSuccess'
22:53:08.711 INFO  tests.TestBase -- Test data ---> email: lolik@gmail.com & password: Lolik123!
22:53:08.712 INFO  manager.ListenerWD -- Before find element-->By.cssSelector: a[href='/login']
22:53:08.723 INFO  manager.ListenerWD -- After find element-->By.cssSelector: a[href='/login']
22:53:08.725 INFO  manager.ListenerWD -- Location of element-->a
22:53:08.731 INFO  manager.ListenerWD -- Before click element-->atext -->LOGIN
22:53:08.756 INFO  manager.ListenerWD -- After click element-->a
22:53:08.756 INFO  manager.HelperBase -- Open form by ckick on button with locator a[href='/login']
22:53:08.756 INFO  manager.ListenerWD -- Before find element-->By.name: email
22:53:08.765 INFO  manager.ListenerWD -- After find element-->By.name: email
22:53:08.767 INFO  manager.ListenerWD -- Location of element-->input
22:53:08.772 INFO  manager.ListenerWD -- Before click element-->inputtext -->
22:53:08.805 INFO  manager.ListenerWD -- After click element-->input
22:53:08.820 INFO  manager.ListenerWD -- sendKeys -->
22:53:08.822 INFO  manager.ListenerWD -- sendKeys -->input
22:53:08.835 INFO  manager.ListenerWD -- sendKeys -->
22:53:08.837 INFO  manager.ListenerWD -- sendKeys -->input
22:53:08.850 INFO  manager.ListenerWD -- sendKeys -->
22:53:08.852 INFO  manager.ListenerWD -- sendKeys -->input
22:53:08.863 INFO  manager.HelperBase -- type in input with locator By.name("email") 
22:53:08.863 INFO  manager.ListenerWD -- Before find element-->By.xpath: //input[@placeholder='Password']
22:53:08.871 INFO  manager.ListenerWD -- After find element-->By.xpath: //input[@placeholder='Password']
22:53:08.875 INFO  manager.ListenerWD -- Location of element-->input
22:53:08.879 INFO  manager.ListenerWD -- Before click element-->inputtext -->
22:53:08.901 INFO  manager.ListenerWD -- After click element-->input
22:53:08.914 INFO  manager.ListenerWD -- sendKeys -->
22:53:08.915 INFO  manager.ListenerWD -- sendKeys -->input
22:53:08.928 INFO  manager.ListenerWD -- sendKeys -->
22:53:08.930 INFO  manager.ListenerWD -- sendKeys -->input
22:53:08.942 INFO  manager.ListenerWD -- sendKeys -->
22:53:08.944 INFO  manager.ListenerWD -- sendKeys -->input
22:53:08.955 INFO  manager.ListenerWD -- Before find element-->By.xpath: //button[text()='Login']
22:53:08.964 INFO  manager.ListenerWD -- After find element-->By.xpath: //button[text()='Login']
22:53:08.967 INFO  manager.ListenerWD -- Location of element-->button
22:53:08.972 INFO  manager.ListenerWD -- Before click element-->buttontext -->Login
22:53:09.314 INFO  tests.TestBase -- Assert check is element button 'Sign out' present
22:53:09.316 INFO  tests.TestBase -- ==============================================
22:53:09.317 INFO  tests.TestBase -- Name of method (test) -->loginSuccess
22:53:09.326 INFO  manager.ListenerWD -- Before find element-->By.xpath: //button[text()='Sign Out']
22:53:09.334 INFO  manager.ListenerWD -- After find element-->By.xpath: //button[text()='Sign Out']
22:53:09.336 INFO  manager.ListenerWD -- Location of element-->button
22:53:09.341 INFO  manager.ListenerWD -- Before click element-->buttontext -->Sign Out
22:53:09.368 INFO  tests.TestBase -- Before method finished logout
22:53:09.371 INFO  tests.TestBase -- Start test with name 'loginSuccess'
22:53:09.371 INFO  tests.TestBase -- Test data ---> email: sonya@gmail.com & password: Ss12345$
22:53:09.371 INFO  manager.ListenerWD -- Before find element-->By.cssSelector: a[href='/login']
22:53:09.380 INFO  manager.ListenerWD -- After find element-->By.cssSelector: a[href='/login']
22:53:09.383 INFO  manager.ListenerWD -- Location of element-->a
22:53:09.390 INFO  manager.ListenerWD -- Before click element-->atext -->LOGIN
22:53:09.414 INFO  manager.ListenerWD -- After click element-->a
22:53:09.414 INFO  manager.HelperBase -- Open form by ckick on button with locator a[href='/login']
22:53:09.414 INFO  manager.ListenerWD -- Before find element-->By.name: email
22:53:09.421 INFO  manager.ListenerWD -- After find element-->By.name: email
22:53:09.423 INFO  manager.ListenerWD -- Location of element-->input
22:53:09.429 INFO  manager.ListenerWD -- Before click element-->inputtext -->
22:53:09.463 INFO  manager.ListenerWD -- After click element-->input
22:53:09.477 INFO  manager.ListenerWD -- sendKeys -->
22:53:09.478 INFO  manager.ListenerWD -- sendKeys -->input
22:53:09.491 INFO  manager.ListenerWD -- sendKeys -->
22:53:09.493 INFO  manager.ListenerWD -- sendKeys -->input
22:53:09.506 INFO  manager.ListenerWD -- sendKeys -->
22:53:09.507 INFO  manager.ListenerWD -- sendKeys -->input
22:53:09.521 INFO  manager.HelperBase -- type in input with locator By.name("email") 
22:53:09.521 INFO  manager.ListenerWD -- Before find element-->By.xpath: //input[@placeholder='Password']
22:53:09.528 INFO  manager.ListenerWD -- After find element-->By.xpath: //input[@placeholder='Password']
22:53:09.531 INFO  manager.ListenerWD -- Location of element-->input
22:53:09.538 INFO  manager.ListenerWD -- Before click element-->inputtext -->
22:53:09.577 INFO  manager.ListenerWD -- After click element-->input
22:53:09.589 INFO  manager.ListenerWD -- sendKeys -->
22:53:09.591 INFO  manager.ListenerWD -- sendKeys -->input
22:53:09.604 INFO  manager.ListenerWD -- sendKeys -->
22:53:09.607 INFO  manager.ListenerWD -- sendKeys -->input
22:53:09.618 INFO  manager.ListenerWD -- sendKeys -->
22:53:09.620 INFO  manager.ListenerWD -- sendKeys -->input
22:53:09.631 INFO  manager.ListenerWD -- Before find element-->By.xpath: //button[text()='Login']
22:53:09.639 INFO  manager.ListenerWD -- After find element-->By.xpath: //button[text()='Login']
22:53:09.641 INFO  manager.ListenerWD -- Location of element-->button
22:53:09.646 INFO  manager.ListenerWD -- Before click element-->buttontext -->Login
22:53:09.985 INFO  tests.TestBase -- Assert check is element button 'Sign out' present
22:53:09.986 INFO  tests.TestBase -- ==============================================
22:53:09.988 INFO  tests.TestBase -- Name of method (test) -->loginSuccess
22:53:09.995 INFO  manager.ListenerWD -- Before find element-->By.xpath: //button[text()='Sign Out']
22:53:10.002 INFO  manager.ListenerWD -- After find element-->By.xpath: //button[text()='Sign Out']
22:53:10.004 INFO  manager.ListenerWD -- Location of element-->button
22:53:10.009 INFO  manager.ListenerWD -- Before click element-->buttontext -->Sign Out
22:53:10.036 INFO  tests.TestBase -- Before method finished logout
22:53:10.038 INFO  tests.TestBase -- Start test with name 'loginSuccess'
22:53:10.038 INFO  tests.TestBase -- Test data ---> email: art276@art.com & password: $Art1$2$3456789
22:53:10.038 INFO  manager.ListenerWD -- Before find element-->By.cssSelector: a[href='/login']
22:53:10.046 INFO  manager.ListenerWD -- After find element-->By.cssSelector: a[href='/login']
22:53:10.048 INFO  manager.ListenerWD -- Location of element-->a
22:53:10.056 INFO  manager.ListenerWD -- Before click element-->atext -->LOGIN
22:53:10.086 INFO  manager.ListenerWD -- After click element-->a
22:53:10.087 INFO  manager.HelperBase -- Open form by ckick on button with locator a[href='/login']
22:53:10.087 INFO  manager.ListenerWD -- Before find element-->By.name: email
22:53:10.095 INFO  manager.ListenerWD -- After find element-->By.name: email
22:53:10.098 INFO  manager.ListenerWD -- Location of element-->input
22:53:10.103 INFO  manager.ListenerWD -- Before click element-->inputtext -->
22:53:10.134 INFO  manager.ListenerWD -- After click element-->input
22:53:10.146 INFO  manager.ListenerWD -- sendKeys -->
22:53:10.149 INFO  manager.ListenerWD -- sendKeys -->input
22:53:10.161 INFO  manager.ListenerWD -- sendKeys -->
22:53:10.163 INFO  manager.ListenerWD -- sendKeys -->input
22:53:10.176 INFO  manager.ListenerWD -- sendKeys -->
22:53:10.179 INFO  manager.ListenerWD -- sendKeys -->input
22:53:10.191 INFO  manager.HelperBase -- type in input with locator By.name("email") 
22:53:10.191 INFO  manager.ListenerWD -- Before find element-->By.xpath: //input[@placeholder='Password']
22:53:10.197 INFO  manager.ListenerWD -- After find element-->By.xpath: //input[@placeholder='Password']
22:53:10.200 INFO  manager.ListenerWD -- Location of element-->input
22:53:10.204 INFO  manager.ListenerWD -- Before click element-->inputtext -->
22:53:10.226 INFO  manager.ListenerWD -- After click element-->input
22:53:10.239 INFO  manager.ListenerWD -- sendKeys -->
22:53:10.241 INFO  manager.ListenerWD -- sendKeys -->input
22:53:10.254 INFO  manager.ListenerWD -- sendKeys -->
22:53:10.255 INFO  manager.ListenerWD -- sendKeys -->input
22:53:10.268 INFO  manager.ListenerWD -- sendKeys -->
22:53:10.270 INFO  manager.ListenerWD -- sendKeys -->input
22:53:10.282 INFO  manager.ListenerWD -- Before find element-->By.xpath: //button[text()='Login']
22:53:10.292 INFO  manager.ListenerWD -- After find element-->By.xpath: //button[text()='Login']
22:53:10.294 INFO  manager.ListenerWD -- Location of element-->button
22:53:10.300 INFO  manager.ListenerWD -- Before click element-->buttontext -->Login
22:53:10.686 INFO  tests.TestBase -- Assert check is element button 'Sign out' present
22:53:10.688 INFO  tests.TestBase -- ==============================================
22:53:10.689 INFO  tests.TestBase -- Name of method (test) -->loginSuccess1
22:53:10.697 INFO  manager.ListenerWD -- Before find element-->By.xpath: //button[text()='Sign Out']
22:53:10.705 INFO  manager.ListenerWD -- After find element-->By.xpath: //button[text()='Sign Out']
22:53:10.708 INFO  manager.ListenerWD -- Location of element-->button
22:53:10.713 INFO  manager.ListenerWD -- Before click element-->buttontext -->Sign Out
22:53:10.741 INFO  tests.TestBase -- Before method finished logout
22:53:10.742 INFO  manager.ListenerWD -- Before find element-->By.cssSelector: a[href='/login']
22:53:10.750 INFO  manager.ListenerWD -- After find element-->By.cssSelector: a[href='/login']
22:53:10.752 INFO  manager.ListenerWD -- Location of element-->a
22:53:10.758 INFO  manager.ListenerWD -- Before click element-->atext -->LOGIN
22:53:10.779 INFO  manager.ListenerWD -- After click element-->a
22:53:10.779 INFO  manager.HelperBase -- Open form by ckick on button with locator a[href='/login']
22:53:10.779 INFO  manager.ListenerWD -- Before find element-->By.name: email
22:53:10.786 INFO  manager.ListenerWD -- After find element-->By.name: email
22:53:10.788 INFO  manager.ListenerWD -- Location of element-->input
22:53:10.795 INFO  manager.ListenerWD -- Before click element-->inputtext -->
22:53:10.826 INFO  manager.ListenerWD -- After click element-->input
22:53:10.841 INFO  manager.ListenerWD -- sendKeys -->
22:53:10.843 INFO  manager.ListenerWD -- sendKeys -->input
22:53:10.856 INFO  manager.ListenerWD -- sendKeys -->
22:53:10.858 INFO  manager.ListenerWD -- sendKeys -->input
22:53:10.872 INFO  manager.ListenerWD -- sendKeys -->
22:53:10.880 INFO  manager.ListenerWD -- sendKeys -->input
22:53:10.892 INFO  manager.ListenerWD -- Before find element-->By.xpath: //input[@placeholder='Password']
22:53:10.899 INFO  manager.ListenerWD -- After find element-->By.xpath: //input[@placeholder='Password']
22:53:10.902 INFO  manager.ListenerWD -- Location of element-->input
22:53:10.907 INFO  manager.ListenerWD -- Before click element-->inputtext -->
22:53:10.930 INFO  manager.ListenerWD -- After click element-->input
22:53:10.943 INFO  manager.ListenerWD -- sendKeys -->
22:53:10.946 INFO  manager.ListenerWD -- sendKeys -->input
22:53:10.960 INFO  manager.ListenerWD -- sendKeys -->
22:53:10.962 INFO  manager.ListenerWD -- sendKeys -->input
22:53:10.976 INFO  manager.ListenerWD -- sendKeys -->
22:53:10.978 INFO  manager.ListenerWD -- sendKeys -->input
22:53:10.993 INFO  manager.ListenerWD -- Before find element-->By.xpath: //button[text()='Login']
22:53:11.000 INFO  manager.ListenerWD -- After find element-->By.xpath: //button[text()='Login']
22:53:11.003 INFO  manager.ListenerWD -- Location of element-->button
22:53:11.008 INFO  manager.ListenerWD -- Before click element-->buttontext -->Login
22:53:11.358 INFO  tests.TestBase -- ==============================================
22:53:11.359 INFO  tests.TestBase -- Name of method (test) -->loginSuccessModel
22:53:11.369 INFO  manager.ListenerWD -- Before find element-->By.xpath: //button[text()='Sign Out']
22:53:11.378 INFO  manager.ListenerWD -- After find element-->By.xpath: //button[text()='Sign Out']
22:53:11.382 INFO  manager.ListenerWD -- Location of element-->button
22:53:11.389 INFO  manager.ListenerWD -- Before click element-->buttontext -->Sign Out
22:53:11.425 INFO  tests.TestBase -- Before method finished logout
22:53:11.427 INFO  tests.TestBase -- Test data---> User{email='lolik@gmail.com', password='Lolik123!'}
22:53:11.427 INFO  manager.ListenerWD -- Before find element-->By.cssSelector: a[href='/login']
22:53:11.435 INFO  manager.ListenerWD -- After find element-->By.cssSelector: a[href='/login']
22:53:11.437 INFO  manager.ListenerWD -- Location of element-->a
22:53:11.442 INFO  manager.ListenerWD -- Before click element-->atext -->LOGIN
22:53:11.464 INFO  manager.ListenerWD -- After click element-->a
22:53:11.464 INFO  manager.HelperBase -- Open form by ckick on button with locator a[href='/login']
22:53:11.464 INFO  manager.ListenerWD -- Before find element-->By.name: email
22:53:11.471 INFO  manager.ListenerWD -- After find element-->By.name: email
22:53:11.475 INFO  manager.ListenerWD -- Location of element-->input
22:53:11.480 INFO  manager.ListenerWD -- Before click element-->inputtext -->
22:53:11.510 INFO  manager.ListenerWD -- After click element-->input
22:53:11.524 INFO  manager.ListenerWD -- sendKeys -->
22:53:11.526 INFO  manager.ListenerWD -- sendKeys -->input
22:53:11.539 INFO  manager.ListenerWD -- sendKeys -->
22:53:11.541 INFO  manager.ListenerWD -- sendKeys -->input
22:53:11.554 INFO  manager.ListenerWD -- sendKeys -->
22:53:11.556 INFO  manager.ListenerWD -- sendKeys -->input
22:53:11.569 INFO  manager.ListenerWD -- Before find element-->By.xpath: //input[@placeholder='Password']
22:53:11.577 INFO  manager.ListenerWD -- After find element-->By.xpath: //input[@placeholder='Password']
22:53:11.580 INFO  manager.ListenerWD -- Location of element-->input
22:53:11.586 INFO  manager.ListenerWD -- Before click element-->inputtext -->
22:53:11.610 INFO  manager.ListenerWD -- After click element-->input
22:53:11.623 INFO  manager.ListenerWD -- sendKeys -->
22:53:11.626 INFO  manager.ListenerWD -- sendKeys -->input
22:53:11.643 INFO  manager.ListenerWD -- sendKeys -->
22:53:11.645 INFO  manager.ListenerWD -- sendKeys -->input
22:53:11.658 INFO  manager.ListenerWD -- sendKeys -->
22:53:11.660 INFO  manager.ListenerWD -- sendKeys -->input
22:53:11.671 INFO  manager.ListenerWD -- Before find element-->By.xpath: //button[text()='Login']
22:53:11.678 INFO  manager.ListenerWD -- After find element-->By.xpath: //button[text()='Login']
22:53:11.681 INFO  manager.ListenerWD -- Location of element-->button
22:53:11.687 INFO  manager.ListenerWD -- Before click element-->buttontext -->Login
22:53:12.026 INFO  tests.TestBase -- Assert check is element button 'Sign out' present
22:53:12.028 INFO  tests.TestBase -- ==============================================
22:53:12.029 INFO  tests.TestBase -- Name of method (test) -->loginSuccessModel
22:53:12.039 INFO  manager.ListenerWD -- Before find element-->By.xpath: //button[text()='Sign Out']
22:53:12.049 INFO  manager.ListenerWD -- After find element-->By.xpath: //button[text()='Sign Out']
22:53:12.051 INFO  manager.ListenerWD -- Location of element-->button
22:53:12.056 INFO  manager.ListenerWD -- Before click element-->buttontext -->Sign Out
22:53:12.080 INFO  tests.TestBase -- Before method finished logout
22:53:12.083 INFO  tests.TestBase -- Test data---> User{email='sonya@gmail.com', password='Ss12345$'}
22:53:12.083 INFO  manager.ListenerWD -- Before find element-->By.cssSelector: a[href='/login']
22:53:12.091 INFO  manager.ListenerWD -- After find element-->By.cssSelector: a[href='/login']
22:53:12.095 INFO  manager.ListenerWD -- Location of element-->a
22:53:12.101 INFO  manager.ListenerWD -- Before click element-->atext -->LOGIN
22:53:12.129 INFO  manager.ListenerWD -- After click element-->a
22:53:12.129 INFO  manager.HelperBase -- Open form by ckick on button with locator a[href='/login']
22:53:12.129 INFO  manager.ListenerWD -- Before find element-->By.name: email
22:53:12.139 INFO  manager.ListenerWD -- After find element-->By.name: email
22:53:12.141 INFO  manager.ListenerWD -- Location of element-->input
22:53:12.146 INFO  manager.ListenerWD -- Before click element-->inputtext -->
22:53:12.176 INFO  manager.ListenerWD -- After click element-->input
22:53:12.189 INFO  manager.ListenerWD -- sendKeys -->
22:53:12.192 INFO  manager.ListenerWD -- sendKeys -->input
22:53:12.204 INFO  manager.ListenerWD -- sendKeys -->
22:53:12.205 INFO  manager.ListenerWD -- sendKeys -->input
22:53:12.219 INFO  manager.ListenerWD -- sendKeys -->
22:53:12.221 INFO  manager.ListenerWD -- sendKeys -->input
22:53:12.235 INFO  manager.ListenerWD -- Before find element-->By.xpath: //input[@placeholder='Password']
22:53:12.243 INFO  manager.ListenerWD -- After find element-->By.xpath: //input[@placeholder='Password']
22:53:12.246 INFO  manager.ListenerWD -- Location of element-->input
22:53:12.250 INFO  manager.ListenerWD -- Before click element-->inputtext -->
22:53:12.275 INFO  manager.ListenerWD -- After click element-->input
22:53:12.288 INFO  manager.ListenerWD -- sendKeys -->
22:53:12.290 INFO  manager.ListenerWD -- sendKeys -->input
22:53:12.303 INFO  manager.ListenerWD -- sendKeys -->
22:53:12.305 INFO  manager.ListenerWD -- sendKeys -->input
22:53:12.318 INFO  manager.ListenerWD -- sendKeys -->
22:53:12.320 INFO  manager.ListenerWD -- sendKeys -->input
22:53:12.331 INFO  manager.ListenerWD -- Before find element-->By.xpath: //button[text()='Login']
22:53:12.338 INFO  manager.ListenerWD -- After find element-->By.xpath: //button[text()='Login']
22:53:12.341 INFO  manager.ListenerWD -- Location of element-->button
22:53:12.345 INFO  manager.ListenerWD -- Before click element-->buttontext -->Login
22:53:12.804 INFO  tests.TestBase -- Assert check is element button 'Sign out' present
22:53:12.805 INFO  tests.TestBase -- ==============================================
22:53:12.809 INFO  tests.TestBase -- Name of method (test) -->loginSuccessModelDPF
22:53:12.817 INFO  manager.ListenerWD -- Before find element-->By.xpath: //button[text()='Sign Out']
22:53:12.824 INFO  manager.ListenerWD -- After find element-->By.xpath: //button[text()='Sign Out']
22:53:12.827 INFO  manager.ListenerWD -- Location of element-->button
22:53:12.831 INFO  manager.ListenerWD -- Before click element-->buttontext -->Sign Out
22:53:12.855 INFO  tests.TestBase -- Before method finished logout
22:53:12.857 INFO  tests.TestBase -- Test data---> User{email='lolik@gmail.com', password='Lolik123!'}
22:53:12.857 INFO  manager.ListenerWD -- Before find element-->By.cssSelector: a[href='/login']
22:53:12.865 INFO  manager.ListenerWD -- After find element-->By.cssSelector: a[href='/login']
22:53:12.867 INFO  manager.ListenerWD -- Location of element-->a
22:53:12.872 INFO  manager.ListenerWD -- Before click element-->atext -->LOGIN
22:53:12.894 INFO  manager.ListenerWD -- After click element-->a
22:53:12.894 INFO  manager.HelperBase -- Open form by ckick on button with locator a[href='/login']
22:53:12.894 INFO  manager.ListenerWD -- Before find element-->By.name: email
22:53:12.901 INFO  manager.ListenerWD -- After find element-->By.name: email
22:53:12.903 INFO  manager.ListenerWD -- Location of element-->input
22:53:12.908 INFO  manager.ListenerWD -- Before click element-->inputtext -->
22:53:12.939 INFO  manager.ListenerWD -- After click element-->input
22:53:12.953 INFO  manager.ListenerWD -- sendKeys -->
22:53:12.955 INFO  manager.ListenerWD -- sendKeys -->input
22:53:12.969 INFO  manager.ListenerWD -- sendKeys -->
22:53:12.973 INFO  manager.ListenerWD -- sendKeys -->input
22:53:12.987 INFO  manager.ListenerWD -- sendKeys -->
22:53:12.989 INFO  manager.ListenerWD -- sendKeys -->input
22:53:13.002 INFO  manager.ListenerWD -- Before find element-->By.xpath: //input[@placeholder='Password']
22:53:13.012 INFO  manager.ListenerWD -- After find element-->By.xpath: //input[@placeholder='Password']
22:53:13.014 INFO  manager.ListenerWD -- Location of element-->input
22:53:13.018 INFO  manager.ListenerWD -- Before click element-->inputtext -->
22:53:13.041 INFO  manager.ListenerWD -- After click element-->input
22:53:13.054 INFO  manager.ListenerWD -- sendKeys -->
22:53:13.057 INFO  manager.ListenerWD -- sendKeys -->input
22:53:13.070 INFO  manager.ListenerWD -- sendKeys -->
22:53:13.072 INFO  manager.ListenerWD -- sendKeys -->input
22:53:13.086 INFO  manager.ListenerWD -- sendKeys -->
22:53:13.087 INFO  manager.ListenerWD -- sendKeys -->input
22:53:13.099 INFO  manager.ListenerWD -- Before find element-->By.xpath: //button[text()='Login']
22:53:13.105 INFO  manager.ListenerWD -- After find element-->By.xpath: //button[text()='Login']
22:53:13.108 INFO  manager.ListenerWD -- Location of element-->button
22:53:13.114 INFO  manager.ListenerWD -- Before click element-->buttontext -->Login
22:53:13.447 INFO  tests.TestBase -- Assert check is element button 'Sign out' present
22:53:13.448 INFO  tests.TestBase -- ==============================================
22:53:13.450 INFO  tests.TestBase -- Name of method (test) -->loginSuccessModelDPF
22:53:13.462 INFO  manager.ListenerWD -- Before find element-->By.xpath: //button[text()='Sign Out']
22:53:13.471 INFO  manager.ListenerWD -- After find element-->By.xpath: //button[text()='Sign Out']
22:53:13.474 INFO  manager.ListenerWD -- Location of element-->button
22:53:13.479 INFO  manager.ListenerWD -- Before click element-->buttontext -->Sign Out
22:53:13.506 INFO  tests.TestBase -- Before method finished logout
22:53:13.508 INFO  tests.TestBase -- Test data---> User{email='sonya@gmail.com', password='Ss12345$'}
22:53:13.508 INFO  manager.ListenerWD -- Before find element-->By.cssSelector: a[href='/login']
22:53:13.517 INFO  manager.ListenerWD -- After find element-->By.cssSelector: a[href='/login']
22:53:13.519 INFO  manager.ListenerWD -- Location of element-->a
22:53:13.524 INFO  manager.ListenerWD -- Before click element-->atext -->LOGIN
22:53:13.548 INFO  manager.ListenerWD -- After click element-->a
22:53:13.548 INFO  manager.HelperBase -- Open form by ckick on button with locator a[href='/login']
22:53:13.548 INFO  manager.ListenerWD -- Before find element-->By.name: email
22:53:13.555 INFO  manager.ListenerWD -- After find element-->By.name: email
22:53:13.557 INFO  manager.ListenerWD -- Location of element-->input
22:53:13.562 INFO  manager.ListenerWD -- Before click element-->inputtext -->
22:53:13.592 INFO  manager.ListenerWD -- After click element-->input
22:53:13.606 INFO  manager.ListenerWD -- sendKeys -->
22:53:13.608 INFO  manager.ListenerWD -- sendKeys -->input
22:53:13.623 INFO  manager.ListenerWD -- sendKeys -->
22:53:13.625 INFO  manager.ListenerWD -- sendKeys -->input
22:53:13.641 INFO  manager.ListenerWD -- sendKeys -->
22:53:13.643 INFO  manager.ListenerWD -- sendKeys -->input
22:53:13.657 INFO  manager.ListenerWD -- Before find element-->By.xpath: //input[@placeholder='Password']
22:53:13.664 INFO  manager.ListenerWD -- After find element-->By.xpath: //input[@placeholder='Password']
22:53:13.667 INFO  manager.ListenerWD -- Location of element-->input
22:53:13.673 INFO  manager.ListenerWD -- Before click element-->inputtext -->
22:53:13.699 INFO  manager.ListenerWD -- After click element-->input
22:53:13.713 INFO  manager.ListenerWD -- sendKeys -->
22:53:13.715 INFO  manager.ListenerWD -- sendKeys -->input
22:53:13.730 INFO  manager.ListenerWD -- sendKeys -->
22:53:13.732 INFO  manager.ListenerWD -- sendKeys -->input
22:53:13.755 INFO  manager.ListenerWD -- sendKeys -->
22:53:13.757 INFO  manager.ListenerWD -- sendKeys -->input
22:53:13.773 INFO  manager.ListenerWD -- Before find element-->By.xpath: //button[text()='Login']
22:53:13.783 INFO  manager.ListenerWD -- After find element-->By.xpath: //button[text()='Login']
22:53:13.786 INFO  manager.ListenerWD -- Location of element-->button
22:53:13.792 INFO  manager.ListenerWD -- Before click element-->buttontext -->Login
22:53:14.144 INFO  tests.TestBase -- Assert check is element button 'Sign out' present
22:53:14.145 INFO  tests.TestBase -- ==============================================
22:53:14.145 INFO  tests.TestBase -- Name of method (test) -->loginSuccessModelDPF
22:53:14.155 INFO  manager.ListenerWD -- Before find element-->By.xpath: //button[text()='Sign Out']
22:53:14.164 INFO  manager.ListenerWD -- After find element-->By.xpath: //button[text()='Sign Out']
22:53:14.168 INFO  manager.ListenerWD -- Location of element-->button
22:53:14.176 INFO  manager.ListenerWD -- Before click element-->buttontext -->Sign Out
22:53:14.209 INFO  tests.TestBase -- Before method finished logout
22:53:14.211 INFO  tests.TestBase -- Test data---> User{email='lolik@gmail.com', password='Lolik123!'}
22:53:14.211 INFO  manager.ListenerWD -- Before find element-->By.cssSelector: a[href='/login']
22:53:14.222 INFO  manager.ListenerWD -- After find element-->By.cssSelector: a[href='/login']
22:53:14.224 INFO  manager.ListenerWD -- Location of element-->a
22:53:14.232 INFO  manager.ListenerWD -- Before click element-->atext -->LOGIN
22:53:14.255 INFO  manager.ListenerWD -- After click element-->a
22:53:14.255 INFO  manager.HelperBase -- Open form by ckick on button with locator a[href='/login']
22:53:14.256 INFO  manager.ListenerWD -- Before find element-->By.name: email
22:53:14.262 INFO  manager.ListenerWD -- After find element-->By.name: email
22:53:14.264 INFO  manager.ListenerWD -- Location of element-->input
22:53:14.270 INFO  manager.ListenerWD -- Before click element-->inputtext -->
22:53:14.302 INFO  manager.ListenerWD -- After click element-->input
22:53:14.318 INFO  manager.ListenerWD -- sendKeys -->
22:53:14.320 INFO  manager.ListenerWD -- sendKeys -->input
22:53:14.334 INFO  manager.ListenerWD -- sendKeys -->
22:53:14.335 INFO  manager.ListenerWD -- sendKeys -->input
22:53:14.349 INFO  manager.ListenerWD -- sendKeys -->
22:53:14.351 INFO  manager.ListenerWD -- sendKeys -->input
22:53:14.363 INFO  manager.ListenerWD -- Before find element-->By.xpath: //input[@placeholder='Password']
22:53:14.371 INFO  manager.ListenerWD -- After find element-->By.xpath: //input[@placeholder='Password']
22:53:14.373 INFO  manager.ListenerWD -- Location of element-->input
22:53:14.379 INFO  manager.ListenerWD -- Before click element-->inputtext -->
22:53:14.403 INFO  manager.ListenerWD -- After click element-->input
22:53:14.420 INFO  manager.ListenerWD -- sendKeys -->
22:53:14.422 INFO  manager.ListenerWD -- sendKeys -->input
22:53:14.441 INFO  manager.ListenerWD -- sendKeys -->
22:53:14.443 INFO  manager.ListenerWD -- sendKeys -->input
22:53:14.459 INFO  manager.ListenerWD -- sendKeys -->
22:53:14.463 INFO  manager.ListenerWD -- sendKeys -->input
22:53:14.477 INFO  manager.ListenerWD -- Before find element-->By.xpath: //button[text()='Login']
22:53:14.486 INFO  manager.ListenerWD -- After find element-->By.xpath: //button[text()='Login']
22:53:14.489 INFO  manager.ListenerWD -- Location of element-->button
22:53:14.495 INFO  manager.ListenerWD -- Before click element-->buttontext -->Login
22:53:14.846 INFO  tests.TestBase -- Assert check is element button 'Sign out' present
22:53:14.847 INFO  tests.TestBase -- ==============================================
22:53:14.848 INFO  tests.TestBase -- Name of method (test) -->loginUnregisteredUser
22:53:14.857 INFO  manager.ListenerWD -- Before find element-->By.xpath: //button[text()='Sign Out']
22:53:14.865 INFO  manager.ListenerWD -- After find element-->By.xpath: //button[text()='Sign Out']
22:53:14.869 INFO  manager.ListenerWD -- Location of element-->button
22:53:14.876 INFO  manager.ListenerWD -- Before click element-->buttontext -->Sign Out
22:53:14.908 INFO  tests.TestBase -- Before method finished logout
22:53:14.909 INFO  tests.TestBase -- Test data --> email:'loli_k@mail.ru & password: Lolik123!
22:53:14.910 INFO  manager.ListenerWD -- Before find element-->By.cssSelector: a[href='/login']
22:53:14.918 INFO  manager.ListenerWD -- After find element-->By.cssSelector: a[href='/login']
22:53:14.921 INFO  manager.ListenerWD -- Location of element-->a
22:53:14.926 INFO  manager.ListenerWD -- Before click element-->atext -->LOGIN
22:53:14.950 INFO  manager.ListenerWD -- After click element-->a
22:53:14.950 INFO  manager.HelperBase -- Open form by ckick on button with locator a[href='/login']
22:53:14.950 INFO  manager.ListenerWD -- Before find element-->By.name: email
22:53:14.956 INFO  manager.ListenerWD -- After find element-->By.name: email
22:53:14.958 INFO  manager.ListenerWD -- Location of element-->input
22:53:14.963 INFO  manager.ListenerWD -- Before click element-->inputtext -->
22:53:14.993 INFO  manager.ListenerWD -- After click element-->input
22:53:15.008 INFO  manager.ListenerWD -- sendKeys -->
22:53:15.010 INFO  manager.ListenerWD -- sendKeys -->input
22:53:15.023 INFO  manager.ListenerWD -- sendKeys -->
22:53:15.025 INFO  manager.ListenerWD -- sendKeys -->input
22:53:15.039 INFO  manager.ListenerWD -- sendKeys -->
22:53:15.041 INFO  manager.ListenerWD -- sendKeys -->input
22:53:15.054 INFO  manager.HelperBase -- type in input with locator By.name("email") 
22:53:15.054 INFO  manager.ListenerWD -- Before find element-->By.xpath: //input[@placeholder='Password']
22:53:15.061 INFO  manager.ListenerWD -- After find element-->By.xpath: //input[@placeholder='Password']
22:53:15.063 INFO  manager.ListenerWD -- Location of element-->input
22:53:15.068 INFO  manager.ListenerWD -- Before click element-->inputtext -->
22:53:15.094 INFO  manager.ListenerWD -- After click element-->input
22:53:15.106 INFO  manager.ListenerWD -- sendKeys -->
22:53:15.108 INFO  manager.ListenerWD -- sendKeys -->input
22:53:15.122 INFO  manager.ListenerWD -- sendKeys -->
22:53:15.124 INFO  manager.ListenerWD -- sendKeys -->input
22:53:15.137 INFO  manager.ListenerWD -- sendKeys -->
22:53:15.139 INFO  manager.ListenerWD -- sendKeys -->input
22:53:15.149 INFO  manager.ListenerWD -- Before find element-->By.xpath: //button[text()='Login']
22:53:15.157 INFO  manager.ListenerWD -- After find element-->By.xpath: //button[text()='Login']
22:53:15.159 INFO  manager.ListenerWD -- Location of element-->button
22:53:15.165 INFO  manager.ListenerWD -- Before click element-->buttontext -->Login
22:53:15.190 INFO  manager.ListenerWD -- Huston, we have a problem!
22:53:15.190 INFO  manager.ListenerWD -- Failed method:alert
22:53:15.190 INFO  manager.ListenerWD -- **********************
22:53:15.190 INFO  manager.ListenerWD -- Arguments:null
22:53:15.190 INFO  manager.ListenerWD -- **********************
22:53:15.190 INFO  manager.ListenerWD -- Exception:NoAlertPresentException
22:53:15.190 INFO  manager.ListenerWD -- **********************
22:53:15.190 INFO  manager.ListenerWD -- Messageno such alert
  (Session info: chrome=149.0.7827.103)
Build info: version: '4.26.0', revision: '8ccf0219d7'
System info: os.name: 'Windows 11', os.arch: 'amd64', os.version: '10.0', java.version: '21.0.10'
Driver info: org.openqa.selenium.chrome.ChromeDriver
Command: [00b8f5267e4d41f209c1f38a5c39ba21, getAlertText {}]
Capabilities {acceptInsecureCerts: false, browserName: chrome, browserVersion: 149.0.7827.103, chrome: {chromedriverVersion: 149.0.7827.55 (3188f8a607ae..., userDataDir: C:\Users\Nina\AppData\Local...}, fedcm:accounts: true, goog:chromeOptions: {debuggerAddress: localhost:58528}, goog:processID: 31740, networkConnectionEnabled: false, pageLoadStrategy: normal, platformName: windows, proxy: Proxy(), se:cdp: ws://localhost:58528/devtoo..., se:cdpVersion: 149.0.7827.103, setWindowRect: true, strictFileInteractability: false, timeouts: {implicit: 0, pageLoad: 300000, script: 30000}, unhandledPromptBehavior: dismiss and notify, webauthn:extension:credBlob: true, webauthn:extension:largeBlob: true, webauthn:extension:minPinLength: true, webauthn:extension:prf: true, webauthn:virtualAuthenticators: true}
Session ID: 00b8f5267e4d41f209c1f38a5c39ba21
22:53:15.190 INFO  manager.ListenerWD -- **********************
22:53:15.190 INFO  manager.ListenerWD -- Screen with error is --->src/test/screenshots/screen_1331.png
22:53:15.706 INFO  tests.TestBase -- Assert check is alert present with error test 'Wrong email or password' 
22:53:15.706 INFO  tests.TestBase -- ==============================================
22:53:15.708 INFO  tests.TestBase -- Name of method (test) -->loginWrongEmail
22:53:20.714 INFO  tests.TestBase -- Test data --> email:'lolikgmail.com & password: Lolik123!
22:53:20.715 INFO  manager.ListenerWD -- Before find element-->By.cssSelector: a[href='/login']
22:53:20.727 INFO  manager.ListenerWD -- After find element-->By.cssSelector: a[href='/login']
22:53:20.731 INFO  manager.ListenerWD -- Location of element-->a
22:53:20.744 INFO  manager.ListenerWD -- Before click element-->atext -->LOGIN
22:53:20.768 INFO  manager.ListenerWD -- After click element-->a
22:53:20.768 INFO  manager.HelperBase -- Open form by ckick on button with locator a[href='/login']
22:53:20.768 INFO  manager.ListenerWD -- Before find element-->By.name: email
22:53:20.776 INFO  manager.ListenerWD -- After find element-->By.name: email
22:53:20.778 INFO  manager.ListenerWD -- Location of element-->input
22:53:20.783 INFO  manager.ListenerWD -- Before click element-->inputtext -->
22:53:20.808 INFO  manager.ListenerWD -- After click element-->input
22:53:20.821 INFO  manager.ListenerWD -- sendKeys -->
22:53:20.822 INFO  manager.ListenerWD -- sendKeys -->input
22:53:20.842 INFO  manager.ListenerWD -- sendKeys -->
22:53:20.844 INFO  manager.ListenerWD -- sendKeys -->input
22:53:20.856 INFO  manager.ListenerWD -- sendKeys -->
22:53:20.858 INFO  manager.ListenerWD -- sendKeys -->input
22:53:20.869 INFO  manager.HelperBase -- type in input with locator By.name("email") 
22:53:20.869 INFO  manager.ListenerWD -- Before find element-->By.xpath: //input[@placeholder='Password']
22:53:20.877 INFO  manager.ListenerWD -- After find element-->By.xpath: //input[@placeholder='Password']
22:53:20.878 INFO  manager.ListenerWD -- Location of element-->input
22:53:20.883 INFO  manager.ListenerWD -- Before click element-->inputtext -->
22:53:20.906 INFO  manager.ListenerWD -- After click element-->input
22:53:20.918 INFO  manager.ListenerWD -- sendKeys -->
22:53:20.920 INFO  manager.ListenerWD -- sendKeys -->input
22:53:20.939 INFO  manager.ListenerWD -- sendKeys -->
22:53:20.942 INFO  manager.ListenerWD -- sendKeys -->input
22:53:20.954 INFO  manager.ListenerWD -- sendKeys -->
22:53:20.955 INFO  manager.ListenerWD -- sendKeys -->input
22:53:20.966 INFO  manager.ListenerWD -- Before find element-->By.xpath: //button[text()='Login']
22:53:20.973 INFO  manager.ListenerWD -- After find element-->By.xpath: //button[text()='Login']
22:53:20.976 INFO  manager.ListenerWD -- Location of element-->button
22:53:20.980 INFO  manager.ListenerWD -- Before click element-->buttontext -->Login
22:53:21.005 INFO  manager.ListenerWD -- Huston, we have a problem!
22:53:21.006 INFO  manager.ListenerWD -- Failed method:alert
22:53:21.006 INFO  manager.ListenerWD -- **********************
22:53:21.006 INFO  manager.ListenerWD -- Arguments:null
22:53:21.006 INFO  manager.ListenerWD -- **********************
22:53:21.006 INFO  manager.ListenerWD -- Exception:NoAlertPresentException
22:53:21.006 INFO  manager.ListenerWD -- **********************
22:53:21.006 INFO  manager.ListenerWD -- Messageno such alert
  (Session info: chrome=149.0.7827.103)
Build info: version: '4.26.0', revision: '8ccf0219d7'
System info: os.name: 'Windows 11', os.arch: 'amd64', os.version: '10.0', java.version: '21.0.10'
Driver info: org.openqa.selenium.chrome.ChromeDriver
Command: [00b8f5267e4d41f209c1f38a5c39ba21, getAlertText {}]
Capabilities {acceptInsecureCerts: false, browserName: chrome, browserVersion: 149.0.7827.103, chrome: {chromedriverVersion: 149.0.7827.55 (3188f8a607ae..., userDataDir: C:\Users\Nina\AppData\Local...}, fedcm:accounts: true, goog:chromeOptions: {debuggerAddress: localhost:58528}, goog:processID: 31740, networkConnectionEnabled: false, pageLoadStrategy: normal, platformName: windows, proxy: Proxy(), se:cdp: ws://localhost:58528/devtoo..., se:cdpVersion: 149.0.7827.103, setWindowRect: true, strictFileInteractability: false, timeouts: {implicit: 0, pageLoad: 300000, script: 30000}, unhandledPromptBehavior: dismiss and notify, webauthn:extension:credBlob: true, webauthn:extension:largeBlob: true, webauthn:extension:minPinLength: true, webauthn:extension:prf: true, webauthn:virtualAuthenticators: true}
Session ID: 00b8f5267e4d41f209c1f38a5c39ba21
22:53:21.006 INFO  manager.ListenerWD -- **********************
22:53:21.006 INFO  manager.ListenerWD -- Screen with error is --->src/test/screenshots/screen_1805.png
22:53:21.529 INFO  tests.TestBase -- Assert check is alert present with error test 'Wrong email or password' 
22:53:21.531 INFO  tests.TestBase -- ==============================================
22:53:21.532 INFO  tests.TestBase -- Name of method (test) -->loginWrongPassword
22:53:26.543 INFO  tests.TestBase -- Test data --> email:'lolik@gmail.com & password: Lolik123
22:53:26.543 INFO  manager.ListenerWD -- Before find element-->By.cssSelector: a[href='/login']
22:53:26.550 INFO  manager.ListenerWD -- After find element-->By.cssSelector: a[href='/login']
22:53:26.552 INFO  manager.ListenerWD -- Location of element-->a
22:53:26.556 INFO  manager.ListenerWD -- Before click element-->atext -->LOGIN
22:53:26.579 INFO  manager.ListenerWD -- After click element-->a
22:53:26.579 INFO  manager.HelperBase -- Open form by ckick on button with locator a[href='/login']
22:53:26.579 INFO  manager.ListenerWD -- Before find element-->By.name: email
22:53:26.585 INFO  manager.ListenerWD -- After find element-->By.name: email
22:53:26.588 INFO  manager.ListenerWD -- Location of element-->input
22:53:26.593 INFO  manager.ListenerWD -- Before click element-->inputtext -->
22:53:26.614 INFO  manager.ListenerWD -- After click element-->input
22:53:26.628 INFO  manager.ListenerWD -- sendKeys -->
22:53:26.631 INFO  manager.ListenerWD -- sendKeys -->input
22:53:26.650 INFO  manager.ListenerWD -- sendKeys -->
22:53:26.652 INFO  manager.ListenerWD -- sendKeys -->input
22:53:26.664 INFO  manager.ListenerWD -- sendKeys -->
22:53:26.665 INFO  manager.ListenerWD -- sendKeys -->input
22:53:26.681 INFO  manager.HelperBase -- type in input with locator By.name("email") 
22:53:26.681 INFO  manager.ListenerWD -- Before find element-->By.xpath: //input[@placeholder='Password']
22:53:26.688 INFO  manager.ListenerWD -- After find element-->By.xpath: //input[@placeholder='Password']
22:53:26.690 INFO  manager.ListenerWD -- Location of element-->input
22:53:26.696 INFO  manager.ListenerWD -- Before click element-->inputtext -->
22:53:26.717 INFO  manager.ListenerWD -- After click element-->input
22:53:26.730 INFO  manager.ListenerWD -- sendKeys -->
22:53:26.731 INFO  manager.ListenerWD -- sendKeys -->input
22:53:26.749 INFO  manager.ListenerWD -- sendKeys -->
22:53:26.752 INFO  manager.ListenerWD -- sendKeys -->input
22:53:26.765 INFO  manager.ListenerWD -- sendKeys -->
22:53:26.766 INFO  manager.ListenerWD -- sendKeys -->input
22:53:26.777 INFO  manager.ListenerWD -- Before find element-->By.xpath: //button[text()='Login']
22:53:26.783 INFO  manager.ListenerWD -- After find element-->By.xpath: //button[text()='Login']
22:53:26.785 INFO  manager.ListenerWD -- Location of element-->button
22:53:26.790 INFO  manager.ListenerWD -- Before click element-->buttontext -->Login
22:53:26.815 INFO  manager.ListenerWD -- Huston, we have a problem!
22:53:26.815 INFO  manager.ListenerWD -- Failed method:alert
22:53:26.815 INFO  manager.ListenerWD -- **********************
22:53:26.815 INFO  manager.ListenerWD -- Arguments:null
22:53:26.815 INFO  manager.ListenerWD -- **********************
22:53:26.815 INFO  manager.ListenerWD -- Exception:NoAlertPresentException
22:53:26.815 INFO  manager.ListenerWD -- **********************
22:53:26.815 INFO  manager.ListenerWD -- Messageno such alert
  (Session info: chrome=149.0.7827.103)
Build info: version: '4.26.0', revision: '8ccf0219d7'
System info: os.name: 'Windows 11', os.arch: 'amd64', os.version: '10.0', java.version: '21.0.10'
Driver info: org.openqa.selenium.chrome.ChromeDriver
Command: [00b8f5267e4d41f209c1f38a5c39ba21, getAlertText {}]
Capabilities {acceptInsecureCerts: false, browserName: chrome, browserVersion: 149.0.7827.103, chrome: {chromedriverVersion: 149.0.7827.55 (3188f8a607ae..., userDataDir: C:\Users\Nina\AppData\Local...}, fedcm:accounts: true, goog:chromeOptions: {debuggerAddress: localhost:58528}, goog:processID: 31740, networkConnectionEnabled: false, pageLoadStrategy: normal, platformName: windows, proxy: Proxy(), se:cdp: ws://localhost:58528/devtoo..., se:cdpVersion: 149.0.7827.103, setWindowRect: true, strictFileInteractability: false, timeouts: {implicit: 0, pageLoad: 300000, script: 30000}, unhandledPromptBehavior: dismiss and notify, webauthn:extension:credBlob: true, webauthn:extension:largeBlob: true, webauthn:extension:minPinLength: true, webauthn:extension:prf: true, webauthn:virtualAuthenticators: true}
Session ID: 00b8f5267e4d41f209c1f38a5c39ba21
22:53:26.815 INFO  manager.ListenerWD -- **********************
22:53:26.815 INFO  manager.ListenerWD -- Screen with error is --->src/test/screenshots/screen_1637.png
22:53:27.329 INFO  tests.TestBase -- Assert check is alert present with error test 'Wrong email or password' 
22:53:27.330 INFO  tests.TestBase -- ==============================================
22:53:27.332 INFO  tests.TestBase -- Name of method (test) -->registrationExistsUser
22:53:32.345 INFO  tests.TestBase -- Test data --> email:'margo@gmail.com & password: Mmar123456$
22:53:32.345 INFO  manager.ListenerWD -- Before find element-->By.cssSelector: a[href='/login']
22:53:32.352 INFO  manager.ListenerWD -- After find element-->By.cssSelector: a[href='/login']
22:53:32.355 INFO  manager.ListenerWD -- Location of element-->a
22:53:32.359 INFO  manager.ListenerWD -- Before click element-->atext -->LOGIN
22:53:32.382 INFO  manager.ListenerWD -- After click element-->a
22:53:32.383 INFO  manager.HelperBase -- Open form by ckick on button with locator a[href='/login']
22:53:32.383 INFO  manager.ListenerWD -- Before find element-->By.name: email
22:53:32.389 INFO  manager.ListenerWD -- After find element-->By.name: email
22:53:32.391 INFO  manager.ListenerWD -- Location of element-->input
22:53:32.396 INFO  manager.ListenerWD -- Before click element-->inputtext -->
22:53:32.420 INFO  manager.ListenerWD -- After click element-->input
22:53:32.432 INFO  manager.ListenerWD -- sendKeys -->
22:53:32.433 INFO  manager.ListenerWD -- sendKeys -->input
22:53:32.453 INFO  manager.ListenerWD -- sendKeys -->
22:53:32.455 INFO  manager.ListenerWD -- sendKeys -->input
22:53:32.468 INFO  manager.ListenerWD -- sendKeys -->
22:53:32.469 INFO  manager.ListenerWD -- sendKeys -->input
22:53:32.481 INFO  manager.ListenerWD -- Before find element-->By.xpath: //input[@placeholder='Password']
22:53:32.489 INFO  manager.ListenerWD -- After find element-->By.xpath: //input[@placeholder='Password']
22:53:32.491 INFO  manager.ListenerWD -- Location of element-->input
22:53:32.496 INFO  manager.ListenerWD -- Before click element-->inputtext -->
22:53:32.517 INFO  manager.ListenerWD -- After click element-->input
22:53:32.530 INFO  manager.ListenerWD -- sendKeys -->
22:53:32.532 INFO  manager.ListenerWD -- sendKeys -->input
22:53:32.552 INFO  manager.ListenerWD -- sendKeys -->
22:53:32.553 INFO  manager.ListenerWD -- sendKeys -->input
22:53:32.565 INFO  manager.ListenerWD -- sendKeys -->
22:53:32.566 INFO  manager.ListenerWD -- sendKeys -->input
22:53:32.580 INFO  manager.ListenerWD -- Before find element-->By.xpath: //button[text()='Registration']
22:53:32.588 INFO  manager.ListenerWD -- After find element-->By.xpath: //button[text()='Registration']
22:53:32.591 INFO  manager.ListenerWD -- Location of element-->button
22:53:32.595 INFO  manager.ListenerWD -- Before click element-->buttontext -->Registration
22:53:32.624 INFO  manager.ListenerWD -- Huston, we have a problem!
22:53:32.624 INFO  manager.ListenerWD -- Failed method:alert
22:53:32.624 INFO  manager.ListenerWD -- **********************
22:53:32.624 INFO  manager.ListenerWD -- Arguments:null
22:53:32.624 INFO  manager.ListenerWD -- **********************
22:53:32.624 INFO  manager.ListenerWD -- Exception:NoAlertPresentException
22:53:32.624 INFO  manager.ListenerWD -- **********************
22:53:32.624 INFO  manager.ListenerWD -- Messageno such alert
  (Session info: chrome=149.0.7827.103)
Build info: version: '4.26.0', revision: '8ccf0219d7'
System info: os.name: 'Windows 11', os.arch: 'amd64', os.version: '10.0', java.version: '21.0.10'
Driver info: org.openqa.selenium.chrome.ChromeDriver
Command: [00b8f5267e4d41f209c1f38a5c39ba21, getAlertText {}]
Capabilities {acceptInsecureCerts: false, browserName: chrome, browserVersion: 149.0.7827.103, chrome: {chromedriverVersion: 149.0.7827.55 (3188f8a607ae..., userDataDir: C:\Users\Nina\AppData\Local...}, fedcm:accounts: true, goog:chromeOptions: {debuggerAddress: localhost:58528}, goog:processID: 31740, networkConnectionEnabled: false, pageLoadStrategy: normal, platformName: windows, proxy: Proxy(), se:cdp: ws://localhost:58528/devtoo..., se:cdpVersion: 149.0.7827.103, setWindowRect: true, strictFileInteractability: false, timeouts: {implicit: 0, pageLoad: 300000, script: 30000}, unhandledPromptBehavior: dismiss and notify, webauthn:extension:credBlob: true, webauthn:extension:largeBlob: true, webauthn:extension:minPinLength: true, webauthn:extension:prf: true, webauthn:virtualAuthenticators: true}
Session ID: 00b8f5267e4d41f209c1f38a5c39ba21
22:53:32.624 INFO  manager.ListenerWD -- **********************
22:53:32.624 INFO  manager.ListenerWD -- Screen with error is --->src/test/screenshots/screen_1961.png
22:53:33.139 INFO  tests.TestBase -- Assert check is alert present with error test 'User already exist' 
22:53:33.140 INFO  tests.TestBase -- ==============================================
22:53:33.142 INFO  tests.TestBase -- Name of method (test) -->registrationSuccess
22:53:38.200 INFO  tests.TestBase -- Start test with name 'registrationSuccess'
22:53:38.200 INFO  tests.TestBase -- Test data --> email:'mert1042@gmail.com & password: Mert123456!
22:53:38.200 INFO  manager.ListenerWD -- Before find element-->By.cssSelector: a[href='/login']
22:53:38.207 INFO  manager.ListenerWD -- After find element-->By.cssSelector: a[href='/login']
22:53:38.209 INFO  manager.ListenerWD -- Location of element-->a
22:53:38.213 INFO  manager.ListenerWD -- Before click element-->atext -->LOGIN
22:53:38.236 INFO  manager.ListenerWD -- After click element-->a
22:53:38.236 INFO  manager.HelperBase -- Open form by ckick on button with locator a[href='/login']
22:53:38.236 INFO  manager.ListenerWD -- Before find element-->By.name: email
22:53:38.244 INFO  manager.ListenerWD -- After find element-->By.name: email
22:53:38.247 INFO  manager.ListenerWD -- Location of element-->input
22:53:38.251 INFO  manager.ListenerWD -- Before click element-->inputtext -->
22:53:38.274 INFO  manager.ListenerWD -- After click element-->input
22:53:38.289 INFO  manager.ListenerWD -- sendKeys -->
22:53:38.291 INFO  manager.ListenerWD -- sendKeys -->input
22:53:38.310 INFO  manager.ListenerWD -- sendKeys -->
22:53:38.312 INFO  manager.ListenerWD -- sendKeys -->input
22:53:38.327 INFO  manager.ListenerWD -- sendKeys -->
22:53:38.328 INFO  manager.ListenerWD -- sendKeys -->input
22:53:38.346 INFO  manager.ListenerWD -- Before find element-->By.xpath: //input[@placeholder='Password']
22:53:38.353 INFO  manager.ListenerWD -- After find element-->By.xpath: //input[@placeholder='Password']
22:53:38.356 INFO  manager.ListenerWD -- Location of element-->input
22:53:38.360 INFO  manager.ListenerWD -- Before click element-->inputtext -->
22:53:38.382 INFO  manager.ListenerWD -- After click element-->input
22:53:38.394 INFO  manager.ListenerWD -- sendKeys -->
22:53:38.395 INFO  manager.ListenerWD -- sendKeys -->input
22:53:38.414 INFO  manager.ListenerWD -- sendKeys -->
22:53:38.416 INFO  manager.ListenerWD -- sendKeys -->input
22:53:38.430 INFO  manager.ListenerWD -- sendKeys -->
22:53:38.432 INFO  manager.ListenerWD -- sendKeys -->input
22:53:38.444 INFO  manager.ListenerWD -- Before find element-->By.xpath: //button[text()='Registration']
22:53:38.450 INFO  manager.ListenerWD -- After find element-->By.xpath: //button[text()='Registration']
22:53:38.452 INFO  manager.ListenerWD -- Location of element-->button
22:53:38.457 INFO  manager.ListenerWD -- Before click element-->buttontext -->Registration
22:53:38.854 INFO  tests.TestBase -- Assert check is element button 'Sign out' present
22:53:38.854 INFO  manager.ListenerWD -- Before find element-->By.cssSelector: .contact-page_message__2qafk>h1
22:53:39.061 INFO  manager.ListenerWD -- After find element-->By.cssSelector: .contact-page_message__2qafk>h1
22:53:39.063 INFO  manager.ListenerWD -- Location of element-->h1
22:53:39.067 INFO  tests.TestBase -- Assert check is message 'No contacts here'
22:53:39.069 INFO  tests.TestBase -- ==============================================
22:53:39.070 INFO  tests.TestBase -- Name of method (test) -->wrongEmailRegistration
22:53:39.080 INFO  manager.ListenerWD -- Before find element-->By.xpath: //button[text()='Sign Out']
22:53:39.087 INFO  manager.ListenerWD -- After find element-->By.xpath: //button[text()='Sign Out']
22:53:39.090 INFO  manager.ListenerWD -- Location of element-->button
22:53:39.096 INFO  manager.ListenerWD -- Before click element-->buttontext -->Sign Out
22:53:39.134 INFO  tests.TestBase -- Before method finished logout
22:53:39.135 INFO  tests.TestBase -- Test data --> email:'mertgmail.com & password: Mert123456!
22:53:39.135 INFO  manager.ListenerWD -- Before find element-->By.cssSelector: a[href='/login']
22:53:39.144 INFO  manager.ListenerWD -- After find element-->By.cssSelector: a[href='/login']
22:53:39.147 INFO  manager.ListenerWD -- Location of element-->a
22:53:39.153 INFO  manager.ListenerWD -- Before click element-->atext -->LOGIN
22:53:39.177 INFO  manager.ListenerWD -- After click element-->a
22:53:39.177 INFO  manager.HelperBase -- Open form by ckick on button with locator a[href='/login']
22:53:39.177 INFO  manager.ListenerWD -- Before find element-->By.name: email
22:53:39.185 INFO  manager.ListenerWD -- After find element-->By.name: email
22:53:39.188 INFO  manager.ListenerWD -- Location of element-->input
22:53:39.193 INFO  manager.ListenerWD -- Before click element-->inputtext -->
22:53:39.223 INFO  manager.ListenerWD -- After click element-->input
22:53:39.236 INFO  manager.ListenerWD -- sendKeys -->
22:53:39.238 INFO  manager.ListenerWD -- sendKeys -->input
22:53:39.251 INFO  manager.ListenerWD -- sendKeys -->
22:53:39.253 INFO  manager.ListenerWD -- sendKeys -->input
22:53:39.266 INFO  manager.ListenerWD -- sendKeys -->
22:53:39.269 INFO  manager.ListenerWD -- sendKeys -->input
22:53:39.282 INFO  manager.ListenerWD -- Before find element-->By.xpath: //input[@placeholder='Password']
22:53:39.289 INFO  manager.ListenerWD -- After find element-->By.xpath: //input[@placeholder='Password']
22:53:39.292 INFO  manager.ListenerWD -- Location of element-->input
22:53:39.297 INFO  manager.ListenerWD -- Before click element-->inputtext -->
22:53:39.324 INFO  manager.ListenerWD -- After click element-->input
22:53:39.338 INFO  manager.ListenerWD -- sendKeys -->
22:53:39.341 INFO  manager.ListenerWD -- sendKeys -->input
22:53:39.352 INFO  manager.ListenerWD -- sendKeys -->
22:53:39.354 INFO  manager.ListenerWD -- sendKeys -->input
22:53:39.366 INFO  manager.ListenerWD -- sendKeys -->
22:53:39.368 INFO  manager.ListenerWD -- sendKeys -->input
22:53:39.380 INFO  manager.ListenerWD -- Before find element-->By.xpath: //button[text()='Registration']
22:53:39.386 INFO  manager.ListenerWD -- After find element-->By.xpath: //button[text()='Registration']
22:53:39.388 INFO  manager.ListenerWD -- Location of element-->button
22:53:39.392 INFO  manager.ListenerWD -- Before click element-->buttontext -->Registration
22:53:39.419 INFO  manager.ListenerWD -- Huston, we have a problem!
22:53:39.419 INFO  manager.ListenerWD -- Failed method:alert
22:53:39.419 INFO  manager.ListenerWD -- **********************
22:53:39.419 INFO  manager.ListenerWD -- Arguments:null
22:53:39.419 INFO  manager.ListenerWD -- **********************
22:53:39.419 INFO  manager.ListenerWD -- Exception:NoAlertPresentException
22:53:39.419 INFO  manager.ListenerWD -- **********************
22:53:39.419 INFO  manager.ListenerWD -- Messageno such alert
  (Session info: chrome=149.0.7827.103)
Build info: version: '4.26.0', revision: '8ccf0219d7'
System info: os.name: 'Windows 11', os.arch: 'amd64', os.version: '10.0', java.version: '21.0.10'
Driver info: org.openqa.selenium.chrome.ChromeDriver
Command: [00b8f5267e4d41f209c1f38a5c39ba21, getAlertText {}]
Capabilities {acceptInsecureCerts: false, browserName: chrome, browserVersion: 149.0.7827.103, chrome: {chromedriverVersion: 149.0.7827.55 (3188f8a607ae..., userDataDir: C:\Users\Nina\AppData\Local...}, fedcm:accounts: true, goog:chromeOptions: {debuggerAddress: localhost:58528}, goog:processID: 31740, networkConnectionEnabled: false, pageLoadStrategy: normal, platformName: windows, proxy: Proxy(), se:cdp: ws://localhost:58528/devtoo..., se:cdpVersion: 149.0.7827.103, setWindowRect: true, strictFileInteractability: false, timeouts: {implicit: 0, pageLoad: 300000, script: 30000}, unhandledPromptBehavior: dismiss and notify, webauthn:extension:credBlob: true, webauthn:extension:largeBlob: true, webauthn:extension:minPinLength: true, webauthn:extension:prf: true, webauthn:virtualAuthenticators: true}
Session ID: 00b8f5267e4d41f209c1f38a5c39ba21
22:53:39.419 INFO  manager.ListenerWD -- **********************
22:53:39.419 INFO  manager.ListenerWD -- Screen with error is --->src/test/screenshots/screen_1436.png
22:53:39.941 INFO  tests.TestBase -- Assert check is alert present with error test 'Wrong email or password' 
22:53:39.941 INFO  manager.ListenerWD -- Before find element-->By.xpath: //*[text()='Registration failed with code 400']
22:53:39.954 INFO  manager.ListenerWD -- After find element-->By.xpath: //*[text()='Registration failed with code 400']
22:53:39.960 INFO  manager.ListenerWD -- Location of element-->div
22:53:39.962 INFO  tests.TestBase -- ==============================================
22:53:39.963 INFO  tests.TestBase -- Name of method (test) -->wrongPasswordRegistration
22:53:45.030 INFO  tests.TestBase -- Test data --> email:'mert@gmail.com & password: Mert123456
22:53:45.030 INFO  manager.ListenerWD -- Before find element-->By.cssSelector: a[href='/login']
22:53:45.037 INFO  manager.ListenerWD -- After find element-->By.cssSelector: a[href='/login']
22:53:45.039 INFO  manager.ListenerWD -- Location of element-->a
22:53:45.044 INFO  manager.ListenerWD -- Before click element-->atext -->LOGIN
22:53:45.066 INFO  manager.ListenerWD -- After click element-->a
22:53:45.066 INFO  manager.HelperBase -- Open form by ckick on button with locator a[href='/login']
22:53:45.068 INFO  manager.ListenerWD -- Before find element-->By.name: email
22:53:45.074 INFO  manager.ListenerWD -- After find element-->By.name: email
22:53:45.075 INFO  manager.ListenerWD -- Location of element-->input
22:53:45.081 INFO  manager.ListenerWD -- Before click element-->inputtext -->
22:53:45.103 INFO  manager.ListenerWD -- After click element-->input
22:53:45.117 INFO  manager.ListenerWD -- sendKeys -->
22:53:45.119 INFO  manager.ListenerWD -- sendKeys -->input
22:53:45.137 INFO  manager.ListenerWD -- sendKeys -->
22:53:45.140 INFO  manager.ListenerWD -- sendKeys -->input
22:53:45.153 INFO  manager.ListenerWD -- sendKeys -->
22:53:45.154 INFO  manager.ListenerWD -- sendKeys -->input
22:53:45.166 INFO  manager.ListenerWD -- Before find element-->By.xpath: //input[@placeholder='Password']
22:53:45.173 INFO  manager.ListenerWD -- After find element-->By.xpath: //input[@placeholder='Password']
22:53:45.175 INFO  manager.ListenerWD -- Location of element-->input
22:53:45.180 INFO  manager.ListenerWD -- Before click element-->inputtext -->
22:53:45.200 INFO  manager.ListenerWD -- After click element-->input
22:53:45.213 INFO  manager.ListenerWD -- sendKeys -->
22:53:45.215 INFO  manager.ListenerWD -- sendKeys -->input
22:53:45.233 INFO  manager.ListenerWD -- sendKeys -->
22:53:45.235 INFO  manager.ListenerWD -- sendKeys -->input
22:53:45.248 INFO  manager.ListenerWD -- sendKeys -->
22:53:45.249 INFO  manager.ListenerWD -- sendKeys -->input
22:53:45.262 INFO  manager.ListenerWD -- Before find element-->By.xpath: //button[text()='Registration']
22:53:45.268 INFO  manager.ListenerWD -- After find element-->By.xpath: //button[text()='Registration']
22:53:45.271 INFO  manager.ListenerWD -- Location of element-->button
22:53:45.275 INFO  manager.ListenerWD -- Before click element-->buttontext -->Registration
22:53:45.300 INFO  manager.ListenerWD -- Huston, we have a problem!
22:53:45.300 INFO  manager.ListenerWD -- Failed method:alert
22:53:45.300 INFO  manager.ListenerWD -- **********************
22:53:45.300 INFO  manager.ListenerWD -- Arguments:null
22:53:45.300 INFO  manager.ListenerWD -- **********************
22:53:45.300 INFO  manager.ListenerWD -- Exception:NoAlertPresentException
22:53:45.300 INFO  manager.ListenerWD -- **********************
22:53:45.300 INFO  manager.ListenerWD -- Messageno such alert
  (Session info: chrome=149.0.7827.103)
Build info: version: '4.26.0', revision: '8ccf0219d7'
System info: os.name: 'Windows 11', os.arch: 'amd64', os.version: '10.0', java.version: '21.0.10'
Driver info: org.openqa.selenium.chrome.ChromeDriver
Command: [00b8f5267e4d41f209c1f38a5c39ba21, getAlertText {}]
Capabilities {acceptInsecureCerts: false, browserName: chrome, browserVersion: 149.0.7827.103, chrome: {chromedriverVersion: 149.0.7827.55 (3188f8a607ae..., userDataDir: C:\Users\Nina\AppData\Local...}, fedcm:accounts: true, goog:chromeOptions: {debuggerAddress: localhost:58528}, goog:processID: 31740, networkConnectionEnabled: false, pageLoadStrategy: normal, platformName: windows, proxy: Proxy(), se:cdp: ws://localhost:58528/devtoo..., se:cdpVersion: 149.0.7827.103, setWindowRect: true, strictFileInteractability: false, timeouts: {implicit: 0, pageLoad: 300000, script: 30000}, unhandledPromptBehavior: dismiss and notify, webauthn:extension:credBlob: true, webauthn:extension:largeBlob: true, webauthn:extension:minPinLength: true, webauthn:extension:prf: true, webauthn:virtualAuthenticators: true}
Session ID: 00b8f5267e4d41f209c1f38a5c39ba21
22:53:45.300 INFO  manager.ListenerWD -- **********************
22:53:45.300 INFO  manager.ListenerWD -- Screen with error is --->src/test/screenshots/screen_1053.png
22:53:45.823 INFO  tests.TestBase -- Assert check is alert present with error test 'Wrong email or password' 
22:53:45.823 INFO  manager.ListenerWD -- Before find element-->By.xpath: //*[text()='Registration failed with code 400']
22:53:45.831 INFO  manager.ListenerWD -- After find element-->By.xpath: //*[text()='Registration failed with code 400']
22:53:45.836 INFO  manager.ListenerWD -- Location of element-->div
22:53:45.837 INFO  tests.TestBase -- ==============================================
22:53:45.838 INFO  tests.TestBase -- Name of method (test) -->removeAllContacts
22:53:50.894 INFO  manager.ListenerWD -- Before find element-->By.cssSelector: a[href='/login']
22:53:50.901 INFO  manager.ListenerWD -- After find element-->By.cssSelector: a[href='/login']
22:53:50.903 INFO  manager.ListenerWD -- Location of element-->a
22:53:50.908 INFO  manager.ListenerWD -- Before click element-->atext -->LOGIN
22:53:50.939 INFO  manager.ListenerWD -- After click element-->a
22:53:50.939 INFO  manager.HelperBase -- Open form by ckick on button with locator a[href='/login']
22:53:50.939 INFO  manager.ListenerWD -- Before find element-->By.name: email
22:53:50.946 INFO  manager.ListenerWD -- After find element-->By.name: email
22:53:50.947 INFO  manager.ListenerWD -- Location of element-->input
22:53:50.952 INFO  manager.ListenerWD -- Before click element-->inputtext -->
22:53:50.976 INFO  manager.ListenerWD -- After click element-->input
22:53:50.990 INFO  manager.ListenerWD -- sendKeys -->
22:53:50.992 INFO  manager.ListenerWD -- sendKeys -->input
22:53:51.012 INFO  manager.ListenerWD -- sendKeys -->
22:53:51.013 INFO  manager.ListenerWD -- sendKeys -->input
22:53:51.025 INFO  manager.ListenerWD -- sendKeys -->
22:53:51.026 INFO  manager.ListenerWD -- sendKeys -->input
22:53:51.038 INFO  manager.ListenerWD -- Before find element-->By.xpath: //input[@placeholder='Password']
22:53:51.045 INFO  manager.ListenerWD -- After find element-->By.xpath: //input[@placeholder='Password']
22:53:51.047 INFO  manager.ListenerWD -- Location of element-->input
22:53:51.052 INFO  manager.ListenerWD -- Before click element-->inputtext -->
22:53:51.072 INFO  manager.ListenerWD -- After click element-->input
22:53:51.085 INFO  manager.ListenerWD -- sendKeys -->
22:53:51.086 INFO  manager.ListenerWD -- sendKeys -->input
22:53:51.105 INFO  manager.ListenerWD -- sendKeys -->
22:53:51.108 INFO  manager.ListenerWD -- sendKeys -->input
22:53:51.121 INFO  manager.ListenerWD -- sendKeys -->
22:53:51.124 INFO  manager.ListenerWD -- sendKeys -->input
22:53:51.134 INFO  manager.ListenerWD -- Before find element-->By.xpath: //button[text()='Login']
22:53:51.141 INFO  manager.ListenerWD -- After find element-->By.xpath: //button[text()='Login']
22:53:51.143 INFO  manager.ListenerWD -- Location of element-->button
22:53:51.147 INFO  manager.ListenerWD -- Before click element-->buttontext -->Login
22:53:51.833 INFO  manager.ListenerWD -- Before find element-->By.cssSelector: .contact-item_card__2SOIM
22:53:51.842 INFO  manager.ListenerWD -- After find element-->By.cssSelector: .contact-item_card__2SOIM
22:53:51.845 INFO  manager.ListenerWD -- Location of element-->div
22:53:51.850 INFO  manager.ListenerWD -- Before click element-->divtext -->Harry
555667771399
22:53:51.877 INFO  manager.ListenerWD -- After click element-->div
22:53:51.877 INFO  manager.ListenerWD -- Before find element-->By.xpath: //button[text()='Remove']
22:53:51.886 INFO  manager.ListenerWD -- After find element-->By.xpath: //button[text()='Remove']
22:53:51.888 INFO  manager.ListenerWD -- Location of element-->button
22:53:51.893 INFO  manager.ListenerWD -- Before click element-->buttontext -->Remove
22:53:51.915 INFO  manager.ListenerWD -- After click element-->button
22:53:52.948 INFO  manager.ListenerWD -- Before find element-->By.cssSelector: .contact-item_card__2SOIM
22:53:52.953 INFO  manager.ListenerWD -- After find element-->By.cssSelector: .contact-item_card__2SOIM
22:53:52.955 INFO  manager.ListenerWD -- Location of element-->div
22:53:52.960 INFO  manager.ListenerWD -- Before click element-->divtext -->Harry
555667771178
22:53:52.984 INFO  manager.ListenerWD -- After click element-->div
22:53:52.984 INFO  manager.ListenerWD -- Before find element-->By.xpath: //button[text()='Remove']
22:53:52.994 INFO  manager.ListenerWD -- After find element-->By.xpath: //button[text()='Remove']
22:53:52.997 INFO  manager.ListenerWD -- Location of element-->button
22:53:53.001 INFO  manager.ListenerWD -- Before click element-->buttontext -->Remove
22:53:53.022 INFO  manager.ListenerWD -- After click element-->button
22:53:54.049 INFO  manager.ListenerWD -- Before find element-->By.cssSelector: .contact-item_card__2SOIM
22:53:54.056 INFO  manager.ListenerWD -- After find element-->By.cssSelector: .contact-item_card__2SOIM
22:53:54.058 INFO  manager.ListenerWD -- Location of element-->div
22:53:54.062 INFO  manager.ListenerWD -- Before click element-->divtext -->Tony
34343434246
22:53:54.088 INFO  manager.ListenerWD -- After click element-->div
22:53:54.088 INFO  manager.ListenerWD -- Before find element-->By.xpath: //button[text()='Remove']
22:53:54.096 INFO  manager.ListenerWD -- After find element-->By.xpath: //button[text()='Remove']
22:53:54.100 INFO  manager.ListenerWD -- Location of element-->button
22:53:54.104 INFO  manager.ListenerWD -- Before click element-->buttontext -->Remove
22:53:54.124 INFO  manager.ListenerWD -- After click element-->button
22:53:55.141 INFO  manager.ListenerWD -- Before find element-->By.cssSelector: .contact-item_card__2SOIM
22:53:55.147 INFO  manager.ListenerWD -- After find element-->By.cssSelector: .contact-item_card__2SOIM
22:53:55.149 INFO  manager.ListenerWD -- Location of element-->div
22:53:55.153 INFO  manager.ListenerWD -- Before click element-->divtext -->Tony
6555652654
22:53:55.176 INFO  manager.ListenerWD -- After click element-->div
22:53:55.176 INFO  manager.ListenerWD -- Before find element-->By.xpath: //button[text()='Remove']
22:53:55.183 INFO  manager.ListenerWD -- After find element-->By.xpath: //button[text()='Remove']
22:53:55.185 INFO  manager.ListenerWD -- Location of element-->button
22:53:55.191 INFO  manager.ListenerWD -- Before click element-->buttontext -->Remove
22:53:55.209 INFO  manager.ListenerWD -- After click element-->button
22:53:56.224 INFO  manager.ListenerWD -- Before find element-->By.cssSelector: .contact-item_card__2SOIM
22:53:56.231 INFO  manager.ListenerWD -- After find element-->By.cssSelector: .contact-item_card__2SOIM
22:53:56.233 INFO  manager.ListenerWD -- Location of element-->div
22:53:56.237 INFO  manager.ListenerWD -- Before click element-->divtext -->TonyReq3179
343434343179
22:53:56.267 INFO  manager.ListenerWD -- After click element-->div
22:53:56.267 INFO  manager.ListenerWD -- Before find element-->By.xpath: //button[text()='Remove']
22:53:56.273 INFO  manager.ListenerWD -- After find element-->By.xpath: //button[text()='Remove']
22:53:56.275 INFO  manager.ListenerWD -- Location of element-->button
22:53:56.281 INFO  manager.ListenerWD -- Before click element-->buttontext -->Remove
22:53:56.304 INFO  manager.ListenerWD -- After click element-->button
22:54:02.341 INFO  manager.ListenerWD -- Before find element-->By.cssSelector: .contact-page_message__2qafk>h1
22:54:02.348 INFO  manager.ListenerWD -- After find element-->By.cssSelector: .contact-page_message__2qafk>h1
22:54:02.351 INFO  manager.ListenerWD -- Location of element-->h1
22:54:02.357 INFO  tests.TestBase -- ==============================================
22:54:02.357 INFO  tests.TestBase -- Name of method (test) -->removeFirstContact
22:54:07.389 INFO  manager.ListenerWD -- Before find element-->By.cssSelector: a[href='/add']
22:54:07.397 INFO  manager.ListenerWD -- After find element-->By.cssSelector: a[href='/add']
22:54:07.400 INFO  manager.ListenerWD -- Location of element-->a
22:54:07.406 INFO  manager.ListenerWD -- Before click element-->atext -->ADD
22:54:07.441 INFO  manager.ListenerWD -- After click element-->a
22:54:07.441 INFO  manager.ListenerWD -- Before find element-->By.cssSelector: [placeholder='Name']
22:54:07.450 INFO  manager.ListenerWD -- After find element-->By.cssSelector: [placeholder='Name']
22:54:07.453 INFO  manager.ListenerWD -- Location of element-->input
22:54:07.458 INFO  manager.ListenerWD -- Before click element-->inputtext -->
22:54:07.483 INFO  manager.ListenerWD -- After click element-->input
22:54:07.499 INFO  manager.ListenerWD -- sendKeys -->
22:54:07.501 INFO  manager.ListenerWD -- sendKeys -->input
22:54:07.513 INFO  manager.ListenerWD -- sendKeys -->
22:54:07.515 INFO  manager.ListenerWD -- sendKeys -->input
22:54:07.527 INFO  manager.ListenerWD -- sendKeys -->
22:54:07.529 INFO  manager.ListenerWD -- sendKeys -->input
22:54:07.541 INFO  manager.ListenerWD -- Before find element-->By.cssSelector: [placeholder='Last Name']
22:54:07.550 INFO  manager.ListenerWD -- After find element-->By.cssSelector: [placeholder='Last Name']
22:54:07.552 INFO  manager.ListenerWD -- Location of element-->input
22:54:07.558 INFO  manager.ListenerWD -- Before click element-->inputtext -->
22:54:07.581 INFO  manager.ListenerWD -- After click element-->input
22:54:07.594 INFO  manager.ListenerWD -- sendKeys -->
22:54:07.596 INFO  manager.ListenerWD -- sendKeys -->input
22:54:07.610 INFO  manager.ListenerWD -- sendKeys -->
22:54:07.612 INFO  manager.ListenerWD -- sendKeys -->input
22:54:07.625 INFO  manager.ListenerWD -- sendKeys -->
22:54:07.628 INFO  manager.ListenerWD -- sendKeys -->input
22:54:07.640 INFO  manager.ListenerWD -- Before find element-->By.cssSelector: [placeholder='Phone']
22:54:07.649 INFO  manager.ListenerWD -- After find element-->By.cssSelector: [placeholder='Phone']
22:54:07.652 INFO  manager.ListenerWD -- Location of element-->input
22:54:07.657 INFO  manager.ListenerWD -- Before click element-->inputtext -->
22:54:07.681 INFO  manager.ListenerWD -- After click element-->input
22:54:07.694 INFO  manager.ListenerWD -- sendKeys -->
22:54:07.697 INFO  manager.ListenerWD -- sendKeys -->input
22:54:07.710 INFO  manager.ListenerWD -- sendKeys -->
22:54:07.712 INFO  manager.ListenerWD -- sendKeys -->input
22:54:07.725 INFO  manager.ListenerWD -- sendKeys -->
22:54:07.727 INFO  manager.ListenerWD -- sendKeys -->input
22:54:07.738 INFO  manager.ListenerWD -- Before find element-->By.cssSelector: [placeholder='email']
22:54:07.750 INFO  manager.ListenerWD -- After find element-->By.cssSelector: [placeholder='email']
22:54:07.756 INFO  manager.ListenerWD -- Location of element-->input
22:54:07.767 INFO  manager.ListenerWD -- Before click element-->inputtext -->
22:54:07.794 INFO  manager.ListenerWD -- After click element-->input
22:54:07.807 INFO  manager.ListenerWD -- sendKeys -->
22:54:07.809 INFO  manager.ListenerWD -- sendKeys -->input
22:54:07.823 INFO  manager.ListenerWD -- sendKeys -->
22:54:07.825 INFO  manager.ListenerWD -- sendKeys -->input
22:54:07.838 INFO  manager.ListenerWD -- sendKeys -->
22:54:07.840 INFO  manager.ListenerWD -- sendKeys -->input
22:54:07.855 INFO  manager.ListenerWD -- Before find element-->By.cssSelector: [placeholder='Address']
22:54:07.865 INFO  manager.ListenerWD -- After find element-->By.cssSelector: [placeholder='Address']
22:54:07.866 INFO  manager.ListenerWD -- Location of element-->input
22:54:07.871 INFO  manager.ListenerWD -- Before click element-->inputtext -->
22:54:07.894 INFO  manager.ListenerWD -- After click element-->input
22:54:07.906 INFO  manager.ListenerWD -- sendKeys -->
22:54:07.908 INFO  manager.ListenerWD -- sendKeys -->input
22:54:07.923 INFO  manager.ListenerWD -- sendKeys -->
22:54:07.925 INFO  manager.ListenerWD -- sendKeys -->input
22:54:07.940 INFO  manager.ListenerWD -- sendKeys -->
22:54:07.942 INFO  manager.ListenerWD -- sendKeys -->input
22:54:07.958 INFO  manager.ListenerWD -- Before find element-->By.cssSelector: [placeholder = 'description']
22:54:07.968 INFO  manager.ListenerWD -- After find element-->By.cssSelector: [placeholder = 'description']
22:54:07.972 INFO  manager.ListenerWD -- Location of element-->input
22:54:07.979 INFO  manager.ListenerWD -- Before click element-->inputtext -->
22:54:08.011 INFO  manager.ListenerWD -- After click element-->input
22:54:08.062 INFO  manager.ListenerWD -- sendKeys -->
22:54:08.066 INFO  manager.ListenerWD -- sendKeys -->input
22:54:08.098 INFO  manager.ListenerWD -- sendKeys -->
22:54:08.102 INFO  manager.ListenerWD -- sendKeys -->input
22:54:08.122 INFO  manager.ListenerWD -- sendKeys -->
22:54:08.124 INFO  manager.ListenerWD -- sendKeys -->input
22:54:08.140 INFO  manager.ListenerWD -- Before find element-->By.cssSelector: .add_form__2rsm2>button
22:54:08.151 INFO  manager.ListenerWD -- After find element-->By.cssSelector: .add_form__2rsm2>button
22:54:08.155 INFO  manager.ListenerWD -- Location of element-->button
22:54:08.167 INFO  manager.ListenerWD -- Before click element-->buttontext -->Save
22:54:08.209 INFO  manager.ListenerWD -- After click element-->button
22:54:08.724 INFO  manager.ListenerWD -- Before find element-->By.cssSelector: a[href='/add']
22:54:08.734 INFO  manager.ListenerWD -- After find element-->By.cssSelector: a[href='/add']
22:54:08.736 INFO  manager.ListenerWD -- Location of element-->a
22:54:08.743 INFO  manager.ListenerWD -- Before click element-->atext -->ADD
22:54:08.773 INFO  manager.ListenerWD -- After click element-->a
22:54:08.773 INFO  manager.ListenerWD -- Before find element-->By.cssSelector: [placeholder='Name']
22:54:08.779 INFO  manager.ListenerWD -- After find element-->By.cssSelector: [placeholder='Name']
22:54:08.783 INFO  manager.ListenerWD -- Location of element-->input
22:54:08.787 INFO  manager.ListenerWD -- Before click element-->inputtext -->
22:54:08.811 INFO  manager.ListenerWD -- After click element-->input
22:54:08.823 INFO  manager.ListenerWD -- sendKeys -->
22:54:08.825 INFO  manager.ListenerWD -- sendKeys -->input
22:54:08.837 INFO  manager.ListenerWD -- sendKeys -->
22:54:08.839 INFO  manager.ListenerWD -- sendKeys -->input
22:54:08.852 INFO  manager.ListenerWD -- sendKeys -->
22:54:08.854 INFO  manager.ListenerWD -- sendKeys -->input
22:54:08.865 INFO  manager.ListenerWD -- Before find element-->By.cssSelector: [placeholder='Last Name']
22:54:08.873 INFO  manager.ListenerWD -- After find element-->By.cssSelector: [placeholder='Last Name']
22:54:08.875 INFO  manager.ListenerWD -- Location of element-->input
22:54:08.881 INFO  manager.ListenerWD -- Before click element-->inputtext -->
22:54:08.903 INFO  manager.ListenerWD -- After click element-->input
22:54:08.915 INFO  manager.ListenerWD -- sendKeys -->
22:54:08.917 INFO  manager.ListenerWD -- sendKeys -->input
22:54:08.930 INFO  manager.ListenerWD -- sendKeys -->
22:54:08.931 INFO  manager.ListenerWD -- sendKeys -->input
22:54:08.944 INFO  manager.ListenerWD -- sendKeys -->
22:54:08.946 INFO  manager.ListenerWD -- sendKeys -->input
22:54:08.957 INFO  manager.ListenerWD -- Before find element-->By.cssSelector: [placeholder='Phone']
22:54:08.963 INFO  manager.ListenerWD -- After find element-->By.cssSelector: [placeholder='Phone']
22:54:08.965 INFO  manager.ListenerWD -- Location of element-->input
22:54:08.971 INFO  manager.ListenerWD -- Before click element-->inputtext -->
22:54:08.991 INFO  manager.ListenerWD -- After click element-->input
22:54:09.003 INFO  manager.ListenerWD -- sendKeys -->
22:54:09.005 INFO  manager.ListenerWD -- sendKeys -->input
22:54:09.017 INFO  manager.ListenerWD -- sendKeys -->
22:54:09.019 INFO  manager.ListenerWD -- sendKeys -->input
22:54:09.030 INFO  manager.ListenerWD -- sendKeys -->
22:54:09.032 INFO  manager.ListenerWD -- sendKeys -->input
22:54:09.044 INFO  manager.ListenerWD -- Before find element-->By.cssSelector: [placeholder='email']
22:54:09.050 INFO  manager.ListenerWD -- After find element-->By.cssSelector: [placeholder='email']
22:54:09.052 INFO  manager.ListenerWD -- Location of element-->input
22:54:09.058 INFO  manager.ListenerWD -- Before click element-->inputtext -->
22:54:09.080 INFO  manager.ListenerWD -- After click element-->input
22:54:09.092 INFO  manager.ListenerWD -- sendKeys -->
22:54:09.093 INFO  manager.ListenerWD -- sendKeys -->input
22:54:09.106 INFO  manager.ListenerWD -- sendKeys -->
22:54:09.107 INFO  manager.ListenerWD -- sendKeys -->input
22:54:09.120 INFO  manager.ListenerWD -- sendKeys -->
22:54:09.122 INFO  manager.ListenerWD -- sendKeys -->input
22:54:09.134 INFO  manager.ListenerWD -- Before find element-->By.cssSelector: [placeholder='Address']
22:54:09.141 INFO  manager.ListenerWD -- After find element-->By.cssSelector: [placeholder='Address']
22:54:09.143 INFO  manager.ListenerWD -- Location of element-->input
22:54:09.147 INFO  manager.ListenerWD -- Before click element-->inputtext -->
22:54:09.168 INFO  manager.ListenerWD -- After click element-->input
22:54:09.180 INFO  manager.ListenerWD -- sendKeys -->
22:54:09.182 INFO  manager.ListenerWD -- sendKeys -->input
22:54:09.193 INFO  manager.ListenerWD -- sendKeys -->
22:54:09.195 INFO  manager.ListenerWD -- sendKeys -->input
22:54:09.207 INFO  manager.ListenerWD -- sendKeys -->
22:54:09.210 INFO  manager.ListenerWD -- sendKeys -->input
22:54:09.220 INFO  manager.ListenerWD -- Before find element-->By.cssSelector: [placeholder = 'description']
22:54:09.225 INFO  manager.ListenerWD -- After find element-->By.cssSelector: [placeholder = 'description']
22:54:09.227 INFO  manager.ListenerWD -- Location of element-->input
22:54:09.231 INFO  manager.ListenerWD -- Before click element-->inputtext -->
22:54:09.252 INFO  manager.ListenerWD -- After click element-->input
22:54:09.265 INFO  manager.ListenerWD -- sendKeys -->
22:54:09.266 INFO  manager.ListenerWD -- sendKeys -->input
22:54:09.279 INFO  manager.ListenerWD -- sendKeys -->
22:54:09.281 INFO  manager.ListenerWD -- sendKeys -->input
22:54:09.293 INFO  manager.ListenerWD -- sendKeys -->
22:54:09.296 INFO  manager.ListenerWD -- sendKeys -->input
22:54:09.306 INFO  manager.ListenerWD -- Before find element-->By.cssSelector: .add_form__2rsm2>button
22:54:09.312 INFO  manager.ListenerWD -- After find element-->By.cssSelector: .add_form__2rsm2>button
22:54:09.314 INFO  manager.ListenerWD -- Location of element-->button
22:54:09.319 INFO  manager.ListenerWD -- Before click element-->buttontext -->Save
22:54:09.339 INFO  manager.ListenerWD -- After click element-->button
22:54:09.850 INFO  manager.ListenerWD -- Before find element-->By.cssSelector: a[href='/add']
22:54:09.857 INFO  manager.ListenerWD -- After find element-->By.cssSelector: a[href='/add']
22:54:09.859 INFO  manager.ListenerWD -- Location of element-->a
22:54:09.865 INFO  manager.ListenerWD -- Before click element-->atext -->ADD
22:54:09.894 INFO  manager.ListenerWD -- After click element-->a
22:54:09.894 INFO  manager.ListenerWD -- Before find element-->By.cssSelector: [placeholder='Name']
22:54:09.902 INFO  manager.ListenerWD -- After find element-->By.cssSelector: [placeholder='Name']
22:54:09.904 INFO  manager.ListenerWD -- Location of element-->input
22:54:09.911 INFO  manager.ListenerWD -- Before click element-->inputtext -->
22:54:09.936 INFO  manager.ListenerWD -- After click element-->input
22:54:09.949 INFO  manager.ListenerWD -- sendKeys -->
22:54:09.952 INFO  manager.ListenerWD -- sendKeys -->input
22:54:09.965 INFO  manager.ListenerWD -- sendKeys -->
22:54:09.967 INFO  manager.ListenerWD -- sendKeys -->input
22:54:09.979 INFO  manager.ListenerWD -- sendKeys -->
22:54:09.982 INFO  manager.ListenerWD -- sendKeys -->input
22:54:09.992 INFO  manager.ListenerWD -- Before find element-->By.cssSelector: [placeholder='Last Name']
22:54:09.997 INFO  manager.ListenerWD -- After find element-->By.cssSelector: [placeholder='Last Name']
22:54:10.000 INFO  manager.ListenerWD -- Location of element-->input
22:54:10.005 INFO  manager.ListenerWD -- Before click element-->inputtext -->
22:54:10.026 INFO  manager.ListenerWD -- After click element-->input
22:54:10.038 INFO  manager.ListenerWD -- sendKeys -->
22:54:10.040 INFO  manager.ListenerWD -- sendKeys -->input
22:54:10.052 INFO  manager.ListenerWD -- sendKeys -->
22:54:10.053 INFO  manager.ListenerWD -- sendKeys -->input
22:54:10.066 INFO  manager.ListenerWD -- sendKeys -->
22:54:10.068 INFO  manager.ListenerWD -- sendKeys -->input
22:54:10.077 INFO  manager.ListenerWD -- Before find element-->By.cssSelector: [placeholder='Phone']
22:54:10.083 INFO  manager.ListenerWD -- After find element-->By.cssSelector: [placeholder='Phone']
22:54:10.085 INFO  manager.ListenerWD -- Location of element-->input
22:54:10.090 INFO  manager.ListenerWD -- Before click element-->inputtext -->
22:54:10.111 INFO  manager.ListenerWD -- After click element-->input
22:54:10.124 INFO  manager.ListenerWD -- sendKeys -->
22:54:10.125 INFO  manager.ListenerWD -- sendKeys -->input
22:54:10.138 INFO  manager.ListenerWD -- sendKeys -->
22:54:10.139 INFO  manager.ListenerWD -- sendKeys -->input
22:54:10.152 INFO  manager.ListenerWD -- sendKeys -->
22:54:10.154 INFO  manager.ListenerWD -- sendKeys -->input
22:54:10.167 INFO  manager.ListenerWD -- Before find element-->By.cssSelector: [placeholder='email']
22:54:10.173 INFO  manager.ListenerWD -- After find element-->By.cssSelector: [placeholder='email']
22:54:10.176 INFO  manager.ListenerWD -- Location of element-->input
22:54:10.180 INFO  manager.ListenerWD -- Before click element-->inputtext -->
22:54:10.202 INFO  manager.ListenerWD -- After click element-->input
22:54:10.214 INFO  manager.ListenerWD -- sendKeys -->
22:54:10.215 INFO  manager.ListenerWD -- sendKeys -->input
22:54:10.226 INFO  manager.ListenerWD -- sendKeys -->
22:54:10.229 INFO  manager.ListenerWD -- sendKeys -->input
22:54:10.241 INFO  manager.ListenerWD -- sendKeys -->
22:54:10.243 INFO  manager.ListenerWD -- sendKeys -->input
22:54:10.254 INFO  manager.ListenerWD -- Before find element-->By.cssSelector: [placeholder='Address']
22:54:10.261 INFO  manager.ListenerWD -- After find element-->By.cssSelector: [placeholder='Address']
22:54:10.263 INFO  manager.ListenerWD -- Location of element-->input
22:54:10.268 INFO  manager.ListenerWD -- Before click element-->inputtext -->
22:54:10.288 INFO  manager.ListenerWD -- After click element-->input
22:54:10.300 INFO  manager.ListenerWD -- sendKeys -->
22:54:10.302 INFO  manager.ListenerWD -- sendKeys -->input
22:54:10.314 INFO  manager.ListenerWD -- sendKeys -->
22:54:10.316 INFO  manager.ListenerWD -- sendKeys -->input
22:54:10.328 INFO  manager.ListenerWD -- sendKeys -->
22:54:10.331 INFO  manager.ListenerWD -- sendKeys -->input
22:54:10.343 INFO  manager.ListenerWD -- Before find element-->By.cssSelector: [placeholder = 'description']
22:54:10.349 INFO  manager.ListenerWD -- After find element-->By.cssSelector: [placeholder = 'description']
22:54:10.351 INFO  manager.ListenerWD -- Location of element-->input
22:54:10.356 INFO  manager.ListenerWD -- Before click element-->inputtext -->
22:54:10.377 INFO  manager.ListenerWD -- After click element-->input
22:54:10.390 INFO  manager.ListenerWD -- sendKeys -->
22:54:10.391 INFO  manager.ListenerWD -- sendKeys -->input
22:54:10.404 INFO  manager.ListenerWD -- sendKeys -->
22:54:10.406 INFO  manager.ListenerWD -- sendKeys -->input
22:54:10.420 INFO  manager.ListenerWD -- sendKeys -->
22:54:10.421 INFO  manager.ListenerWD -- sendKeys -->input
22:54:10.433 INFO  manager.ListenerWD -- Before find element-->By.cssSelector: .add_form__2rsm2>button
22:54:10.443 INFO  manager.ListenerWD -- After find element-->By.cssSelector: .add_form__2rsm2>button
22:54:10.445 INFO  manager.ListenerWD -- Location of element-->button
22:54:10.450 INFO  manager.ListenerWD -- Before click element-->buttontext -->Save
22:54:10.471 INFO  manager.ListenerWD -- After click element-->button
22:54:11.183 INFO  manager.HelperBase -- Number of Contacts before remove is-->3
22:54:11.183 INFO  manager.ListenerWD -- Before find element-->By.cssSelector: .contact-item_card__2SOIM
22:54:11.191 INFO  manager.ListenerWD -- After find element-->By.cssSelector: .contact-item_card__2SOIM
22:54:11.194 INFO  manager.ListenerWD -- Location of element-->div
22:54:11.202 INFO  manager.ListenerWD -- Before click element-->divtext -->Harry
555667771071
22:54:11.225 INFO  manager.ListenerWD -- After click element-->div
22:54:11.225 INFO  manager.ListenerWD -- Before find element-->By.xpath: //button[text()='Remove']
22:54:11.232 INFO  manager.ListenerWD -- After find element-->By.xpath: //button[text()='Remove']
22:54:11.235 INFO  manager.ListenerWD -- Location of element-->button
22:54:11.240 INFO  manager.ListenerWD -- Before click element-->buttontext -->Remove
22:54:11.260 INFO  manager.ListenerWD -- After click element-->button
22:54:12.290 INFO  manager.HelperBase -- Number of Contacts after remove is-->2
22:54:12.292 INFO  tests.TestBase -- ==============================================
