20:36:58.060 INFO  manager.ApplicationManager -- All tests runs in Chrome Browser
20:36:58.283 INFO  manager.ListenerWD -- Navigate to -->https://telranedu.web.app/
20:36:59.380 INFO  manager.ApplicationManager -- The link --->https://telranedu.web.app/home
20:36:59.395 INFO  manager.TestNGListener -- Start testing  on date-->Mon Jun 01 20:36:59 IDT 2026
20:36:59.403 INFO  tests.TestBase -- test data---> email: lolik@gmail.com & password: Lolik123!
20:37:04.450 INFO  manager.ListenerWD -- Before find element-->By.cssSelector: a[href='/login']
20:37:04.471 INFO  manager.ListenerWD -- After find element-->By.cssSelector: a[href='/login']
20:37:04.476 INFO  manager.ListenerWD -- Location of element-->a
20:37:04.486 INFO  manager.ListenerWD -- Before click element-->atext -->LOGIN
20:37:04.524 INFO  manager.ListenerWD -- After click element-->a
20:37:04.524 INFO  manager.HelperBase -- Open form by ckick on button with locator a[href='/login']
20:37:04.525 INFO  manager.ListenerWD -- Before find element-->By.name: email
20:37:04.540 INFO  manager.ListenerWD -- After find element-->By.name: email
20:37:04.543 INFO  manager.ListenerWD -- Location of element-->input
20:37:04.551 INFO  manager.ListenerWD -- Before click element-->inputtext -->
20:37:04.585 INFO  manager.ListenerWD -- After click element-->input
20:37:04.603 INFO  manager.ListenerWD -- sendKeys -->
20:37:04.606 INFO  manager.ListenerWD -- sendKeys -->input
20:37:04.627 INFO  manager.ListenerWD -- sendKeys -->
20:37:04.631 INFO  manager.ListenerWD -- sendKeys -->input
20:37:04.646 INFO  manager.ListenerWD -- sendKeys -->
20:37:04.649 INFO  manager.ListenerWD -- sendKeys -->input
20:37:04.664 INFO  manager.ListenerWD -- Before find element-->By.xpath: //input[@placeholder='Password']
20:37:04.677 INFO  manager.ListenerWD -- After find element-->By.xpath: //input[@placeholder='Password']
20:37:04.680 INFO  manager.ListenerWD -- Location of element-->input
20:37:04.686 INFO  manager.ListenerWD -- Before click element-->inputtext -->
20:37:04.714 INFO  manager.ListenerWD -- After click element-->input
20:37:04.730 INFO  manager.ListenerWD -- sendKeys -->
20:37:04.732 INFO  manager.ListenerWD -- sendKeys -->input
20:37:04.747 INFO  manager.ListenerWD -- sendKeys -->
20:37:04.749 INFO  manager.ListenerWD -- sendKeys -->input
20:37:04.765 INFO  manager.ListenerWD -- sendKeys -->
20:37:04.768 INFO  manager.ListenerWD -- sendKeys -->input
20:37:04.780 INFO  manager.ListenerWD -- Before find element-->By.xpath: //button[text()='Login']
20:37:04.791 INFO  manager.ListenerWD -- After find element-->By.xpath: //button[text()='Login']
20:37:04.793 INFO  manager.ListenerWD -- Location of element-->button
20:37:04.799 INFO  manager.ListenerWD -- Before click element-->buttontext -->Login
20:37:04.829 INFO  tests.TestBase -- User logged in successfully
20:37:04.835 INFO  tests.TestBase -- Name of method (test)-->addNewContactEmptyAddress
20:37:04.835 INFO  manager.TestNGListener -- Start test -->addNewContactEmptyAddress
20:37:04.836 INFO  tests.TestBase -- Test data --> name: Tony, lastName:Molly, phone: 343434342323, email: molly@gmail.com, address: , description: empty address
20:37:04.836 INFO  manager.ListenerWD -- Before find element-->By.cssSelector: a[href='/add']
20:37:06.477 INFO  manager.ListenerWD -- After find element-->By.cssSelector: a[href='/add']
20:37:06.481 INFO  manager.ListenerWD -- Location of element-->a
20:37:06.490 INFO  manager.ListenerWD -- Before click element-->atext -->ADD
20:37:06.520 INFO  manager.ListenerWD -- After click element-->a
20:37:06.520 INFO  manager.ListenerWD -- Before find element-->By.cssSelector: [placeholder='Name']
20:37:06.530 INFO  manager.ListenerWD -- After find element-->By.cssSelector: [placeholder='Name']
20:37:06.533 INFO  manager.ListenerWD -- Location of element-->input
20:37:06.539 INFO  manager.ListenerWD -- Before click element-->inputtext -->
20:37:06.568 INFO  manager.ListenerWD -- After click element-->input
20:37:06.584 INFO  manager.ListenerWD -- sendKeys -->
20:37:06.587 INFO  manager.ListenerWD -- sendKeys -->input
20:37:06.602 INFO  manager.ListenerWD -- sendKeys -->
20:37:06.605 INFO  manager.ListenerWD -- sendKeys -->input
20:37:06.621 INFO  manager.ListenerWD -- sendKeys -->
20:37:06.624 INFO  manager.ListenerWD -- sendKeys -->input
20:37:06.635 INFO  manager.ListenerWD -- Before find element-->By.cssSelector: [placeholder='Last Name']
20:37:06.644 INFO  manager.ListenerWD -- After find element-->By.cssSelector: [placeholder='Last Name']
20:37:06.648 INFO  manager.ListenerWD -- Location of element-->input
20:37:06.655 INFO  manager.ListenerWD -- Before click element-->inputtext -->
20:37:06.681 INFO  manager.ListenerWD -- After click element-->input
20:37:06.695 INFO  manager.ListenerWD -- sendKeys -->
20:37:06.697 INFO  manager.ListenerWD -- sendKeys -->input
20:37:06.710 INFO  manager.ListenerWD -- sendKeys -->
20:37:06.713 INFO  manager.ListenerWD -- sendKeys -->input
20:37:06.730 INFO  manager.ListenerWD -- sendKeys -->
20:37:06.732 INFO  manager.ListenerWD -- sendKeys -->input
20:37:06.743 INFO  manager.ListenerWD -- Before find element-->By.cssSelector: [placeholder='Phone']
20:37:06.754 INFO  manager.ListenerWD -- After find element-->By.cssSelector: [placeholder='Phone']
20:37:06.758 INFO  manager.ListenerWD -- Location of element-->input
20:37:06.765 INFO  manager.ListenerWD -- Before click element-->inputtext -->
20:37:06.790 INFO  manager.ListenerWD -- After click element-->input
20:37:06.806 INFO  manager.ListenerWD -- sendKeys -->
20:37:06.809 INFO  manager.ListenerWD -- sendKeys -->input
20:37:06.825 INFO  manager.ListenerWD -- sendKeys -->
20:37:06.826 INFO  manager.ListenerWD -- sendKeys -->input
20:37:06.841 INFO  manager.ListenerWD -- sendKeys -->
20:37:06.844 INFO  manager.ListenerWD -- sendKeys -->input
20:37:06.857 INFO  manager.ListenerWD -- Before find element-->By.cssSelector: [placeholder='email']
20:37:06.866 INFO  manager.ListenerWD -- After find element-->By.cssSelector: [placeholder='email']
20:37:06.870 INFO  manager.ListenerWD -- Location of element-->input
20:37:06.876 INFO  manager.ListenerWD -- Before click element-->inputtext -->
20:37:06.901 INFO  manager.ListenerWD -- After click element-->input
20:37:06.914 INFO  manager.ListenerWD -- sendKeys -->
20:37:06.916 INFO  manager.ListenerWD -- sendKeys -->input
20:37:06.931 INFO  manager.ListenerWD -- sendKeys -->
20:37:06.935 INFO  manager.ListenerWD -- sendKeys -->input
20:37:06.949 INFO  manager.ListenerWD -- sendKeys -->
20:37:06.951 INFO  manager.ListenerWD -- sendKeys -->input
20:37:06.963 INFO  manager.ListenerWD -- Before find element-->By.cssSelector: [placeholder='Address']
20:37:06.973 INFO  manager.ListenerWD -- After find element-->By.cssSelector: [placeholder='Address']
20:37:06.976 INFO  manager.ListenerWD -- Location of element-->input
20:37:06.983 INFO  manager.ListenerWD -- Before click element-->inputtext -->
20:37:07.011 INFO  manager.ListenerWD -- After click element-->input
20:37:07.026 INFO  manager.ListenerWD -- sendKeys -->
20:37:07.028 INFO  manager.ListenerWD -- sendKeys -->input
20:37:07.045 INFO  manager.ListenerWD -- sendKeys -->
20:37:07.056 INFO  manager.ListenerWD -- sendKeys -->input
20:37:07.081 INFO  manager.ListenerWD -- sendKeys -->
20:37:07.083 INFO  manager.ListenerWD -- sendKeys -->input
20:37:07.095 INFO  manager.ListenerWD -- Before find element-->By.cssSelector: [placeholder = 'description']
20:37:07.105 INFO  manager.ListenerWD -- After find element-->By.cssSelector: [placeholder = 'description']
20:37:07.108 INFO  manager.ListenerWD -- Location of element-->input
20:37:07.113 INFO  manager.ListenerWD -- Before click element-->inputtext -->
20:37:07.138 INFO  manager.ListenerWD -- After click element-->input
20:37:07.152 INFO  manager.ListenerWD -- sendKeys -->
20:37:07.154 INFO  manager.ListenerWD -- sendKeys -->input
20:37:07.170 INFO  manager.ListenerWD -- sendKeys -->
20:37:07.172 INFO  manager.ListenerWD -- sendKeys -->input
20:37:07.187 INFO  manager.ListenerWD -- sendKeys -->
20:37:07.189 INFO  manager.ListenerWD -- sendKeys -->input
20:37:07.202 INFO  manager.ListenerWD -- Before find element-->By.cssSelector: .add_form__2rsm2>button
20:37:07.209 INFO  manager.ListenerWD -- After find element-->By.cssSelector: .add_form__2rsm2>button
20:37:07.212 INFO  manager.ListenerWD -- Location of element-->button
20:37:07.218 INFO  manager.ListenerWD -- Before click element-->buttontext -->Save
20:37:07.242 INFO  manager.ListenerWD -- After click element-->button
20:37:07.251 INFO  tests.TestBase -- Assert check Add button is active
20:37:07.252 INFO  manager.TestNGListener -- Success test -->addNewContactEmptyAddress
20:37:07.252 INFO  tests.TestBase -- ==============================================
20:37:07.253 INFO  tests.TestBase -- Name of method (test)-->addNewContactEmptyLastName
20:37:07.253 INFO  manager.TestNGListener -- Start test -->addNewContactEmptyLastName
20:37:07.253 INFO  tests.TestBase -- Test data --> name: Tony , lastName:, phone: 343434342323,email: molly@gmail.com, address: Haifa, description: empty last name
20:37:07.253 INFO  manager.ListenerWD -- Before find element-->By.cssSelector: a[href='/add']
20:37:07.260 INFO  manager.ListenerWD -- After find element-->By.cssSelector: a[href='/add']
20:37:07.263 INFO  manager.ListenerWD -- Location of element-->a
20:37:07.268 INFO  manager.ListenerWD -- Before click element-->atext -->ADD
20:37:07.294 INFO  manager.ListenerWD -- After click element-->a
20:37:07.294 INFO  manager.ListenerWD -- Before find element-->By.cssSelector: [placeholder='Name']
20:37:07.300 INFO  manager.ListenerWD -- After find element-->By.cssSelector: [placeholder='Name']
20:37:07.303 INFO  manager.ListenerWD -- Location of element-->input
20:37:07.308 INFO  manager.ListenerWD -- Before click element-->inputtext -->
20:37:07.332 INFO  manager.ListenerWD -- After click element-->input
20:37:07.347 INFO  manager.ListenerWD -- sendKeys -->
20:37:07.349 INFO  manager.ListenerWD -- sendKeys -->input
20:37:07.372 INFO  manager.ListenerWD -- sendKeys -->
20:37:07.375 INFO  manager.ListenerWD -- sendKeys -->input
20:37:07.390 INFO  manager.ListenerWD -- sendKeys -->
20:37:07.393 INFO  manager.ListenerWD -- sendKeys -->input
20:37:07.403 INFO  manager.ListenerWD -- Before find element-->By.cssSelector: [placeholder='Last Name']
20:37:07.410 INFO  manager.ListenerWD -- After find element-->By.cssSelector: [placeholder='Last Name']
20:37:07.413 INFO  manager.ListenerWD -- Location of element-->input
20:37:07.418 INFO  manager.ListenerWD -- Before click element-->inputtext -->
20:37:07.445 INFO  manager.ListenerWD -- After click element-->input
20:37:07.461 INFO  manager.ListenerWD -- sendKeys -->
20:37:07.463 INFO  manager.ListenerWD -- sendKeys -->input
20:37:07.485 INFO  manager.ListenerWD -- sendKeys -->
20:37:07.488 INFO  manager.ListenerWD -- sendKeys -->input
20:37:07.501 INFO  manager.ListenerWD -- sendKeys -->
20:37:07.503 INFO  manager.ListenerWD -- sendKeys -->input
20:37:07.512 INFO  manager.ListenerWD -- Before find element-->By.cssSelector: [placeholder='Phone']
20:37:07.518 INFO  manager.ListenerWD -- After find element-->By.cssSelector: [placeholder='Phone']
20:37:07.521 INFO  manager.ListenerWD -- Location of element-->input
20:37:07.527 INFO  manager.ListenerWD -- Before click element-->inputtext -->
20:37:07.551 INFO  manager.ListenerWD -- After click element-->input
20:37:07.566 INFO  manager.ListenerWD -- sendKeys -->
20:37:07.569 INFO  manager.ListenerWD -- sendKeys -->input
20:37:07.593 INFO  manager.ListenerWD -- sendKeys -->
20:37:07.596 INFO  manager.ListenerWD -- sendKeys -->input
20:37:07.610 INFO  manager.ListenerWD -- sendKeys -->
20:37:07.613 INFO  manager.ListenerWD -- sendKeys -->input
20:37:07.625 INFO  manager.ListenerWD -- Before find element-->By.cssSelector: [placeholder='email']
20:37:07.631 INFO  manager.ListenerWD -- After find element-->By.cssSelector: [placeholder='email']
20:37:07.634 INFO  manager.ListenerWD -- Location of element-->input
20:37:07.639 INFO  manager.ListenerWD -- Before click element-->inputtext -->
20:37:07.666 INFO  manager.ListenerWD -- After click element-->input
20:37:07.681 INFO  manager.ListenerWD -- sendKeys -->
20:37:07.683 INFO  manager.ListenerWD -- sendKeys -->input
20:37:07.707 INFO  manager.ListenerWD -- sendKeys -->
20:37:07.710 INFO  manager.ListenerWD -- sendKeys -->input
20:37:07.727 INFO  manager.ListenerWD -- sendKeys -->
20:37:07.730 INFO  manager.ListenerWD -- sendKeys -->input
20:37:07.745 INFO  manager.ListenerWD -- Before find element-->By.cssSelector: [placeholder='Address']
20:37:07.755 INFO  manager.ListenerWD -- After find element-->By.cssSelector: [placeholder='Address']
20:37:07.758 INFO  manager.ListenerWD -- Location of element-->input
20:37:07.764 INFO  manager.ListenerWD -- Before click element-->inputtext -->
20:37:07.795 INFO  manager.ListenerWD -- After click element-->input
20:37:07.811 INFO  manager.ListenerWD -- sendKeys -->
20:37:07.813 INFO  manager.ListenerWD -- sendKeys -->input
20:37:07.831 INFO  manager.ListenerWD -- sendKeys -->
20:37:07.833 INFO  manager.ListenerWD -- sendKeys -->input
20:37:07.850 INFO  manager.ListenerWD -- sendKeys -->
20:37:07.852 INFO  manager.ListenerWD -- sendKeys -->input
20:37:07.866 INFO  manager.ListenerWD -- Before find element-->By.cssSelector: [placeholder = 'description']
20:37:07.875 INFO  manager.ListenerWD -- After find element-->By.cssSelector: [placeholder = 'description']
20:37:07.878 INFO  manager.ListenerWD -- Location of element-->input
20:37:07.885 INFO  manager.ListenerWD -- Before click element-->inputtext -->
20:37:07.913 INFO  manager.ListenerWD -- After click element-->input
20:37:07.932 INFO  manager.ListenerWD -- sendKeys -->
20:37:07.935 INFO  manager.ListenerWD -- sendKeys -->input
20:37:07.960 INFO  manager.ListenerWD -- sendKeys -->
20:37:07.963 INFO  manager.ListenerWD -- sendKeys -->input
20:37:07.981 INFO  manager.ListenerWD -- sendKeys -->
20:37:07.983 INFO  manager.ListenerWD -- sendKeys -->input
20:37:07.999 INFO  manager.ListenerWD -- Before find element-->By.cssSelector: .add_form__2rsm2>button
20:37:08.008 INFO  manager.ListenerWD -- After find element-->By.cssSelector: .add_form__2rsm2>button
20:37:08.012 INFO  manager.ListenerWD -- Location of element-->button
20:37:08.019 INFO  manager.ListenerWD -- Before click element-->buttontext -->Save
20:37:08.042 INFO  manager.ListenerWD -- After click element-->button
20:37:08.051 INFO  tests.TestBase -- Assert check Add button is active
20:37:08.052 INFO  manager.TestNGListener -- Success test -->addNewContactEmptyLastName
20:37:08.052 INFO  tests.TestBase -- ==============================================
20:37:08.053 INFO  tests.TestBase -- Name of method (test)-->addNewContactEmptyName
20:37:08.053 INFO  manager.TestNGListener -- Start test -->addNewContactEmptyName
20:37:08.053 INFO  tests.TestBase -- Test data --> name: , lastName:Molly, phone: 343434342323,email: molly@gmail.com, address: Haifa, description: empty name
20:37:08.053 INFO  manager.ListenerWD -- Before find element-->By.cssSelector: a[href='/add']
20:37:08.063 INFO  manager.ListenerWD -- After find element-->By.cssSelector: a[href='/add']
20:37:08.066 INFO  manager.ListenerWD -- Location of element-->a
20:37:08.073 INFO  manager.ListenerWD -- Before click element-->atext -->ADD
20:37:08.100 INFO  manager.ListenerWD -- After click element-->a
20:37:08.100 INFO  manager.ListenerWD -- Before find element-->By.cssSelector: [placeholder='Name']
20:37:08.109 INFO  manager.ListenerWD -- After find element-->By.cssSelector: [placeholder='Name']
20:37:08.113 INFO  manager.ListenerWD -- Location of element-->input
20:37:08.119 INFO  manager.ListenerWD -- Before click element-->inputtext -->
20:37:08.148 INFO  manager.ListenerWD -- After click element-->input
20:37:08.166 INFO  manager.ListenerWD -- sendKeys -->
20:37:08.170 INFO  manager.ListenerWD -- sendKeys -->input
20:37:08.196 INFO  manager.ListenerWD -- sendKeys -->
20:37:08.200 INFO  manager.ListenerWD -- sendKeys -->input
20:37:08.217 INFO  manager.ListenerWD -- sendKeys -->
20:37:08.220 INFO  manager.ListenerWD -- sendKeys -->input
20:37:08.231 INFO  manager.ListenerWD -- Before find element-->By.cssSelector: [placeholder='Last Name']
20:37:08.239 INFO  manager.ListenerWD -- After find element-->By.cssSelector: [placeholder='Last Name']
20:37:08.243 INFO  manager.ListenerWD -- Location of element-->input
20:37:08.249 INFO  manager.ListenerWD -- Before click element-->inputtext -->
20:37:08.276 INFO  manager.ListenerWD -- After click element-->input
20:37:08.293 INFO  manager.ListenerWD -- sendKeys -->
20:37:08.295 INFO  manager.ListenerWD -- sendKeys -->input
20:37:08.313 INFO  manager.ListenerWD -- sendKeys -->
20:37:08.317 INFO  manager.ListenerWD -- sendKeys -->input
20:37:08.334 INFO  manager.ListenerWD -- sendKeys -->
20:37:08.336 INFO  manager.ListenerWD -- sendKeys -->input
20:37:08.349 INFO  manager.ListenerWD -- Before find element-->By.cssSelector: [placeholder='Phone']
20:37:08.359 INFO  manager.ListenerWD -- After find element-->By.cssSelector: [placeholder='Phone']
20:37:08.361 INFO  manager.ListenerWD -- Location of element-->input
20:37:08.368 INFO  manager.ListenerWD -- Before click element-->inputtext -->
20:37:08.395 INFO  manager.ListenerWD -- After click element-->input
20:37:08.412 INFO  manager.ListenerWD -- sendKeys -->
20:37:08.414 INFO  manager.ListenerWD -- sendKeys -->input
20:37:08.438 INFO  manager.ListenerWD -- sendKeys -->
20:37:08.440 INFO  manager.ListenerWD -- sendKeys -->input
20:37:08.458 INFO  manager.ListenerWD -- sendKeys -->
20:37:08.461 INFO  manager.ListenerWD -- sendKeys -->input
20:37:08.475 INFO  manager.ListenerWD -- Before find element-->By.cssSelector: [placeholder='email']
20:37:08.487 INFO  manager.ListenerWD -- After find element-->By.cssSelector: [placeholder='email']
20:37:08.490 INFO  manager.ListenerWD -- Location of element-->input
20:37:08.496 INFO  manager.ListenerWD -- Before click element-->inputtext -->
20:37:08.523 INFO  manager.ListenerWD -- After click element-->input
20:37:08.541 INFO  manager.ListenerWD -- sendKeys -->
20:37:08.543 INFO  manager.ListenerWD -- sendKeys -->input
20:37:08.570 INFO  manager.ListenerWD -- sendKeys -->
20:37:08.573 INFO  manager.ListenerWD -- sendKeys -->input
20:37:08.591 INFO  manager.ListenerWD -- sendKeys -->
20:37:08.593 INFO  manager.ListenerWD -- sendKeys -->input
20:37:08.608 INFO  manager.ListenerWD -- Before find element-->By.cssSelector: [placeholder='Address']
20:37:08.617 INFO  manager.ListenerWD -- After find element-->By.cssSelector: [placeholder='Address']
20:37:08.620 INFO  manager.ListenerWD -- Location of element-->input
20:37:08.627 INFO  manager.ListenerWD -- Before click element-->inputtext -->
20:37:08.656 INFO  manager.ListenerWD -- After click element-->input
20:37:08.672 INFO  manager.ListenerWD -- sendKeys -->
20:37:08.675 INFO  manager.ListenerWD -- sendKeys -->input
20:37:08.700 INFO  manager.ListenerWD -- sendKeys -->
20:37:08.703 INFO  manager.ListenerWD -- sendKeys -->input
20:37:08.719 INFO  manager.ListenerWD -- sendKeys -->
20:37:08.721 INFO  manager.ListenerWD -- sendKeys -->input
20:37:08.734 INFO  manager.ListenerWD -- Before find element-->By.cssSelector: [placeholder = 'description']
20:37:08.744 INFO  manager.ListenerWD -- After find element-->By.cssSelector: [placeholder = 'description']
20:37:08.747 INFO  manager.ListenerWD -- Location of element-->input
20:37:08.754 INFO  manager.ListenerWD -- Before click element-->inputtext -->
20:37:08.781 INFO  manager.ListenerWD -- After click element-->input
20:37:08.800 INFO  manager.ListenerWD -- sendKeys -->
20:37:08.802 INFO  manager.ListenerWD -- sendKeys -->input
20:37:08.829 INFO  manager.ListenerWD -- sendKeys -->
20:37:08.831 INFO  manager.ListenerWD -- sendKeys -->input
20:37:08.849 INFO  manager.ListenerWD -- sendKeys -->
20:37:08.851 INFO  manager.ListenerWD -- sendKeys -->input
20:37:08.865 INFO  manager.ListenerWD -- Before find element-->By.cssSelector: .add_form__2rsm2>button
20:37:08.874 INFO  manager.ListenerWD -- After find element-->By.cssSelector: .add_form__2rsm2>button
20:37:08.876 INFO  manager.ListenerWD -- Location of element-->button
20:37:08.883 INFO  manager.ListenerWD -- Before click element-->buttontext -->Save
20:37:08.907 INFO  manager.ListenerWD -- After click element-->button
20:37:08.918 INFO  tests.TestBase -- Assert check Add button is active
20:37:08.918 INFO  manager.TestNGListener -- Success test -->addNewContactEmptyName
20:37:08.918 INFO  tests.TestBase -- ==============================================
20:37:08.924 INFO  tests.TestBase -- Name of method (test)-->addNewContactSuccessAllFields
20:37:08.924 INFO  manager.TestNGListener -- Start test -->addNewContactSuccessAllFields
20:37:08.932 INFO  manager.ListenerWD -- Before find element-->By.cssSelector: a[href='/add']
20:37:08.942 INFO  manager.ListenerWD -- After find element-->By.cssSelector: a[href='/add']
20:37:08.946 INFO  manager.ListenerWD -- Location of element-->a
20:37:08.954 INFO  manager.ListenerWD -- Before click element-->atext -->ADD
20:37:08.986 INFO  manager.ListenerWD -- After click element-->a
20:37:08.986 INFO  manager.ListenerWD -- Before find element-->By.cssSelector: [placeholder='Name']
20:37:08.995 INFO  manager.ListenerWD -- After find element-->By.cssSelector: [placeholder='Name']
20:37:08.999 INFO  manager.ListenerWD -- Location of element-->input
20:37:09.005 INFO  manager.ListenerWD -- Before click element-->inputtext -->
20:37:09.034 INFO  manager.ListenerWD -- After click element-->input
20:37:09.051 INFO  manager.ListenerWD -- sendKeys -->
20:37:09.053 INFO  manager.ListenerWD -- sendKeys -->input
20:37:09.070 INFO  manager.ListenerWD -- sendKeys -->
20:37:09.073 INFO  manager.ListenerWD -- sendKeys -->input
20:37:09.089 INFO  manager.ListenerWD -- sendKeys -->
20:37:09.092 INFO  manager.ListenerWD -- sendKeys -->input
20:37:09.104 INFO  manager.ListenerWD -- Before find element-->By.cssSelector: [placeholder='Last Name']
20:37:09.113 INFO  manager.ListenerWD -- After find element-->By.cssSelector: [placeholder='Last Name']
20:37:09.116 INFO  manager.ListenerWD -- Location of element-->input
20:37:09.122 INFO  manager.ListenerWD -- Before click element-->inputtext -->
20:37:09.153 INFO  manager.ListenerWD -- After click element-->input
20:37:09.170 INFO  manager.ListenerWD -- sendKeys -->
20:37:09.173 INFO  manager.ListenerWD -- sendKeys -->input
20:37:09.198 INFO  manager.ListenerWD -- sendKeys -->
20:37:09.200 INFO  manager.ListenerWD -- sendKeys -->input
20:37:09.219 INFO  manager.ListenerWD -- sendKeys -->
20:37:09.221 INFO  manager.ListenerWD -- sendKeys -->input
20:37:09.234 INFO  manager.ListenerWD -- Before find element-->By.cssSelector: [placeholder='Phone']
20:37:09.243 INFO  manager.ListenerWD -- After find element-->By.cssSelector: [placeholder='Phone']
20:37:09.246 INFO  manager.ListenerWD -- Location of element-->input
20:37:09.252 INFO  manager.ListenerWD -- Before click element-->inputtext -->
20:37:09.282 INFO  manager.ListenerWD -- After click element-->input
20:37:09.299 INFO  manager.ListenerWD -- sendKeys -->
20:37:09.301 INFO  manager.ListenerWD -- sendKeys -->input
20:37:09.328 INFO  manager.ListenerWD -- sendKeys -->
20:37:09.330 INFO  manager.ListenerWD -- sendKeys -->input
20:37:09.347 INFO  manager.ListenerWD -- sendKeys -->
20:37:09.350 INFO  manager.ListenerWD -- sendKeys -->input
20:37:09.364 INFO  manager.ListenerWD -- Before find element-->By.cssSelector: [placeholder='email']
20:37:09.374 INFO  manager.ListenerWD -- After find element-->By.cssSelector: [placeholder='email']
20:37:09.377 INFO  manager.ListenerWD -- Location of element-->input
20:37:09.382 INFO  manager.ListenerWD -- Before click element-->inputtext -->
20:37:09.408 INFO  manager.ListenerWD -- After click element-->input
20:37:09.426 INFO  manager.ListenerWD -- sendKeys -->
20:37:09.428 INFO  manager.ListenerWD -- sendKeys -->input
20:37:09.453 INFO  manager.ListenerWD -- sendKeys -->
20:37:09.456 INFO  manager.ListenerWD -- sendKeys -->input
20:37:09.473 INFO  manager.ListenerWD -- sendKeys -->
20:37:09.475 INFO  manager.ListenerWD -- sendKeys -->input
20:37:09.490 INFO  manager.ListenerWD -- Before find element-->By.cssSelector: [placeholder='Address']
20:37:09.499 INFO  manager.ListenerWD -- After find element-->By.cssSelector: [placeholder='Address']
20:37:09.501 INFO  manager.ListenerWD -- Location of element-->input
20:37:09.507 INFO  manager.ListenerWD -- Before click element-->inputtext -->
20:37:09.538 INFO  manager.ListenerWD -- After click element-->input
20:37:09.555 INFO  manager.ListenerWD -- sendKeys -->
20:37:09.559 INFO  manager.ListenerWD -- sendKeys -->input
20:37:09.582 INFO  manager.ListenerWD -- sendKeys -->
20:37:09.585 INFO  manager.ListenerWD -- sendKeys -->input
20:37:09.603 INFO  manager.ListenerWD -- sendKeys -->
20:37:09.606 INFO  manager.ListenerWD -- sendKeys -->input
20:37:09.620 INFO  manager.ListenerWD -- Before find element-->By.cssSelector: [placeholder = 'description']
20:37:09.629 INFO  manager.ListenerWD -- After find element-->By.cssSelector: [placeholder = 'description']
20:37:09.632 INFO  manager.ListenerWD -- Location of element-->input
20:37:09.638 INFO  manager.ListenerWD -- Before click element-->inputtext -->
20:37:09.665 INFO  manager.ListenerWD -- After click element-->input
20:37:09.684 INFO  manager.ListenerWD -- sendKeys -->
20:37:09.687 INFO  manager.ListenerWD -- sendKeys -->input
20:37:09.713 INFO  manager.ListenerWD -- sendKeys -->
20:37:09.716 INFO  manager.ListenerWD -- sendKeys -->input
20:37:09.734 INFO  manager.ListenerWD -- sendKeys -->
20:37:09.736 INFO  manager.ListenerWD -- sendKeys -->input
20:37:09.977 INFO  manager.ListenerWD -- Before find element-->By.cssSelector: .add_form__2rsm2>button
20:37:09.989 INFO  manager.ListenerWD -- After find element-->By.cssSelector: .add_form__2rsm2>button
20:37:09.993 INFO  manager.ListenerWD -- Location of element-->button
20:37:10.001 INFO  manager.ListenerWD -- Before click element-->buttontext -->Save
20:37:10.024 INFO  manager.ListenerWD -- After click element-->button
20:37:10.829 INFO  tests.TestBase -- Assert check is add contact by name
20:37:10.885 INFO  tests.TestBase -- Assert check is add contact by phone
20:37:10.885 INFO  manager.TestNGListener -- Success test -->addNewContactSuccessAllFields
20:37:10.885 INFO  tests.TestBase -- ==============================================
20:37:10.886 INFO  tests.TestBase -- Name of method (test)-->addNewContactSuccessAllFields
20:37:10.886 INFO  manager.TestNGListener -- Start test -->addNewContactSuccessAllFields
20:37:10.886 INFO  manager.ListenerWD -- Before find element-->By.cssSelector: a[href='/add']
20:37:10.895 INFO  manager.ListenerWD -- After find element-->By.cssSelector: a[href='/add']
20:37:10.899 INFO  manager.ListenerWD -- Location of element-->a
20:37:10.906 INFO  manager.ListenerWD -- Before click element-->atext -->ADD
20:37:10.936 INFO  manager.ListenerWD -- After click element-->a
20:37:10.936 INFO  manager.ListenerWD -- Before find element-->By.cssSelector: [placeholder='Name']
20:37:10.947 INFO  manager.ListenerWD -- After find element-->By.cssSelector: [placeholder='Name']
20:37:10.949 INFO  manager.ListenerWD -- Location of element-->input
20:37:10.956 INFO  manager.ListenerWD -- Before click element-->inputtext -->
20:37:10.989 INFO  manager.ListenerWD -- After click element-->input
20:37:11.006 INFO  manager.ListenerWD -- sendKeys -->
20:37:11.009 INFO  manager.ListenerWD -- sendKeys -->input
20:37:11.029 INFO  manager.ListenerWD -- sendKeys -->
20:37:11.032 INFO  manager.ListenerWD -- sendKeys -->input
20:37:11.049 INFO  manager.ListenerWD -- sendKeys -->
20:37:11.051 INFO  manager.ListenerWD -- sendKeys -->input
20:37:11.065 INFO  manager.ListenerWD -- Before find element-->By.cssSelector: [placeholder='Last Name']
20:37:11.074 INFO  manager.ListenerWD -- After find element-->By.cssSelector: [placeholder='Last Name']
20:37:11.077 INFO  manager.ListenerWD -- Location of element-->input
20:37:11.083 INFO  manager.ListenerWD -- Before click element-->inputtext -->
20:37:11.111 INFO  manager.ListenerWD -- After click element-->input
20:37:11.127 INFO  manager.ListenerWD -- sendKeys -->
20:37:11.130 INFO  manager.ListenerWD -- sendKeys -->input
20:37:11.148 INFO  manager.ListenerWD -- sendKeys -->
20:37:11.151 INFO  manager.ListenerWD -- sendKeys -->input
20:37:11.167 INFO  manager.ListenerWD -- sendKeys -->
20:37:11.169 INFO  manager.ListenerWD -- sendKeys -->input
20:37:11.182 INFO  manager.ListenerWD -- Before find element-->By.cssSelector: [placeholder='Phone']
20:37:11.190 INFO  manager.ListenerWD -- After find element-->By.cssSelector: [placeholder='Phone']
20:37:11.193 INFO  manager.ListenerWD -- Location of element-->input
20:37:11.200 INFO  manager.ListenerWD -- Before click element-->inputtext -->
20:37:11.229 INFO  manager.ListenerWD -- After click element-->input
20:37:11.245 INFO  manager.ListenerWD -- sendKeys -->
20:37:11.247 INFO  manager.ListenerWD -- sendKeys -->input
20:37:11.264 INFO  manager.ListenerWD -- sendKeys -->
20:37:11.268 INFO  manager.ListenerWD -- sendKeys -->input
20:37:11.284 INFO  manager.ListenerWD -- sendKeys -->
20:37:11.286 INFO  manager.ListenerWD -- sendKeys -->input
20:37:11.301 INFO  manager.ListenerWD -- Before find element-->By.cssSelector: [placeholder='email']
20:37:11.309 INFO  manager.ListenerWD -- After find element-->By.cssSelector: [placeholder='email']
20:37:11.312 INFO  manager.ListenerWD -- Location of element-->input
20:37:11.318 INFO  manager.ListenerWD -- Before click element-->inputtext -->
20:37:11.346 INFO  manager.ListenerWD -- After click element-->input
20:37:11.362 INFO  manager.ListenerWD -- sendKeys -->
20:37:11.364 INFO  manager.ListenerWD -- sendKeys -->input
20:37:11.380 INFO  manager.ListenerWD -- sendKeys -->
20:37:11.383 INFO  manager.ListenerWD -- sendKeys -->input
20:37:11.399 INFO  manager.ListenerWD -- sendKeys -->
20:37:11.401 INFO  manager.ListenerWD -- sendKeys -->input
20:37:11.415 INFO  manager.ListenerWD -- Before find element-->By.cssSelector: [placeholder='Address']
20:37:11.424 INFO  manager.ListenerWD -- After find element-->By.cssSelector: [placeholder='Address']
20:37:11.428 INFO  manager.ListenerWD -- Location of element-->input
20:37:11.434 INFO  manager.ListenerWD -- Before click element-->inputtext -->
20:37:11.465 INFO  manager.ListenerWD -- After click element-->input
20:37:11.481 INFO  manager.ListenerWD -- sendKeys -->
20:37:11.484 INFO  manager.ListenerWD -- sendKeys -->input
20:37:11.501 INFO  manager.ListenerWD -- sendKeys -->
20:37:11.503 INFO  manager.ListenerWD -- sendKeys -->input
20:37:11.521 INFO  manager.ListenerWD -- sendKeys -->
20:37:11.523 INFO  manager.ListenerWD -- sendKeys -->input
20:37:11.536 INFO  manager.ListenerWD -- Before find element-->By.cssSelector: [placeholder = 'description']
20:37:11.544 INFO  manager.ListenerWD -- After find element-->By.cssSelector: [placeholder = 'description']
20:37:11.546 INFO  manager.ListenerWD -- Location of element-->input
20:37:11.553 INFO  manager.ListenerWD -- Before click element-->inputtext -->
20:37:11.582 INFO  manager.ListenerWD -- After click element-->input
20:37:11.600 INFO  manager.ListenerWD -- sendKeys -->
20:37:11.602 INFO  manager.ListenerWD -- sendKeys -->input
20:37:11.618 INFO  manager.ListenerWD -- sendKeys -->
20:37:11.620 INFO  manager.ListenerWD -- sendKeys -->input
20:37:11.811 INFO  manager.ListenerWD -- Before find element-->By.cssSelector: .add_form__2rsm2>button
20:37:11.822 INFO  manager.ListenerWD -- After find element-->By.cssSelector: .add_form__2rsm2>button
20:37:11.825 INFO  manager.ListenerWD -- Location of element-->button
20:37:11.832 INFO  manager.ListenerWD -- Before click element-->buttontext -->Save
20:37:11.857 INFO  manager.ListenerWD -- After click element-->button
20:37:12.415 INFO  tests.TestBase -- Assert check is add contact by name
20:37:12.474 INFO  tests.TestBase -- Assert check is add contact by phone
20:37:12.475 INFO  manager.TestNGListener -- Success test -->addNewContactSuccessAllFields
20:37:12.475 INFO  tests.TestBase -- ==============================================
20:37:12.476 INFO  tests.TestBase -- Name of method (test)-->addNewContactSuccessRequiredFields
20:37:12.476 INFO  manager.TestNGListener -- Start test -->addNewContactSuccessRequiredFields
20:37:12.480 INFO  tests.TestBase -- Test data --> name: Tony, lastName:Molly, phone: 343434342232email: molly2232@gmail.com, address: Haifa
20:37:12.480 INFO  manager.ListenerWD -- Before find element-->By.cssSelector: a[href='/add']
20:37:12.489 INFO  manager.ListenerWD -- After find element-->By.cssSelector: a[href='/add']
20:37:12.491 INFO  manager.ListenerWD -- Location of element-->a
20:37:12.498 INFO  manager.ListenerWD -- Before click element-->atext -->ADD
20:37:12.528 INFO  manager.ListenerWD -- After click element-->a
20:37:12.528 INFO  manager.ListenerWD -- Before find element-->By.cssSelector: [placeholder='Name']
20:37:12.539 INFO  manager.ListenerWD -- After find element-->By.cssSelector: [placeholder='Name']
20:37:12.542 INFO  manager.ListenerWD -- Location of element-->input
20:37:12.549 INFO  manager.ListenerWD -- Before click element-->inputtext -->
20:37:12.578 INFO  manager.ListenerWD -- After click element-->input
20:37:12.595 INFO  manager.ListenerWD -- sendKeys -->
20:37:12.598 INFO  manager.ListenerWD -- sendKeys -->input
20:37:12.615 INFO  manager.ListenerWD -- sendKeys -->
20:37:12.618 INFO  manager.ListenerWD -- sendKeys -->input
20:37:12.636 INFO  manager.ListenerWD -- sendKeys -->
20:37:12.638 INFO  manager.ListenerWD -- sendKeys -->input
20:37:12.652 INFO  manager.ListenerWD -- Before find element-->By.cssSelector: [placeholder='Last Name']
20:37:12.662 INFO  manager.ListenerWD -- After find element-->By.cssSelector: [placeholder='Last Name']
20:37:12.665 INFO  manager.ListenerWD -- Location of element-->input
20:37:12.670 INFO  manager.ListenerWD -- Before click element-->inputtext -->
20:37:12.697 INFO  manager.ListenerWD -- After click element-->input
20:37:12.721 INFO  manager.ListenerWD -- sendKeys -->
20:37:12.725 INFO  manager.ListenerWD -- sendKeys -->input
20:37:12.747 INFO  manager.ListenerWD -- sendKeys -->
20:37:12.750 INFO  manager.ListenerWD -- sendKeys -->input
20:37:12.767 INFO  manager.ListenerWD -- sendKeys -->
20:37:12.770 INFO  manager.ListenerWD -- sendKeys -->input
20:37:12.784 INFO  manager.ListenerWD -- Before find element-->By.cssSelector: [placeholder='Phone']
20:37:12.794 INFO  manager.ListenerWD -- After find element-->By.cssSelector: [placeholder='Phone']
20:37:12.798 INFO  manager.ListenerWD -- Location of element-->input
20:37:12.805 INFO  manager.ListenerWD -- Before click element-->inputtext -->
20:37:12.837 INFO  manager.ListenerWD -- After click element-->input
20:37:12.857 INFO  manager.ListenerWD -- sendKeys -->
20:37:12.861 INFO  manager.ListenerWD -- sendKeys -->input
20:37:12.882 INFO  manager.ListenerWD -- sendKeys -->
20:37:12.885 INFO  manager.ListenerWD -- sendKeys -->input
20:37:12.905 INFO  manager.ListenerWD -- sendKeys -->
20:37:12.908 INFO  manager.ListenerWD -- sendKeys -->input
20:37:12.924 INFO  manager.ListenerWD -- Before find element-->By.cssSelector: [placeholder='email']
20:37:12.934 INFO  manager.ListenerWD -- After find element-->By.cssSelector: [placeholder='email']
20:37:12.937 INFO  manager.ListenerWD -- Location of element-->input
20:37:12.945 INFO  manager.ListenerWD -- Before click element-->inputtext -->
20:37:12.974 INFO  manager.ListenerWD -- After click element-->input
20:37:12.991 INFO  manager.ListenerWD -- sendKeys -->
20:37:12.993 INFO  manager.ListenerWD -- sendKeys -->input
20:37:13.010 INFO  manager.ListenerWD -- sendKeys -->
20:37:13.013 INFO  manager.ListenerWD -- sendKeys -->input
20:37:13.031 INFO  manager.ListenerWD -- sendKeys -->
20:37:13.034 INFO  manager.ListenerWD -- sendKeys -->input
20:37:13.051 INFO  manager.ListenerWD -- Before find element-->By.cssSelector: [placeholder='Address']
20:37:13.060 INFO  manager.ListenerWD -- After find element-->By.cssSelector: [placeholder='Address']
20:37:13.063 INFO  manager.ListenerWD -- Location of element-->input
20:37:13.068 INFO  manager.ListenerWD -- Before click element-->inputtext -->
20:37:13.098 INFO  manager.ListenerWD -- After click element-->input
20:37:13.115 INFO  manager.ListenerWD -- sendKeys -->
20:37:13.117 INFO  manager.ListenerWD -- sendKeys -->input
20:37:13.134 INFO  manager.ListenerWD -- sendKeys -->
20:37:13.137 INFO  manager.ListenerWD -- sendKeys -->input
20:37:13.154 INFO  manager.ListenerWD -- sendKeys -->
20:37:13.157 INFO  manager.ListenerWD -- sendKeys -->input
20:37:13.171 INFO  manager.ListenerWD -- Before find element-->By.cssSelector: [placeholder = 'description']
20:37:13.179 INFO  manager.ListenerWD -- After find element-->By.cssSelector: [placeholder = 'description']
20:37:13.182 INFO  manager.ListenerWD -- Location of element-->input
20:37:13.188 INFO  manager.ListenerWD -- Before click element-->inputtext -->
20:37:13.216 INFO  manager.ListenerWD -- After click element-->input
20:37:13.234 INFO  manager.ListenerWD -- sendKeys -->
20:37:13.236 INFO  manager.ListenerWD -- sendKeys -->input
20:37:13.254 INFO  manager.ListenerWD -- sendKeys -->
20:37:13.257 INFO  manager.ListenerWD -- sendKeys -->input
20:37:13.273 INFO  manager.ListenerWD -- Before find element-->By.cssSelector: .add_form__2rsm2>button
20:37:13.282 INFO  manager.ListenerWD -- After find element-->By.cssSelector: .add_form__2rsm2>button
20:37:13.286 INFO  manager.ListenerWD -- Location of element-->button
20:37:13.293 INFO  manager.ListenerWD -- Before click element-->buttontext -->Save
20:37:13.321 INFO  manager.ListenerWD -- After click element-->button
20:37:13.959 INFO  tests.TestBase -- Assert check is add contact by name
20:37:14.044 INFO  tests.TestBase -- Assert check is add contact by phone
20:37:14.044 INFO  manager.TestNGListener -- Success test -->addNewContactSuccessRequiredFields
20:37:14.045 INFO  tests.TestBase -- ==============================================
20:37:14.045 INFO  tests.TestBase -- Name of method (test)-->addNewContactWrongEmail
20:37:14.046 INFO  manager.TestNGListener -- Start test -->addNewContactWrongEmail
20:37:14.046 INFO  tests.TestBase -- Test data --> name: Tony, lastName:Molly, phone: 343434342323, email: mollygmail.com, address: Haifa, description: wrong email
20:37:14.046 INFO  manager.ListenerWD -- Before find element-->By.cssSelector: a[href='/add']
20:37:14.054 INFO  manager.ListenerWD -- After find element-->By.cssSelector: a[href='/add']
20:37:14.057 INFO  manager.ListenerWD -- Location of element-->a
20:37:14.064 INFO  manager.ListenerWD -- Before click element-->atext -->ADD
20:37:14.093 INFO  manager.ListenerWD -- After click element-->a
20:37:14.093 INFO  manager.ListenerWD -- Before find element-->By.cssSelector: [placeholder='Name']
20:37:14.101 INFO  manager.ListenerWD -- After find element-->By.cssSelector: [placeholder='Name']
20:37:14.103 INFO  manager.ListenerWD -- Location of element-->input
20:37:14.110 INFO  manager.ListenerWD -- Before click element-->inputtext -->
20:37:14.137 INFO  manager.ListenerWD -- After click element-->input
20:37:14.153 INFO  manager.ListenerWD -- sendKeys -->
20:37:14.156 INFO  manager.ListenerWD -- sendKeys -->input
20:37:14.173 INFO  manager.ListenerWD -- sendKeys -->
20:37:14.176 INFO  manager.ListenerWD -- sendKeys -->input
20:37:14.193 INFO  manager.ListenerWD -- sendKeys -->
20:37:14.196 INFO  manager.ListenerWD -- sendKeys -->input
20:37:14.208 INFO  manager.ListenerWD -- Before find element-->By.cssSelector: [placeholder='Last Name']
20:37:14.215 INFO  manager.ListenerWD -- After find element-->By.cssSelector: [placeholder='Last Name']
20:37:14.218 INFO  manager.ListenerWD -- Location of element-->input
20:37:14.224 INFO  manager.ListenerWD -- Before click element-->inputtext -->
20:37:14.253 INFO  manager.ListenerWD -- After click element-->input
20:37:14.268 INFO  manager.ListenerWD -- sendKeys -->
20:37:14.271 INFO  manager.ListenerWD -- sendKeys -->input
20:37:14.288 INFO  manager.ListenerWD -- sendKeys -->
20:37:14.292 INFO  manager.ListenerWD -- sendKeys -->input
20:37:14.308 INFO  manager.ListenerWD -- sendKeys -->
20:37:14.311 INFO  manager.ListenerWD -- sendKeys -->input
20:37:14.324 INFO  manager.ListenerWD -- Before find element-->By.cssSelector: [placeholder='Phone']
20:37:14.332 INFO  manager.ListenerWD -- After find element-->By.cssSelector: [placeholder='Phone']
20:37:14.335 INFO  manager.ListenerWD -- Location of element-->input
20:37:14.341 INFO  manager.ListenerWD -- Before click element-->inputtext -->
20:37:14.371 INFO  manager.ListenerWD -- After click element-->input
20:37:14.386 INFO  manager.ListenerWD -- sendKeys -->
20:37:14.389 INFO  manager.ListenerWD -- sendKeys -->input
20:37:14.404 INFO  manager.ListenerWD -- sendKeys -->
20:37:14.406 INFO  manager.ListenerWD -- sendKeys -->input
20:37:14.423 INFO  manager.ListenerWD -- sendKeys -->
20:37:14.425 INFO  manager.ListenerWD -- sendKeys -->input
20:37:14.439 INFO  manager.ListenerWD -- Before find element-->By.cssSelector: [placeholder='email']
20:37:14.446 INFO  manager.ListenerWD -- After find element-->By.cssSelector: [placeholder='email']
20:37:14.449 INFO  manager.ListenerWD -- Location of element-->input
20:37:14.454 INFO  manager.ListenerWD -- Before click element-->inputtext -->
20:37:14.480 INFO  manager.ListenerWD -- After click element-->input
20:37:14.496 INFO  manager.ListenerWD -- sendKeys -->
20:37:14.498 INFO  manager.ListenerWD -- sendKeys -->input
20:37:14.515 INFO  manager.ListenerWD -- sendKeys -->
20:37:14.517 INFO  manager.ListenerWD -- sendKeys -->input
20:37:14.532 INFO  manager.ListenerWD -- sendKeys -->
20:37:14.534 INFO  manager.ListenerWD -- sendKeys -->input
20:37:14.548 INFO  manager.ListenerWD -- Before find element-->By.cssSelector: [placeholder='Address']
20:37:14.555 INFO  manager.ListenerWD -- After find element-->By.cssSelector: [placeholder='Address']
20:37:14.558 INFO  manager.ListenerWD -- Location of element-->input
20:37:14.564 INFO  manager.ListenerWD -- Before click element-->inputtext -->
20:37:14.591 INFO  manager.ListenerWD -- After click element-->input
20:37:14.608 INFO  manager.ListenerWD -- sendKeys -->
20:37:14.610 INFO  manager.ListenerWD -- sendKeys -->input
20:37:14.627 INFO  manager.ListenerWD -- sendKeys -->
20:37:14.629 INFO  manager.ListenerWD -- sendKeys -->input
20:37:14.645 INFO  manager.ListenerWD -- sendKeys -->
20:37:14.648 INFO  manager.ListenerWD -- sendKeys -->input
20:37:14.658 INFO  manager.ListenerWD -- Before find element-->By.cssSelector: [placeholder = 'description']
20:37:14.666 INFO  manager.ListenerWD -- After find element-->By.cssSelector: [placeholder = 'description']
20:37:14.669 INFO  manager.ListenerWD -- Location of element-->input
20:37:14.674 INFO  manager.ListenerWD -- Before click element-->inputtext -->
20:37:14.702 INFO  manager.ListenerWD -- After click element-->input
20:37:14.717 INFO  manager.ListenerWD -- sendKeys -->
20:37:14.720 INFO  manager.ListenerWD -- sendKeys -->input
20:37:14.737 INFO  manager.ListenerWD -- sendKeys -->
20:37:14.739 INFO  manager.ListenerWD -- sendKeys -->input
20:37:14.755 INFO  manager.ListenerWD -- sendKeys -->
20:37:14.758 INFO  manager.ListenerWD -- sendKeys -->input
20:37:14.771 INFO  manager.ListenerWD -- Before find element-->By.cssSelector: .add_form__2rsm2>button
20:37:14.779 INFO  manager.ListenerWD -- After find element-->By.cssSelector: .add_form__2rsm2>button
20:37:14.782 INFO  manager.ListenerWD -- Location of element-->button
20:37:14.788 INFO  manager.ListenerWD -- Before click element-->buttontext -->Save
20:37:14.816 INFO  manager.ListenerWD -- After click element-->button
20:37:14.823 INFO  tests.TestBase -- Assert check Add button is active
20:37:14.835 INFO  manager.ListenerWD -- Huston, we have a problem!
20:37:14.835 INFO  manager.ListenerWD -- Failed method:alert
20:37:14.835 INFO  manager.ListenerWD -- **********************
20:37:14.835 INFO  manager.ListenerWD -- Arguments:null
20:37:14.835 INFO  manager.ListenerWD -- **********************
20:37:14.835 INFO  manager.ListenerWD -- Exception:NoAlertPresentException
20:37:14.835 INFO  manager.ListenerWD -- **********************
20:37:14.836 INFO  manager.ListenerWD -- Messageno such alert
  (Session info: chrome=148.0.7778.179)
Build info: version: '4.26.0', revision: '8ccf0219d7'
System info: os.name: 'Windows 10', os.arch: 'amd64', os.version: '10.0', java.version: '17.0.12'
Driver info: org.openqa.selenium.chrome.ChromeDriver
Command: [6b2d4ef401df1fbf44b808aa07c35468, getAlertText {}]
Capabilities {acceptInsecureCerts: false, browserName: chrome, browserVersion: 148.0.7778.179, chrome: {chromedriverVersion: 147.0.7727.57 (b4f28b5637d0..., userDataDir: C:\Users\Nina\AppData\Local...}, fedcm:accounts: true, goog:chromeOptions: {debuggerAddress: localhost:51816}, goog:processID: 48424, networkConnectionEnabled: false, pageLoadStrategy: normal, platformName: windows, proxy: Proxy(), se:cdp: ws://localhost:51816/devtoo..., se:cdpVersion: 148.0.7778.179, setWindowRect: true, strictFileInteractability: false, timeouts: {implicit: 0, pageLoad: 300000, script: 30000}, unhandledPromptBehavior: dismiss and notify, webauthn:extension:credBlob: true, webauthn:extension:largeBlob: true, webauthn:extension:minPinLength: true, webauthn:extension:prf: true, webauthn:virtualAuthenticators: true}
Session ID: 6b2d4ef401df1fbf44b808aa07c35468
20:37:14.836 INFO  manager.ListenerWD -- **********************
20:37:14.837 INFO  manager.ListenerWD -- Screen with error is --->src/test/screenshots/screen_1886.png
20:37:15.361 INFO  tests.TestBase -- Assert check is alert present with error test 'Email not valid' 
20:37:15.362 INFO  manager.TestNGListener -- Success test -->addNewContactWrongEmail
20:37:15.362 INFO  tests.TestBase -- ==============================================
20:37:15.363 INFO  tests.TestBase -- Name of method (test)-->addNewContactWrongPhone
20:37:15.364 INFO  manager.TestNGListener -- Start test -->addNewContactWrongPhone
20:37:15.364 INFO  tests.TestBase -- Test data --> name: Tony, lastName:Molly, phone: , email: molly@gmail.com, address: Haifa, description: empty phone
20:37:15.364 INFO  manager.ListenerWD -- Before find element-->By.cssSelector: a[href='/add']
20:37:15.373 INFO  manager.ListenerWD -- After find element-->By.cssSelector: a[href='/add']
20:37:15.377 INFO  manager.ListenerWD -- Location of element-->a
20:37:15.384 INFO  manager.ListenerWD -- Before click element-->atext -->ADD
20:37:15.417 INFO  manager.ListenerWD -- After click element-->a
20:37:15.417 INFO  manager.ListenerWD -- Before find element-->By.cssSelector: [placeholder='Name']
20:37:15.425 INFO  manager.ListenerWD -- After find element-->By.cssSelector: [placeholder='Name']
20:37:15.428 INFO  manager.ListenerWD -- Location of element-->input
20:37:15.436 INFO  manager.ListenerWD -- Before click element-->inputtext -->
20:37:15.467 INFO  manager.ListenerWD -- After click element-->input
20:37:15.485 INFO  manager.ListenerWD -- sendKeys -->
20:37:15.487 INFO  manager.ListenerWD -- sendKeys -->input
20:37:15.512 INFO  manager.ListenerWD -- sendKeys -->
20:37:15.516 INFO  manager.ListenerWD -- sendKeys -->input
20:37:15.534 INFO  manager.ListenerWD -- sendKeys -->
20:37:15.536 INFO  manager.ListenerWD -- sendKeys -->input
20:37:15.549 INFO  manager.ListenerWD -- Before find element-->By.cssSelector: [placeholder='Last Name']
20:37:15.557 INFO  manager.ListenerWD -- After find element-->By.cssSelector: [placeholder='Last Name']
20:37:15.559 INFO  manager.ListenerWD -- Location of element-->input
20:37:15.566 INFO  manager.ListenerWD -- Before click element-->inputtext -->
20:37:15.596 INFO  manager.ListenerWD -- After click element-->input
20:37:15.611 INFO  manager.ListenerWD -- sendKeys -->
20:37:15.615 INFO  manager.ListenerWD -- sendKeys -->input
20:37:15.638 INFO  manager.ListenerWD -- sendKeys -->
20:37:15.640 INFO  manager.ListenerWD -- sendKeys -->input
20:37:15.656 INFO  manager.ListenerWD -- sendKeys -->
20:37:15.658 INFO  manager.ListenerWD -- sendKeys -->input
20:37:15.671 INFO  manager.ListenerWD -- Before find element-->By.cssSelector: [placeholder='Phone']
20:37:15.679 INFO  manager.ListenerWD -- After find element-->By.cssSelector: [placeholder='Phone']
20:37:15.683 INFO  manager.ListenerWD -- Location of element-->input
20:37:15.689 INFO  manager.ListenerWD -- Before click element-->inputtext -->
20:37:15.716 INFO  manager.ListenerWD -- After click element-->input
20:37:15.731 INFO  manager.ListenerWD -- sendKeys -->
20:37:15.736 INFO  manager.ListenerWD -- sendKeys -->input
20:37:15.759 INFO  manager.ListenerWD -- sendKeys -->
20:37:15.762 INFO  manager.ListenerWD -- sendKeys -->input
20:37:15.777 INFO  manager.ListenerWD -- sendKeys -->
20:37:15.779 INFO  manager.ListenerWD -- sendKeys -->input
20:37:15.791 INFO  manager.ListenerWD -- Before find element-->By.cssSelector: [placeholder='email']
20:37:15.799 INFO  manager.ListenerWD -- After find element-->By.cssSelector: [placeholder='email']
20:37:15.801 INFO  manager.ListenerWD -- Location of element-->input
20:37:15.807 INFO  manager.ListenerWD -- Before click element-->inputtext -->
20:37:15.834 INFO  manager.ListenerWD -- After click element-->input
20:37:15.851 INFO  manager.ListenerWD -- sendKeys -->
20:37:15.853 INFO  manager.ListenerWD -- sendKeys -->input
20:37:15.877 INFO  manager.ListenerWD -- sendKeys -->
20:37:15.879 INFO  manager.ListenerWD -- sendKeys -->input
20:37:15.894 INFO  manager.ListenerWD -- sendKeys -->
20:37:15.896 INFO  manager.ListenerWD -- sendKeys -->input
20:37:15.910 INFO  manager.ListenerWD -- Before find element-->By.cssSelector: [placeholder='Address']
20:37:15.918 INFO  manager.ListenerWD -- After find element-->By.cssSelector: [placeholder='Address']
20:37:15.920 INFO  manager.ListenerWD -- Location of element-->input
20:37:15.925 INFO  manager.ListenerWD -- Before click element-->inputtext -->
20:37:15.955 INFO  manager.ListenerWD -- After click element-->input
20:37:15.972 INFO  manager.ListenerWD -- sendKeys -->
20:37:15.974 INFO  manager.ListenerWD -- sendKeys -->input
20:37:15.998 INFO  manager.ListenerWD -- sendKeys -->
20:37:16.000 INFO  manager.ListenerWD -- sendKeys -->input
20:37:16.015 INFO  manager.ListenerWD -- sendKeys -->
20:37:16.019 INFO  manager.ListenerWD -- sendKeys -->input
20:37:16.031 INFO  manager.ListenerWD -- Before find element-->By.cssSelector: [placeholder = 'description']
20:37:16.038 INFO  manager.ListenerWD -- After find element-->By.cssSelector: [placeholder = 'description']
20:37:16.041 INFO  manager.ListenerWD -- Location of element-->input
20:37:16.047 INFO  manager.ListenerWD -- Before click element-->inputtext -->
20:37:16.076 INFO  manager.ListenerWD -- After click element-->input
20:37:16.093 INFO  manager.ListenerWD -- sendKeys -->
20:37:16.095 INFO  manager.ListenerWD -- sendKeys -->input
20:37:16.119 INFO  manager.ListenerWD -- sendKeys -->
20:37:16.121 INFO  manager.ListenerWD -- sendKeys -->input
20:37:16.136 INFO  manager.ListenerWD -- sendKeys -->
20:37:16.138 INFO  manager.ListenerWD -- sendKeys -->input
20:37:16.151 INFO  manager.ListenerWD -- Before find element-->By.cssSelector: .add_form__2rsm2>button
20:37:16.159 INFO  manager.ListenerWD -- After find element-->By.cssSelector: .add_form__2rsm2>button
20:37:16.162 INFO  manager.ListenerWD -- Location of element-->button
20:37:16.167 INFO  manager.ListenerWD -- Before click element-->buttontext -->Save
20:37:16.190 INFO  manager.ListenerWD -- After click element-->button
20:37:16.195 INFO  manager.ListenerWD -- Huston, we have a problem!
20:37:16.195 INFO  manager.ListenerWD -- Failed method:alert
20:37:16.195 INFO  manager.ListenerWD -- **********************
20:37:16.195 INFO  manager.ListenerWD -- Arguments:null
20:37:16.195 INFO  manager.ListenerWD -- **********************
20:37:16.195 INFO  manager.ListenerWD -- Exception:NoAlertPresentException
20:37:16.195 INFO  manager.ListenerWD -- **********************
20:37:16.195 INFO  manager.ListenerWD -- Messageno such alert
  (Session info: chrome=148.0.7778.179)
Build info: version: '4.26.0', revision: '8ccf0219d7'
System info: os.name: 'Windows 10', os.arch: 'amd64', os.version: '10.0', java.version: '17.0.12'
Driver info: org.openqa.selenium.chrome.ChromeDriver
Command: [6b2d4ef401df1fbf44b808aa07c35468, getAlertText {}]
Capabilities {acceptInsecureCerts: false, browserName: chrome, browserVersion: 148.0.7778.179, chrome: {chromedriverVersion: 147.0.7727.57 (b4f28b5637d0..., userDataDir: C:\Users\Nina\AppData\Local...}, fedcm:accounts: true, goog:chromeOptions: {debuggerAddress: localhost:51816}, goog:processID: 48424, networkConnectionEnabled: false, pageLoadStrategy: normal, platformName: windows, proxy: Proxy(), se:cdp: ws://localhost:51816/devtoo..., se:cdpVersion: 148.0.7778.179, setWindowRect: true, strictFileInteractability: false, timeouts: {implicit: 0, pageLoad: 300000, script: 30000}, unhandledPromptBehavior: dismiss and notify, webauthn:extension:credBlob: true, webauthn:extension:largeBlob: true, webauthn:extension:minPinLength: true, webauthn:extension:prf: true, webauthn:virtualAuthenticators: true}
Session ID: 6b2d4ef401df1fbf44b808aa07c35468
20:37:16.195 INFO  manager.ListenerWD -- **********************
20:37:16.195 INFO  manager.ListenerWD -- Screen with error is --->src/test/screenshots/screen_1786.png
20:37:16.716 INFO  tests.TestBase -- Assert check is alert present with error test 'Phone not valid' 
20:37:16.725 INFO  tests.TestBase -- Assert check Add button is active
20:37:16.725 INFO  manager.TestNGListener -- Success test -->addNewContactWrongPhone
20:37:16.725 INFO  tests.TestBase -- ==============================================
20:37:16.726 INFO  tests.TestBase -- Name of method (test)-->addNewContactWrongPhone
20:37:16.726 INFO  manager.TestNGListener -- Start test -->addNewContactWrongPhone
20:37:16.726 INFO  tests.TestBase -- Test data --> name: Tony, lastName:Molly, phone: , email: molly@gmail.com, address: Haifa, description: empty phone
20:37:16.726 INFO  manager.ListenerWD -- Before find element-->By.cssSelector: a[href='/add']
20:37:16.734 INFO  manager.ListenerWD -- After find element-->By.cssSelector: a[href='/add']
20:37:16.737 INFO  manager.ListenerWD -- Location of element-->a
20:37:16.744 INFO  manager.ListenerWD -- Before click element-->atext -->ADD
20:37:16.773 INFO  manager.ListenerWD -- After click element-->a
20:37:16.773 INFO  manager.ListenerWD -- Before find element-->By.cssSelector: [placeholder='Name']
20:37:16.781 INFO  manager.ListenerWD -- After find element-->By.cssSelector: [placeholder='Name']
20:37:16.784 INFO  manager.ListenerWD -- Location of element-->input
20:37:16.791 INFO  manager.ListenerWD -- Before click element-->inputtext -->
20:37:16.821 INFO  manager.ListenerWD -- After click element-->input
20:37:16.839 INFO  manager.ListenerWD -- sendKeys -->
20:37:16.842 INFO  manager.ListenerWD -- sendKeys -->input
20:37:16.869 INFO  manager.ListenerWD -- sendKeys -->
20:37:16.872 INFO  manager.ListenerWD -- sendKeys -->input
20:37:16.890 INFO  manager.ListenerWD -- sendKeys -->
20:37:16.892 INFO  manager.ListenerWD -- sendKeys -->input
20:37:16.904 INFO  manager.ListenerWD -- Before find element-->By.cssSelector: [placeholder='Last Name']
20:37:16.912 INFO  manager.ListenerWD -- After find element-->By.cssSelector: [placeholder='Last Name']
20:37:16.916 INFO  manager.ListenerWD -- Location of element-->input
20:37:16.923 INFO  manager.ListenerWD -- Before click element-->inputtext -->
20:37:16.955 INFO  manager.ListenerWD -- After click element-->input
20:37:16.972 INFO  manager.ListenerWD -- sendKeys -->
20:37:16.975 INFO  manager.ListenerWD -- sendKeys -->input
20:37:17.000 INFO  manager.ListenerWD -- sendKeys -->
20:37:17.002 INFO  manager.ListenerWD -- sendKeys -->input
20:37:17.017 INFO  manager.ListenerWD -- sendKeys -->
20:37:17.019 INFO  manager.ListenerWD -- sendKeys -->input
20:37:17.031 INFO  manager.ListenerWD -- Before find element-->By.cssSelector: [placeholder='Phone']
20:37:17.038 INFO  manager.ListenerWD -- After find element-->By.cssSelector: [placeholder='Phone']
20:37:17.040 INFO  manager.ListenerWD -- Location of element-->input
20:37:17.046 INFO  manager.ListenerWD -- Before click element-->inputtext -->
20:37:17.076 INFO  manager.ListenerWD -- After click element-->input
20:37:17.093 INFO  manager.ListenerWD -- sendKeys -->
20:37:17.095 INFO  manager.ListenerWD -- sendKeys -->input
20:37:17.120 INFO  manager.ListenerWD -- sendKeys -->
20:37:17.122 INFO  manager.ListenerWD -- sendKeys -->input
20:37:17.138 INFO  manager.ListenerWD -- sendKeys -->
20:37:17.139 INFO  manager.ListenerWD -- sendKeys -->input
20:37:17.155 INFO  manager.ListenerWD -- Before find element-->By.cssSelector: [placeholder='email']
20:37:17.163 INFO  manager.ListenerWD -- After find element-->By.cssSelector: [placeholder='email']
20:37:17.166 INFO  manager.ListenerWD -- Location of element-->input
20:37:17.172 INFO  manager.ListenerWD -- Before click element-->inputtext -->
20:37:17.199 INFO  manager.ListenerWD -- After click element-->input
20:37:17.216 INFO  manager.ListenerWD -- sendKeys -->
20:37:17.218 INFO  manager.ListenerWD -- sendKeys -->input
20:37:17.241 INFO  manager.ListenerWD -- sendKeys -->
20:37:17.244 INFO  manager.ListenerWD -- sendKeys -->input
20:37:17.258 INFO  manager.ListenerWD -- sendKeys -->
20:37:17.261 INFO  manager.ListenerWD -- sendKeys -->input
20:37:17.277 INFO  manager.ListenerWD -- Before find element-->By.cssSelector: [placeholder='Address']
20:37:17.286 INFO  manager.ListenerWD -- After find element-->By.cssSelector: [placeholder='Address']
20:37:17.289 INFO  manager.ListenerWD -- Location of element-->input
20:37:17.294 INFO  manager.ListenerWD -- Before click element-->inputtext -->
20:37:17.322 INFO  manager.ListenerWD -- After click element-->input
20:37:17.340 INFO  manager.ListenerWD -- sendKeys -->
20:37:17.342 INFO  manager.ListenerWD -- sendKeys -->input
20:37:17.367 INFO  manager.ListenerWD -- sendKeys -->
20:37:17.369 INFO  manager.ListenerWD -- sendKeys -->input
20:37:17.385 INFO  manager.ListenerWD -- sendKeys -->
20:37:17.388 INFO  manager.ListenerWD -- sendKeys -->input
20:37:17.399 INFO  manager.ListenerWD -- Before find element-->By.cssSelector: [placeholder = 'description']
20:37:17.406 INFO  manager.ListenerWD -- After find element-->By.cssSelector: [placeholder = 'description']
20:37:17.409 INFO  manager.ListenerWD -- Location of element-->input
20:37:17.414 INFO  manager.ListenerWD -- Before click element-->inputtext -->
20:37:17.442 INFO  manager.ListenerWD -- After click element-->input
20:37:17.458 INFO  manager.ListenerWD -- sendKeys -->
20:37:17.460 INFO  manager.ListenerWD -- sendKeys -->input
20:37:17.484 INFO  manager.ListenerWD -- sendKeys -->
20:37:17.487 INFO  manager.ListenerWD -- sendKeys -->input
20:37:17.501 INFO  manager.ListenerWD -- sendKeys -->
20:37:17.504 INFO  manager.ListenerWD -- sendKeys -->input
20:37:17.516 INFO  manager.ListenerWD -- Before find element-->By.cssSelector: .add_form__2rsm2>button
20:37:17.523 INFO  manager.ListenerWD -- After find element-->By.cssSelector: .add_form__2rsm2>button
20:37:17.525 INFO  manager.ListenerWD -- Location of element-->button
20:37:17.531 INFO  manager.ListenerWD -- Before click element-->buttontext -->Save
20:37:17.555 INFO  manager.ListenerWD -- After click element-->button
20:37:17.559 INFO  manager.ListenerWD -- Huston, we have a problem!
20:37:17.559 INFO  manager.ListenerWD -- Failed method:alert
20:37:17.559 INFO  manager.ListenerWD -- **********************
20:37:17.559 INFO  manager.ListenerWD -- Arguments:null
20:37:17.559 INFO  manager.ListenerWD -- **********************
20:37:17.559 INFO  manager.ListenerWD -- Exception:NoAlertPresentException
20:37:17.559 INFO  manager.ListenerWD -- **********************
20:37:17.559 INFO  manager.ListenerWD -- Messageno such alert
  (Session info: chrome=148.0.7778.179)
Build info: version: '4.26.0', revision: '8ccf0219d7'
System info: os.name: 'Windows 10', os.arch: 'amd64', os.version: '10.0', java.version: '17.0.12'
Driver info: org.openqa.selenium.chrome.ChromeDriver
Command: [6b2d4ef401df1fbf44b808aa07c35468, getAlertText {}]
Capabilities {acceptInsecureCerts: false, browserName: chrome, browserVersion: 148.0.7778.179, chrome: {chromedriverVersion: 147.0.7727.57 (b4f28b5637d0..., userDataDir: C:\Users\Nina\AppData\Local...}, fedcm:accounts: true, goog:chromeOptions: {debuggerAddress: localhost:51816}, goog:processID: 48424, networkConnectionEnabled: false, pageLoadStrategy: normal, platformName: windows, proxy: Proxy(), se:cdp: ws://localhost:51816/devtoo..., se:cdpVersion: 148.0.7778.179, setWindowRect: true, strictFileInteractability: false, timeouts: {implicit: 0, pageLoad: 300000, script: 30000}, unhandledPromptBehavior: dismiss and notify, webauthn:extension:credBlob: true, webauthn:extension:largeBlob: true, webauthn:extension:minPinLength: true, webauthn:extension:prf: true, webauthn:virtualAuthenticators: true}
Session ID: 6b2d4ef401df1fbf44b808aa07c35468
20:37:17.559 INFO  manager.ListenerWD -- **********************
20:37:17.559 INFO  manager.ListenerWD -- Screen with error is --->src/test/screenshots/screen_1799.png
20:37:18.071 INFO  tests.TestBase -- Assert check is alert present with error test 'Phone not valid' 
20:37:18.080 INFO  tests.TestBase -- Assert check Add button is active
20:37:18.080 INFO  manager.TestNGListener -- Success test -->addNewContactWrongPhone
20:37:18.080 INFO  tests.TestBase -- ==============================================
20:37:18.081 INFO  tests.TestBase -- Name of method (test)-->addNewContactWrongPhone
20:37:18.081 INFO  manager.TestNGListener -- Start test -->addNewContactWrongPhone
20:37:18.081 INFO  tests.TestBase -- Test data --> name: Tony, lastName:Molly, phone: , email: molly@gmail.com, address: Haifa, description: empty phone
20:37:18.081 INFO  manager.ListenerWD -- Before find element-->By.cssSelector: a[href='/add']
20:37:18.089 INFO  manager.ListenerWD -- After find element-->By.cssSelector: a[href='/add']
20:37:18.092 INFO  manager.ListenerWD -- Location of element-->a
20:37:18.099 INFO  manager.ListenerWD -- Before click element-->atext -->ADD
20:37:18.129 INFO  manager.ListenerWD -- After click element-->a
20:37:18.129 INFO  manager.ListenerWD -- Before find element-->By.cssSelector: [placeholder='Name']
20:37:18.136 INFO  manager.ListenerWD -- After find element-->By.cssSelector: [placeholder='Name']
20:37:18.139 INFO  manager.ListenerWD -- Location of element-->input
20:37:18.146 INFO  manager.ListenerWD -- Before click element-->inputtext -->
20:37:18.179 INFO  manager.ListenerWD -- After click element-->input
20:37:18.197 INFO  manager.ListenerWD -- sendKeys -->
20:37:18.200 INFO  manager.ListenerWD -- sendKeys -->input
20:37:18.227 INFO  manager.ListenerWD -- sendKeys -->
20:37:18.230 INFO  manager.ListenerWD -- sendKeys -->input
20:37:18.245 INFO  manager.ListenerWD -- sendKeys -->
20:37:18.249 INFO  manager.ListenerWD -- sendKeys -->input
20:37:18.262 INFO  manager.ListenerWD -- Before find element-->By.cssSelector: [placeholder='Last Name']
20:37:18.269 INFO  manager.ListenerWD -- After find element-->By.cssSelector: [placeholder='Last Name']
20:37:18.273 INFO  manager.ListenerWD -- Location of element-->input
20:37:18.279 INFO  manager.ListenerWD -- Before click element-->inputtext -->
20:37:18.306 INFO  manager.ListenerWD -- After click element-->input
20:37:18.323 INFO  manager.ListenerWD -- sendKeys -->
20:37:18.325 INFO  manager.ListenerWD -- sendKeys -->input
20:37:18.349 INFO  manager.ListenerWD -- sendKeys -->
20:37:18.351 INFO  manager.ListenerWD -- sendKeys -->input
20:37:18.368 INFO  manager.ListenerWD -- sendKeys -->
20:37:18.370 INFO  manager.ListenerWD -- sendKeys -->input
20:37:18.381 INFO  manager.ListenerWD -- Before find element-->By.cssSelector: [placeholder='Phone']
20:37:18.388 INFO  manager.ListenerWD -- After find element-->By.cssSelector: [placeholder='Phone']
20:37:18.390 INFO  manager.ListenerWD -- Location of element-->input
20:37:18.396 INFO  manager.ListenerWD -- Before click element-->inputtext -->
20:37:18.423 INFO  manager.ListenerWD -- After click element-->input
20:37:18.439 INFO  manager.ListenerWD -- sendKeys -->
20:37:18.442 INFO  manager.ListenerWD -- sendKeys -->input
20:37:18.466 INFO  manager.ListenerWD -- sendKeys -->
20:37:18.468 INFO  manager.ListenerWD -- sendKeys -->input
20:37:18.484 INFO  manager.ListenerWD -- sendKeys -->
20:37:18.486 INFO  manager.ListenerWD -- sendKeys -->input
20:37:18.500 INFO  manager.ListenerWD -- Before find element-->By.cssSelector: [placeholder='email']
20:37:18.507 INFO  manager.ListenerWD -- After find element-->By.cssSelector: [placeholder='email']
20:37:18.510 INFO  manager.ListenerWD -- Location of element-->input
20:37:18.516 INFO  manager.ListenerWD -- Before click element-->inputtext -->
20:37:18.545 INFO  manager.ListenerWD -- After click element-->input
20:37:18.561 INFO  manager.ListenerWD -- sendKeys -->
20:37:18.563 INFO  manager.ListenerWD -- sendKeys -->input
20:37:18.586 INFO  manager.ListenerWD -- sendKeys -->
20:37:18.590 INFO  manager.ListenerWD -- sendKeys -->input
20:37:18.605 INFO  manager.ListenerWD -- sendKeys -->
20:37:18.607 INFO  manager.ListenerWD -- sendKeys -->input
20:37:18.621 INFO  manager.ListenerWD -- Before find element-->By.cssSelector: [placeholder='Address']
20:37:18.628 INFO  manager.ListenerWD -- After find element-->By.cssSelector: [placeholder='Address']
20:37:18.631 INFO  manager.ListenerWD -- Location of element-->input
20:37:18.637 INFO  manager.ListenerWD -- Before click element-->inputtext -->
20:37:18.666 INFO  manager.ListenerWD -- After click element-->input
20:37:18.683 INFO  manager.ListenerWD -- sendKeys -->
20:37:18.685 INFO  manager.ListenerWD -- sendKeys -->input
20:37:18.709 INFO  manager.ListenerWD -- sendKeys -->
20:37:18.711 INFO  manager.ListenerWD -- sendKeys -->input
20:37:18.728 INFO  manager.ListenerWD -- sendKeys -->
20:37:18.730 INFO  manager.ListenerWD -- sendKeys -->input
20:37:18.741 INFO  manager.ListenerWD -- Before find element-->By.cssSelector: [placeholder = 'description']
20:37:18.750 INFO  manager.ListenerWD -- After find element-->By.cssSelector: [placeholder = 'description']
20:37:18.752 INFO  manager.ListenerWD -- Location of element-->input
20:37:18.760 INFO  manager.ListenerWD -- Before click element-->inputtext -->
20:37:18.789 INFO  manager.ListenerWD -- After click element-->input
20:37:18.806 INFO  manager.ListenerWD -- sendKeys -->
20:37:18.808 INFO  manager.ListenerWD -- sendKeys -->input
20:37:18.832 INFO  manager.ListenerWD -- sendKeys -->
20:37:18.835 INFO  manager.ListenerWD -- sendKeys -->input
20:37:18.850 INFO  manager.ListenerWD -- sendKeys -->
20:37:18.852 INFO  manager.ListenerWD -- sendKeys -->input
20:37:18.865 INFO  manager.ListenerWD -- Before find element-->By.cssSelector: .add_form__2rsm2>button
20:37:18.872 INFO  manager.ListenerWD -- After find element-->By.cssSelector: .add_form__2rsm2>button
20:37:18.874 INFO  manager.ListenerWD -- Location of element-->button
20:37:18.880 INFO  manager.ListenerWD -- Before click element-->buttontext -->Save
20:37:18.904 INFO  manager.ListenerWD -- After click element-->button
20:37:18.909 INFO  manager.ListenerWD -- Huston, we have a problem!
20:37:18.910 INFO  manager.ListenerWD -- Failed method:alert
20:37:18.910 INFO  manager.ListenerWD -- **********************
20:37:18.910 INFO  manager.ListenerWD -- Arguments:null
20:37:18.910 INFO  manager.ListenerWD -- **********************
20:37:18.910 INFO  manager.ListenerWD -- Exception:NoAlertPresentException
20:37:18.910 INFO  manager.ListenerWD -- **********************
20:37:18.910 INFO  manager.ListenerWD -- Messageno such alert
  (Session info: chrome=148.0.7778.179)
Build info: version: '4.26.0', revision: '8ccf0219d7'
System info: os.name: 'Windows 10', os.arch: 'amd64', os.version: '10.0', java.version: '17.0.12'
Driver info: org.openqa.selenium.chrome.ChromeDriver
Command: [6b2d4ef401df1fbf44b808aa07c35468, getAlertText {}]
Capabilities {acceptInsecureCerts: false, browserName: chrome, browserVersion: 148.0.7778.179, chrome: {chromedriverVersion: 147.0.7727.57 (b4f28b5637d0..., userDataDir: C:\Users\Nina\AppData\Local...}, fedcm:accounts: true, goog:chromeOptions: {debuggerAddress: localhost:51816}, goog:processID: 48424, networkConnectionEnabled: false, pageLoadStrategy: normal, platformName: windows, proxy: Proxy(), se:cdp: ws://localhost:51816/devtoo..., se:cdpVersion: 148.0.7778.179, setWindowRect: true, strictFileInteractability: false, timeouts: {implicit: 0, pageLoad: 300000, script: 30000}, unhandledPromptBehavior: dismiss and notify, webauthn:extension:credBlob: true, webauthn:extension:largeBlob: true, webauthn:extension:minPinLength: true, webauthn:extension:prf: true, webauthn:virtualAuthenticators: true}
Session ID: 6b2d4ef401df1fbf44b808aa07c35468
20:37:18.910 INFO  manager.ListenerWD -- **********************
20:37:18.910 INFO  manager.ListenerWD -- Screen with error is --->src/test/screenshots/screen_1110.png
20:37:19.433 INFO  tests.TestBase -- Assert check is alert present with error test 'Phone not valid' 
20:37:19.443 INFO  tests.TestBase -- Assert check Add button is active
20:37:19.443 INFO  manager.TestNGListener -- Success test -->addNewContactWrongPhone
20:37:19.443 INFO  tests.TestBase -- ==============================================
20:37:19.444 INFO  tests.TestBase -- Name of method (test)-->addNewContactWrongPhone
20:37:19.444 INFO  manager.TestNGListener -- Start test -->addNewContactWrongPhone
20:37:19.444 INFO  tests.TestBase -- Test data --> name: Tony, lastName:Molly, phone: , email: molly@gmail.com, address: Haifa, description: empty phone
20:37:19.444 INFO  manager.ListenerWD -- Before find element-->By.cssSelector: a[href='/add']
20:37:19.452 INFO  manager.ListenerWD -- After find element-->By.cssSelector: a[href='/add']
20:37:19.456 INFO  manager.ListenerWD -- Location of element-->a
20:37:19.463 INFO  manager.ListenerWD -- Before click element-->atext -->ADD
20:37:19.491 INFO  manager.ListenerWD -- After click element-->a
20:37:19.492 INFO  manager.ListenerWD -- Before find element-->By.cssSelector: [placeholder='Name']
20:37:19.499 INFO  manager.ListenerWD -- After find element-->By.cssSelector: [placeholder='Name']
20:37:19.503 INFO  manager.ListenerWD -- Location of element-->input
20:37:19.509 INFO  manager.ListenerWD -- Before click element-->inputtext -->
20:37:19.539 INFO  manager.ListenerWD -- After click element-->input
20:37:19.556 INFO  manager.ListenerWD -- sendKeys -->
20:37:19.559 INFO  manager.ListenerWD -- sendKeys -->input
20:37:19.584 INFO  manager.ListenerWD -- sendKeys -->
20:37:19.586 INFO  manager.ListenerWD -- sendKeys -->input
20:37:19.602 INFO  manager.ListenerWD -- sendKeys -->
20:37:19.604 INFO  manager.ListenerWD -- sendKeys -->input
20:37:19.617 INFO  manager.ListenerWD -- Before find element-->By.cssSelector: [placeholder='Last Name']
20:37:19.625 INFO  manager.ListenerWD -- After find element-->By.cssSelector: [placeholder='Last Name']
20:37:19.627 INFO  manager.ListenerWD -- Location of element-->input
20:37:19.634 INFO  manager.ListenerWD -- Before click element-->inputtext -->
20:37:19.666 INFO  manager.ListenerWD -- After click element-->input
20:37:19.683 INFO  manager.ListenerWD -- sendKeys -->
20:37:19.685 INFO  manager.ListenerWD -- sendKeys -->input
20:37:19.707 INFO  manager.ListenerWD -- sendKeys -->
20:37:19.712 INFO  manager.ListenerWD -- sendKeys -->input
20:37:19.729 INFO  manager.ListenerWD -- sendKeys -->
20:37:19.731 INFO  manager.ListenerWD -- sendKeys -->input
20:37:19.743 INFO  manager.ListenerWD -- Before find element-->By.cssSelector: [placeholder='Phone']
20:37:19.751 INFO  manager.ListenerWD -- After find element-->By.cssSelector: [placeholder='Phone']
20:37:19.753 INFO  manager.ListenerWD -- Location of element-->input
20:37:19.759 INFO  manager.ListenerWD -- Before click element-->inputtext -->
20:37:19.788 INFO  manager.ListenerWD -- After click element-->input
20:37:19.804 INFO  manager.ListenerWD -- sendKeys -->
20:37:19.806 INFO  manager.ListenerWD -- sendKeys -->input
20:37:19.829 INFO  manager.ListenerWD -- sendKeys -->
20:37:19.832 INFO  manager.ListenerWD -- sendKeys -->input
20:37:19.846 INFO  manager.ListenerWD -- sendKeys -->
20:37:19.849 INFO  manager.ListenerWD -- sendKeys -->input
20:37:19.859 INFO  manager.ListenerWD -- Before find element-->By.cssSelector: [placeholder='email']
20:37:19.867 INFO  manager.ListenerWD -- After find element-->By.cssSelector: [placeholder='email']
20:37:19.869 INFO  manager.ListenerWD -- Location of element-->input
20:37:19.875 INFO  manager.ListenerWD -- Before click element-->inputtext -->
20:37:19.902 INFO  manager.ListenerWD -- After click element-->input
20:37:19.919 INFO  manager.ListenerWD -- sendKeys -->
20:37:19.921 INFO  manager.ListenerWD -- sendKeys -->input
20:37:19.945 INFO  manager.ListenerWD -- sendKeys -->
20:37:19.947 INFO  manager.ListenerWD -- sendKeys -->input
20:37:19.962 INFO  manager.ListenerWD -- sendKeys -->
20:37:19.964 INFO  manager.ListenerWD -- sendKeys -->input
20:37:19.977 INFO  manager.ListenerWD -- Before find element-->By.cssSelector: [placeholder='Address']
20:37:19.984 INFO  manager.ListenerWD -- After find element-->By.cssSelector: [placeholder='Address']
20:37:19.987 INFO  manager.ListenerWD -- Location of element-->input
20:37:19.992 INFO  manager.ListenerWD -- Before click element-->inputtext -->
20:37:20.019 INFO  manager.ListenerWD -- After click element-->input
20:37:20.034 INFO  manager.ListenerWD -- sendKeys -->
20:37:20.037 INFO  manager.ListenerWD -- sendKeys -->input
20:37:20.060 INFO  manager.ListenerWD -- sendKeys -->
20:37:20.062 INFO  manager.ListenerWD -- sendKeys -->input
20:37:20.077 INFO  manager.ListenerWD -- sendKeys -->
20:37:20.079 INFO  manager.ListenerWD -- sendKeys -->input
20:37:20.091 INFO  manager.ListenerWD -- Before find element-->By.cssSelector: [placeholder = 'description']
20:37:20.099 INFO  manager.ListenerWD -- After find element-->By.cssSelector: [placeholder = 'description']
20:37:20.101 INFO  manager.ListenerWD -- Location of element-->input
20:37:20.107 INFO  manager.ListenerWD -- Before click element-->inputtext -->
20:37:20.135 INFO  manager.ListenerWD -- After click element-->input
20:37:20.152 INFO  manager.ListenerWD -- sendKeys -->
20:37:20.155 INFO  manager.ListenerWD -- sendKeys -->input
20:37:20.181 INFO  manager.ListenerWD -- sendKeys -->
20:37:20.184 INFO  manager.ListenerWD -- sendKeys -->input
20:37:20.200 INFO  manager.ListenerWD -- sendKeys -->
20:37:20.202 INFO  manager.ListenerWD -- sendKeys -->input
20:37:20.214 INFO  manager.ListenerWD -- Before find element-->By.cssSelector: .add_form__2rsm2>button
20:37:20.221 INFO  manager.ListenerWD -- After find element-->By.cssSelector: .add_form__2rsm2>button
20:37:20.223 INFO  manager.ListenerWD -- Location of element-->button
20:37:20.229 INFO  manager.ListenerWD -- Before click element-->buttontext -->Save
20:37:20.253 INFO  manager.ListenerWD -- After click element-->button
20:37:20.257 INFO  manager.ListenerWD -- Huston, we have a problem!
20:37:20.257 INFO  manager.ListenerWD -- Failed method:alert
20:37:20.257 INFO  manager.ListenerWD -- **********************
20:37:20.257 INFO  manager.ListenerWD -- Arguments:null
20:37:20.257 INFO  manager.ListenerWD -- **********************
20:37:20.257 INFO  manager.ListenerWD -- Exception:NoAlertPresentException
20:37:20.257 INFO  manager.ListenerWD -- **********************
20:37:20.257 INFO  manager.ListenerWD -- Messageno such alert
  (Session info: chrome=148.0.7778.179)
Build info: version: '4.26.0', revision: '8ccf0219d7'
System info: os.name: 'Windows 10', os.arch: 'amd64', os.version: '10.0', java.version: '17.0.12'
Driver info: org.openqa.selenium.chrome.ChromeDriver
Command: [6b2d4ef401df1fbf44b808aa07c35468, getAlertText {}]
Capabilities {acceptInsecureCerts: false, browserName: chrome, browserVersion: 148.0.7778.179, chrome: {chromedriverVersion: 147.0.7727.57 (b4f28b5637d0..., userDataDir: C:\Users\Nina\AppData\Local...}, fedcm:accounts: true, goog:chromeOptions: {debuggerAddress: localhost:51816}, goog:processID: 48424, networkConnectionEnabled: false, pageLoadStrategy: normal, platformName: windows, proxy: Proxy(), se:cdp: ws://localhost:51816/devtoo..., se:cdpVersion: 148.0.7778.179, setWindowRect: true, strictFileInteractability: false, timeouts: {implicit: 0, pageLoad: 300000, script: 30000}, unhandledPromptBehavior: dismiss and notify, webauthn:extension:credBlob: true, webauthn:extension:largeBlob: true, webauthn:extension:minPinLength: true, webauthn:extension:prf: true, webauthn:virtualAuthenticators: true}
Session ID: 6b2d4ef401df1fbf44b808aa07c35468
20:37:20.257 INFO  manager.ListenerWD -- **********************
20:37:20.257 INFO  manager.ListenerWD -- Screen with error is --->src/test/screenshots/screen_1730.png
20:37:20.780 INFO  tests.TestBase -- Assert check is alert present with error test 'Phone not valid' 
20:37:20.790 INFO  tests.TestBase -- Assert check Add button is active
20:37:20.790 INFO  manager.TestNGListener -- Success test -->addNewContactWrongPhone
20:37:20.790 INFO  tests.TestBase -- ==============================================
20:37:20.791 INFO  tests.TestBase -- Name of method (test)-->addNewContactWrongPhone
20:37:20.791 INFO  manager.TestNGListener -- Start test -->addNewContactWrongPhone
20:37:20.791 INFO  tests.TestBase -- Test data --> name: Tony, lastName:Molly, phone: , email: molly@gmail.com, address: Haifa, description: empty phone
20:37:20.791 INFO  manager.ListenerWD -- Before find element-->By.cssSelector: a[href='/add']
20:37:20.799 INFO  manager.ListenerWD -- After find element-->By.cssSelector: a[href='/add']
20:37:20.804 INFO  manager.ListenerWD -- Location of element-->a
20:37:20.812 INFO  manager.ListenerWD -- Before click element-->atext -->ADD
20:37:20.842 INFO  manager.ListenerWD -- After click element-->a
20:37:20.842 INFO  manager.ListenerWD -- Before find element-->By.cssSelector: [placeholder='Name']
20:37:20.850 INFO  manager.ListenerWD -- After find element-->By.cssSelector: [placeholder='Name']
20:37:20.854 INFO  manager.ListenerWD -- Location of element-->input
20:37:20.860 INFO  manager.ListenerWD -- Before click element-->inputtext -->
20:37:20.888 INFO  manager.ListenerWD -- After click element-->input
20:37:20.905 INFO  manager.ListenerWD -- sendKeys -->
20:37:20.909 INFO  manager.ListenerWD -- sendKeys -->input
20:37:20.933 INFO  manager.ListenerWD -- sendKeys -->
20:37:20.936 INFO  manager.ListenerWD -- sendKeys -->input
20:37:20.955 INFO  manager.ListenerWD -- sendKeys -->
20:37:20.958 INFO  manager.ListenerWD -- sendKeys -->input
20:37:20.972 INFO  manager.ListenerWD -- Before find element-->By.cssSelector: [placeholder='Last Name']
20:37:20.979 INFO  manager.ListenerWD -- After find element-->By.cssSelector: [placeholder='Last Name']
20:37:20.982 INFO  manager.ListenerWD -- Location of element-->input
20:37:20.987 INFO  manager.ListenerWD -- Before click element-->inputtext -->
20:37:21.014 INFO  manager.ListenerWD -- After click element-->input
20:37:21.029 INFO  manager.ListenerWD -- sendKeys -->
20:37:21.031 INFO  manager.ListenerWD -- sendKeys -->input
20:37:21.054 INFO  manager.ListenerWD -- sendKeys -->
20:37:21.056 INFO  manager.ListenerWD -- sendKeys -->input
20:37:21.072 INFO  manager.ListenerWD -- sendKeys -->
20:37:21.074 INFO  manager.ListenerWD -- sendKeys -->input
20:37:21.086 INFO  manager.ListenerWD -- Before find element-->By.cssSelector: [placeholder='Phone']
20:37:21.093 INFO  manager.ListenerWD -- After find element-->By.cssSelector: [placeholder='Phone']
20:37:21.095 INFO  manager.ListenerWD -- Location of element-->input
20:37:21.101 INFO  manager.ListenerWD -- Before click element-->inputtext -->
20:37:21.128 INFO  manager.ListenerWD -- After click element-->input
20:37:21.143 INFO  manager.ListenerWD -- sendKeys -->
20:37:21.145 INFO  manager.ListenerWD -- sendKeys -->input
20:37:21.162 INFO  manager.ListenerWD -- sendKeys -->
20:37:21.164 INFO  manager.ListenerWD -- sendKeys -->input
20:37:21.180 INFO  manager.ListenerWD -- sendKeys -->
20:37:21.182 INFO  manager.ListenerWD -- sendKeys -->input
20:37:21.196 INFO  manager.ListenerWD -- Before find element-->By.cssSelector: [placeholder='email']
20:37:21.203 INFO  manager.ListenerWD -- After find element-->By.cssSelector: [placeholder='email']
20:37:21.206 INFO  manager.ListenerWD -- Location of element-->input
20:37:21.212 INFO  manager.ListenerWD -- Before click element-->inputtext -->
20:37:21.240 INFO  manager.ListenerWD -- After click element-->input
20:37:21.256 INFO  manager.ListenerWD -- sendKeys -->
20:37:21.259 INFO  manager.ListenerWD -- sendKeys -->input
20:37:21.281 INFO  manager.ListenerWD -- sendKeys -->
20:37:21.284 INFO  manager.ListenerWD -- sendKeys -->input
20:37:21.300 INFO  manager.ListenerWD -- sendKeys -->
20:37:21.303 INFO  manager.ListenerWD -- sendKeys -->input
20:37:21.318 INFO  manager.ListenerWD -- Before find element-->By.cssSelector: [placeholder='Address']
20:37:21.325 INFO  manager.ListenerWD -- After find element-->By.cssSelector: [placeholder='Address']
20:37:21.328 INFO  manager.ListenerWD -- Location of element-->input
20:37:21.334 INFO  manager.ListenerWD -- Before click element-->inputtext -->
20:37:21.361 INFO  manager.ListenerWD -- After click element-->input
20:37:21.378 INFO  manager.ListenerWD -- sendKeys -->
20:37:21.380 INFO  manager.ListenerWD -- sendKeys -->input
20:37:21.404 INFO  manager.ListenerWD -- sendKeys -->
20:37:21.406 INFO  manager.ListenerWD -- sendKeys -->input
20:37:21.421 INFO  manager.ListenerWD -- sendKeys -->
20:37:21.423 INFO  manager.ListenerWD -- sendKeys -->input
20:37:21.435 INFO  manager.ListenerWD -- Before find element-->By.cssSelector: [placeholder = 'description']
20:37:21.443 INFO  manager.ListenerWD -- After find element-->By.cssSelector: [placeholder = 'description']
20:37:21.445 INFO  manager.ListenerWD -- Location of element-->input
20:37:21.452 INFO  manager.ListenerWD -- Before click element-->inputtext -->
20:37:21.478 INFO  manager.ListenerWD -- After click element-->input
20:37:21.494 INFO  manager.ListenerWD -- sendKeys -->
20:37:21.496 INFO  manager.ListenerWD -- sendKeys -->input
20:37:21.521 INFO  manager.ListenerWD -- sendKeys -->
20:37:21.523 INFO  manager.ListenerWD -- sendKeys -->input
20:37:21.538 INFO  manager.ListenerWD -- sendKeys -->
20:37:21.540 INFO  manager.ListenerWD -- sendKeys -->input
20:37:21.553 INFO  manager.ListenerWD -- Before find element-->By.cssSelector: .add_form__2rsm2>button
20:37:21.560 INFO  manager.ListenerWD -- After find element-->By.cssSelector: .add_form__2rsm2>button
20:37:21.563 INFO  manager.ListenerWD -- Location of element-->button
20:37:21.569 INFO  manager.ListenerWD -- Before click element-->buttontext -->Save
20:37:21.593 INFO  manager.ListenerWD -- After click element-->button
20:37:21.598 INFO  manager.ListenerWD -- Huston, we have a problem!
20:37:21.598 INFO  manager.ListenerWD -- Failed method:alert
20:37:21.598 INFO  manager.ListenerWD -- **********************
20:37:21.598 INFO  manager.ListenerWD -- Arguments:null
20:37:21.598 INFO  manager.ListenerWD -- **********************
20:37:21.598 INFO  manager.ListenerWD -- Exception:NoAlertPresentException
20:37:21.598 INFO  manager.ListenerWD -- **********************
20:37:21.598 INFO  manager.ListenerWD -- Messageno such alert
  (Session info: chrome=148.0.7778.179)
Build info: version: '4.26.0', revision: '8ccf0219d7'
System info: os.name: 'Windows 10', os.arch: 'amd64', os.version: '10.0', java.version: '17.0.12'
Driver info: org.openqa.selenium.chrome.ChromeDriver
Command: [6b2d4ef401df1fbf44b808aa07c35468, getAlertText {}]
Capabilities {acceptInsecureCerts: false, browserName: chrome, browserVersion: 148.0.7778.179, chrome: {chromedriverVersion: 147.0.7727.57 (b4f28b5637d0..., userDataDir: C:\Users\Nina\AppData\Local...}, fedcm:accounts: true, goog:chromeOptions: {debuggerAddress: localhost:51816}, goog:processID: 48424, networkConnectionEnabled: false, pageLoadStrategy: normal, platformName: windows, proxy: Proxy(), se:cdp: ws://localhost:51816/devtoo..., se:cdpVersion: 148.0.7778.179, setWindowRect: true, strictFileInteractability: false, timeouts: {implicit: 0, pageLoad: 300000, script: 30000}, unhandledPromptBehavior: dismiss and notify, webauthn:extension:credBlob: true, webauthn:extension:largeBlob: true, webauthn:extension:minPinLength: true, webauthn:extension:prf: true, webauthn:virtualAuthenticators: true}
Session ID: 6b2d4ef401df1fbf44b808aa07c35468
20:37:21.598 INFO  manager.ListenerWD -- **********************
20:37:21.598 INFO  manager.ListenerWD -- Screen with error is --->src/test/screenshots/screen_1949.png
20:37:22.130 INFO  tests.TestBase -- Assert check is alert present with error test 'Phone not valid' 
20:37:22.141 INFO  tests.TestBase -- Assert check Add button is active
20:37:22.141 INFO  manager.TestNGListener -- Success test -->addNewContactWrongPhone
20:37:22.142 INFO  tests.TestBase -- ==============================================
20:37:22.143 INFO  tests.TestBase -- Name of method (test)-->loginSuccess
20:37:22.156 INFO  manager.ListenerWD -- Before find element-->By.xpath: //button[text()='Sign Out']
20:37:22.168 INFO  manager.ListenerWD -- After find element-->By.xpath: //button[text()='Sign Out']
20:37:22.172 INFO  manager.ListenerWD -- Location of element-->button
20:37:22.179 INFO  manager.ListenerWD -- Before click element-->buttontext -->Sign Out
20:37:22.213 INFO  tests.TestBase -- Before method finished logout
20:37:22.214 INFO  manager.TestNGListener -- Start test -->loginSuccess
20:37:22.214 INFO  tests.TestBase -- Start test with name 'loginSuccess'
20:37:22.214 INFO  tests.TestBase -- Test data ---> email: lolik@gmail.com & password: Lolik123!
20:37:22.214 INFO  manager.ListenerWD -- Before find element-->By.cssSelector: a[href='/login']
20:37:22.223 INFO  manager.ListenerWD -- After find element-->By.cssSelector: a[href='/login']
20:37:22.225 INFO  manager.ListenerWD -- Location of element-->a
20:37:22.232 INFO  manager.ListenerWD -- Before click element-->atext -->LOGIN
20:37:22.268 INFO  manager.ListenerWD -- After click element-->a
20:37:22.268 INFO  manager.HelperBase -- Open form by ckick on button with locator a[href='/login']
20:37:22.268 INFO  manager.ListenerWD -- Before find element-->By.name: email
20:37:22.279 INFO  manager.ListenerWD -- After find element-->By.name: email
20:37:22.283 INFO  manager.ListenerWD -- Location of element-->input
20:37:22.291 INFO  manager.ListenerWD -- Before click element-->inputtext -->
20:37:22.333 INFO  manager.ListenerWD -- After click element-->input
20:37:22.350 INFO  manager.ListenerWD -- sendKeys -->
20:37:22.352 INFO  manager.ListenerWD -- sendKeys -->input
20:37:22.371 INFO  manager.ListenerWD -- sendKeys -->
20:37:22.372 INFO  manager.ListenerWD -- sendKeys -->input
20:37:22.391 INFO  manager.ListenerWD -- sendKeys -->
20:37:22.394 INFO  manager.ListenerWD -- sendKeys -->input
20:37:22.410 INFO  manager.HelperBase -- type in input with locator By.name("email") 
20:37:22.411 INFO  manager.ListenerWD -- Before find element-->By.xpath: //input[@placeholder='Password']
20:37:22.421 INFO  manager.ListenerWD -- After find element-->By.xpath: //input[@placeholder='Password']
20:37:22.425 INFO  manager.ListenerWD -- Location of element-->input
20:37:22.432 INFO  manager.ListenerWD -- Before click element-->inputtext -->
20:37:22.474 INFO  manager.ListenerWD -- After click element-->input
20:37:22.491 INFO  manager.ListenerWD -- sendKeys -->
20:37:22.493 INFO  manager.ListenerWD -- sendKeys -->input
20:37:22.514 INFO  manager.ListenerWD -- sendKeys -->
20:37:22.517 INFO  manager.ListenerWD -- sendKeys -->input
20:37:22.539 INFO  manager.ListenerWD -- sendKeys -->
20:37:22.542 INFO  manager.ListenerWD -- sendKeys -->input
20:37:22.557 INFO  manager.ListenerWD -- Before find element-->By.xpath: //button[text()='Login']
20:37:22.567 INFO  manager.ListenerWD -- After find element-->By.xpath: //button[text()='Login']
20:37:22.571 INFO  manager.ListenerWD -- Location of element-->button
20:37:22.577 INFO  manager.ListenerWD -- Before click element-->buttontext -->Login
20:37:22.929 INFO  tests.TestBase -- Assert check is element button 'Sign out' present
20:37:22.930 INFO  manager.TestNGListener -- Success test -->loginSuccess
20:37:22.930 INFO  tests.TestBase -- ==============================================
20:37:22.931 INFO  tests.TestBase -- Name of method (test)-->loginSuccess
20:37:22.938 INFO  manager.ListenerWD -- Before find element-->By.xpath: //button[text()='Sign Out']
20:37:22.946 INFO  manager.ListenerWD -- After find element-->By.xpath: //button[text()='Sign Out']
20:37:22.949 INFO  manager.ListenerWD -- Location of element-->button
20:37:22.954 INFO  manager.ListenerWD -- Before click element-->buttontext -->Sign Out
20:37:22.985 INFO  tests.TestBase -- Before method finished logout
20:37:22.986 INFO  manager.TestNGListener -- Start test -->loginSuccess
20:37:22.986 INFO  tests.TestBase -- Start test with name 'loginSuccess'
20:37:22.986 INFO  tests.TestBase -- Test data ---> email: sonya@gmail.com & password: Ss12345$
20:37:22.986 INFO  manager.ListenerWD -- Before find element-->By.cssSelector: a[href='/login']
20:37:22.994 INFO  manager.ListenerWD -- After find element-->By.cssSelector: a[href='/login']
20:37:22.998 INFO  manager.ListenerWD -- Location of element-->a
20:37:23.005 INFO  manager.ListenerWD -- Before click element-->atext -->LOGIN
20:37:23.032 INFO  manager.ListenerWD -- After click element-->a
20:37:23.032 INFO  manager.HelperBase -- Open form by ckick on button with locator a[href='/login']
20:37:23.032 INFO  manager.ListenerWD -- Before find element-->By.name: email
20:37:23.038 INFO  manager.ListenerWD -- After find element-->By.name: email
20:37:23.041 INFO  manager.ListenerWD -- Location of element-->input
20:37:23.047 INFO  manager.ListenerWD -- Before click element-->inputtext -->
20:37:23.079 INFO  manager.ListenerWD -- After click element-->input
20:37:23.094 INFO  manager.ListenerWD -- sendKeys -->
20:37:23.096 INFO  manager.ListenerWD -- sendKeys -->input
20:37:23.111 INFO  manager.ListenerWD -- sendKeys -->
20:37:23.113 INFO  manager.ListenerWD -- sendKeys -->input
20:37:23.130 INFO  manager.ListenerWD -- sendKeys -->
20:37:23.132 INFO  manager.ListenerWD -- sendKeys -->input
20:37:23.146 INFO  manager.HelperBase -- type in input with locator By.name("email") 
20:37:23.146 INFO  manager.ListenerWD -- Before find element-->By.xpath: //input[@placeholder='Password']
20:37:23.154 INFO  manager.ListenerWD -- After find element-->By.xpath: //input[@placeholder='Password']
20:37:23.156 INFO  manager.ListenerWD -- Location of element-->input
20:37:23.162 INFO  manager.ListenerWD -- Before click element-->inputtext -->
20:37:23.194 INFO  manager.ListenerWD -- After click element-->input
20:37:23.210 INFO  manager.ListenerWD -- sendKeys -->
20:37:23.212 INFO  manager.ListenerWD -- sendKeys -->input
20:37:23.227 INFO  manager.ListenerWD -- sendKeys -->
20:37:23.229 INFO  manager.ListenerWD -- sendKeys -->input
20:37:23.245 INFO  manager.ListenerWD -- sendKeys -->
20:37:23.248 INFO  manager.ListenerWD -- sendKeys -->input
20:37:23.261 INFO  manager.ListenerWD -- Before find element-->By.xpath: //button[text()='Login']
20:37:23.268 INFO  manager.ListenerWD -- After find element-->By.xpath: //button[text()='Login']
20:37:23.270 INFO  manager.ListenerWD -- Location of element-->button
20:37:23.276 INFO  manager.ListenerWD -- Before click element-->buttontext -->Login
20:37:23.623 INFO  tests.TestBase -- Assert check is element button 'Sign out' present
20:37:23.624 INFO  manager.TestNGListener -- Success test -->loginSuccess
20:37:23.624 INFO  tests.TestBase -- ==============================================
20:37:23.625 INFO  tests.TestBase -- Name of method (test)-->loginSuccess
20:37:23.636 INFO  manager.ListenerWD -- Before find element-->By.xpath: //button[text()='Sign Out']
20:37:23.648 INFO  manager.ListenerWD -- After find element-->By.xpath: //button[text()='Sign Out']
20:37:23.653 INFO  manager.ListenerWD -- Location of element-->button
20:37:23.661 INFO  manager.ListenerWD -- Before click element-->buttontext -->Sign Out
20:37:23.692 INFO  tests.TestBase -- Before method finished logout
20:37:23.692 INFO  manager.TestNGListener -- Start test -->loginSuccess
20:37:23.693 INFO  tests.TestBase -- Start test with name 'loginSuccess'
20:37:23.693 INFO  tests.TestBase -- Test data ---> email: art276@art.com & password: $Art1$2$3456789
20:37:23.693 INFO  manager.ListenerWD -- Before find element-->By.cssSelector: a[href='/login']
20:37:23.700 INFO  manager.ListenerWD -- After find element-->By.cssSelector: a[href='/login']
20:37:23.702 INFO  manager.ListenerWD -- Location of element-->a
20:37:23.709 INFO  manager.ListenerWD -- Before click element-->atext -->LOGIN
20:37:23.736 INFO  manager.ListenerWD -- After click element-->a
20:37:23.736 INFO  manager.HelperBase -- Open form by ckick on button with locator a[href='/login']
20:37:23.737 INFO  manager.ListenerWD -- Before find element-->By.name: email
20:37:23.742 INFO  manager.ListenerWD -- After find element-->By.name: email
20:37:23.745 INFO  manager.ListenerWD -- Location of element-->input
20:37:23.751 INFO  manager.ListenerWD -- Before click element-->inputtext -->
20:37:23.787 INFO  manager.ListenerWD -- After click element-->input
20:37:23.802 INFO  manager.ListenerWD -- sendKeys -->
20:37:23.805 INFO  manager.ListenerWD -- sendKeys -->input
20:37:23.820 INFO  manager.ListenerWD -- sendKeys -->
20:37:23.821 INFO  manager.ListenerWD -- sendKeys -->input
20:37:23.836 INFO  manager.ListenerWD -- sendKeys -->
20:37:23.839 INFO  manager.ListenerWD -- sendKeys -->input
20:37:23.854 INFO  manager.HelperBase -- type in input with locator By.name("email") 
20:37:23.854 INFO  manager.ListenerWD -- Before find element-->By.xpath: //input[@placeholder='Password']
20:37:23.859 INFO  manager.ListenerWD -- After find element-->By.xpath: //input[@placeholder='Password']
20:37:23.862 INFO  manager.ListenerWD -- Location of element-->input
20:37:23.868 INFO  manager.ListenerWD -- Before click element-->inputtext -->
20:37:23.901 INFO  manager.ListenerWD -- After click element-->input
20:37:23.918 INFO  manager.ListenerWD -- sendKeys -->
20:37:23.920 INFO  manager.ListenerWD -- sendKeys -->input
20:37:23.936 INFO  manager.ListenerWD -- sendKeys -->
20:37:23.940 INFO  manager.ListenerWD -- sendKeys -->input
20:37:23.956 INFO  manager.ListenerWD -- sendKeys -->
20:37:23.958 INFO  manager.ListenerWD -- sendKeys -->input
20:37:23.974 INFO  manager.ListenerWD -- Before find element-->By.xpath: //button[text()='Login']
20:37:23.980 INFO  manager.ListenerWD -- After find element-->By.xpath: //button[text()='Login']
20:37:23.984 INFO  manager.ListenerWD -- Location of element-->button
20:37:23.990 INFO  manager.ListenerWD -- Before click element-->buttontext -->Login
20:37:24.342 INFO  tests.TestBase -- Assert check is element button 'Sign out' present
20:37:24.343 INFO  manager.TestNGListener -- Success test -->loginSuccess
20:37:24.343 INFO  tests.TestBase -- ==============================================
20:37:24.344 INFO  tests.TestBase -- Name of method (test)-->loginSuccess1
20:37:24.353 INFO  manager.ListenerWD -- Before find element-->By.xpath: //button[text()='Sign Out']
20:37:24.366 INFO  manager.ListenerWD -- After find element-->By.xpath: //button[text()='Sign Out']
20:37:24.370 INFO  manager.ListenerWD -- Location of element-->button
20:37:24.375 INFO  manager.ListenerWD -- Before click element-->buttontext -->Sign Out
20:37:24.405 INFO  tests.TestBase -- Before method finished logout
20:37:24.405 INFO  manager.TestNGListener -- Start test -->loginSuccess1
20:37:24.406 INFO  manager.ListenerWD -- Before find element-->By.cssSelector: a[href='/login']
20:37:24.413 INFO  manager.ListenerWD -- After find element-->By.cssSelector: a[href='/login']
20:37:24.417 INFO  manager.ListenerWD -- Location of element-->a
20:37:24.422 INFO  manager.ListenerWD -- Before click element-->atext -->LOGIN
20:37:24.448 INFO  manager.ListenerWD -- After click element-->a
20:37:24.448 INFO  manager.HelperBase -- Open form by ckick on button with locator a[href='/login']
20:37:24.448 INFO  manager.ListenerWD -- Before find element-->By.name: email
20:37:24.454 INFO  manager.ListenerWD -- After find element-->By.name: email
20:37:24.457 INFO  manager.ListenerWD -- Location of element-->input
20:37:24.463 INFO  manager.ListenerWD -- Before click element-->inputtext -->
20:37:24.497 INFO  manager.ListenerWD -- After click element-->input
20:37:24.513 INFO  manager.ListenerWD -- sendKeys -->
20:37:24.515 INFO  manager.ListenerWD -- sendKeys -->input
20:37:24.532 INFO  manager.ListenerWD -- sendKeys -->
20:37:24.534 INFO  manager.ListenerWD -- sendKeys -->input
20:37:24.551 INFO  manager.ListenerWD -- sendKeys -->
20:37:24.553 INFO  manager.ListenerWD -- sendKeys -->input
20:37:24.566 INFO  manager.ListenerWD -- Before find element-->By.xpath: //input[@placeholder='Password']
20:37:24.574 INFO  manager.ListenerWD -- After find element-->By.xpath: //input[@placeholder='Password']
20:37:24.577 INFO  manager.ListenerWD -- Location of element-->input
20:37:24.583 INFO  manager.ListenerWD -- Before click element-->inputtext -->
20:37:24.618 INFO  manager.ListenerWD -- After click element-->input
20:37:24.633 INFO  manager.ListenerWD -- sendKeys -->
20:37:24.635 INFO  manager.ListenerWD -- sendKeys -->input
20:37:24.652 INFO  manager.ListenerWD -- sendKeys -->
20:37:24.654 INFO  manager.ListenerWD -- sendKeys -->input
20:37:24.671 INFO  manager.ListenerWD -- sendKeys -->
20:37:24.673 INFO  manager.ListenerWD -- sendKeys -->input
20:37:24.686 INFO  manager.ListenerWD -- Before find element-->By.xpath: //button[text()='Login']
20:37:24.693 INFO  manager.ListenerWD -- After find element-->By.xpath: //button[text()='Login']
20:37:24.696 INFO  manager.ListenerWD -- Location of element-->button
20:37:24.702 INFO  manager.ListenerWD -- Before click element-->buttontext -->Login
20:37:25.124 INFO  manager.TestNGListener -- Success test -->loginSuccess1
20:37:25.125 INFO  tests.TestBase -- ==============================================
20:37:25.126 INFO  tests.TestBase -- Name of method (test)-->loginSuccessModel
20:37:25.134 INFO  manager.ListenerWD -- Before find element-->By.xpath: //button[text()='Sign Out']
20:37:25.142 INFO  manager.ListenerWD -- After find element-->By.xpath: //button[text()='Sign Out']
20:37:25.146 INFO  manager.ListenerWD -- Location of element-->button
20:37:25.153 INFO  manager.ListenerWD -- Before click element-->buttontext -->Sign Out
20:37:25.192 INFO  tests.TestBase -- Before method finished logout
20:37:25.193 INFO  manager.TestNGListener -- Start test -->loginSuccessModel
20:37:25.193 INFO  tests.TestBase -- Test data---> User{email='lolik@gmail.com', password='Lolik123!'}
20:37:25.193 INFO  manager.ListenerWD -- Before find element-->By.cssSelector: a[href='/login']
20:37:25.200 INFO  manager.ListenerWD -- After find element-->By.cssSelector: a[href='/login']
20:37:25.203 INFO  manager.ListenerWD -- Location of element-->a
20:37:25.208 INFO  manager.ListenerWD -- Before click element-->atext -->LOGIN
20:37:25.234 INFO  manager.ListenerWD -- After click element-->a
20:37:25.234 INFO  manager.HelperBase -- Open form by ckick on button with locator a[href='/login']
20:37:25.235 INFO  manager.ListenerWD -- Before find element-->By.name: email
20:37:25.241 INFO  manager.ListenerWD -- After find element-->By.name: email
20:37:25.243 INFO  manager.ListenerWD -- Location of element-->input
20:37:25.249 INFO  manager.ListenerWD -- Before click element-->inputtext -->
20:37:25.282 INFO  manager.ListenerWD -- After click element-->input
20:37:25.298 INFO  manager.ListenerWD -- sendKeys -->
20:37:25.299 INFO  manager.ListenerWD -- sendKeys -->input
20:37:25.316 INFO  manager.ListenerWD -- sendKeys -->
20:37:25.318 INFO  manager.ListenerWD -- sendKeys -->input
20:37:25.334 INFO  manager.ListenerWD -- sendKeys -->
20:37:25.336 INFO  manager.ListenerWD -- sendKeys -->input
20:37:25.350 INFO  manager.ListenerWD -- Before find element-->By.xpath: //input[@placeholder='Password']
20:37:25.357 INFO  manager.ListenerWD -- After find element-->By.xpath: //input[@placeholder='Password']
20:37:25.359 INFO  manager.ListenerWD -- Location of element-->input
20:37:25.365 INFO  manager.ListenerWD -- Before click element-->inputtext -->
20:37:25.400 INFO  manager.ListenerWD -- After click element-->input
20:37:25.416 INFO  manager.ListenerWD -- sendKeys -->
20:37:25.418 INFO  manager.ListenerWD -- sendKeys -->input
20:37:25.435 INFO  manager.ListenerWD -- sendKeys -->
20:37:25.437 INFO  manager.ListenerWD -- sendKeys -->input
20:37:25.454 INFO  manager.ListenerWD -- sendKeys -->
20:37:25.457 INFO  manager.ListenerWD -- sendKeys -->input
20:37:25.473 INFO  manager.ListenerWD -- Before find element-->By.xpath: //button[text()='Login']
20:37:25.480 INFO  manager.ListenerWD -- After find element-->By.xpath: //button[text()='Login']
20:37:25.482 INFO  manager.ListenerWD -- Location of element-->button
20:37:25.488 INFO  manager.ListenerWD -- Before click element-->buttontext -->Login
20:37:25.844 INFO  tests.TestBase -- Assert check is element button 'Sign out' present
20:37:25.845 INFO  manager.TestNGListener -- Success test -->loginSuccessModel
20:37:25.845 INFO  tests.TestBase -- ==============================================
20:37:25.846 INFO  tests.TestBase -- Name of method (test)-->loginSuccessModel
20:37:25.855 INFO  manager.ListenerWD -- Before find element-->By.xpath: //button[text()='Sign Out']
20:37:25.862 INFO  manager.ListenerWD -- After find element-->By.xpath: //button[text()='Sign Out']
20:37:25.863 INFO  manager.ListenerWD -- Location of element-->button
20:37:25.869 INFO  manager.ListenerWD -- Before click element-->buttontext -->Sign Out
20:37:25.901 INFO  tests.TestBase -- Before method finished logout
20:37:25.901 INFO  manager.TestNGListener -- Start test -->loginSuccessModel
20:37:25.901 INFO  tests.TestBase -- Test data---> User{email='sonya@gmail.com', password='Ss12345$'}
20:37:25.901 INFO  manager.ListenerWD -- Before find element-->By.cssSelector: a[href='/login']
20:37:25.908 INFO  manager.ListenerWD -- After find element-->By.cssSelector: a[href='/login']
20:37:25.911 INFO  manager.ListenerWD -- Location of element-->a
20:37:25.918 INFO  manager.ListenerWD -- Before click element-->atext -->LOGIN
20:37:25.942 INFO  manager.ListenerWD -- After click element-->a
20:37:25.942 INFO  manager.HelperBase -- Open form by ckick on button with locator a[href='/login']
20:37:25.942 INFO  manager.ListenerWD -- Before find element-->By.name: email
20:37:25.949 INFO  manager.ListenerWD -- After find element-->By.name: email
20:37:25.951 INFO  manager.ListenerWD -- Location of element-->input
20:37:25.956 INFO  manager.ListenerWD -- Before click element-->inputtext -->
20:37:25.990 INFO  manager.ListenerWD -- After click element-->input
20:37:26.007 INFO  manager.ListenerWD -- sendKeys -->
20:37:26.009 INFO  manager.ListenerWD -- sendKeys -->input
20:37:26.025 INFO  manager.ListenerWD -- sendKeys -->
20:37:26.027 INFO  manager.ListenerWD -- sendKeys -->input
20:37:26.042 INFO  manager.ListenerWD -- sendKeys -->
20:37:26.043 INFO  manager.ListenerWD -- sendKeys -->input
20:37:26.057 INFO  manager.ListenerWD -- Before find element-->By.xpath: //input[@placeholder='Password']
20:37:26.064 INFO  manager.ListenerWD -- After find element-->By.xpath: //input[@placeholder='Password']
20:37:26.067 INFO  manager.ListenerWD -- Location of element-->input
20:37:26.073 INFO  manager.ListenerWD -- Before click element-->inputtext -->
20:37:26.106 INFO  manager.ListenerWD -- After click element-->input
20:37:26.121 INFO  manager.ListenerWD -- sendKeys -->
20:37:26.124 INFO  manager.ListenerWD -- sendKeys -->input
20:37:26.139 INFO  manager.ListenerWD -- sendKeys -->
20:37:26.140 INFO  manager.ListenerWD -- sendKeys -->input
20:37:26.157 INFO  manager.ListenerWD -- sendKeys -->
20:37:26.159 INFO  manager.ListenerWD -- sendKeys -->input
20:37:26.172 INFO  manager.ListenerWD -- Before find element-->By.xpath: //button[text()='Login']
20:37:26.178 INFO  manager.ListenerWD -- After find element-->By.xpath: //button[text()='Login']
20:37:26.181 INFO  manager.ListenerWD -- Location of element-->button
20:37:26.187 INFO  manager.ListenerWD -- Before click element-->buttontext -->Login
20:37:26.539 INFO  tests.TestBase -- Assert check is element button 'Sign out' present
20:37:26.539 INFO  manager.TestNGListener -- Success test -->loginSuccessModel
20:37:26.539 INFO  tests.TestBase -- ==============================================
20:37:26.540 INFO  tests.TestBase -- Name of method (test)-->loginSuccessModelDPF
20:37:26.550 INFO  manager.ListenerWD -- Before find element-->By.xpath: //button[text()='Sign Out']
20:37:26.556 INFO  manager.ListenerWD -- After find element-->By.xpath: //button[text()='Sign Out']
20:37:26.560 INFO  manager.ListenerWD -- Location of element-->button
20:37:26.566 INFO  manager.ListenerWD -- Before click element-->buttontext -->Sign Out
20:37:26.597 INFO  tests.TestBase -- Before method finished logout
20:37:26.598 INFO  manager.TestNGListener -- Start test -->loginSuccessModelDPF
20:37:26.598 INFO  tests.TestBase -- Test data---> User{email='lolik@gmail.com', password='Lolik123!'}
20:37:26.598 INFO  manager.ListenerWD -- Before find element-->By.cssSelector: a[href='/login']
20:37:26.605 INFO  manager.ListenerWD -- After find element-->By.cssSelector: a[href='/login']
20:37:26.607 INFO  manager.ListenerWD -- Location of element-->a
20:37:26.612 INFO  manager.ListenerWD -- Before click element-->atext -->LOGIN
20:37:26.639 INFO  manager.ListenerWD -- After click element-->a
20:37:26.639 INFO  manager.HelperBase -- Open form by ckick on button with locator a[href='/login']
20:37:26.639 INFO  manager.ListenerWD -- Before find element-->By.name: email
20:37:26.646 INFO  manager.ListenerWD -- After find element-->By.name: email
20:37:26.649 INFO  manager.ListenerWD -- Location of element-->input
20:37:26.655 INFO  manager.ListenerWD -- Before click element-->inputtext -->
20:37:26.691 INFO  manager.ListenerWD -- After click element-->input
20:37:26.706 INFO  manager.ListenerWD -- sendKeys -->
20:37:26.708 INFO  manager.ListenerWD -- sendKeys -->input
20:37:26.725 INFO  manager.ListenerWD -- sendKeys -->
20:37:26.727 INFO  manager.ListenerWD -- sendKeys -->input
20:37:26.745 INFO  manager.ListenerWD -- sendKeys -->
20:37:26.748 INFO  manager.ListenerWD -- sendKeys -->input
20:37:26.762 INFO  manager.ListenerWD -- Before find element-->By.xpath: //input[@placeholder='Password']
20:37:26.768 INFO  manager.ListenerWD -- After find element-->By.xpath: //input[@placeholder='Password']
20:37:26.771 INFO  manager.ListenerWD -- Location of element-->input
20:37:26.777 INFO  manager.ListenerWD -- Before click element-->inputtext -->
20:37:26.811 INFO  manager.ListenerWD -- After click element-->input
20:37:26.826 INFO  manager.ListenerWD -- sendKeys -->
20:37:26.829 INFO  manager.ListenerWD -- sendKeys -->input
20:37:26.846 INFO  manager.ListenerWD -- sendKeys -->
20:37:26.848 INFO  manager.ListenerWD -- sendKeys -->input
20:37:26.865 INFO  manager.ListenerWD -- sendKeys -->
20:37:26.868 INFO  manager.ListenerWD -- sendKeys -->input
20:37:26.881 INFO  manager.ListenerWD -- Before find element-->By.xpath: //button[text()='Login']
20:37:26.888 INFO  manager.ListenerWD -- After find element-->By.xpath: //button[text()='Login']
20:37:26.891 INFO  manager.ListenerWD -- Location of element-->button
20:37:26.896 INFO  manager.ListenerWD -- Before click element-->buttontext -->Login
20:37:27.240 INFO  tests.TestBase -- Assert check is element button 'Sign out' present
20:37:27.241 INFO  manager.TestNGListener -- Success test -->loginSuccessModelDPF
20:37:27.241 INFO  tests.TestBase -- ==============================================
20:37:27.242 INFO  tests.TestBase -- Name of method (test)-->loginSuccessModelDPF
20:37:27.253 INFO  manager.ListenerWD -- Before find element-->By.xpath: //button[text()='Sign Out']
20:37:27.260 INFO  manager.ListenerWD -- After find element-->By.xpath: //button[text()='Sign Out']
20:37:27.263 INFO  manager.ListenerWD -- Location of element-->button
20:37:27.271 INFO  manager.ListenerWD -- Before click element-->buttontext -->Sign Out
20:37:27.299 INFO  tests.TestBase -- Before method finished logout
20:37:27.299 INFO  manager.TestNGListener -- Start test -->loginSuccessModelDPF
20:37:27.299 INFO  tests.TestBase -- Test data---> User{email='sonya@gmail.com', password='Ss12345$'}
20:37:27.299 INFO  manager.ListenerWD -- Before find element-->By.cssSelector: a[href='/login']
20:37:27.306 INFO  manager.ListenerWD -- After find element-->By.cssSelector: a[href='/login']
20:37:27.309 INFO  manager.ListenerWD -- Location of element-->a
20:37:27.314 INFO  manager.ListenerWD -- Before click element-->atext -->LOGIN
20:37:27.340 INFO  manager.ListenerWD -- After click element-->a
20:37:27.340 INFO  manager.HelperBase -- Open form by ckick on button with locator a[href='/login']
20:37:27.340 INFO  manager.ListenerWD -- Before find element-->By.name: email
20:37:27.347 INFO  manager.ListenerWD -- After find element-->By.name: email
20:37:27.349 INFO  manager.ListenerWD -- Location of element-->input
20:37:27.355 INFO  manager.ListenerWD -- Before click element-->inputtext -->
20:37:27.388 INFO  manager.ListenerWD -- After click element-->input
20:37:27.404 INFO  manager.ListenerWD -- sendKeys -->
20:37:27.407 INFO  manager.ListenerWD -- sendKeys -->input
20:37:27.423 INFO  manager.ListenerWD -- sendKeys -->
20:37:27.425 INFO  manager.ListenerWD -- sendKeys -->input
20:37:27.441 INFO  manager.ListenerWD -- sendKeys -->
20:37:27.443 INFO  manager.ListenerWD -- sendKeys -->input
20:37:27.457 INFO  manager.ListenerWD -- Before find element-->By.xpath: //input[@placeholder='Password']
20:37:27.464 INFO  manager.ListenerWD -- After find element-->By.xpath: //input[@placeholder='Password']
20:37:27.467 INFO  manager.ListenerWD -- Location of element-->input
20:37:27.472 INFO  manager.ListenerWD -- Before click element-->inputtext -->
20:37:27.507 INFO  manager.ListenerWD -- After click element-->input
20:37:27.523 INFO  manager.ListenerWD -- sendKeys -->
20:37:27.526 INFO  manager.ListenerWD -- sendKeys -->input
20:37:27.544 INFO  manager.ListenerWD -- sendKeys -->
20:37:27.546 INFO  manager.ListenerWD -- sendKeys -->input
20:37:27.563 INFO  manager.ListenerWD -- sendKeys -->
20:37:27.565 INFO  manager.ListenerWD -- sendKeys -->input
20:37:27.579 INFO  manager.ListenerWD -- Before find element-->By.xpath: //button[text()='Login']
20:37:27.589 INFO  manager.ListenerWD -- After find element-->By.xpath: //button[text()='Login']
20:37:27.592 INFO  manager.ListenerWD -- Location of element-->button
20:37:27.601 INFO  manager.ListenerWD -- Before click element-->buttontext -->Login
20:37:27.956 INFO  tests.TestBase -- Assert check is element button 'Sign out' present
20:37:27.956 INFO  manager.TestNGListener -- Success test -->loginSuccessModelDPF
20:37:27.957 INFO  tests.TestBase -- ==============================================
20:37:27.958 INFO  tests.TestBase -- Name of method (test)-->loginSuccessModelDPF
20:37:27.968 INFO  manager.ListenerWD -- Before find element-->By.xpath: //button[text()='Sign Out']
20:37:27.974 INFO  manager.ListenerWD -- After find element-->By.xpath: //button[text()='Sign Out']
20:37:27.978 INFO  manager.ListenerWD -- Location of element-->button
20:37:27.984 INFO  manager.ListenerWD -- Before click element-->buttontext -->Sign Out
20:37:28.014 INFO  tests.TestBase -- Before method finished logout
20:37:28.014 INFO  manager.TestNGListener -- Start test -->loginSuccessModelDPF
20:37:28.014 INFO  tests.TestBase -- Test data---> User{email='lolik@gmail.com', password='Lolik123!'}
20:37:28.014 INFO  manager.ListenerWD -- Before find element-->By.cssSelector: a[href='/login']
20:37:28.022 INFO  manager.ListenerWD -- After find element-->By.cssSelector: a[href='/login']
20:37:28.025 INFO  manager.ListenerWD -- Location of element-->a
20:37:28.032 INFO  manager.ListenerWD -- Before click element-->atext -->LOGIN
20:37:28.063 INFO  manager.ListenerWD -- After click element-->a
20:37:28.063 INFO  manager.HelperBase -- Open form by ckick on button with locator a[href='/login']
20:37:28.063 INFO  manager.ListenerWD -- Before find element-->By.name: email
20:37:28.070 INFO  manager.ListenerWD -- After find element-->By.name: email
20:37:28.073 INFO  manager.ListenerWD -- Location of element-->input
20:37:28.078 INFO  manager.ListenerWD -- Before click element-->inputtext -->
20:37:28.114 INFO  manager.ListenerWD -- After click element-->input
20:37:28.129 INFO  manager.ListenerWD -- sendKeys -->
20:37:28.131 INFO  manager.ListenerWD -- sendKeys -->input
20:37:28.147 INFO  manager.ListenerWD -- sendKeys -->
20:37:28.149 INFO  manager.ListenerWD -- sendKeys -->input
20:37:28.165 INFO  manager.ListenerWD -- sendKeys -->
20:37:28.167 INFO  manager.ListenerWD -- sendKeys -->input
20:37:28.182 INFO  manager.ListenerWD -- Before find element-->By.xpath: //input[@placeholder='Password']
20:37:28.189 INFO  manager.ListenerWD -- After find element-->By.xpath: //input[@placeholder='Password']
20:37:28.192 INFO  manager.ListenerWD -- Location of element-->input
20:37:28.198 INFO  manager.ListenerWD -- Before click element-->inputtext -->
20:37:28.231 INFO  manager.ListenerWD -- After click element-->input
20:37:28.247 INFO  manager.ListenerWD -- sendKeys -->
20:37:28.249 INFO  manager.ListenerWD -- sendKeys -->input
20:37:28.265 INFO  manager.ListenerWD -- sendKeys -->
20:37:28.268 INFO  manager.ListenerWD -- sendKeys -->input
20:37:28.284 INFO  manager.ListenerWD -- sendKeys -->
20:37:28.286 INFO  manager.ListenerWD -- sendKeys -->input
20:37:28.299 INFO  manager.ListenerWD -- Before find element-->By.xpath: //button[text()='Login']
20:37:28.306 INFO  manager.ListenerWD -- After find element-->By.xpath: //button[text()='Login']
20:37:28.308 INFO  manager.ListenerWD -- Location of element-->button
20:37:28.315 INFO  manager.ListenerWD -- Before click element-->buttontext -->Login
20:37:28.673 INFO  tests.TestBase -- Assert check is element button 'Sign out' present
20:37:28.673 INFO  manager.TestNGListener -- Success test -->loginSuccessModelDPF
20:37:28.674 INFO  tests.TestBase -- ==============================================
20:37:28.675 INFO  tests.TestBase -- Name of method (test)-->loginUnregisteredUser
20:37:28.684 INFO  manager.ListenerWD -- Before find element-->By.xpath: //button[text()='Sign Out']
20:37:28.692 INFO  manager.ListenerWD -- After find element-->By.xpath: //button[text()='Sign Out']
20:37:28.695 INFO  manager.ListenerWD -- Location of element-->button
20:37:28.702 INFO  manager.ListenerWD -- Before click element-->buttontext -->Sign Out
20:37:28.732 INFO  tests.TestBase -- Before method finished logout
20:37:28.732 INFO  manager.TestNGListener -- Start test -->loginUnregisteredUser
20:37:28.732 INFO  tests.TestBase -- Test data --> email:'loli_k@mail.ru & password: Lolik123!
20:37:28.732 INFO  manager.ListenerWD -- Before find element-->By.cssSelector: a[href='/login']
20:37:28.740 INFO  manager.ListenerWD -- After find element-->By.cssSelector: a[href='/login']
20:37:28.742 INFO  manager.ListenerWD -- Location of element-->a
20:37:28.748 INFO  manager.ListenerWD -- Before click element-->atext -->LOGIN
20:37:28.775 INFO  manager.ListenerWD -- After click element-->a
20:37:28.775 INFO  manager.HelperBase -- Open form by ckick on button with locator a[href='/login']
20:37:28.775 INFO  manager.ListenerWD -- Before find element-->By.name: email
20:37:28.781 INFO  manager.ListenerWD -- After find element-->By.name: email
20:37:28.783 INFO  manager.ListenerWD -- Location of element-->input
20:37:28.789 INFO  manager.ListenerWD -- Before click element-->inputtext -->
20:37:28.824 INFO  manager.ListenerWD -- After click element-->input
20:37:28.840 INFO  manager.ListenerWD -- sendKeys -->
20:37:28.842 INFO  manager.ListenerWD -- sendKeys -->input
20:37:28.857 INFO  manager.ListenerWD -- sendKeys -->
20:37:28.859 INFO  manager.ListenerWD -- sendKeys -->input
20:37:28.874 INFO  manager.ListenerWD -- sendKeys -->
20:37:28.876 INFO  manager.ListenerWD -- sendKeys -->input
20:37:28.889 INFO  manager.HelperBase -- type in input with locator By.name("email") 
20:37:28.890 INFO  manager.ListenerWD -- Before find element-->By.xpath: //input[@placeholder='Password']
20:37:28.896 INFO  manager.ListenerWD -- After find element-->By.xpath: //input[@placeholder='Password']
20:37:28.898 INFO  manager.ListenerWD -- Location of element-->input
20:37:28.904 INFO  manager.ListenerWD -- Before click element-->inputtext -->
20:37:28.939 INFO  manager.ListenerWD -- After click element-->input
20:37:28.954 INFO  manager.ListenerWD -- sendKeys -->
20:37:28.958 INFO  manager.ListenerWD -- sendKeys -->input
20:37:28.975 INFO  manager.ListenerWD -- sendKeys -->
20:37:28.977 INFO  manager.ListenerWD -- sendKeys -->input
20:37:28.993 INFO  manager.ListenerWD -- sendKeys -->
20:37:28.995 INFO  manager.ListenerWD -- sendKeys -->input
20:37:29.008 INFO  manager.ListenerWD -- Before find element-->By.xpath: //button[text()='Login']
20:37:29.014 INFO  manager.ListenerWD -- After find element-->By.xpath: //button[text()='Login']
20:37:29.018 INFO  manager.ListenerWD -- Location of element-->button
20:37:29.023 INFO  manager.ListenerWD -- Before click element-->buttontext -->Login
20:37:29.055 INFO  manager.ListenerWD -- Huston, we have a problem!
20:37:29.055 INFO  manager.ListenerWD -- Failed method:alert
20:37:29.055 INFO  manager.ListenerWD -- **********************
20:37:29.055 INFO  manager.ListenerWD -- Arguments:null
20:37:29.055 INFO  manager.ListenerWD -- **********************
20:37:29.055 INFO  manager.ListenerWD -- Exception:NoAlertPresentException
20:37:29.055 INFO  manager.ListenerWD -- **********************
20:37:29.055 INFO  manager.ListenerWD -- Messageno such alert
  (Session info: chrome=148.0.7778.179)
Build info: version: '4.26.0', revision: '8ccf0219d7'
System info: os.name: 'Windows 10', os.arch: 'amd64', os.version: '10.0', java.version: '17.0.12'
Driver info: org.openqa.selenium.chrome.ChromeDriver
Command: [6b2d4ef401df1fbf44b808aa07c35468, getAlertText {}]
Capabilities {acceptInsecureCerts: false, browserName: chrome, browserVersion: 148.0.7778.179, chrome: {chromedriverVersion: 147.0.7727.57 (b4f28b5637d0..., userDataDir: C:\Users\Nina\AppData\Local...}, fedcm:accounts: true, goog:chromeOptions: {debuggerAddress: localhost:51816}, goog:processID: 48424, networkConnectionEnabled: false, pageLoadStrategy: normal, platformName: windows, proxy: Proxy(), se:cdp: ws://localhost:51816/devtoo..., se:cdpVersion: 148.0.7778.179, setWindowRect: true, strictFileInteractability: false, timeouts: {implicit: 0, pageLoad: 300000, script: 30000}, unhandledPromptBehavior: dismiss and notify, webauthn:extension:credBlob: true, webauthn:extension:largeBlob: true, webauthn:extension:minPinLength: true, webauthn:extension:prf: true, webauthn:virtualAuthenticators: true}
Session ID: 6b2d4ef401df1fbf44b808aa07c35468
20:37:29.055 INFO  manager.ListenerWD -- **********************
20:37:29.055 INFO  manager.ListenerWD -- Screen with error is --->src/test/screenshots/screen_1493.png
20:37:29.581 INFO  tests.TestBase -- Assert check is alert present with error test 'Wrong email or password' 
20:37:29.582 INFO  manager.TestNGListener -- Success test -->loginUnregisteredUser
20:37:29.582 INFO  tests.TestBase -- ==============================================
20:37:29.583 INFO  tests.TestBase -- Name of method (test)-->loginWrongEmail
20:37:34.617 INFO  manager.TestNGListener -- Start test -->loginWrongEmail
20:37:34.617 INFO  tests.TestBase -- Test data --> email:'lolikgmail.com & password: Lolik123!
20:37:34.617 INFO  manager.ListenerWD -- Before find element-->By.cssSelector: a[href='/login']
20:37:34.626 INFO  manager.ListenerWD -- After find element-->By.cssSelector: a[href='/login']
20:37:34.628 INFO  manager.ListenerWD -- Location of element-->a
20:37:34.635 INFO  manager.ListenerWD -- Before click element-->atext -->LOGIN
20:37:34.665 INFO  manager.ListenerWD -- After click element-->a
20:37:34.665 INFO  manager.HelperBase -- Open form by ckick on button with locator a[href='/login']
20:37:34.665 INFO  manager.ListenerWD -- Before find element-->By.name: email
20:37:34.672 INFO  manager.ListenerWD -- After find element-->By.name: email
20:37:34.674 INFO  manager.ListenerWD -- Location of element-->input
20:37:34.683 INFO  manager.ListenerWD -- Before click element-->inputtext -->
20:37:34.715 INFO  manager.ListenerWD -- After click element-->input
20:37:34.730 INFO  manager.ListenerWD -- sendKeys -->
20:37:34.733 INFO  manager.ListenerWD -- sendKeys -->input
20:37:34.757 INFO  manager.ListenerWD -- sendKeys -->
20:37:34.760 INFO  manager.ListenerWD -- sendKeys -->input
20:37:34.776 INFO  manager.ListenerWD -- sendKeys -->
20:37:34.778 INFO  manager.ListenerWD -- sendKeys -->input
20:37:34.790 INFO  manager.HelperBase -- type in input with locator By.name("email") 
20:37:34.790 INFO  manager.ListenerWD -- Before find element-->By.xpath: //input[@placeholder='Password']
20:37:34.797 INFO  manager.ListenerWD -- After find element-->By.xpath: //input[@placeholder='Password']
20:37:34.799 INFO  manager.ListenerWD -- Location of element-->input
20:37:34.804 INFO  manager.ListenerWD -- Before click element-->inputtext -->
20:37:34.832 INFO  manager.ListenerWD -- After click element-->input
20:37:34.847 INFO  manager.ListenerWD -- sendKeys -->
20:37:34.849 INFO  manager.ListenerWD -- sendKeys -->input
20:37:34.872 INFO  manager.ListenerWD -- sendKeys -->
20:37:34.874 INFO  manager.ListenerWD -- sendKeys -->input
20:37:34.889 INFO  manager.ListenerWD -- sendKeys -->
20:37:34.891 INFO  manager.ListenerWD -- sendKeys -->input
20:37:34.903 INFO  manager.ListenerWD -- Before find element-->By.xpath: //button[text()='Login']
20:37:34.910 INFO  manager.ListenerWD -- After find element-->By.xpath: //button[text()='Login']
20:37:34.912 INFO  manager.ListenerWD -- Location of element-->button
20:37:34.917 INFO  manager.ListenerWD -- Before click element-->buttontext -->Login
20:37:34.948 INFO  manager.ListenerWD -- Huston, we have a problem!
20:37:34.948 INFO  manager.ListenerWD -- Failed method:alert
20:37:34.948 INFO  manager.ListenerWD -- **********************
20:37:34.948 INFO  manager.ListenerWD -- Arguments:null
20:37:34.948 INFO  manager.ListenerWD -- **********************
20:37:34.948 INFO  manager.ListenerWD -- Exception:NoAlertPresentException
20:37:34.948 INFO  manager.ListenerWD -- **********************
20:37:34.948 INFO  manager.ListenerWD -- Messageno such alert
  (Session info: chrome=148.0.7778.179)
Build info: version: '4.26.0', revision: '8ccf0219d7'
System info: os.name: 'Windows 10', os.arch: 'amd64', os.version: '10.0', java.version: '17.0.12'
Driver info: org.openqa.selenium.chrome.ChromeDriver
Command: [6b2d4ef401df1fbf44b808aa07c35468, getAlertText {}]
Capabilities {acceptInsecureCerts: false, browserName: chrome, browserVersion: 148.0.7778.179, chrome: {chromedriverVersion: 147.0.7727.57 (b4f28b5637d0..., userDataDir: C:\Users\Nina\AppData\Local...}, fedcm:accounts: true, goog:chromeOptions: {debuggerAddress: localhost:51816}, goog:processID: 48424, networkConnectionEnabled: false, pageLoadStrategy: normal, platformName: windows, proxy: Proxy(), se:cdp: ws://localhost:51816/devtoo..., se:cdpVersion: 148.0.7778.179, setWindowRect: true, strictFileInteractability: false, timeouts: {implicit: 0, pageLoad: 300000, script: 30000}, unhandledPromptBehavior: dismiss and notify, webauthn:extension:credBlob: true, webauthn:extension:largeBlob: true, webauthn:extension:minPinLength: true, webauthn:extension:prf: true, webauthn:virtualAuthenticators: true}
Session ID: 6b2d4ef401df1fbf44b808aa07c35468
20:37:34.948 INFO  manager.ListenerWD -- **********************
20:37:34.948 INFO  manager.ListenerWD -- Screen with error is --->src/test/screenshots/screen_1955.png
20:37:35.468 INFO  tests.TestBase -- Assert check is alert present with error test 'Wrong email or password' 
20:37:35.468 INFO  manager.TestNGListener -- Success test -->loginWrongEmail
20:37:35.469 INFO  tests.TestBase -- ==============================================
20:37:35.469 INFO  tests.TestBase -- Name of method (test)-->loginWrongPassword
20:37:40.516 INFO  manager.TestNGListener -- Start test -->loginWrongPassword
20:37:40.517 INFO  tests.TestBase -- Test data --> email:'lolik@gmail.com & password: Lolik123
20:37:40.517 INFO  manager.ListenerWD -- Before find element-->By.cssSelector: a[href='/login']
20:37:40.526 INFO  manager.ListenerWD -- After find element-->By.cssSelector: a[href='/login']
20:37:40.530 INFO  manager.ListenerWD -- Location of element-->a
20:37:40.538 INFO  manager.ListenerWD -- Before click element-->atext -->LOGIN
20:37:40.569 INFO  manager.ListenerWD -- After click element-->a
20:37:40.569 INFO  manager.HelperBase -- Open form by ckick on button with locator a[href='/login']
20:37:40.570 INFO  manager.ListenerWD -- Before find element-->By.name: email
20:37:40.577 INFO  manager.ListenerWD -- After find element-->By.name: email
20:37:40.579 INFO  manager.ListenerWD -- Location of element-->input
20:37:40.585 INFO  manager.ListenerWD -- Before click element-->inputtext -->
20:37:40.614 INFO  manager.ListenerWD -- After click element-->input
20:37:40.630 INFO  manager.ListenerWD -- sendKeys -->
20:37:40.633 INFO  manager.ListenerWD -- sendKeys -->input
20:37:40.655 INFO  manager.ListenerWD -- sendKeys -->
20:37:40.657 INFO  manager.ListenerWD -- sendKeys -->input
20:37:40.671 INFO  manager.ListenerWD -- sendKeys -->
20:37:40.673 INFO  manager.ListenerWD -- sendKeys -->input
20:37:40.686 INFO  manager.HelperBase -- type in input with locator By.name("email") 
20:37:40.687 INFO  manager.ListenerWD -- Before find element-->By.xpath: //input[@placeholder='Password']
20:37:40.693 INFO  manager.ListenerWD -- After find element-->By.xpath: //input[@placeholder='Password']
20:37:40.696 INFO  manager.ListenerWD -- Location of element-->input
20:37:40.701 INFO  manager.ListenerWD -- Before click element-->inputtext -->
20:37:40.730 INFO  manager.ListenerWD -- After click element-->input
20:37:40.745 INFO  manager.ListenerWD -- sendKeys -->
20:37:40.747 INFO  manager.ListenerWD -- sendKeys -->input
20:37:40.770 INFO  manager.ListenerWD -- sendKeys -->
20:37:40.772 INFO  manager.ListenerWD -- sendKeys -->input
20:37:40.787 INFO  manager.ListenerWD -- sendKeys -->
20:37:40.789 INFO  manager.ListenerWD -- sendKeys -->input
20:37:40.801 INFO  manager.ListenerWD -- Before find element-->By.xpath: //button[text()='Login']
20:37:40.808 INFO  manager.ListenerWD -- After find element-->By.xpath: //button[text()='Login']
20:37:40.810 INFO  manager.ListenerWD -- Location of element-->button
20:37:40.815 INFO  manager.ListenerWD -- Before click element-->buttontext -->Login
20:37:40.846 INFO  manager.ListenerWD -- Huston, we have a problem!
20:37:40.846 INFO  manager.ListenerWD -- Failed method:alert
20:37:40.846 INFO  manager.ListenerWD -- **********************
20:37:40.846 INFO  manager.ListenerWD -- Arguments:null
20:37:40.846 INFO  manager.ListenerWD -- **********************
20:37:40.846 INFO  manager.ListenerWD -- Exception:NoAlertPresentException
20:37:40.846 INFO  manager.ListenerWD -- **********************
20:37:40.846 INFO  manager.ListenerWD -- Messageno such alert
  (Session info: chrome=148.0.7778.179)
Build info: version: '4.26.0', revision: '8ccf0219d7'
System info: os.name: 'Windows 10', os.arch: 'amd64', os.version: '10.0', java.version: '17.0.12'
Driver info: org.openqa.selenium.chrome.ChromeDriver
Command: [6b2d4ef401df1fbf44b808aa07c35468, getAlertText {}]
Capabilities {acceptInsecureCerts: false, browserName: chrome, browserVersion: 148.0.7778.179, chrome: {chromedriverVersion: 147.0.7727.57 (b4f28b5637d0..., userDataDir: C:\Users\Nina\AppData\Local...}, fedcm:accounts: true, goog:chromeOptions: {debuggerAddress: localhost:51816}, goog:processID: 48424, networkConnectionEnabled: false, pageLoadStrategy: normal, platformName: windows, proxy: Proxy(), se:cdp: ws://localhost:51816/devtoo..., se:cdpVersion: 148.0.7778.179, setWindowRect: true, strictFileInteractability: false, timeouts: {implicit: 0, pageLoad: 300000, script: 30000}, unhandledPromptBehavior: dismiss and notify, webauthn:extension:credBlob: true, webauthn:extension:largeBlob: true, webauthn:extension:minPinLength: true, webauthn:extension:prf: true, webauthn:virtualAuthenticators: true}
Session ID: 6b2d4ef401df1fbf44b808aa07c35468
20:37:40.846 INFO  manager.ListenerWD -- **********************
20:37:40.846 INFO  manager.ListenerWD -- Screen with error is --->src/test/screenshots/screen_1043.png
20:37:41.374 INFO  tests.TestBase -- Assert check is alert present with error test 'Wrong email or password' 
20:37:41.374 INFO  manager.TestNGListener -- Success test -->loginWrongPassword
20:37:41.375 INFO  tests.TestBase -- ==============================================
20:37:41.375 INFO  tests.TestBase -- Name of method (test)-->registrationExistsUser
20:37:46.413 INFO  manager.TestNGListener -- Start test -->registrationExistsUser
20:37:46.413 INFO  tests.TestBase -- Test data --> email:'margo@gmail.com & password: Mmar123456$
20:37:46.413 INFO  manager.ListenerWD -- Before find element-->By.cssSelector: a[href='/login']
20:37:46.422 INFO  manager.ListenerWD -- After find element-->By.cssSelector: a[href='/login']
20:37:46.425 INFO  manager.ListenerWD -- Location of element-->a
20:37:46.434 INFO  manager.ListenerWD -- Before click element-->atext -->LOGIN
20:37:46.463 INFO  manager.ListenerWD -- After click element-->a
20:37:46.463 INFO  manager.HelperBase -- Open form by ckick on button with locator a[href='/login']
20:37:46.463 INFO  manager.ListenerWD -- Before find element-->By.name: email
20:37:46.470 INFO  manager.ListenerWD -- After find element-->By.name: email
20:37:46.472 INFO  manager.ListenerWD -- Location of element-->input
20:37:46.477 INFO  manager.ListenerWD -- Before click element-->inputtext -->
20:37:46.504 INFO  manager.ListenerWD -- After click element-->input
20:37:46.519 INFO  manager.ListenerWD -- sendKeys -->
20:37:46.520 INFO  manager.ListenerWD -- sendKeys -->input
20:37:46.544 INFO  manager.ListenerWD -- sendKeys -->
20:37:46.547 INFO  manager.ListenerWD -- sendKeys -->input
20:37:46.562 INFO  manager.ListenerWD -- sendKeys -->
20:37:46.564 INFO  manager.ListenerWD -- sendKeys -->input
20:37:46.578 INFO  manager.ListenerWD -- Before find element-->By.xpath: //input[@placeholder='Password']
20:37:46.585 INFO  manager.ListenerWD -- After find element-->By.xpath: //input[@placeholder='Password']
20:37:46.587 INFO  manager.ListenerWD -- Location of element-->input
20:37:46.593 INFO  manager.ListenerWD -- Before click element-->inputtext -->
20:37:46.626 INFO  manager.ListenerWD -- After click element-->input
20:37:46.642 INFO  manager.ListenerWD -- sendKeys -->
20:37:46.644 INFO  manager.ListenerWD -- sendKeys -->input
20:37:46.668 INFO  manager.ListenerWD -- sendKeys -->
20:37:46.670 INFO  manager.ListenerWD -- sendKeys -->input
20:37:46.685 INFO  manager.ListenerWD -- sendKeys -->
20:37:46.687 INFO  manager.ListenerWD -- sendKeys -->input
20:37:46.700 INFO  manager.ListenerWD -- Before find element-->By.xpath: //button[text()='Registration']
20:37:46.708 INFO  manager.ListenerWD -- After find element-->By.xpath: //button[text()='Registration']
20:37:46.711 INFO  manager.ListenerWD -- Location of element-->button
20:37:46.718 INFO  manager.ListenerWD -- Before click element-->buttontext -->Registration
20:37:46.749 INFO  manager.ListenerWD -- Huston, we have a problem!
20:37:46.749 INFO  manager.ListenerWD -- Failed method:alert
20:37:46.749 INFO  manager.ListenerWD -- **********************
20:37:46.749 INFO  manager.ListenerWD -- Arguments:null
20:37:46.749 INFO  manager.ListenerWD -- **********************
20:37:46.749 INFO  manager.ListenerWD -- Exception:NoAlertPresentException
20:37:46.749 INFO  manager.ListenerWD -- **********************
20:37:46.750 INFO  manager.ListenerWD -- Messageno such alert
  (Session info: chrome=148.0.7778.179)
Build info: version: '4.26.0', revision: '8ccf0219d7'
System info: os.name: 'Windows 10', os.arch: 'amd64', os.version: '10.0', java.version: '17.0.12'
Driver info: org.openqa.selenium.chrome.ChromeDriver
Command: [6b2d4ef401df1fbf44b808aa07c35468, getAlertText {}]
Capabilities {acceptInsecureCerts: false, browserName: chrome, browserVersion: 148.0.7778.179, chrome: {chromedriverVersion: 147.0.7727.57 (b4f28b5637d0..., userDataDir: C:\Users\Nina\AppData\Local...}, fedcm:accounts: true, goog:chromeOptions: {debuggerAddress: localhost:51816}, goog:processID: 48424, networkConnectionEnabled: false, pageLoadStrategy: normal, platformName: windows, proxy: Proxy(), se:cdp: ws://localhost:51816/devtoo..., se:cdpVersion: 148.0.7778.179, setWindowRect: true, strictFileInteractability: false, timeouts: {implicit: 0, pageLoad: 300000, script: 30000}, unhandledPromptBehavior: dismiss and notify, webauthn:extension:credBlob: true, webauthn:extension:largeBlob: true, webauthn:extension:minPinLength: true, webauthn:extension:prf: true, webauthn:virtualAuthenticators: true}
Session ID: 6b2d4ef401df1fbf44b808aa07c35468
20:37:46.750 INFO  manager.ListenerWD -- **********************
20:37:46.750 INFO  manager.ListenerWD -- Screen with error is --->src/test/screenshots/screen_1678.png
20:37:47.270 INFO  tests.TestBase -- Assert check is alert present with error test 'User already exist' 
20:37:47.270 INFO  manager.TestNGListener -- Success test -->registrationExistsUser
20:37:47.271 INFO  tests.TestBase -- ==============================================
20:37:47.271 INFO  tests.TestBase -- Name of method (test)-->registrationSuccess
20:37:52.307 INFO  manager.TestNGListener -- Start test -->registrationSuccess
20:37:52.307 INFO  tests.TestBase -- Start test with name 'registrationSuccess'
20:37:52.308 INFO  tests.TestBase -- Test data --> email:'mert1178@gmail.com & password: Mert123456!
20:37:52.308 INFO  manager.ListenerWD -- Before find element-->By.cssSelector: a[href='/login']
20:37:52.317 INFO  manager.ListenerWD -- After find element-->By.cssSelector: a[href='/login']
20:37:52.320 INFO  manager.ListenerWD -- Location of element-->a
20:37:52.327 INFO  manager.ListenerWD -- Before click element-->atext -->LOGIN
20:37:52.359 INFO  manager.ListenerWD -- After click element-->a
20:37:52.360 INFO  manager.HelperBase -- Open form by ckick on button with locator a[href='/login']
20:37:52.360 INFO  manager.ListenerWD -- Before find element-->By.name: email
20:37:52.366 INFO  manager.ListenerWD -- After find element-->By.name: email
20:37:52.369 INFO  manager.ListenerWD -- Location of element-->input
20:37:52.374 INFO  manager.ListenerWD -- Before click element-->inputtext -->
20:37:52.401 INFO  manager.ListenerWD -- After click element-->input
20:37:52.417 INFO  manager.ListenerWD -- sendKeys -->
20:37:52.419 INFO  manager.ListenerWD -- sendKeys -->input
20:37:52.442 INFO  manager.ListenerWD -- sendKeys -->
20:37:52.445 INFO  manager.ListenerWD -- sendKeys -->input
20:37:52.459 INFO  manager.ListenerWD -- sendKeys -->
20:37:52.461 INFO  manager.ListenerWD -- sendKeys -->input
20:37:52.475 INFO  manager.ListenerWD -- Before find element-->By.xpath: //input[@placeholder='Password']
20:37:52.481 INFO  manager.ListenerWD -- After find element-->By.xpath: //input[@placeholder='Password']
20:37:52.485 INFO  manager.ListenerWD -- Location of element-->input
20:37:52.492 INFO  manager.ListenerWD -- Before click element-->inputtext -->
20:37:52.519 INFO  manager.ListenerWD -- After click element-->input
20:37:52.534 INFO  manager.ListenerWD -- sendKeys -->
20:37:52.536 INFO  manager.ListenerWD -- sendKeys -->input
20:37:52.559 INFO  manager.ListenerWD -- sendKeys -->
20:37:52.561 INFO  manager.ListenerWD -- sendKeys -->input
20:37:52.578 INFO  manager.ListenerWD -- sendKeys -->
20:37:52.580 INFO  manager.ListenerWD -- sendKeys -->input
20:37:52.593 INFO  manager.ListenerWD -- Before find element-->By.xpath: //button[text()='Registration']
20:37:52.600 INFO  manager.ListenerWD -- After find element-->By.xpath: //button[text()='Registration']
20:37:52.603 INFO  manager.ListenerWD -- Location of element-->button
20:37:52.609 INFO  manager.ListenerWD -- Before click element-->buttontext -->Registration
20:37:53.019 INFO  tests.TestBase -- Assert check is element button 'Sign out' present
20:37:53.020 INFO  manager.ListenerWD -- Before find element-->By.cssSelector: .contact-page_message__2qafk>h1
20:37:53.284 INFO  manager.ListenerWD -- After find element-->By.cssSelector: .contact-page_message__2qafk>h1
20:37:53.289 INFO  manager.ListenerWD -- Location of element-->h1
20:37:53.296 INFO  tests.TestBase -- Assert check is message 'No contacts here'
20:37:53.296 INFO  manager.TestNGListener -- Success test -->registrationSuccess
20:37:53.296 INFO  tests.TestBase -- ==============================================
20:37:53.297 INFO  tests.TestBase -- Name of method (test)-->wrongEmailRegistration
20:37:53.304 INFO  manager.ListenerWD -- Before find element-->By.xpath: //button[text()='Sign Out']
20:37:53.311 INFO  manager.ListenerWD -- After find element-->By.xpath: //button[text()='Sign Out']
20:37:53.313 INFO  manager.ListenerWD -- Location of element-->button
20:37:53.319 INFO  manager.ListenerWD -- Before click element-->buttontext -->Sign Out
20:37:53.352 INFO  tests.TestBase -- Before method finished logout
20:37:53.352 INFO  manager.TestNGListener -- Start test -->wrongEmailRegistration
20:37:53.352 INFO  tests.TestBase -- Test data --> email:'mertgmail.com & password: Mert123456!
20:37:53.352 INFO  manager.ListenerWD -- Before find element-->By.cssSelector: a[href='/login']
20:37:53.359 INFO  manager.ListenerWD -- After find element-->By.cssSelector: a[href='/login']
20:37:53.361 INFO  manager.ListenerWD -- Location of element-->a
20:37:53.367 INFO  manager.ListenerWD -- Before click element-->atext -->LOGIN
20:37:53.396 INFO  manager.ListenerWD -- After click element-->a
20:37:53.396 INFO  manager.HelperBase -- Open form by ckick on button with locator a[href='/login']
20:37:53.396 INFO  manager.ListenerWD -- Before find element-->By.name: email
20:37:53.403 INFO  manager.ListenerWD -- After find element-->By.name: email
20:37:53.404 INFO  manager.ListenerWD -- Location of element-->input
20:37:53.410 INFO  manager.ListenerWD -- Before click element-->inputtext -->
20:37:53.443 INFO  manager.ListenerWD -- After click element-->input
20:37:53.459 INFO  manager.ListenerWD -- sendKeys -->
20:37:53.461 INFO  manager.ListenerWD -- sendKeys -->input
20:37:53.475 INFO  manager.ListenerWD -- sendKeys -->
20:37:53.477 INFO  manager.ListenerWD -- sendKeys -->input
20:37:53.493 INFO  manager.ListenerWD -- sendKeys -->
20:37:53.495 INFO  manager.ListenerWD -- sendKeys -->input
20:37:53.509 INFO  manager.ListenerWD -- Before find element-->By.xpath: //input[@placeholder='Password']
20:37:53.517 INFO  manager.ListenerWD -- After find element-->By.xpath: //input[@placeholder='Password']
20:37:53.519 INFO  manager.ListenerWD -- Location of element-->input
20:37:53.525 INFO  manager.ListenerWD -- Before click element-->inputtext -->
20:37:53.560 INFO  manager.ListenerWD -- After click element-->input
20:37:53.575 INFO  manager.ListenerWD -- sendKeys -->
20:37:53.577 INFO  manager.ListenerWD -- sendKeys -->input
20:37:53.592 INFO  manager.ListenerWD -- sendKeys -->
20:37:53.594 INFO  manager.ListenerWD -- sendKeys -->input
20:37:53.611 INFO  manager.ListenerWD -- sendKeys -->
20:37:53.613 INFO  manager.ListenerWD -- sendKeys -->input
20:37:53.626 INFO  manager.ListenerWD -- Before find element-->By.xpath: //button[text()='Registration']
20:37:53.633 INFO  manager.ListenerWD -- After find element-->By.xpath: //button[text()='Registration']
20:37:53.635 INFO  manager.ListenerWD -- Location of element-->button
20:37:53.641 INFO  manager.ListenerWD -- Before click element-->buttontext -->Registration
20:37:53.671 INFO  manager.ListenerWD -- Huston, we have a problem!
20:37:53.671 INFO  manager.ListenerWD -- Failed method:alert
20:37:53.671 INFO  manager.ListenerWD -- **********************
20:37:53.671 INFO  manager.ListenerWD -- Arguments:null
20:37:53.671 INFO  manager.ListenerWD -- **********************
20:37:53.671 INFO  manager.ListenerWD -- Exception:NoAlertPresentException
20:37:53.671 INFO  manager.ListenerWD -- **********************
20:37:53.671 INFO  manager.ListenerWD -- Messageno such alert
  (Session info: chrome=148.0.7778.179)
Build info: version: '4.26.0', revision: '8ccf0219d7'
System info: os.name: 'Windows 10', os.arch: 'amd64', os.version: '10.0', java.version: '17.0.12'
Driver info: org.openqa.selenium.chrome.ChromeDriver
Command: [6b2d4ef401df1fbf44b808aa07c35468, getAlertText {}]
Capabilities {acceptInsecureCerts: false, browserName: chrome, browserVersion: 148.0.7778.179, chrome: {chromedriverVersion: 147.0.7727.57 (b4f28b5637d0..., userDataDir: C:\Users\Nina\AppData\Local...}, fedcm:accounts: true, goog:chromeOptions: {debuggerAddress: localhost:51816}, goog:processID: 48424, networkConnectionEnabled: false, pageLoadStrategy: normal, platformName: windows, proxy: Proxy(), se:cdp: ws://localhost:51816/devtoo..., se:cdpVersion: 148.0.7778.179, setWindowRect: true, strictFileInteractability: false, timeouts: {implicit: 0, pageLoad: 300000, script: 30000}, unhandledPromptBehavior: dismiss and notify, webauthn:extension:credBlob: true, webauthn:extension:largeBlob: true, webauthn:extension:minPinLength: true, webauthn:extension:prf: true, webauthn:virtualAuthenticators: true}
Session ID: 6b2d4ef401df1fbf44b808aa07c35468
20:37:53.671 INFO  manager.ListenerWD -- **********************
20:37:53.671 INFO  manager.ListenerWD -- Screen with error is --->src/test/screenshots/screen_1547.png
20:37:54.185 INFO  tests.TestBase -- Assert check is alert present with error test 'Wrong email or password' 
20:37:54.185 INFO  manager.ListenerWD -- Before find element-->By.xpath: //*[text()='Registration failed with code 400']
20:37:54.200 INFO  manager.ListenerWD -- After find element-->By.xpath: //*[text()='Registration failed with code 400']
20:37:54.204 INFO  manager.ListenerWD -- Location of element-->div
20:37:54.204 INFO  manager.TestNGListener -- Success test -->wrongEmailRegistration
20:37:54.204 INFO  tests.TestBase -- ==============================================
20:37:54.205 INFO  tests.TestBase -- Name of method (test)-->wrongPasswordRegistration
20:37:59.240 INFO  manager.TestNGListener -- Start test -->wrongPasswordRegistration
20:37:59.240 INFO  tests.TestBase -- Test data --> email:'mert@gmail.com & password: Mert123456
20:37:59.240 INFO  manager.ListenerWD -- Before find element-->By.cssSelector: a[href='/login']
20:37:59.248 INFO  manager.ListenerWD -- After find element-->By.cssSelector: a[href='/login']
20:37:59.250 INFO  manager.ListenerWD -- Location of element-->a
20:37:59.256 INFO  manager.ListenerWD -- Before click element-->atext -->LOGIN
20:37:59.282 INFO  manager.ListenerWD -- After click element-->a
20:37:59.282 INFO  manager.HelperBase -- Open form by ckick on button with locator a[href='/login']
20:37:59.283 INFO  manager.ListenerWD -- Before find element-->By.name: email
20:37:59.289 INFO  manager.ListenerWD -- After find element-->By.name: email
20:37:59.291 INFO  manager.ListenerWD -- Location of element-->input
20:37:59.297 INFO  manager.ListenerWD -- Before click element-->inputtext -->
20:37:59.324 INFO  manager.ListenerWD -- After click element-->input
20:37:59.338 INFO  manager.ListenerWD -- sendKeys -->
20:37:59.341 INFO  manager.ListenerWD -- sendKeys -->input
20:37:59.363 INFO  manager.ListenerWD -- sendKeys -->
20:37:59.365 INFO  manager.ListenerWD -- sendKeys -->input
20:37:59.380 INFO  manager.ListenerWD -- sendKeys -->
20:37:59.382 INFO  manager.ListenerWD -- sendKeys -->input
20:37:59.396 INFO  manager.ListenerWD -- Before find element-->By.xpath: //input[@placeholder='Password']
20:37:59.402 INFO  manager.ListenerWD -- After find element-->By.xpath: //input[@placeholder='Password']
20:37:59.405 INFO  manager.ListenerWD -- Location of element-->input
20:37:59.411 INFO  manager.ListenerWD -- Before click element-->inputtext -->
20:37:59.436 INFO  manager.ListenerWD -- After click element-->input
20:37:59.451 INFO  manager.ListenerWD -- sendKeys -->
20:37:59.453 INFO  manager.ListenerWD -- sendKeys -->input
20:37:59.475 INFO  manager.ListenerWD -- sendKeys -->
20:37:59.477 INFO  manager.ListenerWD -- sendKeys -->input
20:37:59.491 INFO  manager.ListenerWD -- sendKeys -->
20:37:59.493 INFO  manager.ListenerWD -- sendKeys -->input
20:37:59.506 INFO  manager.ListenerWD -- Before find element-->By.xpath: //button[text()='Registration']
20:37:59.514 INFO  manager.ListenerWD -- After find element-->By.xpath: //button[text()='Registration']
20:37:59.516 INFO  manager.ListenerWD -- Location of element-->button
20:37:59.522 INFO  manager.ListenerWD -- Before click element-->buttontext -->Registration
20:37:59.555 INFO  manager.ListenerWD -- Huston, we have a problem!
20:37:59.555 INFO  manager.ListenerWD -- Failed method:alert
20:37:59.555 INFO  manager.ListenerWD -- **********************
20:37:59.555 INFO  manager.ListenerWD -- Arguments:null
20:37:59.555 INFO  manager.ListenerWD -- **********************
20:37:59.555 INFO  manager.ListenerWD -- Exception:NoAlertPresentException
20:37:59.555 INFO  manager.ListenerWD -- **********************
20:37:59.555 INFO  manager.ListenerWD -- Messageno such alert
  (Session info: chrome=148.0.7778.179)
Build info: version: '4.26.0', revision: '8ccf0219d7'
System info: os.name: 'Windows 10', os.arch: 'amd64', os.version: '10.0', java.version: '17.0.12'
Driver info: org.openqa.selenium.chrome.ChromeDriver
Command: [6b2d4ef401df1fbf44b808aa07c35468, getAlertText {}]
Capabilities {acceptInsecureCerts: false, browserName: chrome, browserVersion: 148.0.7778.179, chrome: {chromedriverVersion: 147.0.7727.57 (b4f28b5637d0..., userDataDir: C:\Users\Nina\AppData\Local...}, fedcm:accounts: true, goog:chromeOptions: {debuggerAddress: localhost:51816}, goog:processID: 48424, networkConnectionEnabled: false, pageLoadStrategy: normal, platformName: windows, proxy: Proxy(), se:cdp: ws://localhost:51816/devtoo..., se:cdpVersion: 148.0.7778.179, setWindowRect: true, strictFileInteractability: false, timeouts: {implicit: 0, pageLoad: 300000, script: 30000}, unhandledPromptBehavior: dismiss and notify, webauthn:extension:credBlob: true, webauthn:extension:largeBlob: true, webauthn:extension:minPinLength: true, webauthn:extension:prf: true, webauthn:virtualAuthenticators: true}
Session ID: 6b2d4ef401df1fbf44b808aa07c35468
20:37:59.555 INFO  manager.ListenerWD -- **********************
20:37:59.555 INFO  manager.ListenerWD -- Screen with error is --->src/test/screenshots/screen_1900.png
20:38:00.076 INFO  tests.TestBase -- Assert check is alert present with error test 'Wrong email or password' 
20:38:00.077 INFO  manager.ListenerWD -- Before find element-->By.xpath: //*[text()='Registration failed with code 400']
20:38:00.087 INFO  manager.ListenerWD -- After find element-->By.xpath: //*[text()='Registration failed with code 400']
20:38:00.090 INFO  manager.ListenerWD -- Location of element-->div
20:38:00.090 INFO  manager.TestNGListener -- Success test -->wrongPasswordRegistration
20:38:00.090 INFO  tests.TestBase -- ==============================================
20:38:00.091 INFO  tests.TestBase -- Name of method (test)-->removeAllContacts
20:38:05.147 INFO  manager.ListenerWD -- Before find element-->By.cssSelector: a[href='/login']
20:38:05.158 INFO  manager.ListenerWD -- After find element-->By.cssSelector: a[href='/login']
20:38:05.161 INFO  manager.ListenerWD -- Location of element-->a
20:38:05.168 INFO  manager.ListenerWD -- Before click element-->atext -->LOGIN
20:38:05.201 INFO  manager.ListenerWD -- After click element-->a
20:38:05.201 INFO  manager.HelperBase -- Open form by ckick on button with locator a[href='/login']
20:38:05.201 INFO  manager.ListenerWD -- Before find element-->By.name: email
20:38:05.208 INFO  manager.ListenerWD -- After find element-->By.name: email
20:38:05.210 INFO  manager.ListenerWD -- Location of element-->input
20:38:05.216 INFO  manager.ListenerWD -- Before click element-->inputtext -->
20:38:05.246 INFO  manager.ListenerWD -- After click element-->input
20:38:05.262 INFO  manager.ListenerWD -- sendKeys -->
20:38:05.265 INFO  manager.ListenerWD -- sendKeys -->input
20:38:05.288 INFO  manager.ListenerWD -- sendKeys -->
20:38:05.290 INFO  manager.ListenerWD -- sendKeys -->input
20:38:05.306 INFO  manager.ListenerWD -- sendKeys -->
20:38:05.309 INFO  manager.ListenerWD -- sendKeys -->input
20:38:05.324 INFO  manager.ListenerWD -- Before find element-->By.xpath: //input[@placeholder='Password']
20:38:05.332 INFO  manager.ListenerWD -- After find element-->By.xpath: //input[@placeholder='Password']
20:38:05.335 INFO  manager.ListenerWD -- Location of element-->input
20:38:05.340 INFO  manager.ListenerWD -- Before click element-->inputtext -->
20:38:05.372 INFO  manager.ListenerWD -- After click element-->input
20:38:05.389 INFO  manager.ListenerWD -- sendKeys -->
20:38:05.392 INFO  manager.ListenerWD -- sendKeys -->input
20:38:05.417 INFO  manager.ListenerWD -- sendKeys -->
20:38:05.419 INFO  manager.ListenerWD -- sendKeys -->input
20:38:05.436 INFO  manager.ListenerWD -- sendKeys -->
20:38:05.438 INFO  manager.ListenerWD -- sendKeys -->input
20:38:05.451 INFO  manager.ListenerWD -- Before find element-->By.xpath: //button[text()='Login']
20:38:05.458 INFO  manager.ListenerWD -- After find element-->By.xpath: //button[text()='Login']
20:38:05.460 INFO  manager.ListenerWD -- Location of element-->button
20:38:05.466 INFO  manager.ListenerWD -- Before click element-->buttontext -->Login
20:38:06.106 INFO  manager.TestNGListener -- Start test -->removeAllContacts
20:38:06.132 INFO  manager.ListenerWD -- Before find element-->By.cssSelector: .contact-item_card__2SOIM
20:38:06.143 INFO  manager.ListenerWD -- After find element-->By.cssSelector: .contact-item_card__2SOIM
20:38:06.148 INFO  manager.ListenerWD -- Location of element-->div
20:38:06.154 INFO  manager.ListenerWD -- Before click element-->divtext -->Harry
555667771913
20:38:06.187 INFO  manager.ListenerWD -- After click element-->div
20:38:06.187 INFO  manager.ListenerWD -- Before find element-->By.xpath: //button[text()='Remove']
20:38:06.196 INFO  manager.ListenerWD -- After find element-->By.xpath: //button[text()='Remove']
20:38:06.198 INFO  manager.ListenerWD -- Location of element-->button
20:38:06.204 INFO  manager.ListenerWD -- Before click element-->buttontext -->Remove
20:38:06.229 INFO  manager.ListenerWD -- After click element-->button
20:38:07.267 INFO  manager.ListenerWD -- Before find element-->By.cssSelector: .contact-item_card__2SOIM
20:38:07.275 INFO  manager.ListenerWD -- After find element-->By.cssSelector: .contact-item_card__2SOIM
20:38:07.279 INFO  manager.ListenerWD -- Location of element-->div
20:38:07.286 INFO  manager.ListenerWD -- Before click element-->divtext -->Harry
555667771562
20:38:07.312 INFO  manager.ListenerWD -- After click element-->div
20:38:07.312 INFO  manager.ListenerWD -- Before find element-->By.xpath: //button[text()='Remove']
20:38:07.318 INFO  manager.ListenerWD -- After find element-->By.xpath: //button[text()='Remove']
20:38:07.320 INFO  manager.ListenerWD -- Location of element-->button
20:38:07.325 INFO  manager.ListenerWD -- Before click element-->buttontext -->Remove
20:38:07.348 INFO  manager.ListenerWD -- After click element-->button
20:38:08.387 INFO  manager.ListenerWD -- Before find element-->By.cssSelector: .contact-item_card__2SOIM
20:38:08.395 INFO  manager.ListenerWD -- After find element-->By.cssSelector: .contact-item_card__2SOIM
20:38:08.399 INFO  manager.ListenerWD -- Location of element-->div
20:38:08.405 INFO  manager.ListenerWD -- Before click element-->divtext -->Tony
34343434246
20:38:08.434 INFO  manager.ListenerWD -- After click element-->div
20:38:08.434 INFO  manager.ListenerWD -- Before find element-->By.xpath: //button[text()='Remove']
20:38:08.442 INFO  manager.ListenerWD -- After find element-->By.xpath: //button[text()='Remove']
20:38:08.445 INFO  manager.ListenerWD -- Location of element-->button
20:38:08.450 INFO  manager.ListenerWD -- Before click element-->buttontext -->Remove
20:38:08.475 INFO  manager.ListenerWD -- After click element-->button
20:38:09.514 INFO  manager.ListenerWD -- Before find element-->By.cssSelector: .contact-item_card__2SOIM
20:38:09.524 INFO  manager.ListenerWD -- After find element-->By.cssSelector: .contact-item_card__2SOIM
20:38:09.528 INFO  manager.ListenerWD -- Location of element-->div
20:38:09.536 INFO  manager.ListenerWD -- Before click element-->divtext -->Tony
6555652654
20:38:09.562 INFO  manager.ListenerWD -- After click element-->div
20:38:09.562 INFO  manager.ListenerWD -- Before find element-->By.xpath: //button[text()='Remove']
20:38:09.570 INFO  manager.ListenerWD -- After find element-->By.xpath: //button[text()='Remove']
20:38:09.573 INFO  manager.ListenerWD -- Location of element-->button
20:38:09.581 INFO  manager.ListenerWD -- Before click element-->buttontext -->Remove
20:38:09.605 INFO  manager.ListenerWD -- After click element-->button
20:38:10.641 INFO  manager.ListenerWD -- Before find element-->By.cssSelector: .contact-item_card__2SOIM
20:38:10.653 INFO  manager.ListenerWD -- After find element-->By.cssSelector: .contact-item_card__2SOIM
20:38:10.657 INFO  manager.ListenerWD -- Location of element-->div
20:38:10.664 INFO  manager.ListenerWD -- Before click element-->divtext -->Tony
34343434246
20:38:10.694 INFO  manager.ListenerWD -- After click element-->div
20:38:10.694 INFO  manager.ListenerWD -- Before find element-->By.xpath: //button[text()='Remove']
20:38:10.702 INFO  manager.ListenerWD -- After find element-->By.xpath: //button[text()='Remove']
20:38:10.704 INFO  manager.ListenerWD -- Location of element-->button
20:38:10.710 INFO  manager.ListenerWD -- Before click element-->buttontext -->Remove
20:38:10.733 INFO  manager.ListenerWD -- After click element-->button
20:38:11.760 INFO  manager.ListenerWD -- Before find element-->By.cssSelector: .contact-item_card__2SOIM
20:38:11.771 INFO  manager.ListenerWD -- After find element-->By.cssSelector: .contact-item_card__2SOIM
20:38:11.775 INFO  manager.ListenerWD -- Location of element-->div
20:38:11.783 INFO  manager.ListenerWD -- Before click element-->divtext -->Tony
6555652654
20:38:11.810 INFO  manager.ListenerWD -- After click element-->div
20:38:11.810 INFO  manager.ListenerWD -- Before find element-->By.xpath: //button[text()='Remove']
20:38:11.816 INFO  manager.ListenerWD -- After find element-->By.xpath: //button[text()='Remove']
20:38:11.819 INFO  manager.ListenerWD -- Location of element-->button
20:38:11.824 INFO  manager.ListenerWD -- Before click element-->buttontext -->Remove
20:38:11.849 INFO  manager.ListenerWD -- After click element-->button
20:38:12.872 INFO  manager.ListenerWD -- Before find element-->By.cssSelector: .contact-item_card__2SOIM
20:38:12.879 INFO  manager.ListenerWD -- After find element-->By.cssSelector: .contact-item_card__2SOIM
20:38:12.882 INFO  manager.ListenerWD -- Location of element-->div
20:38:12.889 INFO  manager.ListenerWD -- Before click element-->divtext -->TonyReq1865
343434341865
20:38:12.921 INFO  manager.ListenerWD -- After click element-->div
20:38:12.921 INFO  manager.ListenerWD -- Before find element-->By.xpath: //button[text()='Remove']
20:38:12.928 INFO  manager.ListenerWD -- After find element-->By.xpath: //button[text()='Remove']
20:38:12.931 INFO  manager.ListenerWD -- Location of element-->button
20:38:12.937 INFO  manager.ListenerWD -- Before click element-->buttontext -->Remove
20:38:12.961 INFO  manager.ListenerWD -- After click element-->button
20:38:13.984 INFO  manager.ListenerWD -- Before find element-->By.cssSelector: .contact-item_card__2SOIM
20:38:13.993 INFO  manager.ListenerWD -- After find element-->By.cssSelector: .contact-item_card__2SOIM
20:38:13.995 INFO  manager.ListenerWD -- Location of element-->div
20:38:14.002 INFO  manager.ListenerWD -- Before click element-->divtext -->TonyReq1865
343434341865
20:38:14.029 INFO  manager.ListenerWD -- After click element-->div
20:38:14.030 INFO  manager.ListenerWD -- Before find element-->By.xpath: //button[text()='Remove']
20:38:14.036 INFO  manager.ListenerWD -- After find element-->By.xpath: //button[text()='Remove']
20:38:14.038 INFO  manager.ListenerWD -- Location of element-->button
20:38:14.043 INFO  manager.ListenerWD -- Before click element-->buttontext -->Remove
20:38:14.066 INFO  manager.ListenerWD -- After click element-->button
20:38:15.094 INFO  manager.ListenerWD -- Before find element-->By.cssSelector: .contact-item_card__2SOIM
20:38:15.102 INFO  manager.ListenerWD -- After find element-->By.cssSelector: .contact-item_card__2SOIM
20:38:15.105 INFO  manager.ListenerWD -- Location of element-->div
20:38:15.112 INFO  manager.ListenerWD -- Before click element-->divtext -->Tony
34343434246
20:38:15.142 INFO  manager.ListenerWD -- After click element-->div
20:38:15.142 INFO  manager.ListenerWD -- Before find element-->By.xpath: //button[text()='Remove']
20:38:15.148 INFO  manager.ListenerWD -- After find element-->By.xpath: //button[text()='Remove']
20:38:15.150 INFO  manager.ListenerWD -- Location of element-->button
20:38:15.156 INFO  manager.ListenerWD -- Before click element-->buttontext -->Remove
20:38:15.178 INFO  manager.ListenerWD -- After click element-->button
20:38:16.213 INFO  manager.ListenerWD -- Before find element-->By.cssSelector: .contact-item_card__2SOIM
20:38:16.222 INFO  manager.ListenerWD -- After find element-->By.cssSelector: .contact-item_card__2SOIM
20:38:16.225 INFO  manager.ListenerWD -- Location of element-->div
20:38:16.232 INFO  manager.ListenerWD -- Before click element-->divtext -->Tony
6555652654
20:38:16.263 INFO  manager.ListenerWD -- After click element-->div
20:38:16.263 INFO  manager.ListenerWD -- Before find element-->By.xpath: //button[text()='Remove']
20:38:16.270 INFO  manager.ListenerWD -- After find element-->By.xpath: //button[text()='Remove']
20:38:16.272 INFO  manager.ListenerWD -- Location of element-->button
20:38:16.278 INFO  manager.ListenerWD -- Before click element-->buttontext -->Remove
20:38:16.304 INFO  manager.ListenerWD -- After click element-->button
20:38:17.320 INFO  manager.ListenerWD -- Before find element-->By.cssSelector: .contact-item_card__2SOIM
20:38:17.327 INFO  manager.ListenerWD -- After find element-->By.cssSelector: .contact-item_card__2SOIM
20:38:17.330 INFO  manager.ListenerWD -- Location of element-->div
20:38:17.339 INFO  manager.ListenerWD -- Before click element-->divtext -->TonyReq2232
343434342232
20:38:17.370 INFO  manager.ListenerWD -- After click element-->div
20:38:17.370 INFO  manager.ListenerWD -- Before find element-->By.xpath: //button[text()='Remove']
20:38:17.377 INFO  manager.ListenerWD -- After find element-->By.xpath: //button[text()='Remove']
20:38:17.379 INFO  manager.ListenerWD -- Location of element-->button
20:38:17.385 INFO  manager.ListenerWD -- Before click element-->buttontext -->Remove
20:38:17.409 INFO  manager.ListenerWD -- After click element-->button
20:38:23.462 INFO  manager.ListenerWD -- Before find element-->By.cssSelector: .contact-page_message__2qafk>h1
20:38:23.473 INFO  manager.ListenerWD -- After find element-->By.cssSelector: .contact-page_message__2qafk>h1
20:38:23.478 INFO  manager.ListenerWD -- Location of element-->h1
20:38:23.487 INFO  manager.TestNGListener -- Success test -->removeAllContacts
20:38:23.487 INFO  tests.TestBase -- ==============================================
20:38:23.487 INFO  tests.TestBase -- Name of method (test)-->removeFirstContact
20:38:28.546 INFO  manager.ListenerWD -- Before find element-->By.cssSelector: a[href='/add']
20:38:28.560 INFO  manager.ListenerWD -- After find element-->By.cssSelector: a[href='/add']
20:38:28.564 INFO  manager.ListenerWD -- Location of element-->a
20:38:28.572 INFO  manager.ListenerWD -- Before click element-->atext -->ADD
20:38:28.611 INFO  manager.ListenerWD -- After click element-->a
20:38:28.611 INFO  manager.ListenerWD -- Before find element-->By.cssSelector: [placeholder='Name']
20:38:28.620 INFO  manager.ListenerWD -- After find element-->By.cssSelector: [placeholder='Name']
20:38:28.623 INFO  manager.ListenerWD -- Location of element-->input
20:38:28.628 INFO  manager.ListenerWD -- Before click element-->inputtext -->
20:38:28.656 INFO  manager.ListenerWD -- After click element-->input
20:38:28.671 INFO  manager.ListenerWD -- sendKeys -->
20:38:28.673 INFO  manager.ListenerWD -- sendKeys -->input
20:38:28.688 INFO  manager.ListenerWD -- sendKeys -->
20:38:28.690 INFO  manager.ListenerWD -- sendKeys -->input
20:38:28.705 INFO  manager.ListenerWD -- sendKeys -->
20:38:28.707 INFO  manager.ListenerWD -- sendKeys -->input
20:38:28.718 INFO  manager.ListenerWD -- Before find element-->By.cssSelector: [placeholder='Last Name']
20:38:28.727 INFO  manager.ListenerWD -- After find element-->By.cssSelector: [placeholder='Last Name']
20:38:28.729 INFO  manager.ListenerWD -- Location of element-->input
20:38:28.734 INFO  manager.ListenerWD -- Before click element-->inputtext -->
20:38:28.762 INFO  manager.ListenerWD -- After click element-->input
20:38:28.776 INFO  manager.ListenerWD -- sendKeys -->
20:38:28.779 INFO  manager.ListenerWD -- sendKeys -->input
20:38:28.794 INFO  manager.ListenerWD -- sendKeys -->
20:38:28.796 INFO  manager.ListenerWD -- sendKeys -->input
20:38:28.812 INFO  manager.ListenerWD -- sendKeys -->
20:38:28.814 INFO  manager.ListenerWD -- sendKeys -->input
20:38:28.825 INFO  manager.ListenerWD -- Before find element-->By.cssSelector: [placeholder='Phone']
20:38:28.833 INFO  manager.ListenerWD -- After find element-->By.cssSelector: [placeholder='Phone']
20:38:28.836 INFO  manager.ListenerWD -- Location of element-->input
20:38:28.840 INFO  manager.ListenerWD -- Before click element-->inputtext -->
20:38:28.867 INFO  manager.ListenerWD -- After click element-->input
20:38:28.882 INFO  manager.ListenerWD -- sendKeys -->
20:38:28.884 INFO  manager.ListenerWD -- sendKeys -->input
20:38:28.899 INFO  manager.ListenerWD -- sendKeys -->
20:38:28.902 INFO  manager.ListenerWD -- sendKeys -->input
20:38:28.916 INFO  manager.ListenerWD -- sendKeys -->
20:38:28.918 INFO  manager.ListenerWD -- sendKeys -->input
20:38:28.932 INFO  manager.ListenerWD -- Before find element-->By.cssSelector: [placeholder='email']
20:38:28.940 INFO  manager.ListenerWD -- After find element-->By.cssSelector: [placeholder='email']
20:38:28.942 INFO  manager.ListenerWD -- Location of element-->input
20:38:28.948 INFO  manager.ListenerWD -- Before click element-->inputtext -->
20:38:28.978 INFO  manager.ListenerWD -- After click element-->input
20:38:28.995 INFO  manager.ListenerWD -- sendKeys -->
20:38:28.997 INFO  manager.ListenerWD -- sendKeys -->input
20:38:29.013 INFO  manager.ListenerWD -- sendKeys -->
20:38:29.014 INFO  manager.ListenerWD -- sendKeys -->input
20:38:29.031 INFO  manager.ListenerWD -- sendKeys -->
20:38:29.033 INFO  manager.ListenerWD -- sendKeys -->input
20:38:29.045 INFO  manager.ListenerWD -- Before find element-->By.cssSelector: [placeholder='Address']
20:38:29.053 INFO  manager.ListenerWD -- After find element-->By.cssSelector: [placeholder='Address']
20:38:29.056 INFO  manager.ListenerWD -- Location of element-->input
20:38:29.062 INFO  manager.ListenerWD -- Before click element-->inputtext -->
20:38:29.091 INFO  manager.ListenerWD -- After click element-->input
20:38:29.106 INFO  manager.ListenerWD -- sendKeys -->
20:38:29.109 INFO  manager.ListenerWD -- sendKeys -->input
20:38:29.124 INFO  manager.ListenerWD -- sendKeys -->
20:38:29.126 INFO  manager.ListenerWD -- sendKeys -->input
20:38:29.142 INFO  manager.ListenerWD -- sendKeys -->
20:38:29.145 INFO  manager.ListenerWD -- sendKeys -->input
20:38:29.156 INFO  manager.ListenerWD -- Before find element-->By.cssSelector: [placeholder = 'description']
20:38:29.165 INFO  manager.ListenerWD -- After find element-->By.cssSelector: [placeholder = 'description']
20:38:29.167 INFO  manager.ListenerWD -- Location of element-->input
20:38:29.173 INFO  manager.ListenerWD -- Before click element-->inputtext -->
20:38:29.199 INFO  manager.ListenerWD -- After click element-->input
20:38:29.213 INFO  manager.ListenerWD -- sendKeys -->
20:38:29.215 INFO  manager.ListenerWD -- sendKeys -->input
20:38:29.230 INFO  manager.ListenerWD -- sendKeys -->
20:38:29.232 INFO  manager.ListenerWD -- sendKeys -->input
20:38:29.247 INFO  manager.ListenerWD -- sendKeys -->
20:38:29.249 INFO  manager.ListenerWD -- sendKeys -->input
20:38:29.261 INFO  manager.ListenerWD -- Before find element-->By.cssSelector: .add_form__2rsm2>button
20:38:29.269 INFO  manager.ListenerWD -- After find element-->By.cssSelector: .add_form__2rsm2>button
20:38:29.271 INFO  manager.ListenerWD -- Location of element-->button
20:38:29.276 INFO  manager.ListenerWD -- Before click element-->buttontext -->Save
20:38:29.301 INFO  manager.ListenerWD -- After click element-->button
20:38:29.808 INFO  manager.ListenerWD -- Before find element-->By.cssSelector: a[href='/add']
20:38:29.823 INFO  manager.ListenerWD -- After find element-->By.cssSelector: a[href='/add']
20:38:29.826 INFO  manager.ListenerWD -- Location of element-->a
20:38:29.833 INFO  manager.ListenerWD -- Before click element-->atext -->ADD
20:38:29.867 INFO  manager.ListenerWD -- After click element-->a
20:38:29.867 INFO  manager.ListenerWD -- Before find element-->By.cssSelector: [placeholder='Name']
20:38:29.874 INFO  manager.ListenerWD -- After find element-->By.cssSelector: [placeholder='Name']
20:38:29.877 INFO  manager.ListenerWD -- Location of element-->input
20:38:29.883 INFO  manager.ListenerWD -- Before click element-->inputtext -->
20:38:29.911 INFO  manager.ListenerWD -- After click element-->input
20:38:29.927 INFO  manager.ListenerWD -- sendKeys -->
20:38:29.930 INFO  manager.ListenerWD -- sendKeys -->input
20:38:29.945 INFO  manager.ListenerWD -- sendKeys -->
20:38:29.947 INFO  manager.ListenerWD -- sendKeys -->input
20:38:29.963 INFO  manager.ListenerWD -- sendKeys -->
20:38:29.966 INFO  manager.ListenerWD -- sendKeys -->input
20:38:29.979 INFO  manager.ListenerWD -- Before find element-->By.cssSelector: [placeholder='Last Name']
20:38:29.986 INFO  manager.ListenerWD -- After find element-->By.cssSelector: [placeholder='Last Name']
20:38:29.988 INFO  manager.ListenerWD -- Location of element-->input
20:38:29.994 INFO  manager.ListenerWD -- Before click element-->inputtext -->
20:38:30.021 INFO  manager.ListenerWD -- After click element-->input
20:38:30.037 INFO  manager.ListenerWD -- sendKeys -->
20:38:30.039 INFO  manager.ListenerWD -- sendKeys -->input
20:38:30.055 INFO  manager.ListenerWD -- sendKeys -->
20:38:30.057 INFO  manager.ListenerWD -- sendKeys -->input
20:38:30.074 INFO  manager.ListenerWD -- sendKeys -->
20:38:30.076 INFO  manager.ListenerWD -- sendKeys -->input
20:38:30.089 INFO  manager.ListenerWD -- Before find element-->By.cssSelector: [placeholder='Phone']
20:38:30.095 INFO  manager.ListenerWD -- After find element-->By.cssSelector: [placeholder='Phone']
20:38:30.098 INFO  manager.ListenerWD -- Location of element-->input
20:38:30.103 INFO  manager.ListenerWD -- Before click element-->inputtext -->
20:38:30.131 INFO  manager.ListenerWD -- After click element-->input
20:38:30.146 INFO  manager.ListenerWD -- sendKeys -->
20:38:30.148 INFO  manager.ListenerWD -- sendKeys -->input
20:38:30.165 INFO  manager.ListenerWD -- sendKeys -->
20:38:30.167 INFO  manager.ListenerWD -- sendKeys -->input
20:38:30.181 INFO  manager.ListenerWD -- sendKeys -->
20:38:30.183 INFO  manager.ListenerWD -- sendKeys -->input
20:38:30.196 INFO  manager.ListenerWD -- Before find element-->By.cssSelector: [placeholder='email']
20:38:30.204 INFO  manager.ListenerWD -- After find element-->By.cssSelector: [placeholder='email']
20:38:30.206 INFO  manager.ListenerWD -- Location of element-->input
20:38:30.211 INFO  manager.ListenerWD -- Before click element-->inputtext -->
20:38:30.239 INFO  manager.ListenerWD -- After click element-->input
20:38:30.254 INFO  manager.ListenerWD -- sendKeys -->
20:38:30.256 INFO  manager.ListenerWD -- sendKeys -->input
20:38:30.272 INFO  manager.ListenerWD -- sendKeys -->
20:38:30.274 INFO  manager.ListenerWD -- sendKeys -->input
20:38:30.290 INFO  manager.ListenerWD -- sendKeys -->
20:38:30.292 INFO  manager.ListenerWD -- sendKeys -->input
20:38:30.305 INFO  manager.ListenerWD -- Before find element-->By.cssSelector: [placeholder='Address']
20:38:30.313 INFO  manager.ListenerWD -- After find element-->By.cssSelector: [placeholder='Address']
20:38:30.315 INFO  manager.ListenerWD -- Location of element-->input
20:38:30.320 INFO  manager.ListenerWD -- Before click element-->inputtext -->
20:38:30.346 INFO  manager.ListenerWD -- After click element-->input
20:38:30.362 INFO  manager.ListenerWD -- sendKeys -->
20:38:30.364 INFO  manager.ListenerWD -- sendKeys -->input
20:38:30.380 INFO  manager.ListenerWD -- sendKeys -->
20:38:30.382 INFO  manager.ListenerWD -- sendKeys -->input
20:38:30.397 INFO  manager.ListenerWD -- sendKeys -->
20:38:30.399 INFO  manager.ListenerWD -- sendKeys -->input
20:38:30.410 INFO  manager.ListenerWD -- Before find element-->By.cssSelector: [placeholder = 'description']
20:38:30.416 INFO  manager.ListenerWD -- After find element-->By.cssSelector: [placeholder = 'description']
20:38:30.418 INFO  manager.ListenerWD -- Location of element-->input
20:38:30.423 INFO  manager.ListenerWD -- Before click element-->inputtext -->
20:38:30.450 INFO  manager.ListenerWD -- After click element-->input
20:38:30.465 INFO  manager.ListenerWD -- sendKeys -->
20:38:30.467 INFO  manager.ListenerWD -- sendKeys -->input
20:38:30.483 INFO  manager.ListenerWD -- sendKeys -->
20:38:30.485 INFO  manager.ListenerWD -- sendKeys -->input
20:38:30.502 INFO  manager.ListenerWD -- sendKeys -->
20:38:30.504 INFO  manager.ListenerWD -- sendKeys -->input
20:38:30.515 INFO  manager.ListenerWD -- Before find element-->By.cssSelector: .add_form__2rsm2>button
20:38:30.522 INFO  manager.ListenerWD -- After find element-->By.cssSelector: .add_form__2rsm2>button
20:38:30.524 INFO  manager.ListenerWD -- Location of element-->button
20:38:30.529 INFO  manager.ListenerWD -- Before click element-->buttontext -->Save
20:38:30.553 INFO  manager.ListenerWD -- After click element-->button
20:38:31.065 INFO  manager.ListenerWD -- Before find element-->By.cssSelector: a[href='/add']
20:38:31.080 INFO  manager.ListenerWD -- After find element-->By.cssSelector: a[href='/add']
20:38:31.087 INFO  manager.ListenerWD -- Location of element-->a
20:38:31.097 INFO  manager.ListenerWD -- Before click element-->atext -->ADD
20:38:31.130 INFO  manager.ListenerWD -- After click element-->a
20:38:31.130 INFO  manager.ListenerWD -- Before find element-->By.cssSelector: [placeholder='Name']
20:38:31.137 INFO  manager.ListenerWD -- After find element-->By.cssSelector: [placeholder='Name']
20:38:31.140 INFO  manager.ListenerWD -- Location of element-->input
20:38:31.145 INFO  manager.ListenerWD -- Before click element-->inputtext -->
20:38:31.174 INFO  manager.ListenerWD -- After click element-->input
20:38:31.188 INFO  manager.ListenerWD -- sendKeys -->
20:38:31.190 INFO  manager.ListenerWD -- sendKeys -->input
20:38:31.207 INFO  manager.ListenerWD -- sendKeys -->
20:38:31.209 INFO  manager.ListenerWD -- sendKeys -->input
20:38:31.225 INFO  manager.ListenerWD -- sendKeys -->
20:38:31.227 INFO  manager.ListenerWD -- sendKeys -->input
20:38:31.238 INFO  manager.ListenerWD -- Before find element-->By.cssSelector: [placeholder='Last Name']
20:38:31.245 INFO  manager.ListenerWD -- After find element-->By.cssSelector: [placeholder='Last Name']
20:38:31.247 INFO  manager.ListenerWD -- Location of element-->input
20:38:31.253 INFO  manager.ListenerWD -- Before click element-->inputtext -->
20:38:31.279 INFO  manager.ListenerWD -- After click element-->input
20:38:31.296 INFO  manager.ListenerWD -- sendKeys -->
20:38:31.298 INFO  manager.ListenerWD -- sendKeys -->input
20:38:31.314 INFO  manager.ListenerWD -- sendKeys -->
20:38:31.316 INFO  manager.ListenerWD -- sendKeys -->input
20:38:31.332 INFO  manager.ListenerWD -- sendKeys -->
20:38:31.334 INFO  manager.ListenerWD -- sendKeys -->input
20:38:31.346 INFO  manager.ListenerWD -- Before find element-->By.cssSelector: [placeholder='Phone']
20:38:31.353 INFO  manager.ListenerWD -- After find element-->By.cssSelector: [placeholder='Phone']
20:38:31.356 INFO  manager.ListenerWD -- Location of element-->input
20:38:31.362 INFO  manager.ListenerWD -- Before click element-->inputtext -->
20:38:31.392 INFO  manager.ListenerWD -- After click element-->input
20:38:31.408 INFO  manager.ListenerWD -- sendKeys -->
20:38:31.410 INFO  manager.ListenerWD -- sendKeys -->input
20:38:31.426 INFO  manager.ListenerWD -- sendKeys -->
20:38:31.429 INFO  manager.ListenerWD -- sendKeys -->input
20:38:31.445 INFO  manager.ListenerWD -- sendKeys -->
20:38:31.447 INFO  manager.ListenerWD -- sendKeys -->input
20:38:31.462 INFO  manager.ListenerWD -- Before find element-->By.cssSelector: [placeholder='email']
20:38:31.469 INFO  manager.ListenerWD -- After find element-->By.cssSelector: [placeholder='email']
20:38:31.471 INFO  manager.ListenerWD -- Location of element-->input
20:38:31.477 INFO  manager.ListenerWD -- Before click element-->inputtext -->
20:38:31.503 INFO  manager.ListenerWD -- After click element-->input
20:38:31.518 INFO  manager.ListenerWD -- sendKeys -->
20:38:31.520 INFO  manager.ListenerWD -- sendKeys -->input
20:38:31.536 INFO  manager.ListenerWD -- sendKeys -->
20:38:31.538 INFO  manager.ListenerWD -- sendKeys -->input
20:38:31.553 INFO  manager.ListenerWD -- sendKeys -->
20:38:31.556 INFO  manager.ListenerWD -- sendKeys -->input
20:38:31.571 INFO  manager.ListenerWD -- Before find element-->By.cssSelector: [placeholder='Address']
20:38:31.578 INFO  manager.ListenerWD -- After find element-->By.cssSelector: [placeholder='Address']
20:38:31.580 INFO  manager.ListenerWD -- Location of element-->input
20:38:31.585 INFO  manager.ListenerWD -- Before click element-->inputtext -->
20:38:31.611 INFO  manager.ListenerWD -- After click element-->input
20:38:31.626 INFO  manager.ListenerWD -- sendKeys -->
20:38:31.629 INFO  manager.ListenerWD -- sendKeys -->input
20:38:31.644 INFO  manager.ListenerWD -- sendKeys -->
20:38:31.646 INFO  manager.ListenerWD -- sendKeys -->input
20:38:31.661 INFO  manager.ListenerWD -- sendKeys -->
20:38:31.663 INFO  manager.ListenerWD -- sendKeys -->input
20:38:31.675 INFO  manager.ListenerWD -- Before find element-->By.cssSelector: [placeholder = 'description']
20:38:31.683 INFO  manager.ListenerWD -- After find element-->By.cssSelector: [placeholder = 'description']
20:38:31.685 INFO  manager.ListenerWD -- Location of element-->input
20:38:31.692 INFO  manager.ListenerWD -- Before click element-->inputtext -->
20:38:31.720 INFO  manager.ListenerWD -- After click element-->input
20:38:31.734 INFO  manager.ListenerWD -- sendKeys -->
20:38:31.736 INFO  manager.ListenerWD -- sendKeys -->input
20:38:31.752 INFO  manager.ListenerWD -- sendKeys -->
20:38:31.754 INFO  manager.ListenerWD -- sendKeys -->input
20:38:31.769 INFO  manager.ListenerWD -- sendKeys -->
20:38:31.771 INFO  manager.ListenerWD -- sendKeys -->input
20:38:31.783 INFO  manager.ListenerWD -- Before find element-->By.cssSelector: .add_form__2rsm2>button
20:38:31.790 INFO  manager.ListenerWD -- After find element-->By.cssSelector: .add_form__2rsm2>button
20:38:31.792 INFO  manager.ListenerWD -- Location of element-->button
20:38:31.796 INFO  manager.ListenerWD -- Before click element-->buttontext -->Save
20:38:31.821 INFO  manager.ListenerWD -- After click element-->button
20:38:32.325 INFO  manager.TestNGListener -- Start test -->removeFirstContact
20:38:32.347 INFO  manager.HelperBase -- Number of Contacts before remove is-->3
20:38:32.347 INFO  manager.ListenerWD -- Before find element-->By.cssSelector: .contact-item_card__2SOIM
20:38:32.355 INFO  manager.ListenerWD -- After find element-->By.cssSelector: .contact-item_card__2SOIM
20:38:32.357 INFO  manager.ListenerWD -- Location of element-->div
20:38:32.365 INFO  manager.ListenerWD -- Before click element-->divtext -->Harry
555667771891
20:38:32.392 INFO  manager.ListenerWD -- After click element-->div
20:38:32.392 INFO  manager.ListenerWD -- Before find element-->By.xpath: //button[text()='Remove']
20:38:32.399 INFO  manager.ListenerWD -- After find element-->By.xpath: //button[text()='Remove']
20:38:32.402 INFO  manager.ListenerWD -- Location of element-->button
20:38:32.408 INFO  manager.ListenerWD -- Before click element-->buttontext -->Remove
20:38:32.432 INFO  manager.ListenerWD -- After click element-->button
20:38:33.457 INFO  manager.HelperBase -- Number of Contacts after remove is-->2
20:38:33.458 INFO  manager.TestNGListener -- Success test -->removeFirstContact
20:38:33.458 INFO  tests.TestBase -- ==============================================
20:38:33.459 INFO  manager.TestNGListener -- Stop testing  on date-->Mon Jun 01 20:38:33 IDT 2026
