22:35:48.955 INFO  manager.ApplicationManager -- All tests runs in Chrome Browser
22:35:49.361 INFO  manager.ListenerWD -- Navigate to -->https://telranedu.web.app/
22:35:50.158 INFO  manager.ApplicationManager -- The link --->https://telranedu.web.app/home
22:35:50.169 INFO  manager.TestNGListener -- Start testing  on date-->Thu Jun 11 22:35:50 IDT 2026
22:35:50.183 INFO  tests.TestBase -- test data---> email: lolik@gmail.com & password: Lolik123!
22:35:55.241 INFO  manager.ListenerWD -- Before find element-->By.cssSelector: a[href='/login']
22:35:55.264 INFO  manager.ListenerWD -- After find element-->By.cssSelector: a[href='/login']
22:35:55.268 INFO  manager.ListenerWD -- Location of element-->a
22:35:55.279 INFO  manager.ListenerWD -- Before click element-->atext -->LOGIN
22:35:55.322 INFO  manager.ListenerWD -- After click element-->a
22:35:55.322 INFO  manager.HelperBase -- Open form by ckick on button with locator a[href='/login']
22:35:55.322 INFO  manager.ListenerWD -- Before find element-->By.name: email
22:35:55.343 INFO  manager.ListenerWD -- After find element-->By.name: email
22:35:55.348 INFO  manager.ListenerWD -- Location of element-->input
22:35:55.356 INFO  manager.ListenerWD -- Before click element-->inputtext -->
22:35:55.389 INFO  manager.ListenerWD -- After click element-->input
22:35:55.410 INFO  manager.ListenerWD -- sendKeys -->
22:35:55.414 INFO  manager.ListenerWD -- sendKeys -->input
22:35:55.436 INFO  manager.ListenerWD -- sendKeys -->
22:35:55.438 INFO  manager.ListenerWD -- sendKeys -->input
22:35:55.455 INFO  manager.ListenerWD -- sendKeys -->
22:35:55.458 INFO  manager.ListenerWD -- sendKeys -->input
22:35:55.474 INFO  manager.ListenerWD -- Before find element-->By.xpath: //input[@placeholder='Password']
22:35:55.490 INFO  manager.ListenerWD -- After find element-->By.xpath: //input[@placeholder='Password']
22:35:55.494 INFO  manager.ListenerWD -- Location of element-->input
22:35:55.503 INFO  manager.ListenerWD -- Before click element-->inputtext -->
22:35:55.532 INFO  manager.ListenerWD -- After click element-->input
22:35:55.547 INFO  manager.ListenerWD -- sendKeys -->
22:35:55.550 INFO  manager.ListenerWD -- sendKeys -->input
22:35:55.565 INFO  manager.ListenerWD -- sendKeys -->
22:35:55.568 INFO  manager.ListenerWD -- sendKeys -->input
22:35:55.583 INFO  manager.ListenerWD -- sendKeys -->
22:35:55.587 INFO  manager.ListenerWD -- sendKeys -->input
22:35:55.601 INFO  manager.ListenerWD -- Before find element-->By.xpath: //button[text()='Login']
22:35:55.616 INFO  manager.ListenerWD -- After find element-->By.xpath: //button[text()='Login']
22:35:55.620 INFO  manager.ListenerWD -- Location of element-->button
22:35:55.626 INFO  manager.ListenerWD -- Before click element-->buttontext -->Login
22:35:55.660 INFO  tests.TestBase -- User logged in successfully
22:35:55.670 INFO  tests.TestBase -- Name of method (test)-->addNewContactEmptyAddress
22:35:55.725 INFO  manager.TestNGListener -- Start test -->addNewContactEmptyAddress
22:35:55.754 INFO  tests.TestBase -- Test data --> name: Tony, lastName:Molly, phone: 343434342323, email: molly@gmail.com, address: , description: empty address
22:35:55.754 INFO  manager.ListenerWD -- Before find element-->By.cssSelector: a[href='/add']
22:36:00.776 INFO  manager.ListenerWD -- Huston, we have a problem!
22:36:00.776 INFO  manager.ListenerWD -- Failed method:findElement
22:36:00.776 INFO  manager.ListenerWD -- **********************
22:36:00.776 INFO  manager.ListenerWD -- Arguments:[By.cssSelector: a[href='/add']]
22:36:00.776 INFO  manager.ListenerWD -- **********************
22:36:00.776 INFO  manager.ListenerWD -- Exception:NoSuchElementException
22:36:00.776 INFO  manager.ListenerWD -- **********************
22:36:00.776 INFO  manager.ListenerWD -- Messageno such element: Unable to locate element: {"method":"css selector","selector":"a[href='/add']"}
  (Session info: chrome=149.0.7827.103)
For documentation on this error, please visit: https://www.selenium.dev/documentation/webdriver/troubleshooting/errors#no-such-element-exception
Build info: version: '4.26.0', revision: '8ccf0219d7'
System info: os.name: 'Windows 11', os.arch: 'amd64', os.version: '10.0', java.version: '21.0.10'
Driver info: org.openqa.selenium.chrome.ChromeDriver
Command: [47b058bde58eda1af54133c817e4bcab, findElement {value=a[href='/add'], using=css selector}]
Capabilities {acceptInsecureCerts: false, browserName: chrome, browserVersion: 149.0.7827.103, chrome: {chromedriverVersion: 149.0.7827.55 (3188f8a607ae..., userDataDir: C:\Users\Nina\AppData\Local...}, fedcm:accounts: true, goog:chromeOptions: {debuggerAddress: localhost:60670}, goog:processID: 19012, networkConnectionEnabled: false, pageLoadStrategy: normal, platformName: windows, proxy: Proxy(), se:cdp: ws://localhost:60670/devtoo..., se:cdpVersion: 149.0.7827.103, setWindowRect: true, strictFileInteractability: false, timeouts: {implicit: 0, pageLoad: 300000, script: 30000}, unhandledPromptBehavior: dismiss and notify, webauthn:extension:credBlob: true, webauthn:extension:largeBlob: true, webauthn:extension:minPinLength: true, webauthn:extension:prf: true, webauthn:virtualAuthenticators: true}
Session ID: 47b058bde58eda1af54133c817e4bcab
22:36:00.777 INFO  manager.ListenerWD -- **********************
22:36:00.777 INFO  manager.ListenerWD -- Screen with error is --->src/test/screenshots/screen_1052.png
22:36:00.996 INFO  manager.TestNGListener -- Failure test -->addNewContactEmptyAddress
22:36:00.997 INFO  tests.TestBase -- ==============================================
22:36:01.001 INFO  tests.TestBase -- Name of method (test)-->addNewContactEmptyLastName
22:36:01.002 INFO  manager.TestNGListener -- Start test -->addNewContactEmptyLastName
22:36:01.003 INFO  tests.TestBase -- Test data --> name: Tony , lastName:, phone: 343434342323,email: molly@gmail.com, address: Haifa, description: empty last name
22:36:01.003 INFO  manager.ListenerWD -- Before find element-->By.cssSelector: a[href='/add']
22:36:06.031 INFO  manager.ListenerWD -- Huston, we have a problem!
22:36:06.031 INFO  manager.ListenerWD -- Failed method:findElement
22:36:06.031 INFO  manager.ListenerWD -- **********************
22:36:06.032 INFO  manager.ListenerWD -- Arguments:[By.cssSelector: a[href='/add']]
22:36:06.032 INFO  manager.ListenerWD -- **********************
22:36:06.032 INFO  manager.ListenerWD -- Exception:NoSuchElementException
22:36:06.032 INFO  manager.ListenerWD -- **********************
22:36:06.032 INFO  manager.ListenerWD -- Messageno such element: Unable to locate element: {"method":"css selector","selector":"a[href='/add']"}
  (Session info: chrome=149.0.7827.103)
For documentation on this error, please visit: https://www.selenium.dev/documentation/webdriver/troubleshooting/errors#no-such-element-exception
Build info: version: '4.26.0', revision: '8ccf0219d7'
System info: os.name: 'Windows 11', os.arch: 'amd64', os.version: '10.0', java.version: '21.0.10'
Driver info: org.openqa.selenium.chrome.ChromeDriver
Command: [47b058bde58eda1af54133c817e4bcab, findElement {value=a[href='/add'], using=css selector}]
Capabilities {acceptInsecureCerts: false, browserName: chrome, browserVersion: 149.0.7827.103, chrome: {chromedriverVersion: 149.0.7827.55 (3188f8a607ae..., userDataDir: C:\Users\Nina\AppData\Local...}, fedcm:accounts: true, goog:chromeOptions: {debuggerAddress: localhost:60670}, goog:processID: 19012, networkConnectionEnabled: false, pageLoadStrategy: normal, platformName: windows, proxy: Proxy(), se:cdp: ws://localhost:60670/devtoo..., se:cdpVersion: 149.0.7827.103, setWindowRect: true, strictFileInteractability: false, timeouts: {implicit: 0, pageLoad: 300000, script: 30000}, unhandledPromptBehavior: dismiss and notify, webauthn:extension:credBlob: true, webauthn:extension:largeBlob: true, webauthn:extension:minPinLength: true, webauthn:extension:prf: true, webauthn:virtualAuthenticators: true}
Session ID: 47b058bde58eda1af54133c817e4bcab
22:36:06.032 INFO  manager.ListenerWD -- **********************
22:36:06.032 INFO  manager.ListenerWD -- Screen with error is --->src/test/screenshots/screen_1231.png
22:36:06.211 INFO  manager.TestNGListener -- Failure test -->addNewContactEmptyLastName
22:36:06.212 INFO  tests.TestBase -- ==============================================
22:36:06.214 INFO  tests.TestBase -- Name of method (test)-->addNewContactEmptyName
22:36:06.215 INFO  manager.TestNGListener -- Start test -->addNewContactEmptyName
22:36:06.217 INFO  tests.TestBase -- Test data --> name: , lastName:Molly, phone: 343434342323,email: molly@gmail.com, address: Haifa, description: empty name
22:36:06.217 INFO  manager.ListenerWD -- Before find element-->By.cssSelector: a[href='/add']
22:36:08.407 INFO  manager.ListenerWD -- After find element-->By.cssSelector: a[href='/add']
22:36:08.411 INFO  manager.ListenerWD -- Location of element-->a
22:36:08.418 INFO  manager.ListenerWD -- Before click element-->atext -->ADD
22:36:08.455 INFO  manager.ListenerWD -- After click element-->a
22:36:08.455 INFO  manager.ListenerWD -- Before find element-->By.cssSelector: [placeholder='Name']
22:36:08.470 INFO  manager.ListenerWD -- After find element-->By.cssSelector: [placeholder='Name']
22:36:08.473 INFO  manager.ListenerWD -- Location of element-->input
22:36:08.480 INFO  manager.ListenerWD -- Before click element-->inputtext -->
22:36:08.509 INFO  manager.ListenerWD -- After click element-->input
22:36:08.526 INFO  manager.ListenerWD -- sendKeys -->
22:36:08.528 INFO  manager.ListenerWD -- sendKeys -->input
22:36:08.545 INFO  manager.ListenerWD -- sendKeys -->
22:36:08.547 INFO  manager.ListenerWD -- sendKeys -->input
22:36:08.562 INFO  manager.ListenerWD -- sendKeys -->
22:36:08.565 INFO  manager.ListenerWD -- sendKeys -->input
22:36:08.575 INFO  manager.ListenerWD -- Before find element-->By.cssSelector: [placeholder='Last Name']
22:36:08.588 INFO  manager.ListenerWD -- After find element-->By.cssSelector: [placeholder='Last Name']
22:36:08.590 INFO  manager.ListenerWD -- Location of element-->input
22:36:08.597 INFO  manager.ListenerWD -- Before click element-->inputtext -->
22:36:08.624 INFO  manager.ListenerWD -- After click element-->input
22:36:08.639 INFO  manager.ListenerWD -- sendKeys -->
22:36:08.641 INFO  manager.ListenerWD -- sendKeys -->input
22:36:08.656 INFO  manager.ListenerWD -- sendKeys -->
22:36:08.659 INFO  manager.ListenerWD -- sendKeys -->input
22:36:08.673 INFO  manager.ListenerWD -- sendKeys -->
22:36:08.677 INFO  manager.ListenerWD -- sendKeys -->input
22:36:08.689 INFO  manager.ListenerWD -- Before find element-->By.cssSelector: [placeholder='Phone']
22:36:08.703 INFO  manager.ListenerWD -- After find element-->By.cssSelector: [placeholder='Phone']
22:36:08.707 INFO  manager.ListenerWD -- Location of element-->input
22:36:08.712 INFO  manager.ListenerWD -- Before click element-->inputtext -->
22:36:08.737 INFO  manager.ListenerWD -- After click element-->input
22:36:08.752 INFO  manager.ListenerWD -- sendKeys -->
22:36:08.755 INFO  manager.ListenerWD -- sendKeys -->input
22:36:08.769 INFO  manager.ListenerWD -- sendKeys -->
22:36:08.772 INFO  manager.ListenerWD -- sendKeys -->input
22:36:08.787 INFO  manager.ListenerWD -- sendKeys -->
22:36:08.790 INFO  manager.ListenerWD -- sendKeys -->input
22:36:08.803 INFO  manager.ListenerWD -- Before find element-->By.cssSelector: [placeholder='email']
22:36:08.818 INFO  manager.ListenerWD -- After find element-->By.cssSelector: [placeholder='email']
22:36:08.822 INFO  manager.ListenerWD -- Location of element-->input
22:36:08.827 INFO  manager.ListenerWD -- Before click element-->inputtext -->
22:36:08.852 INFO  manager.ListenerWD -- After click element-->input
22:36:08.867 INFO  manager.ListenerWD -- sendKeys -->
22:36:08.869 INFO  manager.ListenerWD -- sendKeys -->input
22:36:08.884 INFO  manager.ListenerWD -- sendKeys -->
22:36:08.886 INFO  manager.ListenerWD -- sendKeys -->input
22:36:08.902 INFO  manager.ListenerWD -- sendKeys -->
22:36:08.905 INFO  manager.ListenerWD -- sendKeys -->input
22:36:08.923 INFO  manager.ListenerWD -- Before find element-->By.cssSelector: [placeholder='Address']
22:36:08.938 INFO  manager.ListenerWD -- After find element-->By.cssSelector: [placeholder='Address']
22:36:08.942 INFO  manager.ListenerWD -- Location of element-->input
22:36:08.952 INFO  manager.ListenerWD -- Before click element-->inputtext -->
22:36:08.977 INFO  manager.ListenerWD -- After click element-->input
22:36:08.992 INFO  manager.ListenerWD -- sendKeys -->
22:36:08.995 INFO  manager.ListenerWD -- sendKeys -->input
22:36:09.010 INFO  manager.ListenerWD -- sendKeys -->
22:36:09.013 INFO  manager.ListenerWD -- sendKeys -->input
22:36:09.028 INFO  manager.ListenerWD -- sendKeys -->
22:36:09.030 INFO  manager.ListenerWD -- sendKeys -->input
22:36:09.042 INFO  manager.ListenerWD -- Before find element-->By.cssSelector: [placeholder = 'description']
22:36:09.053 INFO  manager.ListenerWD -- After find element-->By.cssSelector: [placeholder = 'description']
22:36:09.057 INFO  manager.ListenerWD -- Location of element-->input
22:36:09.062 INFO  manager.ListenerWD -- Before click element-->inputtext -->
22:36:09.089 INFO  manager.ListenerWD -- After click element-->input
22:36:09.103 INFO  manager.ListenerWD -- sendKeys -->
22:36:09.105 INFO  manager.ListenerWD -- sendKeys -->input
22:36:09.119 INFO  manager.ListenerWD -- sendKeys -->
22:36:09.123 INFO  manager.ListenerWD -- sendKeys -->input
22:36:09.137 INFO  manager.ListenerWD -- sendKeys -->
22:36:09.139 INFO  manager.ListenerWD -- sendKeys -->input
22:36:09.153 INFO  manager.ListenerWD -- Before find element-->By.cssSelector: .add_form__2rsm2>button
22:36:09.165 INFO  manager.ListenerWD -- After find element-->By.cssSelector: .add_form__2rsm2>button
22:36:09.169 INFO  manager.ListenerWD -- Location of element-->button
22:36:09.174 INFO  manager.ListenerWD -- Before click element-->buttontext -->Save
22:36:09.199 INFO  manager.ListenerWD -- After click element-->button
22:36:09.213 INFO  tests.TestBase -- Assert check Add button is active
22:36:09.214 INFO  manager.TestNGListener -- Success test -->addNewContactEmptyName
22:36:09.214 INFO  tests.TestBase -- ==============================================
22:36:09.220 INFO  tests.TestBase -- Name of method (test)-->addNewContactSuccessAllFields
22:36:09.221 INFO  manager.TestNGListener -- Start test -->addNewContactSuccessAllFields
22:36:09.225 INFO  manager.ListenerWD -- Before find element-->By.cssSelector: a[href='/add']
22:36:09.233 INFO  manager.ListenerWD -- After find element-->By.cssSelector: a[href='/add']
22:36:09.236 INFO  manager.ListenerWD -- Location of element-->a
22:36:09.242 INFO  manager.ListenerWD -- Before click element-->atext -->ADD
22:36:09.271 INFO  manager.ListenerWD -- After click element-->a
22:36:09.271 INFO  manager.ListenerWD -- Before find element-->By.cssSelector: [placeholder='Name']
22:36:09.280 INFO  manager.ListenerWD -- After find element-->By.cssSelector: [placeholder='Name']
22:36:09.284 INFO  manager.ListenerWD -- Location of element-->input
22:36:09.289 INFO  manager.ListenerWD -- Before click element-->inputtext -->
22:36:09.313 INFO  manager.ListenerWD -- After click element-->input
22:36:09.326 INFO  manager.ListenerWD -- sendKeys -->
22:36:09.329 INFO  manager.ListenerWD -- sendKeys -->input
22:36:09.343 INFO  manager.ListenerWD -- sendKeys -->
22:36:09.345 INFO  manager.ListenerWD -- sendKeys -->input
22:36:09.361 INFO  manager.ListenerWD -- sendKeys -->
22:36:09.363 INFO  manager.ListenerWD -- sendKeys -->input
22:36:09.375 INFO  manager.ListenerWD -- Before find element-->By.cssSelector: [placeholder='Last Name']
22:36:09.385 INFO  manager.ListenerWD -- After find element-->By.cssSelector: [placeholder='Last Name']
22:36:09.388 INFO  manager.ListenerWD -- Location of element-->input
22:36:09.394 INFO  manager.ListenerWD -- Before click element-->inputtext -->
22:36:09.425 INFO  manager.ListenerWD -- After click element-->input
22:36:09.443 INFO  manager.ListenerWD -- sendKeys -->
22:36:09.445 INFO  manager.ListenerWD -- sendKeys -->input
22:36:09.474 INFO  manager.ListenerWD -- sendKeys -->
22:36:09.476 INFO  manager.ListenerWD -- sendKeys -->input
22:36:09.494 INFO  manager.ListenerWD -- sendKeys -->
22:36:09.496 INFO  manager.ListenerWD -- sendKeys -->input
22:36:09.509 INFO  manager.ListenerWD -- Before find element-->By.cssSelector: [placeholder='Phone']
22:36:09.521 INFO  manager.ListenerWD -- After find element-->By.cssSelector: [placeholder='Phone']
22:36:09.524 INFO  manager.ListenerWD -- Location of element-->input
22:36:09.530 INFO  manager.ListenerWD -- Before click element-->inputtext -->
22:36:09.557 INFO  manager.ListenerWD -- After click element-->input
22:36:09.573 INFO  manager.ListenerWD -- sendKeys -->
22:36:09.576 INFO  manager.ListenerWD -- sendKeys -->input
22:36:09.600 INFO  manager.ListenerWD -- sendKeys -->
22:36:09.603 INFO  manager.ListenerWD -- sendKeys -->input
22:36:09.620 INFO  manager.ListenerWD -- sendKeys -->
22:36:09.622 INFO  manager.ListenerWD -- sendKeys -->input
22:36:09.640 INFO  manager.ListenerWD -- Before find element-->By.cssSelector: [placeholder='email']
22:36:09.652 INFO  manager.ListenerWD -- After find element-->By.cssSelector: [placeholder='email']
22:36:09.658 INFO  manager.ListenerWD -- Location of element-->input
22:36:09.666 INFO  manager.ListenerWD -- Before click element-->inputtext -->
22:36:09.693 INFO  manager.ListenerWD -- After click element-->input
22:36:09.709 INFO  manager.ListenerWD -- sendKeys -->
22:36:09.713 INFO  manager.ListenerWD -- sendKeys -->input
22:36:09.734 INFO  manager.ListenerWD -- sendKeys -->
22:36:09.737 INFO  manager.ListenerWD -- sendKeys -->input
22:36:09.752 INFO  manager.ListenerWD -- sendKeys -->
22:36:09.754 INFO  manager.ListenerWD -- sendKeys -->input
22:36:09.769 INFO  manager.ListenerWD -- Before find element-->By.cssSelector: [placeholder='Address']
22:36:09.780 INFO  manager.ListenerWD -- After find element-->By.cssSelector: [placeholder='Address']
22:36:09.783 INFO  manager.ListenerWD -- Location of element-->input
22:36:09.789 INFO  manager.ListenerWD -- Before click element-->inputtext -->
22:36:09.818 INFO  manager.ListenerWD -- After click element-->input
22:36:09.834 INFO  manager.ListenerWD -- sendKeys -->
22:36:09.837 INFO  manager.ListenerWD -- sendKeys -->input
22:36:09.863 INFO  manager.ListenerWD -- sendKeys -->
22:36:09.867 INFO  manager.ListenerWD -- sendKeys -->input
22:36:09.883 INFO  manager.ListenerWD -- sendKeys -->
22:36:09.887 INFO  manager.ListenerWD -- sendKeys -->input
22:36:09.899 INFO  manager.ListenerWD -- Before find element-->By.cssSelector: [placeholder = 'description']
22:36:09.909 INFO  manager.ListenerWD -- After find element-->By.cssSelector: [placeholder = 'description']
22:36:09.912 INFO  manager.ListenerWD -- Location of element-->input
22:36:09.920 INFO  manager.ListenerWD -- Before click element-->inputtext -->
22:36:09.948 INFO  manager.ListenerWD -- After click element-->input
22:36:09.967 INFO  manager.ListenerWD -- sendKeys -->
22:36:09.971 INFO  manager.ListenerWD -- sendKeys -->input
22:36:09.993 INFO  manager.ListenerWD -- sendKeys -->
22:36:09.997 INFO  manager.ListenerWD -- sendKeys -->input
22:36:10.012 INFO  manager.ListenerWD -- sendKeys -->
22:36:10.016 INFO  manager.ListenerWD -- sendKeys -->input
22:36:10.191 INFO  manager.ListenerWD -- Before find element-->By.cssSelector: .add_form__2rsm2>button
22:36:10.201 INFO  manager.ListenerWD -- After find element-->By.cssSelector: .add_form__2rsm2>button
22:36:10.204 INFO  manager.ListenerWD -- Location of element-->button
22:36:10.210 INFO  manager.ListenerWD -- Before click element-->buttontext -->Save
22:36:10.233 INFO  manager.ListenerWD -- After click element-->button
22:36:10.718 INFO  tests.TestBase -- Assert check is add contact by name
22:36:10.757 INFO  tests.TestBase -- Assert check is add contact by phone
22:36:10.759 INFO  manager.TestNGListener -- Success test -->addNewContactSuccessAllFields
22:36:10.760 INFO  tests.TestBase -- ==============================================
22:36:10.762 INFO  tests.TestBase -- Name of method (test)-->addNewContactSuccessAllFields
22:36:10.763 INFO  manager.TestNGListener -- Start test -->addNewContactSuccessAllFields
22:36:10.764 INFO  manager.ListenerWD -- Before find element-->By.cssSelector: a[href='/add']
22:36:10.776 INFO  manager.ListenerWD -- After find element-->By.cssSelector: a[href='/add']
22:36:10.779 INFO  manager.ListenerWD -- Location of element-->a
22:36:10.787 INFO  manager.ListenerWD -- Before click element-->atext -->ADD
22:36:10.820 INFO  manager.ListenerWD -- After click element-->a
22:36:10.820 INFO  manager.ListenerWD -- Before find element-->By.cssSelector: [placeholder='Name']
22:36:10.831 INFO  manager.ListenerWD -- After find element-->By.cssSelector: [placeholder='Name']
22:36:10.837 INFO  manager.ListenerWD -- Location of element-->input
22:36:10.844 INFO  manager.ListenerWD -- Before click element-->inputtext -->
22:36:10.877 INFO  manager.ListenerWD -- After click element-->input
22:36:10.893 INFO  manager.ListenerWD -- sendKeys -->
22:36:10.895 INFO  manager.ListenerWD -- sendKeys -->input
22:36:10.910 INFO  manager.ListenerWD -- sendKeys -->
22:36:10.913 INFO  manager.ListenerWD -- sendKeys -->input
22:36:10.927 INFO  manager.ListenerWD -- sendKeys -->
22:36:10.929 INFO  manager.ListenerWD -- sendKeys -->input
22:36:10.940 INFO  manager.ListenerWD -- Before find element-->By.cssSelector: [placeholder='Last Name']
22:36:10.949 INFO  manager.ListenerWD -- After find element-->By.cssSelector: [placeholder='Last Name']
22:36:10.952 INFO  manager.ListenerWD -- Location of element-->input
22:36:10.957 INFO  manager.ListenerWD -- Before click element-->inputtext -->
22:36:10.979 INFO  manager.ListenerWD -- After click element-->input
22:36:10.993 INFO  manager.ListenerWD -- sendKeys -->
22:36:10.995 INFO  manager.ListenerWD -- sendKeys -->input
22:36:11.008 INFO  manager.ListenerWD -- sendKeys -->
22:36:11.011 INFO  manager.ListenerWD -- sendKeys -->input
22:36:11.025 INFO  manager.ListenerWD -- sendKeys -->
22:36:11.027 INFO  manager.ListenerWD -- sendKeys -->input
22:36:11.039 INFO  manager.ListenerWD -- Before find element-->By.cssSelector: [placeholder='Phone']
22:36:11.046 INFO  manager.ListenerWD -- After find element-->By.cssSelector: [placeholder='Phone']
22:36:11.050 INFO  manager.ListenerWD -- Location of element-->input
22:36:11.055 INFO  manager.ListenerWD -- Before click element-->inputtext -->
22:36:11.077 INFO  manager.ListenerWD -- After click element-->input
22:36:11.090 INFO  manager.ListenerWD -- sendKeys -->
22:36:11.092 INFO  manager.ListenerWD -- sendKeys -->input
22:36:11.105 INFO  manager.ListenerWD -- sendKeys -->
22:36:11.108 INFO  manager.ListenerWD -- sendKeys -->input
22:36:11.121 INFO  manager.ListenerWD -- sendKeys -->
22:36:11.123 INFO  manager.ListenerWD -- sendKeys -->input
22:36:11.136 INFO  manager.ListenerWD -- Before find element-->By.cssSelector: [placeholder='email']
22:36:11.144 INFO  manager.ListenerWD -- After find element-->By.cssSelector: [placeholder='email']
22:36:11.147 INFO  manager.ListenerWD -- Location of element-->input
22:36:11.152 INFO  manager.ListenerWD -- Before click element-->inputtext -->
22:36:11.176 INFO  manager.ListenerWD -- After click element-->input
22:36:11.190 INFO  manager.ListenerWD -- sendKeys -->
22:36:11.192 INFO  manager.ListenerWD -- sendKeys -->input
22:36:11.207 INFO  manager.ListenerWD -- sendKeys -->
22:36:11.209 INFO  manager.ListenerWD -- sendKeys -->input
22:36:11.224 INFO  manager.ListenerWD -- sendKeys -->
22:36:11.226 INFO  manager.ListenerWD -- sendKeys -->input
22:36:11.239 INFO  manager.ListenerWD -- Before find element-->By.cssSelector: [placeholder='Address']
22:36:11.248 INFO  manager.ListenerWD -- After find element-->By.cssSelector: [placeholder='Address']
22:36:11.250 INFO  manager.ListenerWD -- Location of element-->input
22:36:11.255 INFO  manager.ListenerWD -- Before click element-->inputtext -->
22:36:11.278 INFO  manager.ListenerWD -- After click element-->input
22:36:11.293 INFO  manager.ListenerWD -- sendKeys -->
22:36:11.295 INFO  manager.ListenerWD -- sendKeys -->input
22:36:11.309 INFO  manager.ListenerWD -- sendKeys -->
22:36:11.311 INFO  manager.ListenerWD -- sendKeys -->input
22:36:11.324 INFO  manager.ListenerWD -- sendKeys -->
22:36:11.327 INFO  manager.ListenerWD -- sendKeys -->input
22:36:11.337 INFO  manager.ListenerWD -- Before find element-->By.cssSelector: [placeholder = 'description']
22:36:11.345 INFO  manager.ListenerWD -- After find element-->By.cssSelector: [placeholder = 'description']
22:36:11.349 INFO  manager.ListenerWD -- Location of element-->input
22:36:11.354 INFO  manager.ListenerWD -- Before click element-->inputtext -->
22:36:11.376 INFO  manager.ListenerWD -- After click element-->input
22:36:11.390 INFO  manager.ListenerWD -- sendKeys -->
22:36:11.392 INFO  manager.ListenerWD -- sendKeys -->input
22:36:11.405 INFO  manager.ListenerWD -- sendKeys -->
22:36:11.407 INFO  manager.ListenerWD -- sendKeys -->input
22:36:11.608 INFO  manager.ListenerWD -- Before find element-->By.cssSelector: .add_form__2rsm2>button
22:36:11.622 INFO  manager.ListenerWD -- After find element-->By.cssSelector: .add_form__2rsm2>button
22:36:11.629 INFO  manager.ListenerWD -- Location of element-->button
22:36:11.643 INFO  manager.ListenerWD -- Before click element-->buttontext -->Save
22:36:11.668 INFO  manager.ListenerWD -- After click element-->button
22:36:12.272 INFO  tests.TestBase -- Assert check is add contact by name
22:36:12.308 INFO  tests.TestBase -- Assert check is add contact by phone
22:36:12.309 INFO  manager.TestNGListener -- Success test -->addNewContactSuccessAllFields
22:36:12.309 INFO  tests.TestBase -- ==============================================
22:36:12.313 INFO  manager.TestNGListener -- Skipped test -->addNewContactSuccessAllFieldsCSV
22:36:12.314 INFO  tests.TestBase -- Name of method (test)-->addNewContactSuccessRequiredFields
22:36:12.314 INFO  manager.TestNGListener -- Start test -->addNewContactSuccessRequiredFields
22:36:12.317 INFO  tests.TestBase -- Test data --> name: Tony, lastName:Molly, phone: 343434342172email: molly2172@gmail.com, address: Haifa
22:36:12.317 INFO  manager.ListenerWD -- Before find element-->By.cssSelector: a[href='/add']
22:36:12.329 INFO  manager.ListenerWD -- After find element-->By.cssSelector: a[href='/add']
22:36:12.336 INFO  manager.ListenerWD -- Location of element-->a
22:36:12.346 INFO  manager.ListenerWD -- Before click element-->atext -->ADD
22:36:12.381 INFO  manager.ListenerWD -- After click element-->a
22:36:12.381 INFO  manager.ListenerWD -- Before find element-->By.cssSelector: [placeholder='Name']
22:36:12.392 INFO  manager.ListenerWD -- After find element-->By.cssSelector: [placeholder='Name']
22:36:12.395 INFO  manager.ListenerWD -- Location of element-->input
22:36:12.401 INFO  manager.ListenerWD -- Before click element-->inputtext -->
22:36:12.429 INFO  manager.ListenerWD -- After click element-->input
22:36:12.445 INFO  manager.ListenerWD -- sendKeys -->
22:36:12.448 INFO  manager.ListenerWD -- sendKeys -->input
22:36:12.464 INFO  manager.ListenerWD -- sendKeys -->
22:36:12.467 INFO  manager.ListenerWD -- sendKeys -->input
22:36:12.483 INFO  manager.ListenerWD -- sendKeys -->
22:36:12.485 INFO  manager.ListenerWD -- sendKeys -->input
22:36:12.499 INFO  manager.ListenerWD -- Before find element-->By.cssSelector: [placeholder='Last Name']
22:36:12.509 INFO  manager.ListenerWD -- After find element-->By.cssSelector: [placeholder='Last Name']
22:36:12.511 INFO  manager.ListenerWD -- Location of element-->input
22:36:12.519 INFO  manager.ListenerWD -- Before click element-->inputtext -->
22:36:12.545 INFO  manager.ListenerWD -- After click element-->input
22:36:12.559 INFO  manager.ListenerWD -- sendKeys -->
22:36:12.561 INFO  manager.ListenerWD -- sendKeys -->input
22:36:12.575 INFO  manager.ListenerWD -- sendKeys -->
22:36:12.578 INFO  manager.ListenerWD -- sendKeys -->input
22:36:12.592 INFO  manager.ListenerWD -- sendKeys -->
22:36:12.594 INFO  manager.ListenerWD -- sendKeys -->input
22:36:12.605 INFO  manager.ListenerWD -- Before find element-->By.cssSelector: [placeholder='Phone']
22:36:12.612 INFO  manager.ListenerWD -- After find element-->By.cssSelector: [placeholder='Phone']
22:36:12.615 INFO  manager.ListenerWD -- Location of element-->input
22:36:12.620 INFO  manager.ListenerWD -- Before click element-->inputtext -->
22:36:12.642 INFO  manager.ListenerWD -- After click element-->input
22:36:12.656 INFO  manager.ListenerWD -- sendKeys -->
22:36:12.658 INFO  manager.ListenerWD -- sendKeys -->input
22:36:12.671 INFO  manager.ListenerWD -- sendKeys -->
22:36:12.673 INFO  manager.ListenerWD -- sendKeys -->input
22:36:12.687 INFO  manager.ListenerWD -- sendKeys -->
22:36:12.690 INFO  manager.ListenerWD -- sendKeys -->input
22:36:12.702 INFO  manager.ListenerWD -- Before find element-->By.cssSelector: [placeholder='email']
22:36:12.710 INFO  manager.ListenerWD -- After find element-->By.cssSelector: [placeholder='email']
22:36:12.713 INFO  manager.ListenerWD -- Location of element-->input
22:36:12.719 INFO  manager.ListenerWD -- Before click element-->inputtext -->
22:36:12.743 INFO  manager.ListenerWD -- After click element-->input
22:36:12.756 INFO  manager.ListenerWD -- sendKeys -->
22:36:12.759 INFO  manager.ListenerWD -- sendKeys -->input
22:36:12.773 INFO  manager.ListenerWD -- sendKeys -->
22:36:12.775 INFO  manager.ListenerWD -- sendKeys -->input
22:36:12.789 INFO  manager.ListenerWD -- sendKeys -->
22:36:12.791 INFO  manager.ListenerWD -- sendKeys -->input
22:36:12.805 INFO  manager.ListenerWD -- Before find element-->By.cssSelector: [placeholder='Address']
22:36:12.814 INFO  manager.ListenerWD -- After find element-->By.cssSelector: [placeholder='Address']
22:36:12.816 INFO  manager.ListenerWD -- Location of element-->input
22:36:12.821 INFO  manager.ListenerWD -- Before click element-->inputtext -->
22:36:12.843 INFO  manager.ListenerWD -- After click element-->input
22:36:12.856 INFO  manager.ListenerWD -- sendKeys -->
22:36:12.858 INFO  manager.ListenerWD -- sendKeys -->input
22:36:12.873 INFO  manager.ListenerWD -- sendKeys -->
22:36:12.875 INFO  manager.ListenerWD -- sendKeys -->input
22:36:12.889 INFO  manager.ListenerWD -- sendKeys -->
22:36:12.892 INFO  manager.ListenerWD -- sendKeys -->input
22:36:12.903 INFO  manager.ListenerWD -- Before find element-->By.cssSelector: [placeholder = 'description']
22:36:12.913 INFO  manager.ListenerWD -- After find element-->By.cssSelector: [placeholder = 'description']
22:36:12.915 INFO  manager.ListenerWD -- Location of element-->input
22:36:12.922 INFO  manager.ListenerWD -- Before click element-->inputtext -->
22:36:12.954 INFO  manager.ListenerWD -- After click element-->input
22:36:12.972 INFO  manager.ListenerWD -- sendKeys -->
22:36:12.976 INFO  manager.ListenerWD -- sendKeys -->input
22:36:12.999 INFO  manager.ListenerWD -- sendKeys -->
22:36:13.002 INFO  manager.ListenerWD -- sendKeys -->input
22:36:13.019 INFO  manager.ListenerWD -- Before find element-->By.cssSelector: .add_form__2rsm2>button
22:36:13.032 INFO  manager.ListenerWD -- After find element-->By.cssSelector: .add_form__2rsm2>button
22:36:13.036 INFO  manager.ListenerWD -- Location of element-->button
22:36:13.046 INFO  manager.ListenerWD -- Before click element-->buttontext -->Save
22:36:13.076 INFO  manager.ListenerWD -- After click element-->button
22:36:13.750 INFO  tests.TestBase -- Assert check is add contact by name
22:36:13.807 INFO  tests.TestBase -- Assert check is add contact by phone
22:36:13.808 INFO  manager.TestNGListener -- Success test -->addNewContactSuccessRequiredFields
22:36:13.808 INFO  tests.TestBase -- ==============================================
22:36:13.810 INFO  tests.TestBase -- Name of method (test)-->addNewContactWrongEmail
22:36:13.812 INFO  manager.TestNGListener -- Start test -->addNewContactWrongEmail
22:36:13.812 INFO  tests.TestBase -- Test data --> name: Tony, lastName:Molly, phone: 343434342323, email: mollygmail.com, address: Haifa, description: wrong email
22:36:13.812 INFO  manager.ListenerWD -- Before find element-->By.cssSelector: a[href='/add']
22:36:13.826 INFO  manager.ListenerWD -- After find element-->By.cssSelector: a[href='/add']
22:36:13.828 INFO  manager.ListenerWD -- Location of element-->a
22:36:13.835 INFO  manager.ListenerWD -- Before click element-->atext -->ADD
22:36:13.873 INFO  manager.ListenerWD -- After click element-->a
22:36:13.873 INFO  manager.ListenerWD -- Before find element-->By.cssSelector: [placeholder='Name']
22:36:13.886 INFO  manager.ListenerWD -- After find element-->By.cssSelector: [placeholder='Name']
22:36:13.890 INFO  manager.ListenerWD -- Location of element-->input
22:36:13.898 INFO  manager.ListenerWD -- Before click element-->inputtext -->
22:36:13.936 INFO  manager.ListenerWD -- After click element-->input
22:36:13.954 INFO  manager.ListenerWD -- sendKeys -->
22:36:13.957 INFO  manager.ListenerWD -- sendKeys -->input
22:36:13.977 INFO  manager.ListenerWD -- sendKeys -->
22:36:13.980 INFO  manager.ListenerWD -- sendKeys -->input
22:36:14.000 INFO  manager.ListenerWD -- sendKeys -->
22:36:14.003 INFO  manager.ListenerWD -- sendKeys -->input
22:36:14.018 INFO  manager.ListenerWD -- Before find element-->By.cssSelector: [placeholder='Last Name']
22:36:14.030 INFO  manager.ListenerWD -- After find element-->By.cssSelector: [placeholder='Last Name']
22:36:14.032 INFO  manager.ListenerWD -- Location of element-->input
22:36:14.039 INFO  manager.ListenerWD -- Before click element-->inputtext -->
22:36:14.071 INFO  manager.ListenerWD -- After click element-->input
22:36:14.089 INFO  manager.ListenerWD -- sendKeys -->
22:36:14.092 INFO  manager.ListenerWD -- sendKeys -->input
22:36:14.110 INFO  manager.ListenerWD -- sendKeys -->
22:36:14.113 INFO  manager.ListenerWD -- sendKeys -->input
22:36:14.128 INFO  manager.ListenerWD -- sendKeys -->
22:36:14.131 INFO  manager.ListenerWD -- sendKeys -->input
22:36:14.144 INFO  manager.ListenerWD -- Before find element-->By.cssSelector: [placeholder='Phone']
22:36:14.153 INFO  manager.ListenerWD -- After find element-->By.cssSelector: [placeholder='Phone']
22:36:14.157 INFO  manager.ListenerWD -- Location of element-->input
22:36:14.163 INFO  manager.ListenerWD -- Before click element-->inputtext -->
22:36:14.190 INFO  manager.ListenerWD -- After click element-->input
22:36:14.205 INFO  manager.ListenerWD -- sendKeys -->
22:36:14.207 INFO  manager.ListenerWD -- sendKeys -->input
22:36:14.223 INFO  manager.ListenerWD -- sendKeys -->
22:36:14.226 INFO  manager.ListenerWD -- sendKeys -->input
22:36:14.240 INFO  manager.ListenerWD -- sendKeys -->
22:36:14.243 INFO  manager.ListenerWD -- sendKeys -->input
22:36:14.255 INFO  manager.ListenerWD -- Before find element-->By.cssSelector: [placeholder='email']
22:36:14.264 INFO  manager.ListenerWD -- After find element-->By.cssSelector: [placeholder='email']
22:36:14.268 INFO  manager.ListenerWD -- Location of element-->input
22:36:14.274 INFO  manager.ListenerWD -- Before click element-->inputtext -->
22:36:14.298 INFO  manager.ListenerWD -- After click element-->input
22:36:14.311 INFO  manager.ListenerWD -- sendKeys -->
22:36:14.313 INFO  manager.ListenerWD -- sendKeys -->input
22:36:14.327 INFO  manager.ListenerWD -- sendKeys -->
22:36:14.329 INFO  manager.ListenerWD -- sendKeys -->input
22:36:14.344 INFO  manager.ListenerWD -- sendKeys -->
22:36:14.346 INFO  manager.ListenerWD -- sendKeys -->input
22:36:14.357 INFO  manager.ListenerWD -- Before find element-->By.cssSelector: [placeholder='Address']
22:36:14.366 INFO  manager.ListenerWD -- After find element-->By.cssSelector: [placeholder='Address']
22:36:14.369 INFO  manager.ListenerWD -- Location of element-->input
22:36:14.374 INFO  manager.ListenerWD -- Before click element-->inputtext -->
22:36:14.397 INFO  manager.ListenerWD -- After click element-->input
22:36:14.411 INFO  manager.ListenerWD -- sendKeys -->
22:36:14.413 INFO  manager.ListenerWD -- sendKeys -->input
22:36:14.427 INFO  manager.ListenerWD -- sendKeys -->
22:36:14.429 INFO  manager.ListenerWD -- sendKeys -->input
22:36:14.445 INFO  manager.ListenerWD -- sendKeys -->
22:36:14.446 INFO  manager.ListenerWD -- sendKeys -->input
22:36:14.458 INFO  manager.ListenerWD -- Before find element-->By.cssSelector: [placeholder = 'description']
22:36:14.466 INFO  manager.ListenerWD -- After find element-->By.cssSelector: [placeholder = 'description']
22:36:14.468 INFO  manager.ListenerWD -- Location of element-->input
22:36:14.473 INFO  manager.ListenerWD -- Before click element-->inputtext -->
22:36:14.503 INFO  manager.ListenerWD -- After click element-->input
22:36:14.519 INFO  manager.ListenerWD -- sendKeys -->
22:36:14.522 INFO  manager.ListenerWD -- sendKeys -->input
22:36:14.538 INFO  manager.ListenerWD -- sendKeys -->
22:36:14.540 INFO  manager.ListenerWD -- sendKeys -->input
22:36:14.556 INFO  manager.ListenerWD -- sendKeys -->
22:36:14.559 INFO  manager.ListenerWD -- sendKeys -->input
22:36:14.573 INFO  manager.ListenerWD -- Before find element-->By.cssSelector: .add_form__2rsm2>button
22:36:14.583 INFO  manager.ListenerWD -- After find element-->By.cssSelector: .add_form__2rsm2>button
22:36:14.586 INFO  manager.ListenerWD -- Location of element-->button
22:36:14.594 INFO  manager.ListenerWD -- Before click element-->buttontext -->Save
22:36:14.622 INFO  manager.ListenerWD -- After click element-->button
22:36:14.635 INFO  tests.TestBase -- Assert check Add button is active
22:36:14.647 INFO  manager.ListenerWD -- Huston, we have a problem!
22:36:14.647 INFO  manager.ListenerWD -- Failed method:alert
22:36:14.647 INFO  manager.ListenerWD -- **********************
22:36:14.647 INFO  manager.ListenerWD -- Arguments:null
22:36:14.647 INFO  manager.ListenerWD -- **********************
22:36:14.647 INFO  manager.ListenerWD -- Exception:NoAlertPresentException
22:36:14.647 INFO  manager.ListenerWD -- **********************
22:36:14.647 INFO  manager.ListenerWD -- Messageno such alert
  (Session info: chrome=149.0.7827.103)
Build info: version: '4.26.0', revision: '8ccf0219d7'
System info: os.name: 'Windows 11', os.arch: 'amd64', os.version: '10.0', java.version: '21.0.10'
Driver info: org.openqa.selenium.chrome.ChromeDriver
Command: [47b058bde58eda1af54133c817e4bcab, getAlertText {}]
Capabilities {acceptInsecureCerts: false, browserName: chrome, browserVersion: 149.0.7827.103, chrome: {chromedriverVersion: 149.0.7827.55 (3188f8a607ae..., userDataDir: C:\Users\Nina\AppData\Local...}, fedcm:accounts: true, goog:chromeOptions: {debuggerAddress: localhost:60670}, goog:processID: 19012, networkConnectionEnabled: false, pageLoadStrategy: normal, platformName: windows, proxy: Proxy(), se:cdp: ws://localhost:60670/devtoo..., se:cdpVersion: 149.0.7827.103, setWindowRect: true, strictFileInteractability: false, timeouts: {implicit: 0, pageLoad: 300000, script: 30000}, unhandledPromptBehavior: dismiss and notify, webauthn:extension:credBlob: true, webauthn:extension:largeBlob: true, webauthn:extension:minPinLength: true, webauthn:extension:prf: true, webauthn:virtualAuthenticators: true}
Session ID: 47b058bde58eda1af54133c817e4bcab
22:36:14.647 INFO  manager.ListenerWD -- **********************
22:36:14.647 INFO  manager.ListenerWD -- Screen with error is --->src/test/screenshots/screen_1617.png
22:36:15.164 INFO  tests.TestBase -- Assert check is alert present with error test 'Email not valid' 
22:36:15.165 INFO  manager.TestNGListener -- Success test -->addNewContactWrongEmail
22:36:15.165 INFO  tests.TestBase -- ==============================================
22:36:15.167 INFO  tests.TestBase -- Name of method (test)-->addNewContactWrongPhone
22:36:15.168 INFO  manager.TestNGListener -- Start test -->addNewContactWrongPhone
22:36:15.169 INFO  tests.TestBase -- Test data --> name: Tony, lastName:Molly, phone: , email: molly@gmail.com, address: Haifa, description: empty phone
22:36:15.169 INFO  manager.ListenerWD -- Before find element-->By.cssSelector: a[href='/add']
22:36:15.181 INFO  manager.ListenerWD -- After find element-->By.cssSelector: a[href='/add']
22:36:15.189 INFO  manager.ListenerWD -- Location of element-->a
22:36:15.198 INFO  manager.ListenerWD -- Before click element-->atext -->ADD
22:36:15.233 INFO  manager.ListenerWD -- After click element-->a
22:36:15.233 INFO  manager.ListenerWD -- Before find element-->By.cssSelector: [placeholder='Name']
22:36:15.242 INFO  manager.ListenerWD -- After find element-->By.cssSelector: [placeholder='Name']
22:36:15.246 INFO  manager.ListenerWD -- Location of element-->input
22:36:15.253 INFO  manager.ListenerWD -- Before click element-->inputtext -->
22:36:15.283 INFO  manager.ListenerWD -- After click element-->input
22:36:15.303 INFO  manager.ListenerWD -- sendKeys -->
22:36:15.306 INFO  manager.ListenerWD -- sendKeys -->input
22:36:15.330 INFO  manager.ListenerWD -- sendKeys -->
22:36:15.332 INFO  manager.ListenerWD -- sendKeys -->input
22:36:15.348 INFO  manager.ListenerWD -- sendKeys -->
22:36:15.350 INFO  manager.ListenerWD -- sendKeys -->input
22:36:15.362 INFO  manager.ListenerWD -- Before find element-->By.cssSelector: [placeholder='Last Name']
22:36:15.369 INFO  manager.ListenerWD -- After find element-->By.cssSelector: [placeholder='Last Name']
22:36:15.372 INFO  manager.ListenerWD -- Location of element-->input
22:36:15.378 INFO  manager.ListenerWD -- Before click element-->inputtext -->
22:36:15.413 INFO  manager.ListenerWD -- After click element-->input
22:36:15.434 INFO  manager.ListenerWD -- sendKeys -->
22:36:15.437 INFO  manager.ListenerWD -- sendKeys -->input
22:36:15.461 INFO  manager.ListenerWD -- sendKeys -->
22:36:15.463 INFO  manager.ListenerWD -- sendKeys -->input
22:36:15.480 INFO  manager.ListenerWD -- sendKeys -->
22:36:15.483 INFO  manager.ListenerWD -- sendKeys -->input
22:36:15.496 INFO  manager.ListenerWD -- Before find element-->By.cssSelector: [placeholder='Phone']
22:36:15.506 INFO  manager.ListenerWD -- After find element-->By.cssSelector: [placeholder='Phone']
22:36:15.508 INFO  manager.ListenerWD -- Location of element-->input
22:36:15.514 INFO  manager.ListenerWD -- Before click element-->inputtext -->
22:36:15.542 INFO  manager.ListenerWD -- After click element-->input
22:36:15.561 INFO  manager.ListenerWD -- sendKeys -->
22:36:15.563 INFO  manager.ListenerWD -- sendKeys -->input
22:36:15.588 INFO  manager.ListenerWD -- sendKeys -->
22:36:15.590 INFO  manager.ListenerWD -- sendKeys -->input
22:36:15.608 INFO  manager.ListenerWD -- sendKeys -->
22:36:15.610 INFO  manager.ListenerWD -- sendKeys -->input
22:36:15.622 INFO  manager.ListenerWD -- Before find element-->By.cssSelector: [placeholder='email']
22:36:15.630 INFO  manager.ListenerWD -- After find element-->By.cssSelector: [placeholder='email']
22:36:15.632 INFO  manager.ListenerWD -- Location of element-->input
22:36:15.637 INFO  manager.ListenerWD -- Before click element-->inputtext -->
22:36:15.661 INFO  manager.ListenerWD -- After click element-->input
22:36:15.677 INFO  manager.ListenerWD -- sendKeys -->
22:36:15.679 INFO  manager.ListenerWD -- sendKeys -->input
22:36:15.703 INFO  manager.ListenerWD -- sendKeys -->
22:36:15.705 INFO  manager.ListenerWD -- sendKeys -->input
22:36:15.719 INFO  manager.ListenerWD -- sendKeys -->
22:36:15.721 INFO  manager.ListenerWD -- sendKeys -->input
22:36:15.737 INFO  manager.ListenerWD -- Before find element-->By.cssSelector: [placeholder='Address']
22:36:15.744 INFO  manager.ListenerWD -- After find element-->By.cssSelector: [placeholder='Address']
22:36:15.747 INFO  manager.ListenerWD -- Location of element-->input
22:36:15.751 INFO  manager.ListenerWD -- Before click element-->inputtext -->
22:36:15.776 INFO  manager.ListenerWD -- After click element-->input
22:36:15.792 INFO  manager.ListenerWD -- sendKeys -->
22:36:15.794 INFO  manager.ListenerWD -- sendKeys -->input
22:36:15.816 INFO  manager.ListenerWD -- sendKeys -->
22:36:15.818 INFO  manager.ListenerWD -- sendKeys -->input
22:36:15.833 INFO  manager.ListenerWD -- sendKeys -->
22:36:15.834 INFO  manager.ListenerWD -- sendKeys -->input
22:36:15.847 INFO  manager.ListenerWD -- Before find element-->By.cssSelector: [placeholder = 'description']
22:36:15.854 INFO  manager.ListenerWD -- After find element-->By.cssSelector: [placeholder = 'description']
22:36:15.856 INFO  manager.ListenerWD -- Location of element-->input
22:36:15.862 INFO  manager.ListenerWD -- Before click element-->inputtext -->
22:36:15.888 INFO  manager.ListenerWD -- After click element-->input
22:36:15.903 INFO  manager.ListenerWD -- sendKeys -->
22:36:15.905 INFO  manager.ListenerWD -- sendKeys -->input
22:36:15.931 INFO  manager.ListenerWD -- sendKeys -->
22:36:15.933 INFO  manager.ListenerWD -- sendKeys -->input
22:36:15.949 INFO  manager.ListenerWD -- sendKeys -->
22:36:15.951 INFO  manager.ListenerWD -- sendKeys -->input
22:36:15.966 INFO  manager.ListenerWD -- Before find element-->By.cssSelector: .add_form__2rsm2>button
22:36:15.973 INFO  manager.ListenerWD -- After find element-->By.cssSelector: .add_form__2rsm2>button
22:36:15.976 INFO  manager.ListenerWD -- Location of element-->button
22:36:15.982 INFO  manager.ListenerWD -- Before click element-->buttontext -->Save
22:36:16.005 INFO  manager.ListenerWD -- After click element-->button
22:36:16.010 INFO  manager.ListenerWD -- Huston, we have a problem!
22:36:16.010 INFO  manager.ListenerWD -- Failed method:alert
22:36:16.010 INFO  manager.ListenerWD -- **********************
22:36:16.010 INFO  manager.ListenerWD -- Arguments:null
22:36:16.010 INFO  manager.ListenerWD -- **********************
22:36:16.010 INFO  manager.ListenerWD -- Exception:NoAlertPresentException
22:36:16.010 INFO  manager.ListenerWD -- **********************
22:36:16.010 INFO  manager.ListenerWD -- Messageno such alert
  (Session info: chrome=149.0.7827.103)
Build info: version: '4.26.0', revision: '8ccf0219d7'
System info: os.name: 'Windows 11', os.arch: 'amd64', os.version: '10.0', java.version: '21.0.10'
Driver info: org.openqa.selenium.chrome.ChromeDriver
Command: [47b058bde58eda1af54133c817e4bcab, getAlertText {}]
Capabilities {acceptInsecureCerts: false, browserName: chrome, browserVersion: 149.0.7827.103, chrome: {chromedriverVersion: 149.0.7827.55 (3188f8a607ae..., userDataDir: C:\Users\Nina\AppData\Local...}, fedcm:accounts: true, goog:chromeOptions: {debuggerAddress: localhost:60670}, goog:processID: 19012, networkConnectionEnabled: false, pageLoadStrategy: normal, platformName: windows, proxy: Proxy(), se:cdp: ws://localhost:60670/devtoo..., se:cdpVersion: 149.0.7827.103, setWindowRect: true, strictFileInteractability: false, timeouts: {implicit: 0, pageLoad: 300000, script: 30000}, unhandledPromptBehavior: dismiss and notify, webauthn:extension:credBlob: true, webauthn:extension:largeBlob: true, webauthn:extension:minPinLength: true, webauthn:extension:prf: true, webauthn:virtualAuthenticators: true}
Session ID: 47b058bde58eda1af54133c817e4bcab
22:36:16.010 INFO  manager.ListenerWD -- **********************
22:36:16.010 INFO  manager.ListenerWD -- Screen with error is --->src/test/screenshots/screen_1181.png
22:36:16.528 INFO  tests.TestBase -- Assert check is alert present with error test 'Phone not valid' 
22:36:16.538 INFO  tests.TestBase -- Assert check Add button is active
22:36:16.539 INFO  manager.TestNGListener -- Success test -->addNewContactWrongPhone
22:36:16.539 INFO  tests.TestBase -- ==============================================
22:36:16.540 INFO  tests.TestBase -- Name of method (test)-->addNewContactWrongPhone
22:36:16.542 INFO  manager.TestNGListener -- Start test -->addNewContactWrongPhone
22:36:16.542 INFO  tests.TestBase -- Test data --> name: Tony, lastName:Molly, phone: , email: molly@gmail.com, address: Haifa, description: empty phone
22:36:16.542 INFO  manager.ListenerWD -- Before find element-->By.cssSelector: a[href='/add']
22:36:16.551 INFO  manager.ListenerWD -- After find element-->By.cssSelector: a[href='/add']
22:36:16.555 INFO  manager.ListenerWD -- Location of element-->a
22:36:16.560 INFO  manager.ListenerWD -- Before click element-->atext -->ADD
22:36:16.592 INFO  manager.ListenerWD -- After click element-->a
22:36:16.592 INFO  manager.ListenerWD -- Before find element-->By.cssSelector: [placeholder='Name']
22:36:16.600 INFO  manager.ListenerWD -- After find element-->By.cssSelector: [placeholder='Name']
22:36:16.604 INFO  manager.ListenerWD -- Location of element-->input
22:36:16.610 INFO  manager.ListenerWD -- Before click element-->inputtext -->
22:36:16.638 INFO  manager.ListenerWD -- After click element-->input
22:36:16.653 INFO  manager.ListenerWD -- sendKeys -->
22:36:16.656 INFO  manager.ListenerWD -- sendKeys -->input
22:36:16.679 INFO  manager.ListenerWD -- sendKeys -->
22:36:16.682 INFO  manager.ListenerWD -- sendKeys -->input
22:36:16.699 INFO  manager.ListenerWD -- sendKeys -->
22:36:16.701 INFO  manager.ListenerWD -- sendKeys -->input
22:36:16.713 INFO  manager.ListenerWD -- Before find element-->By.cssSelector: [placeholder='Last Name']
22:36:16.722 INFO  manager.ListenerWD -- After find element-->By.cssSelector: [placeholder='Last Name']
22:36:16.724 INFO  manager.ListenerWD -- Location of element-->input
22:36:16.729 INFO  manager.ListenerWD -- Before click element-->inputtext -->
22:36:16.752 INFO  manager.ListenerWD -- After click element-->input
22:36:16.767 INFO  manager.ListenerWD -- sendKeys -->
22:36:16.769 INFO  manager.ListenerWD -- sendKeys -->input
22:36:16.790 INFO  manager.ListenerWD -- sendKeys -->
22:36:16.792 INFO  manager.ListenerWD -- sendKeys -->input
22:36:16.805 INFO  manager.ListenerWD -- sendKeys -->
22:36:16.807 INFO  manager.ListenerWD -- sendKeys -->input
22:36:16.819 INFO  manager.ListenerWD -- Before find element-->By.cssSelector: [placeholder='Phone']
22:36:16.826 INFO  manager.ListenerWD -- After find element-->By.cssSelector: [placeholder='Phone']
22:36:16.829 INFO  manager.ListenerWD -- Location of element-->input
22:36:16.834 INFO  manager.ListenerWD -- Before click element-->inputtext -->
22:36:16.857 INFO  manager.ListenerWD -- After click element-->input
22:36:16.872 INFO  manager.ListenerWD -- sendKeys -->
22:36:16.875 INFO  manager.ListenerWD -- sendKeys -->input
22:36:16.897 INFO  manager.ListenerWD -- sendKeys -->
22:36:16.900 INFO  manager.ListenerWD -- sendKeys -->input
22:36:16.914 INFO  manager.ListenerWD -- sendKeys -->
22:36:16.916 INFO  manager.ListenerWD -- sendKeys -->input
22:36:16.932 INFO  manager.ListenerWD -- Before find element-->By.cssSelector: [placeholder='email']
22:36:16.942 INFO  manager.ListenerWD -- After find element-->By.cssSelector: [placeholder='email']
22:36:16.944 INFO  manager.ListenerWD -- Location of element-->input
22:36:16.950 INFO  manager.ListenerWD -- Before click element-->inputtext -->
22:36:16.972 INFO  manager.ListenerWD -- After click element-->input
22:36:16.986 INFO  manager.ListenerWD -- sendKeys -->
22:36:16.988 INFO  manager.ListenerWD -- sendKeys -->input
22:36:17.008 INFO  manager.ListenerWD -- sendKeys -->
22:36:17.010 INFO  manager.ListenerWD -- sendKeys -->input
22:36:17.023 INFO  manager.ListenerWD -- sendKeys -->
22:36:17.026 INFO  manager.ListenerWD -- sendKeys -->input
22:36:17.040 INFO  manager.ListenerWD -- Before find element-->By.cssSelector: [placeholder='Address']
22:36:17.048 INFO  manager.ListenerWD -- After find element-->By.cssSelector: [placeholder='Address']
22:36:17.051 INFO  manager.ListenerWD -- Location of element-->input
22:36:17.057 INFO  manager.ListenerWD -- Before click element-->inputtext -->
22:36:17.082 INFO  manager.ListenerWD -- After click element-->input
22:36:17.097 INFO  manager.ListenerWD -- sendKeys -->
22:36:17.100 INFO  manager.ListenerWD -- sendKeys -->input
22:36:17.120 INFO  manager.ListenerWD -- sendKeys -->
22:36:17.122 INFO  manager.ListenerWD -- sendKeys -->input
22:36:17.136 INFO  manager.ListenerWD -- sendKeys -->
22:36:17.138 INFO  manager.ListenerWD -- sendKeys -->input
22:36:17.149 INFO  manager.ListenerWD -- Before find element-->By.cssSelector: [placeholder = 'description']
22:36:17.158 INFO  manager.ListenerWD -- After find element-->By.cssSelector: [placeholder = 'description']
22:36:17.160 INFO  manager.ListenerWD -- Location of element-->input
22:36:17.164 INFO  manager.ListenerWD -- Before click element-->inputtext -->
22:36:17.189 INFO  manager.ListenerWD -- After click element-->input
22:36:17.203 INFO  manager.ListenerWD -- sendKeys -->
22:36:17.206 INFO  manager.ListenerWD -- sendKeys -->input
22:36:17.227 INFO  manager.ListenerWD -- sendKeys -->
22:36:17.228 INFO  manager.ListenerWD -- sendKeys -->input
22:36:17.241 INFO  manager.ListenerWD -- sendKeys -->
22:36:17.245 INFO  manager.ListenerWD -- sendKeys -->input
22:36:17.256 INFO  manager.ListenerWD -- Before find element-->By.cssSelector: .add_form__2rsm2>button
22:36:17.264 INFO  manager.ListenerWD -- After find element-->By.cssSelector: .add_form__2rsm2>button
22:36:17.266 INFO  manager.ListenerWD -- Location of element-->button
22:36:17.271 INFO  manager.ListenerWD -- Before click element-->buttontext -->Save
22:36:17.292 INFO  manager.ListenerWD -- After click element-->button
22:36:17.296 INFO  manager.ListenerWD -- Huston, we have a problem!
22:36:17.298 INFO  manager.ListenerWD -- Failed method:alert
22:36:17.298 INFO  manager.ListenerWD -- **********************
22:36:17.298 INFO  manager.ListenerWD -- Arguments:null
22:36:17.298 INFO  manager.ListenerWD -- **********************
22:36:17.298 INFO  manager.ListenerWD -- Exception:NoAlertPresentException
22:36:17.298 INFO  manager.ListenerWD -- **********************
22:36:17.298 INFO  manager.ListenerWD -- Messageno such alert
  (Session info: chrome=149.0.7827.103)
Build info: version: '4.26.0', revision: '8ccf0219d7'
System info: os.name: 'Windows 11', os.arch: 'amd64', os.version: '10.0', java.version: '21.0.10'
Driver info: org.openqa.selenium.chrome.ChromeDriver
Command: [47b058bde58eda1af54133c817e4bcab, getAlertText {}]
Capabilities {acceptInsecureCerts: false, browserName: chrome, browserVersion: 149.0.7827.103, chrome: {chromedriverVersion: 149.0.7827.55 (3188f8a607ae..., userDataDir: C:\Users\Nina\AppData\Local...}, fedcm:accounts: true, goog:chromeOptions: {debuggerAddress: localhost:60670}, goog:processID: 19012, networkConnectionEnabled: false, pageLoadStrategy: normal, platformName: windows, proxy: Proxy(), se:cdp: ws://localhost:60670/devtoo..., se:cdpVersion: 149.0.7827.103, setWindowRect: true, strictFileInteractability: false, timeouts: {implicit: 0, pageLoad: 300000, script: 30000}, unhandledPromptBehavior: dismiss and notify, webauthn:extension:credBlob: true, webauthn:extension:largeBlob: true, webauthn:extension:minPinLength: true, webauthn:extension:prf: true, webauthn:virtualAuthenticators: true}
Session ID: 47b058bde58eda1af54133c817e4bcab
22:36:17.298 INFO  manager.ListenerWD -- **********************
22:36:17.298 INFO  manager.ListenerWD -- Screen with error is --->src/test/screenshots/screen_1317.png
22:36:17.817 INFO  tests.TestBase -- Assert check is alert present with error test 'Phone not valid' 
22:36:17.829 INFO  tests.TestBase -- Assert check Add button is active
22:36:17.830 INFO  manager.TestNGListener -- Success test -->addNewContactWrongPhone
22:36:17.831 INFO  tests.TestBase -- ==============================================
22:36:17.832 INFO  tests.TestBase -- Name of method (test)-->addNewContactWrongPhone
22:36:17.833 INFO  manager.TestNGListener -- Start test -->addNewContactWrongPhone
22:36:17.835 INFO  tests.TestBase -- Test data --> name: Tony, lastName:Molly, phone: , email: molly@gmail.com, address: Haifa, description: empty phone
22:36:17.835 INFO  manager.ListenerWD -- Before find element-->By.cssSelector: a[href='/add']
22:36:17.844 INFO  manager.ListenerWD -- After find element-->By.cssSelector: a[href='/add']
22:36:17.848 INFO  manager.ListenerWD -- Location of element-->a
22:36:17.854 INFO  manager.ListenerWD -- Before click element-->atext -->ADD
22:36:17.884 INFO  manager.ListenerWD -- After click element-->a
22:36:17.884 INFO  manager.ListenerWD -- Before find element-->By.cssSelector: [placeholder='Name']
22:36:17.894 INFO  manager.ListenerWD -- After find element-->By.cssSelector: [placeholder='Name']
22:36:17.896 INFO  manager.ListenerWD -- Location of element-->input
22:36:17.904 INFO  manager.ListenerWD -- Before click element-->inputtext -->
22:36:17.934 INFO  manager.ListenerWD -- After click element-->input
22:36:17.951 INFO  manager.ListenerWD -- sendKeys -->
22:36:17.954 INFO  manager.ListenerWD -- sendKeys -->input
22:36:17.975 INFO  manager.ListenerWD -- sendKeys -->
22:36:17.978 INFO  manager.ListenerWD -- sendKeys -->input
22:36:17.998 INFO  manager.ListenerWD -- sendKeys -->
22:36:18.002 INFO  manager.ListenerWD -- sendKeys -->input
22:36:18.018 INFO  manager.ListenerWD -- Before find element-->By.cssSelector: [placeholder='Last Name']
22:36:18.029 INFO  manager.ListenerWD -- After find element-->By.cssSelector: [placeholder='Last Name']
22:36:18.032 INFO  manager.ListenerWD -- Location of element-->input
22:36:18.037 INFO  manager.ListenerWD -- Before click element-->inputtext -->
22:36:18.061 INFO  manager.ListenerWD -- After click element-->input
22:36:18.076 INFO  manager.ListenerWD -- sendKeys -->
22:36:18.078 INFO  manager.ListenerWD -- sendKeys -->input
22:36:18.098 INFO  manager.ListenerWD -- sendKeys -->
22:36:18.101 INFO  manager.ListenerWD -- sendKeys -->input
22:36:18.114 INFO  manager.ListenerWD -- sendKeys -->
22:36:18.116 INFO  manager.ListenerWD -- sendKeys -->input
22:36:18.126 INFO  manager.ListenerWD -- Before find element-->By.cssSelector: [placeholder='Phone']
22:36:18.133 INFO  manager.ListenerWD -- After find element-->By.cssSelector: [placeholder='Phone']
22:36:18.136 INFO  manager.ListenerWD -- Location of element-->input
22:36:18.140 INFO  manager.ListenerWD -- Before click element-->inputtext -->
22:36:18.163 INFO  manager.ListenerWD -- After click element-->input
22:36:18.177 INFO  manager.ListenerWD -- sendKeys -->
22:36:18.179 INFO  manager.ListenerWD -- sendKeys -->input
22:36:18.199 INFO  manager.ListenerWD -- sendKeys -->
22:36:18.202 INFO  manager.ListenerWD -- sendKeys -->input
22:36:18.218 INFO  manager.ListenerWD -- sendKeys -->
22:36:18.220 INFO  manager.ListenerWD -- sendKeys -->input
22:36:18.236 INFO  manager.ListenerWD -- Before find element-->By.cssSelector: [placeholder='email']
22:36:18.243 INFO  manager.ListenerWD -- After find element-->By.cssSelector: [placeholder='email']
22:36:18.246 INFO  manager.ListenerWD -- Location of element-->input
22:36:18.251 INFO  manager.ListenerWD -- Before click element-->inputtext -->
22:36:18.272 INFO  manager.ListenerWD -- After click element-->input
22:36:18.285 INFO  manager.ListenerWD -- sendKeys -->
22:36:18.287 INFO  manager.ListenerWD -- sendKeys -->input
22:36:18.306 INFO  manager.ListenerWD -- sendKeys -->
22:36:18.309 INFO  manager.ListenerWD -- sendKeys -->input
22:36:18.322 INFO  manager.ListenerWD -- sendKeys -->
22:36:18.324 INFO  manager.ListenerWD -- sendKeys -->input
22:36:18.338 INFO  manager.ListenerWD -- Before find element-->By.cssSelector: [placeholder='Address']
22:36:18.345 INFO  manager.ListenerWD -- After find element-->By.cssSelector: [placeholder='Address']
22:36:18.347 INFO  manager.ListenerWD -- Location of element-->input
22:36:18.352 INFO  manager.ListenerWD -- Before click element-->inputtext -->
22:36:18.373 INFO  manager.ListenerWD -- After click element-->input
22:36:18.387 INFO  manager.ListenerWD -- sendKeys -->
22:36:18.389 INFO  manager.ListenerWD -- sendKeys -->input
22:36:18.409 INFO  manager.ListenerWD -- sendKeys -->
22:36:18.410 INFO  manager.ListenerWD -- sendKeys -->input
22:36:18.423 INFO  manager.ListenerWD -- sendKeys -->
22:36:18.426 INFO  manager.ListenerWD -- sendKeys -->input
22:36:18.437 INFO  manager.ListenerWD -- Before find element-->By.cssSelector: [placeholder = 'description']
22:36:18.444 INFO  manager.ListenerWD -- After find element-->By.cssSelector: [placeholder = 'description']
22:36:18.447 INFO  manager.ListenerWD -- Location of element-->input
22:36:18.452 INFO  manager.ListenerWD -- Before click element-->inputtext -->
22:36:18.475 INFO  manager.ListenerWD -- After click element-->input
22:36:18.489 INFO  manager.ListenerWD -- sendKeys -->
22:36:18.492 INFO  manager.ListenerWD -- sendKeys -->input
22:36:18.523 INFO  manager.ListenerWD -- sendKeys -->
22:36:18.526 INFO  manager.ListenerWD -- sendKeys -->input
22:36:18.544 INFO  manager.ListenerWD -- sendKeys -->
22:36:18.547 INFO  manager.ListenerWD -- sendKeys -->input
22:36:18.561 INFO  manager.ListenerWD -- Before find element-->By.cssSelector: .add_form__2rsm2>button
22:36:18.572 INFO  manager.ListenerWD -- After find element-->By.cssSelector: .add_form__2rsm2>button
22:36:18.576 INFO  manager.ListenerWD -- Location of element-->button
22:36:18.583 INFO  manager.ListenerWD -- Before click element-->buttontext -->Save
22:36:18.613 INFO  manager.ListenerWD -- After click element-->button
22:36:18.617 INFO  manager.ListenerWD -- Huston, we have a problem!
22:36:18.617 INFO  manager.ListenerWD -- Failed method:alert
22:36:18.617 INFO  manager.ListenerWD -- **********************
22:36:18.617 INFO  manager.ListenerWD -- Arguments:null
22:36:18.617 INFO  manager.ListenerWD -- **********************
22:36:18.617 INFO  manager.ListenerWD -- Exception:NoAlertPresentException
22:36:18.617 INFO  manager.ListenerWD -- **********************
22:36:18.617 INFO  manager.ListenerWD -- Messageno such alert
  (Session info: chrome=149.0.7827.103)
Build info: version: '4.26.0', revision: '8ccf0219d7'
System info: os.name: 'Windows 11', os.arch: 'amd64', os.version: '10.0', java.version: '21.0.10'
Driver info: org.openqa.selenium.chrome.ChromeDriver
Command: [47b058bde58eda1af54133c817e4bcab, getAlertText {}]
Capabilities {acceptInsecureCerts: false, browserName: chrome, browserVersion: 149.0.7827.103, chrome: {chromedriverVersion: 149.0.7827.55 (3188f8a607ae..., userDataDir: C:\Users\Nina\AppData\Local...}, fedcm:accounts: true, goog:chromeOptions: {debuggerAddress: localhost:60670}, goog:processID: 19012, networkConnectionEnabled: false, pageLoadStrategy: normal, platformName: windows, proxy: Proxy(), se:cdp: ws://localhost:60670/devtoo..., se:cdpVersion: 149.0.7827.103, setWindowRect: true, strictFileInteractability: false, timeouts: {implicit: 0, pageLoad: 300000, script: 30000}, unhandledPromptBehavior: dismiss and notify, webauthn:extension:credBlob: true, webauthn:extension:largeBlob: true, webauthn:extension:minPinLength: true, webauthn:extension:prf: true, webauthn:virtualAuthenticators: true}
Session ID: 47b058bde58eda1af54133c817e4bcab
22:36:18.617 INFO  manager.ListenerWD -- **********************
22:36:18.617 INFO  manager.ListenerWD -- Screen with error is --->src/test/screenshots/screen_1007.png
22:36:19.144 INFO  tests.TestBase -- Assert check is alert present with error test 'Phone not valid' 
22:36:19.159 INFO  tests.TestBase -- Assert check Add button is active
22:36:19.160 INFO  manager.TestNGListener -- Success test -->addNewContactWrongPhone
22:36:19.161 INFO  tests.TestBase -- ==============================================
22:36:19.162 INFO  tests.TestBase -- Name of method (test)-->addNewContactWrongPhone
22:36:19.164 INFO  manager.TestNGListener -- Start test -->addNewContactWrongPhone
22:36:19.166 INFO  tests.TestBase -- Test data --> name: Tony, lastName:Molly, phone: , email: molly@gmail.com, address: Haifa, description: empty phone
22:36:19.166 INFO  manager.ListenerWD -- Before find element-->By.cssSelector: a[href='/add']
22:36:19.176 INFO  manager.ListenerWD -- After find element-->By.cssSelector: a[href='/add']
22:36:19.181 INFO  manager.ListenerWD -- Location of element-->a
22:36:19.191 INFO  manager.ListenerWD -- Before click element-->atext -->ADD
22:36:19.236 INFO  manager.ListenerWD -- After click element-->a
22:36:19.236 INFO  manager.ListenerWD -- Before find element-->By.cssSelector: [placeholder='Name']
22:36:19.250 INFO  manager.ListenerWD -- After find element-->By.cssSelector: [placeholder='Name']
22:36:19.254 INFO  manager.ListenerWD -- Location of element-->input
22:36:19.264 INFO  manager.ListenerWD -- Before click element-->inputtext -->
22:36:19.306 INFO  manager.ListenerWD -- After click element-->input
22:36:19.327 INFO  manager.ListenerWD -- sendKeys -->
22:36:19.330 INFO  manager.ListenerWD -- sendKeys -->input
22:36:19.360 INFO  manager.ListenerWD -- sendKeys -->
22:36:19.362 INFO  manager.ListenerWD -- sendKeys -->input
22:36:19.381 INFO  manager.ListenerWD -- sendKeys -->
22:36:19.385 INFO  manager.ListenerWD -- sendKeys -->input
22:36:19.399 INFO  manager.ListenerWD -- Before find element-->By.cssSelector: [placeholder='Last Name']
22:36:19.409 INFO  manager.ListenerWD -- After find element-->By.cssSelector: [placeholder='Last Name']
22:36:19.411 INFO  manager.ListenerWD -- Location of element-->input
22:36:19.419 INFO  manager.ListenerWD -- Before click element-->inputtext -->
22:36:19.450 INFO  manager.ListenerWD -- After click element-->input
22:36:19.469 INFO  manager.ListenerWD -- sendKeys -->
22:36:19.472 INFO  manager.ListenerWD -- sendKeys -->input
22:36:19.502 INFO  manager.ListenerWD -- sendKeys -->
22:36:19.505 INFO  manager.ListenerWD -- sendKeys -->input
22:36:19.527 INFO  manager.ListenerWD -- sendKeys -->
22:36:19.530 INFO  manager.ListenerWD -- sendKeys -->input
22:36:19.544 INFO  manager.ListenerWD -- Before find element-->By.cssSelector: [placeholder='Phone']
22:36:19.554 INFO  manager.ListenerWD -- After find element-->By.cssSelector: [placeholder='Phone']
22:36:19.558 INFO  manager.ListenerWD -- Location of element-->input
22:36:19.565 INFO  manager.ListenerWD -- Before click element-->inputtext -->
22:36:19.597 INFO  manager.ListenerWD -- After click element-->input
22:36:19.615 INFO  manager.ListenerWD -- sendKeys -->
22:36:19.618 INFO  manager.ListenerWD -- sendKeys -->input
22:36:19.646 INFO  manager.ListenerWD -- sendKeys -->
22:36:19.650 INFO  manager.ListenerWD -- sendKeys -->input
22:36:19.669 INFO  manager.ListenerWD -- sendKeys -->
22:36:19.672 INFO  manager.ListenerWD -- sendKeys -->input
22:36:19.685 INFO  manager.ListenerWD -- Before find element-->By.cssSelector: [placeholder='email']
22:36:19.694 INFO  manager.ListenerWD -- After find element-->By.cssSelector: [placeholder='email']
22:36:19.696 INFO  manager.ListenerWD -- Location of element-->input
22:36:19.702 INFO  manager.ListenerWD -- Before click element-->inputtext -->
22:36:19.730 INFO  manager.ListenerWD -- After click element-->input
22:36:19.746 INFO  manager.ListenerWD -- sendKeys -->
22:36:19.748 INFO  manager.ListenerWD -- sendKeys -->input
22:36:19.773 INFO  manager.ListenerWD -- sendKeys -->
22:36:19.775 INFO  manager.ListenerWD -- sendKeys -->input
22:36:19.789 INFO  manager.ListenerWD -- sendKeys -->
22:36:19.791 INFO  manager.ListenerWD -- sendKeys -->input
22:36:19.805 INFO  manager.ListenerWD -- Before find element-->By.cssSelector: [placeholder='Address']
22:36:19.813 INFO  manager.ListenerWD -- After find element-->By.cssSelector: [placeholder='Address']
22:36:19.815 INFO  manager.ListenerWD -- Location of element-->input
22:36:19.822 INFO  manager.ListenerWD -- Before click element-->inputtext -->
22:36:19.846 INFO  manager.ListenerWD -- After click element-->input
22:36:19.860 INFO  manager.ListenerWD -- sendKeys -->
22:36:19.862 INFO  manager.ListenerWD -- sendKeys -->input
22:36:19.883 INFO  manager.ListenerWD -- sendKeys -->
22:36:19.884 INFO  manager.ListenerWD -- sendKeys -->input
22:36:19.898 INFO  manager.ListenerWD -- sendKeys -->
22:36:19.899 INFO  manager.ListenerWD -- sendKeys -->input
22:36:19.910 INFO  manager.ListenerWD -- Before find element-->By.cssSelector: [placeholder = 'description']
22:36:19.918 INFO  manager.ListenerWD -- After find element-->By.cssSelector: [placeholder = 'description']
22:36:19.919 INFO  manager.ListenerWD -- Location of element-->input
22:36:19.924 INFO  manager.ListenerWD -- Before click element-->inputtext -->
22:36:19.947 INFO  manager.ListenerWD -- After click element-->input
22:36:19.961 INFO  manager.ListenerWD -- sendKeys -->
22:36:19.963 INFO  manager.ListenerWD -- sendKeys -->input
22:36:19.984 INFO  manager.ListenerWD -- sendKeys -->
22:36:19.986 INFO  manager.ListenerWD -- sendKeys -->input
22:36:20.000 INFO  manager.ListenerWD -- sendKeys -->
22:36:20.002 INFO  manager.ListenerWD -- sendKeys -->input
22:36:20.015 INFO  manager.ListenerWD -- Before find element-->By.cssSelector: .add_form__2rsm2>button
22:36:20.023 INFO  manager.ListenerWD -- After find element-->By.cssSelector: .add_form__2rsm2>button
22:36:20.025 INFO  manager.ListenerWD -- Location of element-->button
22:36:20.029 INFO  manager.ListenerWD -- Before click element-->buttontext -->Save
22:36:20.053 INFO  manager.ListenerWD -- After click element-->button
22:36:20.058 INFO  manager.ListenerWD -- Huston, we have a problem!
22:36:20.058 INFO  manager.ListenerWD -- Failed method:alert
22:36:20.058 INFO  manager.ListenerWD -- **********************
22:36:20.058 INFO  manager.ListenerWD -- Arguments:null
22:36:20.058 INFO  manager.ListenerWD -- **********************
22:36:20.058 INFO  manager.ListenerWD -- Exception:NoAlertPresentException
22:36:20.058 INFO  manager.ListenerWD -- **********************
22:36:20.058 INFO  manager.ListenerWD -- Messageno such alert
  (Session info: chrome=149.0.7827.103)
Build info: version: '4.26.0', revision: '8ccf0219d7'
System info: os.name: 'Windows 11', os.arch: 'amd64', os.version: '10.0', java.version: '21.0.10'
Driver info: org.openqa.selenium.chrome.ChromeDriver
Command: [47b058bde58eda1af54133c817e4bcab, getAlertText {}]
Capabilities {acceptInsecureCerts: false, browserName: chrome, browserVersion: 149.0.7827.103, chrome: {chromedriverVersion: 149.0.7827.55 (3188f8a607ae..., userDataDir: C:\Users\Nina\AppData\Local...}, fedcm:accounts: true, goog:chromeOptions: {debuggerAddress: localhost:60670}, goog:processID: 19012, networkConnectionEnabled: false, pageLoadStrategy: normal, platformName: windows, proxy: Proxy(), se:cdp: ws://localhost:60670/devtoo..., se:cdpVersion: 149.0.7827.103, setWindowRect: true, strictFileInteractability: false, timeouts: {implicit: 0, pageLoad: 300000, script: 30000}, unhandledPromptBehavior: dismiss and notify, webauthn:extension:credBlob: true, webauthn:extension:largeBlob: true, webauthn:extension:minPinLength: true, webauthn:extension:prf: true, webauthn:virtualAuthenticators: true}
Session ID: 47b058bde58eda1af54133c817e4bcab
22:36:20.058 INFO  manager.ListenerWD -- **********************
22:36:20.058 INFO  manager.ListenerWD -- Screen with error is --->src/test/screenshots/screen_1331.png
22:36:20.579 INFO  tests.TestBase -- Assert check is alert present with error test 'Phone not valid' 
22:36:20.589 INFO  tests.TestBase -- Assert check Add button is active
22:36:20.590 INFO  manager.TestNGListener -- Success test -->addNewContactWrongPhone
22:36:20.591 INFO  tests.TestBase -- ==============================================
22:36:20.592 INFO  tests.TestBase -- Name of method (test)-->addNewContactWrongPhone
22:36:20.593 INFO  manager.TestNGListener -- Start test -->addNewContactWrongPhone
22:36:20.593 INFO  tests.TestBase -- Test data --> name: Tony, lastName:Molly, phone: , email: molly@gmail.com, address: Haifa, description: empty phone
22:36:20.594 INFO  manager.ListenerWD -- Before find element-->By.cssSelector: a[href='/add']
22:36:20.605 INFO  manager.ListenerWD -- After find element-->By.cssSelector: a[href='/add']
22:36:20.608 INFO  manager.ListenerWD -- Location of element-->a
22:36:20.615 INFO  manager.ListenerWD -- Before click element-->atext -->ADD
22:36:20.643 INFO  manager.ListenerWD -- After click element-->a
22:36:20.643 INFO  manager.ListenerWD -- Before find element-->By.cssSelector: [placeholder='Name']
22:36:20.651 INFO  manager.ListenerWD -- After find element-->By.cssSelector: [placeholder='Name']
22:36:20.655 INFO  manager.ListenerWD -- Location of element-->input
22:36:20.661 INFO  manager.ListenerWD -- Before click element-->inputtext -->
22:36:20.687 INFO  manager.ListenerWD -- After click element-->input
22:36:20.704 INFO  manager.ListenerWD -- sendKeys -->
22:36:20.707 INFO  manager.ListenerWD -- sendKeys -->input
22:36:20.731 INFO  manager.ListenerWD -- sendKeys -->
22:36:20.733 INFO  manager.ListenerWD -- sendKeys -->input
22:36:20.750 INFO  manager.ListenerWD -- sendKeys -->
22:36:20.753 INFO  manager.ListenerWD -- sendKeys -->input
22:36:20.765 INFO  manager.ListenerWD -- Before find element-->By.cssSelector: [placeholder='Last Name']
22:36:20.776 INFO  manager.ListenerWD -- After find element-->By.cssSelector: [placeholder='Last Name']
22:36:20.779 INFO  manager.ListenerWD -- Location of element-->input
22:36:20.786 INFO  manager.ListenerWD -- Before click element-->inputtext -->
22:36:20.812 INFO  manager.ListenerWD -- After click element-->input
22:36:20.828 INFO  manager.ListenerWD -- sendKeys -->
22:36:20.830 INFO  manager.ListenerWD -- sendKeys -->input
22:36:20.855 INFO  manager.ListenerWD -- sendKeys -->
22:36:20.858 INFO  manager.ListenerWD -- sendKeys -->input
22:36:20.875 INFO  manager.ListenerWD -- sendKeys -->
22:36:20.877 INFO  manager.ListenerWD -- sendKeys -->input
22:36:20.890 INFO  manager.ListenerWD -- Before find element-->By.cssSelector: [placeholder='Phone']
22:36:20.898 INFO  manager.ListenerWD -- After find element-->By.cssSelector: [placeholder='Phone']
22:36:20.901 INFO  manager.ListenerWD -- Location of element-->input
22:36:20.905 INFO  manager.ListenerWD -- Before click element-->inputtext -->
22:36:20.928 INFO  manager.ListenerWD -- After click element-->input
22:36:20.941 INFO  manager.ListenerWD -- sendKeys -->
22:36:20.943 INFO  manager.ListenerWD -- sendKeys -->input
22:36:20.956 INFO  manager.ListenerWD -- sendKeys -->
22:36:20.958 INFO  manager.ListenerWD -- sendKeys -->input
22:36:20.972 INFO  manager.ListenerWD -- sendKeys -->
22:36:20.974 INFO  manager.ListenerWD -- sendKeys -->input
22:36:20.986 INFO  manager.ListenerWD -- Before find element-->By.cssSelector: [placeholder='email']
22:36:20.997 INFO  manager.ListenerWD -- After find element-->By.cssSelector: [placeholder='email']
22:36:21.001 INFO  manager.ListenerWD -- Location of element-->input
22:36:21.013 INFO  manager.ListenerWD -- Before click element-->inputtext -->
22:36:21.045 INFO  manager.ListenerWD -- After click element-->input
22:36:21.063 INFO  manager.ListenerWD -- sendKeys -->
22:36:21.067 INFO  manager.ListenerWD -- sendKeys -->input
22:36:21.098 INFO  manager.ListenerWD -- sendKeys -->
22:36:21.101 INFO  manager.ListenerWD -- sendKeys -->input
22:36:21.119 INFO  manager.ListenerWD -- sendKeys -->
22:36:21.122 INFO  manager.ListenerWD -- sendKeys -->input
22:36:21.138 INFO  manager.ListenerWD -- Before find element-->By.cssSelector: [placeholder='Address']
22:36:21.146 INFO  manager.ListenerWD -- After find element-->By.cssSelector: [placeholder='Address']
22:36:21.149 INFO  manager.ListenerWD -- Location of element-->input
22:36:21.155 INFO  manager.ListenerWD -- Before click element-->inputtext -->
22:36:21.186 INFO  manager.ListenerWD -- After click element-->input
22:36:21.200 INFO  manager.ListenerWD -- sendKeys -->
22:36:21.202 INFO  manager.ListenerWD -- sendKeys -->input
22:36:21.223 INFO  manager.ListenerWD -- sendKeys -->
22:36:21.224 INFO  manager.ListenerWD -- sendKeys -->input
22:36:21.237 INFO  manager.ListenerWD -- sendKeys -->
22:36:21.240 INFO  manager.ListenerWD -- sendKeys -->input
22:36:21.251 INFO  manager.ListenerWD -- Before find element-->By.cssSelector: [placeholder = 'description']
22:36:21.258 INFO  manager.ListenerWD -- After find element-->By.cssSelector: [placeholder = 'description']
22:36:21.260 INFO  manager.ListenerWD -- Location of element-->input
22:36:21.265 INFO  manager.ListenerWD -- Before click element-->inputtext -->
22:36:21.289 INFO  manager.ListenerWD -- After click element-->input
22:36:21.303 INFO  manager.ListenerWD -- sendKeys -->
22:36:21.305 INFO  manager.ListenerWD -- sendKeys -->input
22:36:21.332 INFO  manager.ListenerWD -- sendKeys -->
22:36:21.335 INFO  manager.ListenerWD -- sendKeys -->input
22:36:21.356 INFO  manager.ListenerWD -- sendKeys -->
22:36:21.359 INFO  manager.ListenerWD -- sendKeys -->input
22:36:21.378 INFO  manager.ListenerWD -- Before find element-->By.cssSelector: .add_form__2rsm2>button
22:36:21.389 INFO  manager.ListenerWD -- After find element-->By.cssSelector: .add_form__2rsm2>button
22:36:21.393 INFO  manager.ListenerWD -- Location of element-->button
22:36:21.403 INFO  manager.ListenerWD -- Before click element-->buttontext -->Save
22:36:21.437 INFO  manager.ListenerWD -- After click element-->button
22:36:21.445 INFO  manager.ListenerWD -- Huston, we have a problem!
22:36:21.445 INFO  manager.ListenerWD -- Failed method:alert
22:36:21.445 INFO  manager.ListenerWD -- **********************
22:36:21.445 INFO  manager.ListenerWD -- Arguments:null
22:36:21.445 INFO  manager.ListenerWD -- **********************
22:36:21.445 INFO  manager.ListenerWD -- Exception:NoAlertPresentException
22:36:21.445 INFO  manager.ListenerWD -- **********************
22:36:21.445 INFO  manager.ListenerWD -- Messageno such alert
  (Session info: chrome=149.0.7827.103)
Build info: version: '4.26.0', revision: '8ccf0219d7'
System info: os.name: 'Windows 11', os.arch: 'amd64', os.version: '10.0', java.version: '21.0.10'
Driver info: org.openqa.selenium.chrome.ChromeDriver
Command: [47b058bde58eda1af54133c817e4bcab, getAlertText {}]
Capabilities {acceptInsecureCerts: false, browserName: chrome, browserVersion: 149.0.7827.103, chrome: {chromedriverVersion: 149.0.7827.55 (3188f8a607ae..., userDataDir: C:\Users\Nina\AppData\Local...}, fedcm:accounts: true, goog:chromeOptions: {debuggerAddress: localhost:60670}, goog:processID: 19012, networkConnectionEnabled: false, pageLoadStrategy: normal, platformName: windows, proxy: Proxy(), se:cdp: ws://localhost:60670/devtoo..., se:cdpVersion: 149.0.7827.103, setWindowRect: true, strictFileInteractability: false, timeouts: {implicit: 0, pageLoad: 300000, script: 30000}, unhandledPromptBehavior: dismiss and notify, webauthn:extension:credBlob: true, webauthn:extension:largeBlob: true, webauthn:extension:minPinLength: true, webauthn:extension:prf: true, webauthn:virtualAuthenticators: true}
Session ID: 47b058bde58eda1af54133c817e4bcab
22:36:21.445 INFO  manager.ListenerWD -- **********************
22:36:21.445 INFO  manager.ListenerWD -- Screen with error is --->src/test/screenshots/screen_1657.png
22:36:21.976 INFO  tests.TestBase -- Assert check is alert present with error test 'Phone not valid' 
22:36:21.989 INFO  tests.TestBase -- Assert check Add button is active
22:36:21.990 INFO  manager.TestNGListener -- Success test -->addNewContactWrongPhone
22:36:21.990 INFO  tests.TestBase -- ==============================================
22:36:21.994 INFO  tests.TestBase -- Name of method (test)-->loginSuccess
22:36:22.007 INFO  manager.ListenerWD -- Before find element-->By.xpath: //button[text()='Sign Out']
22:36:22.022 INFO  manager.ListenerWD -- After find element-->By.xpath: //button[text()='Sign Out']
22:36:22.025 INFO  manager.ListenerWD -- Location of element-->button
22:36:22.032 INFO  manager.ListenerWD -- Before click element-->buttontext -->Sign Out
22:36:22.068 INFO  tests.TestBase -- Before method finished logout
22:36:22.069 INFO  manager.TestNGListener -- Start test -->loginSuccess
22:36:22.070 INFO  tests.TestBase -- Start test with name 'loginSuccess'
22:36:22.070 INFO  tests.TestBase -- Test data ---> email: lolik@gmail.com & password: Lolik123!
22:36:22.070 INFO  manager.ListenerWD -- Before find element-->By.cssSelector: a[href='/login']
22:36:22.081 INFO  manager.ListenerWD -- After find element-->By.cssSelector: a[href='/login']
22:36:22.084 INFO  manager.ListenerWD -- Location of element-->a
22:36:22.092 INFO  manager.ListenerWD -- Before click element-->atext -->LOGIN
22:36:22.123 INFO  manager.ListenerWD -- After click element-->a
22:36:22.124 INFO  manager.HelperBase -- Open form by ckick on button with locator a[href='/login']
22:36:22.124 INFO  manager.ListenerWD -- Before find element-->By.name: email
22:36:22.134 INFO  manager.ListenerWD -- After find element-->By.name: email
22:36:22.137 INFO  manager.ListenerWD -- Location of element-->input
22:36:22.144 INFO  manager.ListenerWD -- Before click element-->inputtext -->
22:36:22.184 INFO  manager.ListenerWD -- After click element-->input
22:36:22.200 INFO  manager.ListenerWD -- sendKeys -->
22:36:22.203 INFO  manager.ListenerWD -- sendKeys -->input
22:36:22.218 INFO  manager.ListenerWD -- sendKeys -->
22:36:22.220 INFO  manager.ListenerWD -- sendKeys -->input
22:36:22.234 INFO  manager.ListenerWD -- sendKeys -->
22:36:22.236 INFO  manager.ListenerWD -- sendKeys -->input
22:36:22.250 INFO  manager.HelperBase -- type in input with locator By.name("email") 
22:36:22.250 INFO  manager.ListenerWD -- Before find element-->By.xpath: //input[@placeholder='Password']
22:36:22.259 INFO  manager.ListenerWD -- After find element-->By.xpath: //input[@placeholder='Password']
22:36:22.262 INFO  manager.ListenerWD -- Location of element-->input
22:36:22.267 INFO  manager.ListenerWD -- Before click element-->inputtext -->
22:36:22.292 INFO  manager.ListenerWD -- After click element-->input
22:36:22.304 INFO  manager.ListenerWD -- sendKeys -->
22:36:22.306 INFO  manager.ListenerWD -- sendKeys -->input
22:36:22.319 INFO  manager.ListenerWD -- sendKeys -->
22:36:22.321 INFO  manager.ListenerWD -- sendKeys -->input
22:36:22.335 INFO  manager.ListenerWD -- sendKeys -->
22:36:22.337 INFO  manager.ListenerWD -- sendKeys -->input
22:36:22.349 INFO  manager.ListenerWD -- Before find element-->By.xpath: //button[text()='Login']
22:36:22.358 INFO  manager.ListenerWD -- After find element-->By.xpath: //button[text()='Login']
22:36:22.360 INFO  manager.ListenerWD -- Location of element-->button
22:36:22.364 INFO  manager.ListenerWD -- Before click element-->buttontext -->Login
22:36:22.841 INFO  tests.TestBase -- Assert check is element button 'Sign out' present
22:36:22.841 INFO  manager.TestNGListener -- Success test -->loginSuccess
22:36:22.842 INFO  tests.TestBase -- ==============================================
22:36:22.842 INFO  tests.TestBase -- Name of method (test)-->loginSuccess
22:36:22.852 INFO  manager.ListenerWD -- Before find element-->By.xpath: //button[text()='Sign Out']
22:36:22.860 INFO  manager.ListenerWD -- After find element-->By.xpath: //button[text()='Sign Out']
22:36:22.863 INFO  manager.ListenerWD -- Location of element-->button
22:36:22.869 INFO  manager.ListenerWD -- Before click element-->buttontext -->Sign Out
22:36:22.897 INFO  tests.TestBase -- Before method finished logout
22:36:22.899 INFO  manager.TestNGListener -- Start test -->loginSuccess
22:36:22.900 INFO  tests.TestBase -- Start test with name 'loginSuccess'
22:36:22.900 INFO  tests.TestBase -- Test data ---> email: sonya@gmail.com & password: Ss12345$
22:36:22.900 INFO  manager.ListenerWD -- Before find element-->By.cssSelector: a[href='/login']
22:36:22.907 INFO  manager.ListenerWD -- After find element-->By.cssSelector: a[href='/login']
22:36:22.909 INFO  manager.ListenerWD -- Location of element-->a
22:36:22.914 INFO  manager.ListenerWD -- Before click element-->atext -->LOGIN
22:36:22.936 INFO  manager.ListenerWD -- After click element-->a
22:36:22.936 INFO  manager.HelperBase -- Open form by ckick on button with locator a[href='/login']
22:36:22.936 INFO  manager.ListenerWD -- Before find element-->By.name: email
22:36:22.943 INFO  manager.ListenerWD -- After find element-->By.name: email
22:36:22.947 INFO  manager.ListenerWD -- Location of element-->input
22:36:22.952 INFO  manager.ListenerWD -- Before click element-->inputtext -->
22:36:22.985 INFO  manager.ListenerWD -- After click element-->input
22:36:23.000 INFO  manager.ListenerWD -- sendKeys -->
22:36:23.003 INFO  manager.ListenerWD -- sendKeys -->input
22:36:23.018 INFO  manager.ListenerWD -- sendKeys -->
22:36:23.020 INFO  manager.ListenerWD -- sendKeys -->input
22:36:23.037 INFO  manager.ListenerWD -- sendKeys -->
22:36:23.039 INFO  manager.ListenerWD -- sendKeys -->input
22:36:23.054 INFO  manager.HelperBase -- type in input with locator By.name("email") 
22:36:23.054 INFO  manager.ListenerWD -- Before find element-->By.xpath: //input[@placeholder='Password']
22:36:23.061 INFO  manager.ListenerWD -- After find element-->By.xpath: //input[@placeholder='Password']
22:36:23.063 INFO  manager.ListenerWD -- Location of element-->input
22:36:23.072 INFO  manager.ListenerWD -- Before click element-->inputtext -->
22:36:23.102 INFO  manager.ListenerWD -- After click element-->input
22:36:23.115 INFO  manager.ListenerWD -- sendKeys -->
22:36:23.118 INFO  manager.ListenerWD -- sendKeys -->input
22:36:23.131 INFO  manager.ListenerWD -- sendKeys -->
22:36:23.133 INFO  manager.ListenerWD -- sendKeys -->input
22:36:23.147 INFO  manager.ListenerWD -- sendKeys -->
22:36:23.148 INFO  manager.ListenerWD -- sendKeys -->input
22:36:23.160 INFO  manager.ListenerWD -- Before find element-->By.xpath: //button[text()='Login']
22:36:23.168 INFO  manager.ListenerWD -- After find element-->By.xpath: //button[text()='Login']
22:36:23.170 INFO  manager.ListenerWD -- Location of element-->button
22:36:23.177 INFO  manager.ListenerWD -- Before click element-->buttontext -->Login
22:36:23.604 INFO  tests.TestBase -- Assert check is element button 'Sign out' present
22:36:23.604 INFO  manager.TestNGListener -- Success test -->loginSuccess
22:36:23.604 INFO  tests.TestBase -- ==============================================
22:36:23.605 INFO  tests.TestBase -- Name of method (test)-->loginSuccess
22:36:23.614 INFO  manager.ListenerWD -- Before find element-->By.xpath: //button[text()='Sign Out']
22:36:23.621 INFO  manager.ListenerWD -- After find element-->By.xpath: //button[text()='Sign Out']
22:36:23.623 INFO  manager.ListenerWD -- Location of element-->button
22:36:23.628 INFO  manager.ListenerWD -- Before click element-->buttontext -->Sign Out
22:36:23.655 INFO  tests.TestBase -- Before method finished logout
22:36:23.657 INFO  manager.TestNGListener -- Start test -->loginSuccess
22:36:23.657 INFO  tests.TestBase -- Start test with name 'loginSuccess'
22:36:23.657 INFO  tests.TestBase -- Test data ---> email: art276@art.com & password: $Art1$2$3456789
22:36:23.657 INFO  manager.ListenerWD -- Before find element-->By.cssSelector: a[href='/login']
22:36:23.665 INFO  manager.ListenerWD -- After find element-->By.cssSelector: a[href='/login']
22:36:23.668 INFO  manager.ListenerWD -- Location of element-->a
22:36:23.672 INFO  manager.ListenerWD -- Before click element-->atext -->LOGIN
22:36:23.694 INFO  manager.ListenerWD -- After click element-->a
22:36:23.694 INFO  manager.HelperBase -- Open form by ckick on button with locator a[href='/login']
22:36:23.694 INFO  manager.ListenerWD -- Before find element-->By.name: email
22:36:23.701 INFO  manager.ListenerWD -- After find element-->By.name: email
22:36:23.703 INFO  manager.ListenerWD -- Location of element-->input
22:36:23.709 INFO  manager.ListenerWD -- Before click element-->inputtext -->
22:36:23.739 INFO  manager.ListenerWD -- After click element-->input
22:36:23.753 INFO  manager.ListenerWD -- sendKeys -->
22:36:23.755 INFO  manager.ListenerWD -- sendKeys -->input
22:36:23.769 INFO  manager.ListenerWD -- sendKeys -->
22:36:23.771 INFO  manager.ListenerWD -- sendKeys -->input
22:36:23.785 INFO  manager.ListenerWD -- sendKeys -->
22:36:23.787 INFO  manager.ListenerWD -- sendKeys -->input
22:36:23.801 INFO  manager.HelperBase -- type in input with locator By.name("email") 
22:36:23.803 INFO  manager.ListenerWD -- Before find element-->By.xpath: //input[@placeholder='Password']
22:36:23.810 INFO  manager.ListenerWD -- After find element-->By.xpath: //input[@placeholder='Password']
22:36:23.812 INFO  manager.ListenerWD -- Location of element-->input
22:36:23.818 INFO  manager.ListenerWD -- Before click element-->inputtext -->
22:36:23.843 INFO  manager.ListenerWD -- After click element-->input
22:36:23.856 INFO  manager.ListenerWD -- sendKeys -->
22:36:23.858 INFO  manager.ListenerWD -- sendKeys -->input
22:36:23.870 INFO  manager.ListenerWD -- sendKeys -->
22:36:23.872 INFO  manager.ListenerWD -- sendKeys -->input
22:36:23.886 INFO  manager.ListenerWD -- sendKeys -->
22:36:23.888 INFO  manager.ListenerWD -- sendKeys -->input
22:36:23.901 INFO  manager.ListenerWD -- Before find element-->By.xpath: //button[text()='Login']
22:36:23.910 INFO  manager.ListenerWD -- After find element-->By.xpath: //button[text()='Login']
22:36:23.912 INFO  manager.ListenerWD -- Location of element-->button
22:36:23.917 INFO  manager.ListenerWD -- Before click element-->buttontext -->Login
22:36:24.323 INFO  tests.TestBase -- Assert check is element button 'Sign out' present
22:36:24.324 INFO  manager.TestNGListener -- Success test -->loginSuccess
22:36:24.324 INFO  tests.TestBase -- ==============================================
22:36:24.325 INFO  tests.TestBase -- Name of method (test)-->loginSuccess1
22:36:24.335 INFO  manager.ListenerWD -- Before find element-->By.xpath: //button[text()='Sign Out']
22:36:24.343 INFO  manager.ListenerWD -- After find element-->By.xpath: //button[text()='Sign Out']
22:36:24.345 INFO  manager.ListenerWD -- Location of element-->button
22:36:24.350 INFO  manager.ListenerWD -- Before click element-->buttontext -->Sign Out
22:36:24.378 INFO  tests.TestBase -- Before method finished logout
22:36:24.379 INFO  manager.TestNGListener -- Start test -->loginSuccess1
22:36:24.379 INFO  manager.ListenerWD -- Before find element-->By.cssSelector: a[href='/login']
22:36:24.389 INFO  manager.ListenerWD -- After find element-->By.cssSelector: a[href='/login']
22:36:24.391 INFO  manager.ListenerWD -- Location of element-->a
22:36:24.396 INFO  manager.ListenerWD -- Before click element-->atext -->LOGIN
22:36:24.420 INFO  manager.ListenerWD -- After click element-->a
22:36:24.420 INFO  manager.HelperBase -- Open form by ckick on button with locator a[href='/login']
22:36:24.420 INFO  manager.ListenerWD -- Before find element-->By.name: email
22:36:24.427 INFO  manager.ListenerWD -- After find element-->By.name: email
22:36:24.429 INFO  manager.ListenerWD -- Location of element-->input
22:36:24.434 INFO  manager.ListenerWD -- Before click element-->inputtext -->
22:36:24.467 INFO  manager.ListenerWD -- After click element-->input
22:36:24.481 INFO  manager.ListenerWD -- sendKeys -->
22:36:24.483 INFO  manager.ListenerWD -- sendKeys -->input
22:36:24.497 INFO  manager.ListenerWD -- sendKeys -->
22:36:24.499 INFO  manager.ListenerWD -- sendKeys -->input
22:36:24.513 INFO  manager.ListenerWD -- sendKeys -->
22:36:24.515 INFO  manager.ListenerWD -- sendKeys -->input
22:36:24.529 INFO  manager.ListenerWD -- Before find element-->By.xpath: //input[@placeholder='Password']
22:36:24.537 INFO  manager.ListenerWD -- After find element-->By.xpath: //input[@placeholder='Password']
22:36:24.540 INFO  manager.ListenerWD -- Location of element-->input
22:36:24.546 INFO  manager.ListenerWD -- Before click element-->inputtext -->
22:36:24.571 INFO  manager.ListenerWD -- After click element-->input
22:36:24.588 INFO  manager.ListenerWD -- sendKeys -->
22:36:24.590 INFO  manager.ListenerWD -- sendKeys -->input
22:36:24.604 INFO  manager.ListenerWD -- sendKeys -->
22:36:24.606 INFO  manager.ListenerWD -- sendKeys -->input
22:36:24.621 INFO  manager.ListenerWD -- sendKeys -->
22:36:24.623 INFO  manager.ListenerWD -- sendKeys -->input
22:36:24.635 INFO  manager.ListenerWD -- Before find element-->By.xpath: //button[text()='Login']
22:36:24.643 INFO  manager.ListenerWD -- After find element-->By.xpath: //button[text()='Login']
22:36:24.645 INFO  manager.ListenerWD -- Location of element-->button
22:36:24.651 INFO  manager.ListenerWD -- Before click element-->buttontext -->Login
22:36:25.059 INFO  manager.TestNGListener -- Success test -->loginSuccess1
22:36:25.060 INFO  tests.TestBase -- ==============================================
22:36:25.061 INFO  tests.TestBase -- Name of method (test)-->loginSuccessModel
22:36:25.069 INFO  manager.ListenerWD -- Before find element-->By.xpath: //button[text()='Sign Out']
22:36:25.077 INFO  manager.ListenerWD -- After find element-->By.xpath: //button[text()='Sign Out']
22:36:25.079 INFO  manager.ListenerWD -- Location of element-->button
22:36:25.085 INFO  manager.ListenerWD -- Before click element-->buttontext -->Sign Out
22:36:25.113 INFO  tests.TestBase -- Before method finished logout
22:36:25.114 INFO  manager.TestNGListener -- Start test -->loginSuccessModel
22:36:25.116 INFO  tests.TestBase -- Test data---> User{email='lolik@gmail.com', password='Lolik123!'}
22:36:25.116 INFO  manager.ListenerWD -- Before find element-->By.cssSelector: a[href='/login']
22:36:25.124 INFO  manager.ListenerWD -- After find element-->By.cssSelector: a[href='/login']
22:36:25.126 INFO  manager.ListenerWD -- Location of element-->a
22:36:25.133 INFO  manager.ListenerWD -- Before click element-->atext -->LOGIN
22:36:25.157 INFO  manager.ListenerWD -- After click element-->a
22:36:25.157 INFO  manager.HelperBase -- Open form by ckick on button with locator a[href='/login']
22:36:25.157 INFO  manager.ListenerWD -- Before find element-->By.name: email
22:36:25.164 INFO  manager.ListenerWD -- After find element-->By.name: email
22:36:25.166 INFO  manager.ListenerWD -- Location of element-->input
22:36:25.171 INFO  manager.ListenerWD -- Before click element-->inputtext -->
22:36:25.203 INFO  manager.ListenerWD -- After click element-->input
22:36:25.216 INFO  manager.ListenerWD -- sendKeys -->
22:36:25.218 INFO  manager.ListenerWD -- sendKeys -->input
22:36:25.231 INFO  manager.ListenerWD -- sendKeys -->
22:36:25.233 INFO  manager.ListenerWD -- sendKeys -->input
22:36:25.255 INFO  manager.ListenerWD -- sendKeys -->
22:36:25.259 INFO  manager.ListenerWD -- sendKeys -->input
22:36:25.280 INFO  manager.ListenerWD -- Before find element-->By.xpath: //input[@placeholder='Password']
22:36:25.288 INFO  manager.ListenerWD -- After find element-->By.xpath: //input[@placeholder='Password']
22:36:25.290 INFO  manager.ListenerWD -- Location of element-->input
22:36:25.295 INFO  manager.ListenerWD -- Before click element-->inputtext -->
22:36:25.320 INFO  manager.ListenerWD -- After click element-->input
22:36:25.334 INFO  manager.ListenerWD -- sendKeys -->
22:36:25.336 INFO  manager.ListenerWD -- sendKeys -->input
22:36:25.351 INFO  manager.ListenerWD -- sendKeys -->
22:36:25.353 INFO  manager.ListenerWD -- sendKeys -->input
22:36:25.367 INFO  manager.ListenerWD -- sendKeys -->
22:36:25.368 INFO  manager.ListenerWD -- sendKeys -->input
22:36:25.380 INFO  manager.ListenerWD -- Before find element-->By.xpath: //button[text()='Login']
22:36:25.389 INFO  manager.ListenerWD -- After find element-->By.xpath: //button[text()='Login']
22:36:25.391 INFO  manager.ListenerWD -- Location of element-->button
22:36:25.396 INFO  manager.ListenerWD -- Before click element-->buttontext -->Login
22:36:25.744 INFO  tests.TestBase -- Assert check is element button 'Sign out' present
22:36:25.745 INFO  manager.TestNGListener -- Success test -->loginSuccessModel
22:36:25.745 INFO  tests.TestBase -- ==============================================
22:36:25.746 INFO  tests.TestBase -- Name of method (test)-->loginSuccessModel
22:36:25.753 INFO  manager.ListenerWD -- Before find element-->By.xpath: //button[text()='Sign Out']
22:36:25.760 INFO  manager.ListenerWD -- After find element-->By.xpath: //button[text()='Sign Out']
22:36:25.762 INFO  manager.ListenerWD -- Location of element-->button
22:36:25.766 INFO  manager.ListenerWD -- Before click element-->buttontext -->Sign Out
22:36:25.793 INFO  tests.TestBase -- Before method finished logout
22:36:25.794 INFO  manager.TestNGListener -- Start test -->loginSuccessModel
22:36:25.796 INFO  tests.TestBase -- Test data---> User{email='sonya@gmail.com', password='Ss12345$'}
22:36:25.796 INFO  manager.ListenerWD -- Before find element-->By.cssSelector: a[href='/login']
22:36:25.805 INFO  manager.ListenerWD -- After find element-->By.cssSelector: a[href='/login']
22:36:25.809 INFO  manager.ListenerWD -- Location of element-->a
22:36:25.815 INFO  manager.ListenerWD -- Before click element-->atext -->LOGIN
22:36:25.836 INFO  manager.ListenerWD -- After click element-->a
22:36:25.836 INFO  manager.HelperBase -- Open form by ckick on button with locator a[href='/login']
22:36:25.836 INFO  manager.ListenerWD -- Before find element-->By.name: email
22:36:25.843 INFO  manager.ListenerWD -- After find element-->By.name: email
22:36:25.845 INFO  manager.ListenerWD -- Location of element-->input
22:36:25.850 INFO  manager.ListenerWD -- Before click element-->inputtext -->
22:36:25.881 INFO  manager.ListenerWD -- After click element-->input
22:36:25.897 INFO  manager.ListenerWD -- sendKeys -->
22:36:25.899 INFO  manager.ListenerWD -- sendKeys -->input
22:36:25.914 INFO  manager.ListenerWD -- sendKeys -->
22:36:25.918 INFO  manager.ListenerWD -- sendKeys -->input
22:36:25.934 INFO  manager.ListenerWD -- sendKeys -->
22:36:25.937 INFO  manager.ListenerWD -- sendKeys -->input
22:36:25.950 INFO  manager.ListenerWD -- Before find element-->By.xpath: //input[@placeholder='Password']
22:36:25.958 INFO  manager.ListenerWD -- After find element-->By.xpath: //input[@placeholder='Password']
22:36:25.960 INFO  manager.ListenerWD -- Location of element-->input
22:36:25.965 INFO  manager.ListenerWD -- Before click element-->inputtext -->
22:36:25.992 INFO  manager.ListenerWD -- After click element-->input
22:36:26.007 INFO  manager.ListenerWD -- sendKeys -->
22:36:26.009 INFO  manager.ListenerWD -- sendKeys -->input
22:36:26.026 INFO  manager.ListenerWD -- sendKeys -->
22:36:26.028 INFO  manager.ListenerWD -- sendKeys -->input
22:36:26.041 INFO  manager.ListenerWD -- sendKeys -->
22:36:26.043 INFO  manager.ListenerWD -- sendKeys -->input
22:36:26.056 INFO  manager.ListenerWD -- Before find element-->By.xpath: //button[text()='Login']
22:36:26.063 INFO  manager.ListenerWD -- After find element-->By.xpath: //button[text()='Login']
22:36:26.067 INFO  manager.ListenerWD -- Location of element-->button
22:36:26.073 INFO  manager.ListenerWD -- Before click element-->buttontext -->Login
22:36:26.478 INFO  tests.TestBase -- Assert check is element button 'Sign out' present
22:36:26.479 INFO  manager.TestNGListener -- Success test -->loginSuccessModel
22:36:26.479 INFO  tests.TestBase -- ==============================================
22:36:26.481 INFO  tests.TestBase -- Name of method (test)-->loginSuccessModelDPF
22:36:26.494 INFO  manager.ListenerWD -- Before find element-->By.xpath: //button[text()='Sign Out']
22:36:26.504 INFO  manager.ListenerWD -- After find element-->By.xpath: //button[text()='Sign Out']
22:36:26.508 INFO  manager.ListenerWD -- Location of element-->button
22:36:26.514 INFO  manager.ListenerWD -- Before click element-->buttontext -->Sign Out
22:36:26.545 INFO  tests.TestBase -- Before method finished logout
22:36:26.546 INFO  manager.TestNGListener -- Start test -->loginSuccessModelDPF
22:36:26.547 INFO  tests.TestBase -- Test data---> User{email='lolik@gmail.com', password='Lolik123!'}
22:36:26.547 INFO  manager.ListenerWD -- Before find element-->By.cssSelector: a[href='/login']
22:36:26.554 INFO  manager.ListenerWD -- After find element-->By.cssSelector: a[href='/login']
22:36:26.557 INFO  manager.ListenerWD -- Location of element-->a
22:36:26.563 INFO  manager.ListenerWD -- Before click element-->atext -->LOGIN
22:36:26.591 INFO  manager.ListenerWD -- After click element-->a
22:36:26.591 INFO  manager.HelperBase -- Open form by ckick on button with locator a[href='/login']
22:36:26.591 INFO  manager.ListenerWD -- Before find element-->By.name: email
22:36:26.600 INFO  manager.ListenerWD -- After find element-->By.name: email
22:36:26.604 INFO  manager.ListenerWD -- Location of element-->input
22:36:26.612 INFO  manager.ListenerWD -- Before click element-->inputtext -->
22:36:26.654 INFO  manager.ListenerWD -- After click element-->input
22:36:26.672 INFO  manager.ListenerWD -- sendKeys -->
22:36:26.675 INFO  manager.ListenerWD -- sendKeys -->input
22:36:26.694 INFO  manager.ListenerWD -- sendKeys -->
22:36:26.698 INFO  manager.ListenerWD -- sendKeys -->input
22:36:26.716 INFO  manager.ListenerWD -- sendKeys -->
22:36:26.718 INFO  manager.ListenerWD -- sendKeys -->input
22:36:26.735 INFO  manager.ListenerWD -- Before find element-->By.xpath: //input[@placeholder='Password']
22:36:26.745 INFO  manager.ListenerWD -- After find element-->By.xpath: //input[@placeholder='Password']
22:36:26.748 INFO  manager.ListenerWD -- Location of element-->input
22:36:26.756 INFO  manager.ListenerWD -- Before click element-->inputtext -->
22:36:26.791 INFO  manager.ListenerWD -- After click element-->input
22:36:26.811 INFO  manager.ListenerWD -- sendKeys -->
22:36:26.815 INFO  manager.ListenerWD -- sendKeys -->input
22:36:26.836 INFO  manager.ListenerWD -- sendKeys -->
22:36:26.839 INFO  manager.ListenerWD -- sendKeys -->input
22:36:26.856 INFO  manager.ListenerWD -- sendKeys -->
22:36:26.859 INFO  manager.ListenerWD -- sendKeys -->input
22:36:26.874 INFO  manager.ListenerWD -- Before find element-->By.xpath: //button[text()='Login']
22:36:26.883 INFO  manager.ListenerWD -- After find element-->By.xpath: //button[text()='Login']
22:36:26.886 INFO  manager.ListenerWD -- Location of element-->button
22:36:26.894 INFO  manager.ListenerWD -- Before click element-->buttontext -->Login
22:36:27.273 INFO  tests.TestBase -- Assert check is element button 'Sign out' present
22:36:27.274 INFO  manager.TestNGListener -- Success test -->loginSuccessModelDPF
22:36:27.274 INFO  tests.TestBase -- ==============================================
22:36:27.276 INFO  tests.TestBase -- Name of method (test)-->loginSuccessModelDPF
22:36:27.285 INFO  manager.ListenerWD -- Before find element-->By.xpath: //button[text()='Sign Out']
22:36:27.293 INFO  manager.ListenerWD -- After find element-->By.xpath: //button[text()='Sign Out']
22:36:27.298 INFO  manager.ListenerWD -- Location of element-->button
22:36:27.305 INFO  manager.ListenerWD -- Before click element-->buttontext -->Sign Out
22:36:27.338 INFO  tests.TestBase -- Before method finished logout
22:36:27.339 INFO  manager.TestNGListener -- Start test -->loginSuccessModelDPF
22:36:27.340 INFO  tests.TestBase -- Test data---> User{email='sonya@gmail.com', password='Ss12345$'}
22:36:27.340 INFO  manager.ListenerWD -- Before find element-->By.cssSelector: a[href='/login']
22:36:27.349 INFO  manager.ListenerWD -- After find element-->By.cssSelector: a[href='/login']
22:36:27.352 INFO  manager.ListenerWD -- Location of element-->a
22:36:27.359 INFO  manager.ListenerWD -- Before click element-->atext -->LOGIN
22:36:27.385 INFO  manager.ListenerWD -- After click element-->a
22:36:27.385 INFO  manager.HelperBase -- Open form by ckick on button with locator a[href='/login']
22:36:27.385 INFO  manager.ListenerWD -- Before find element-->By.name: email
22:36:27.392 INFO  manager.ListenerWD -- After find element-->By.name: email
22:36:27.395 INFO  manager.ListenerWD -- Location of element-->input
22:36:27.400 INFO  manager.ListenerWD -- Before click element-->inputtext -->
22:36:27.435 INFO  manager.ListenerWD -- After click element-->input
22:36:27.449 INFO  manager.ListenerWD -- sendKeys -->
22:36:27.451 INFO  manager.ListenerWD -- sendKeys -->input
22:36:27.465 INFO  manager.ListenerWD -- sendKeys -->
22:36:27.467 INFO  manager.ListenerWD -- sendKeys -->input
22:36:27.481 INFO  manager.ListenerWD -- sendKeys -->
22:36:27.483 INFO  manager.ListenerWD -- sendKeys -->input
22:36:27.497 INFO  manager.ListenerWD -- Before find element-->By.xpath: //input[@placeholder='Password']
22:36:27.505 INFO  manager.ListenerWD -- After find element-->By.xpath: //input[@placeholder='Password']
22:36:27.507 INFO  manager.ListenerWD -- Location of element-->input
22:36:27.513 INFO  manager.ListenerWD -- Before click element-->inputtext -->
22:36:27.538 INFO  manager.ListenerWD -- After click element-->input
22:36:27.551 INFO  manager.ListenerWD -- sendKeys -->
22:36:27.553 INFO  manager.ListenerWD -- sendKeys -->input
22:36:27.568 INFO  manager.ListenerWD -- sendKeys -->
22:36:27.570 INFO  manager.ListenerWD -- sendKeys -->input
22:36:27.584 INFO  manager.ListenerWD -- sendKeys -->
22:36:27.585 INFO  manager.ListenerWD -- sendKeys -->input
22:36:27.598 INFO  manager.ListenerWD -- Before find element-->By.xpath: //button[text()='Login']
22:36:27.606 INFO  manager.ListenerWD -- After find element-->By.xpath: //button[text()='Login']
22:36:27.609 INFO  manager.ListenerWD -- Location of element-->button
22:36:27.614 INFO  manager.ListenerWD -- Before click element-->buttontext -->Login
22:36:27.959 INFO  tests.TestBase -- Assert check is element button 'Sign out' present
22:36:27.961 INFO  manager.TestNGListener -- Success test -->loginSuccessModelDPF
22:36:27.961 INFO  tests.TestBase -- ==============================================
22:36:27.961 INFO  tests.TestBase -- Name of method (test)-->loginSuccessModelDPF
22:36:27.972 INFO  manager.ListenerWD -- Before find element-->By.xpath: //button[text()='Sign Out']
22:36:27.983 INFO  manager.ListenerWD -- After find element-->By.xpath: //button[text()='Sign Out']
22:36:27.986 INFO  manager.ListenerWD -- Location of element-->button
22:36:27.992 INFO  manager.ListenerWD -- Before click element-->buttontext -->Sign Out
22:36:28.031 INFO  tests.TestBase -- Before method finished logout
22:36:28.032 INFO  manager.TestNGListener -- Start test -->loginSuccessModelDPF
22:36:28.034 INFO  tests.TestBase -- Test data---> User{email='lolik@gmail.com', password='Lolik123!'}
22:36:28.034 INFO  manager.ListenerWD -- Before find element-->By.cssSelector: a[href='/login']
22:36:28.044 INFO  manager.ListenerWD -- After find element-->By.cssSelector: a[href='/login']
22:36:28.047 INFO  manager.ListenerWD -- Location of element-->a
22:36:28.054 INFO  manager.ListenerWD -- Before click element-->atext -->LOGIN
22:36:28.083 INFO  manager.ListenerWD -- After click element-->a
22:36:28.083 INFO  manager.HelperBase -- Open form by ckick on button with locator a[href='/login']
22:36:28.083 INFO  manager.ListenerWD -- Before find element-->By.name: email
22:36:28.091 INFO  manager.ListenerWD -- After find element-->By.name: email
22:36:28.093 INFO  manager.ListenerWD -- Location of element-->input
22:36:28.099 INFO  manager.ListenerWD -- Before click element-->inputtext -->
22:36:28.135 INFO  manager.ListenerWD -- After click element-->input
22:36:28.149 INFO  manager.ListenerWD -- sendKeys -->
22:36:28.151 INFO  manager.ListenerWD -- sendKeys -->input
22:36:28.165 INFO  manager.ListenerWD -- sendKeys -->
22:36:28.168 INFO  manager.ListenerWD -- sendKeys -->input
22:36:28.183 INFO  manager.ListenerWD -- sendKeys -->
22:36:28.185 INFO  manager.ListenerWD -- sendKeys -->input
22:36:28.202 INFO  manager.ListenerWD -- Before find element-->By.xpath: //input[@placeholder='Password']
22:36:28.209 INFO  manager.ListenerWD -- After find element-->By.xpath: //input[@placeholder='Password']
22:36:28.212 INFO  manager.ListenerWD -- Location of element-->input
22:36:28.218 INFO  manager.ListenerWD -- Before click element-->inputtext -->
22:36:28.240 INFO  manager.ListenerWD -- After click element-->input
22:36:28.254 INFO  manager.ListenerWD -- sendKeys -->
22:36:28.256 INFO  manager.ListenerWD -- sendKeys -->input
22:36:28.270 INFO  manager.ListenerWD -- sendKeys -->
22:36:28.273 INFO  manager.ListenerWD -- sendKeys -->input
22:36:28.383 INFO  manager.ListenerWD -- sendKeys -->
22:36:28.391 INFO  manager.ListenerWD -- sendKeys -->input
22:36:28.416 INFO  manager.ListenerWD -- Before find element-->By.xpath: //button[text()='Login']
22:36:28.429 INFO  manager.ListenerWD -- After find element-->By.xpath: //button[text()='Login']
22:36:28.434 INFO  manager.ListenerWD -- Location of element-->button
22:36:28.444 INFO  manager.ListenerWD -- Before click element-->buttontext -->Login
22:36:28.819 INFO  tests.TestBase -- Assert check is element button 'Sign out' present
22:36:28.820 INFO  manager.TestNGListener -- Success test -->loginSuccessModelDPF
22:36:28.820 INFO  tests.TestBase -- ==============================================
22:36:28.821 INFO  tests.TestBase -- Name of method (test)-->loginUnregisteredUser
22:36:28.830 INFO  manager.ListenerWD -- Before find element-->By.xpath: //button[text()='Sign Out']
22:36:28.839 INFO  manager.ListenerWD -- After find element-->By.xpath: //button[text()='Sign Out']
22:36:28.846 INFO  manager.ListenerWD -- Location of element-->button
22:36:28.853 INFO  manager.ListenerWD -- Before click element-->buttontext -->Sign Out
22:36:28.887 INFO  tests.TestBase -- Before method finished logout
22:36:28.888 INFO  manager.TestNGListener -- Start test -->loginUnregisteredUser
22:36:28.888 INFO  tests.TestBase -- Test data --> email:'loli_k@mail.ru & password: Lolik123!
22:36:28.889 INFO  manager.ListenerWD -- Before find element-->By.cssSelector: a[href='/login']
22:36:28.897 INFO  manager.ListenerWD -- After find element-->By.cssSelector: a[href='/login']
22:36:28.899 INFO  manager.ListenerWD -- Location of element-->a
22:36:28.909 INFO  manager.ListenerWD -- Before click element-->atext -->LOGIN
22:36:28.936 INFO  manager.ListenerWD -- After click element-->a
22:36:28.936 INFO  manager.HelperBase -- Open form by ckick on button with locator a[href='/login']
22:36:28.936 INFO  manager.ListenerWD -- Before find element-->By.name: email
22:36:28.944 INFO  manager.ListenerWD -- After find element-->By.name: email
22:36:28.947 INFO  manager.ListenerWD -- Location of element-->input
22:36:28.953 INFO  manager.ListenerWD -- Before click element-->inputtext -->
22:36:28.985 INFO  manager.ListenerWD -- After click element-->input
22:36:29.001 INFO  manager.ListenerWD -- sendKeys -->
22:36:29.003 INFO  manager.ListenerWD -- sendKeys -->input
22:36:29.017 INFO  manager.ListenerWD -- sendKeys -->
22:36:29.018 INFO  manager.ListenerWD -- sendKeys -->input
22:36:29.031 INFO  manager.ListenerWD -- sendKeys -->
22:36:29.033 INFO  manager.ListenerWD -- sendKeys -->input
22:36:29.051 INFO  manager.HelperBase -- type in input with locator By.name("email") 
22:36:29.051 INFO  manager.ListenerWD -- Before find element-->By.xpath: //input[@placeholder='Password']
22:36:29.059 INFO  manager.ListenerWD -- After find element-->By.xpath: //input[@placeholder='Password']
22:36:29.062 INFO  manager.ListenerWD -- Location of element-->input
22:36:29.069 INFO  manager.ListenerWD -- Before click element-->inputtext -->
22:36:29.104 INFO  manager.ListenerWD -- After click element-->input
22:36:29.120 INFO  manager.ListenerWD -- sendKeys -->
22:36:29.124 INFO  manager.ListenerWD -- sendKeys -->input
22:36:29.142 INFO  manager.ListenerWD -- sendKeys -->
22:36:29.144 INFO  manager.ListenerWD -- sendKeys -->input
22:36:29.161 INFO  manager.ListenerWD -- sendKeys -->
22:36:29.164 INFO  manager.ListenerWD -- sendKeys -->input
22:36:29.179 INFO  manager.ListenerWD -- Before find element-->By.xpath: //button[text()='Login']
22:36:29.188 INFO  manager.ListenerWD -- After find element-->By.xpath: //button[text()='Login']
22:36:29.191 INFO  manager.ListenerWD -- Location of element-->button
22:36:29.197 INFO  manager.ListenerWD -- Before click element-->buttontext -->Login
22:36:29.260 INFO  manager.ListenerWD -- Huston, we have a problem!
22:36:29.261 INFO  manager.ListenerWD -- Failed method:alert
22:36:29.261 INFO  manager.ListenerWD -- **********************
22:36:29.261 INFO  manager.ListenerWD -- Arguments:null
22:36:29.261 INFO  manager.ListenerWD -- **********************
22:36:29.261 INFO  manager.ListenerWD -- Exception:NoAlertPresentException
22:36:29.261 INFO  manager.ListenerWD -- **********************
22:36:29.261 INFO  manager.ListenerWD -- Messageno such alert
  (Session info: chrome=149.0.7827.103)
Build info: version: '4.26.0', revision: '8ccf0219d7'
System info: os.name: 'Windows 11', os.arch: 'amd64', os.version: '10.0', java.version: '21.0.10'
Driver info: org.openqa.selenium.chrome.ChromeDriver
Command: [47b058bde58eda1af54133c817e4bcab, getAlertText {}]
Capabilities {acceptInsecureCerts: false, browserName: chrome, browserVersion: 149.0.7827.103, chrome: {chromedriverVersion: 149.0.7827.55 (3188f8a607ae..., userDataDir: C:\Users\Nina\AppData\Local...}, fedcm:accounts: true, goog:chromeOptions: {debuggerAddress: localhost:60670}, goog:processID: 19012, networkConnectionEnabled: false, pageLoadStrategy: normal, platformName: windows, proxy: Proxy(), se:cdp: ws://localhost:60670/devtoo..., se:cdpVersion: 149.0.7827.103, setWindowRect: true, strictFileInteractability: false, timeouts: {implicit: 0, pageLoad: 300000, script: 30000}, unhandledPromptBehavior: dismiss and notify, webauthn:extension:credBlob: true, webauthn:extension:largeBlob: true, webauthn:extension:minPinLength: true, webauthn:extension:prf: true, webauthn:virtualAuthenticators: true}
Session ID: 47b058bde58eda1af54133c817e4bcab
22:36:29.261 INFO  manager.ListenerWD -- **********************
22:36:29.261 INFO  manager.ListenerWD -- Screen with error is --->src/test/screenshots/screen_1612.png
22:36:29.787 INFO  tests.TestBase -- Assert check is alert present with error test 'Wrong email or password' 
22:36:29.789 INFO  manager.TestNGListener -- Success test -->loginUnregisteredUser
22:36:29.790 INFO  tests.TestBase -- ==============================================
22:36:29.791 INFO  tests.TestBase -- Name of method (test)-->loginWrongEmail
22:36:34.849 INFO  manager.TestNGListener -- Start test -->loginWrongEmail
22:36:34.850 INFO  tests.TestBase -- Test data --> email:'lolikgmail.com & password: Lolik123!
22:36:34.850 INFO  manager.ListenerWD -- Before find element-->By.cssSelector: a[href='/login']
22:36:34.858 INFO  manager.ListenerWD -- After find element-->By.cssSelector: a[href='/login']
22:36:34.860 INFO  manager.ListenerWD -- Location of element-->a
22:36:34.865 INFO  manager.ListenerWD -- Before click element-->atext -->LOGIN
22:36:34.894 INFO  manager.ListenerWD -- After click element-->a
22:36:34.894 INFO  manager.HelperBase -- Open form by ckick on button with locator a[href='/login']
22:36:34.894 INFO  manager.ListenerWD -- Before find element-->By.name: email
22:36:34.901 INFO  manager.ListenerWD -- After find element-->By.name: email
22:36:34.904 INFO  manager.ListenerWD -- Location of element-->input
22:36:34.913 INFO  manager.ListenerWD -- Before click element-->inputtext -->
22:36:34.943 INFO  manager.ListenerWD -- After click element-->input
22:36:34.958 INFO  manager.ListenerWD -- sendKeys -->
22:36:34.960 INFO  manager.ListenerWD -- sendKeys -->input
22:36:34.980 INFO  manager.ListenerWD -- sendKeys -->
22:36:34.983 INFO  manager.ListenerWD -- sendKeys -->input
22:36:34.998 INFO  manager.ListenerWD -- sendKeys -->
22:36:35.001 INFO  manager.ListenerWD -- sendKeys -->input
22:36:35.015 INFO  manager.HelperBase -- type in input with locator By.name("email") 
22:36:35.015 INFO  manager.ListenerWD -- Before find element-->By.xpath: //input[@placeholder='Password']
22:36:35.023 INFO  manager.ListenerWD -- After find element-->By.xpath: //input[@placeholder='Password']
22:36:35.026 INFO  manager.ListenerWD -- Location of element-->input
22:36:35.031 INFO  manager.ListenerWD -- Before click element-->inputtext -->
22:36:35.057 INFO  manager.ListenerWD -- After click element-->input
22:36:35.072 INFO  manager.ListenerWD -- sendKeys -->
22:36:35.075 INFO  manager.ListenerWD -- sendKeys -->input
22:36:35.098 INFO  manager.ListenerWD -- sendKeys -->
22:36:35.100 INFO  manager.ListenerWD -- sendKeys -->input
22:36:35.117 INFO  manager.ListenerWD -- sendKeys -->
22:36:35.119 INFO  manager.ListenerWD -- sendKeys -->input
22:36:35.134 INFO  manager.ListenerWD -- Before find element-->By.xpath: //button[text()='Login']
22:36:35.141 INFO  manager.ListenerWD -- After find element-->By.xpath: //button[text()='Login']
22:36:35.144 INFO  manager.ListenerWD -- Location of element-->button
22:36:35.150 INFO  manager.ListenerWD -- Before click element-->buttontext -->Login
22:36:35.182 INFO  manager.ListenerWD -- Huston, we have a problem!
22:36:35.182 INFO  manager.ListenerWD -- Failed method:alert
22:36:35.182 INFO  manager.ListenerWD -- **********************
22:36:35.182 INFO  manager.ListenerWD -- Arguments:null
22:36:35.182 INFO  manager.ListenerWD -- **********************
22:36:35.182 INFO  manager.ListenerWD -- Exception:NoAlertPresentException
22:36:35.182 INFO  manager.ListenerWD -- **********************
22:36:35.182 INFO  manager.ListenerWD -- Messageno such alert
  (Session info: chrome=149.0.7827.103)
Build info: version: '4.26.0', revision: '8ccf0219d7'
System info: os.name: 'Windows 11', os.arch: 'amd64', os.version: '10.0', java.version: '21.0.10'
Driver info: org.openqa.selenium.chrome.ChromeDriver
Command: [47b058bde58eda1af54133c817e4bcab, getAlertText {}]
Capabilities {acceptInsecureCerts: false, browserName: chrome, browserVersion: 149.0.7827.103, chrome: {chromedriverVersion: 149.0.7827.55 (3188f8a607ae..., userDataDir: C:\Users\Nina\AppData\Local...}, fedcm:accounts: true, goog:chromeOptions: {debuggerAddress: localhost:60670}, goog:processID: 19012, networkConnectionEnabled: false, pageLoadStrategy: normal, platformName: windows, proxy: Proxy(), se:cdp: ws://localhost:60670/devtoo..., se:cdpVersion: 149.0.7827.103, setWindowRect: true, strictFileInteractability: false, timeouts: {implicit: 0, pageLoad: 300000, script: 30000}, unhandledPromptBehavior: dismiss and notify, webauthn:extension:credBlob: true, webauthn:extension:largeBlob: true, webauthn:extension:minPinLength: true, webauthn:extension:prf: true, webauthn:virtualAuthenticators: true}
Session ID: 47b058bde58eda1af54133c817e4bcab
22:36:35.182 INFO  manager.ListenerWD -- **********************
22:36:35.183 INFO  manager.ListenerWD -- Screen with error is --->src/test/screenshots/screen_1567.png
22:36:35.695 INFO  tests.TestBase -- Assert check is alert present with error test 'Wrong email or password' 
22:36:35.696 INFO  manager.TestNGListener -- Success test -->loginWrongEmail
22:36:35.696 INFO  tests.TestBase -- ==============================================
22:36:35.697 INFO  tests.TestBase -- Name of method (test)-->loginWrongPassword
22:36:40.747 INFO  manager.TestNGListener -- Start test -->loginWrongPassword
22:36:40.749 INFO  tests.TestBase -- Test data --> email:'lolik@gmail.com & password: Lolik123
22:36:40.749 INFO  manager.ListenerWD -- Before find element-->By.cssSelector: a[href='/login']
22:36:40.756 INFO  manager.ListenerWD -- After find element-->By.cssSelector: a[href='/login']
22:36:40.758 INFO  manager.ListenerWD -- Location of element-->a
22:36:40.763 INFO  manager.ListenerWD -- Before click element-->atext -->LOGIN
22:36:40.791 INFO  manager.ListenerWD -- After click element-->a
22:36:40.791 INFO  manager.HelperBase -- Open form by ckick on button with locator a[href='/login']
22:36:40.791 INFO  manager.ListenerWD -- Before find element-->By.name: email
22:36:40.798 INFO  manager.ListenerWD -- After find element-->By.name: email
22:36:40.800 INFO  manager.ListenerWD -- Location of element-->input
22:36:40.804 INFO  manager.ListenerWD -- Before click element-->inputtext -->
22:36:40.830 INFO  manager.ListenerWD -- After click element-->input
22:36:40.844 INFO  manager.ListenerWD -- sendKeys -->
22:36:40.846 INFO  manager.ListenerWD -- sendKeys -->input
22:36:40.866 INFO  manager.ListenerWD -- sendKeys -->
22:36:40.868 INFO  manager.ListenerWD -- sendKeys -->input
22:36:40.881 INFO  manager.ListenerWD -- sendKeys -->
22:36:40.883 INFO  manager.ListenerWD -- sendKeys -->input
22:36:40.897 INFO  manager.HelperBase -- type in input with locator By.name("email") 
22:36:40.897 INFO  manager.ListenerWD -- Before find element-->By.xpath: //input[@placeholder='Password']
22:36:40.906 INFO  manager.ListenerWD -- After find element-->By.xpath: //input[@placeholder='Password']
22:36:40.908 INFO  manager.ListenerWD -- Location of element-->input
22:36:40.913 INFO  manager.ListenerWD -- Before click element-->inputtext -->
22:36:40.936 INFO  manager.ListenerWD -- After click element-->input
22:36:40.952 INFO  manager.ListenerWD -- sendKeys -->
22:36:40.955 INFO  manager.ListenerWD -- sendKeys -->input
22:36:40.992 INFO  manager.ListenerWD -- sendKeys -->
22:36:40.995 INFO  manager.ListenerWD -- sendKeys -->input
22:36:41.016 INFO  manager.ListenerWD -- sendKeys -->
22:36:41.018 INFO  manager.ListenerWD -- sendKeys -->input
22:36:41.034 INFO  manager.ListenerWD -- Before find element-->By.xpath: //button[text()='Login']
22:36:41.045 INFO  manager.ListenerWD -- After find element-->By.xpath: //button[text()='Login']
22:36:41.047 INFO  manager.ListenerWD -- Location of element-->button
22:36:41.055 INFO  manager.ListenerWD -- Before click element-->buttontext -->Login
22:36:41.092 INFO  manager.ListenerWD -- Huston, we have a problem!
22:36:41.092 INFO  manager.ListenerWD -- Failed method:alert
22:36:41.092 INFO  manager.ListenerWD -- **********************
22:36:41.092 INFO  manager.ListenerWD -- Arguments:null
22:36:41.092 INFO  manager.ListenerWD -- **********************
22:36:41.092 INFO  manager.ListenerWD -- Exception:NoAlertPresentException
22:36:41.092 INFO  manager.ListenerWD -- **********************
22:36:41.092 INFO  manager.ListenerWD -- Messageno such alert
  (Session info: chrome=149.0.7827.103)
Build info: version: '4.26.0', revision: '8ccf0219d7'
System info: os.name: 'Windows 11', os.arch: 'amd64', os.version: '10.0', java.version: '21.0.10'
Driver info: org.openqa.selenium.chrome.ChromeDriver
Command: [47b058bde58eda1af54133c817e4bcab, getAlertText {}]
Capabilities {acceptInsecureCerts: false, browserName: chrome, browserVersion: 149.0.7827.103, chrome: {chromedriverVersion: 149.0.7827.55 (3188f8a607ae..., userDataDir: C:\Users\Nina\AppData\Local...}, fedcm:accounts: true, goog:chromeOptions: {debuggerAddress: localhost:60670}, goog:processID: 19012, networkConnectionEnabled: false, pageLoadStrategy: normal, platformName: windows, proxy: Proxy(), se:cdp: ws://localhost:60670/devtoo..., se:cdpVersion: 149.0.7827.103, setWindowRect: true, strictFileInteractability: false, timeouts: {implicit: 0, pageLoad: 300000, script: 30000}, unhandledPromptBehavior: dismiss and notify, webauthn:extension:credBlob: true, webauthn:extension:largeBlob: true, webauthn:extension:minPinLength: true, webauthn:extension:prf: true, webauthn:virtualAuthenticators: true}
Session ID: 47b058bde58eda1af54133c817e4bcab
22:36:41.092 INFO  manager.ListenerWD -- **********************
22:36:41.092 INFO  manager.ListenerWD -- Screen with error is --->src/test/screenshots/screen_1926.png
22:36:41.613 INFO  tests.TestBase -- Assert check is alert present with error test 'Wrong email or password' 
22:36:41.615 INFO  manager.TestNGListener -- Success test -->loginWrongPassword
22:36:41.615 INFO  tests.TestBase -- ==============================================
22:36:41.617 INFO  tests.TestBase -- Name of method (test)-->registrationExistsUser
22:36:46.627 INFO  manager.TestNGListener -- Start test -->registrationExistsUser
22:36:46.629 INFO  tests.TestBase -- Test data --> email:'margo@gmail.com & password: Mmar123456$
22:36:46.629 INFO  manager.ListenerWD -- Before find element-->By.cssSelector: a[href='/login']
22:36:46.647 INFO  manager.ListenerWD -- After find element-->By.cssSelector: a[href='/login']
22:36:46.651 INFO  manager.ListenerWD -- Location of element-->a
22:36:46.660 INFO  manager.ListenerWD -- Before click element-->atext -->LOGIN
22:36:46.705 INFO  manager.ListenerWD -- After click element-->a
22:36:46.705 INFO  manager.HelperBase -- Open form by ckick on button with locator a[href='/login']
22:36:46.705 INFO  manager.ListenerWD -- Before find element-->By.name: email
22:36:46.715 INFO  manager.ListenerWD -- After find element-->By.name: email
22:36:46.719 INFO  manager.ListenerWD -- Location of element-->input
22:36:46.728 INFO  manager.ListenerWD -- Before click element-->inputtext -->
22:36:46.766 INFO  manager.ListenerWD -- After click element-->input
22:36:46.788 INFO  manager.ListenerWD -- sendKeys -->
22:36:46.791 INFO  manager.ListenerWD -- sendKeys -->input
22:36:46.821 INFO  manager.ListenerWD -- sendKeys -->
22:36:46.824 INFO  manager.ListenerWD -- sendKeys -->input
22:36:46.844 INFO  manager.ListenerWD -- sendKeys -->
22:36:46.847 INFO  manager.ListenerWD -- sendKeys -->input
22:36:46.865 INFO  manager.ListenerWD -- Before find element-->By.xpath: //input[@placeholder='Password']
22:36:46.876 INFO  manager.ListenerWD -- After find element-->By.xpath: //input[@placeholder='Password']
22:36:46.879 INFO  manager.ListenerWD -- Location of element-->input
22:36:46.885 INFO  manager.ListenerWD -- Before click element-->inputtext -->
22:36:46.918 INFO  manager.ListenerWD -- After click element-->input
22:36:46.938 INFO  manager.ListenerWD -- sendKeys -->
22:36:46.940 INFO  manager.ListenerWD -- sendKeys -->input
22:36:46.968 INFO  manager.ListenerWD -- sendKeys -->
22:36:46.970 INFO  manager.ListenerWD -- sendKeys -->input
22:36:46.993 INFO  manager.ListenerWD -- sendKeys -->
22:36:46.996 INFO  manager.ListenerWD -- sendKeys -->input
22:36:47.020 INFO  manager.ListenerWD -- Before find element-->By.xpath: //button[text()='Registration']
22:36:47.035 INFO  manager.ListenerWD -- After find element-->By.xpath: //button[text()='Registration']
22:36:47.039 INFO  manager.ListenerWD -- Location of element-->button
22:36:47.047 INFO  manager.ListenerWD -- Before click element-->buttontext -->Registration
22:36:47.088 INFO  manager.ListenerWD -- Huston, we have a problem!
22:36:47.088 INFO  manager.ListenerWD -- Failed method:alert
22:36:47.088 INFO  manager.ListenerWD -- **********************
22:36:47.088 INFO  manager.ListenerWD -- Arguments:null
22:36:47.088 INFO  manager.ListenerWD -- **********************
22:36:47.088 INFO  manager.ListenerWD -- Exception:NoAlertPresentException
22:36:47.088 INFO  manager.ListenerWD -- **********************
22:36:47.088 INFO  manager.ListenerWD -- Messageno such alert
  (Session info: chrome=149.0.7827.103)
Build info: version: '4.26.0', revision: '8ccf0219d7'
System info: os.name: 'Windows 11', os.arch: 'amd64', os.version: '10.0', java.version: '21.0.10'
Driver info: org.openqa.selenium.chrome.ChromeDriver
Command: [47b058bde58eda1af54133c817e4bcab, getAlertText {}]
Capabilities {acceptInsecureCerts: false, browserName: chrome, browserVersion: 149.0.7827.103, chrome: {chromedriverVersion: 149.0.7827.55 (3188f8a607ae..., userDataDir: C:\Users\Nina\AppData\Local...}, fedcm:accounts: true, goog:chromeOptions: {debuggerAddress: localhost:60670}, goog:processID: 19012, networkConnectionEnabled: false, pageLoadStrategy: normal, platformName: windows, proxy: Proxy(), se:cdp: ws://localhost:60670/devtoo..., se:cdpVersion: 149.0.7827.103, setWindowRect: true, strictFileInteractability: false, timeouts: {implicit: 0, pageLoad: 300000, script: 30000}, unhandledPromptBehavior: dismiss and notify, webauthn:extension:credBlob: true, webauthn:extension:largeBlob: true, webauthn:extension:minPinLength: true, webauthn:extension:prf: true, webauthn:virtualAuthenticators: true}
Session ID: 47b058bde58eda1af54133c817e4bcab
22:36:47.088 INFO  manager.ListenerWD -- **********************
22:36:47.088 INFO  manager.ListenerWD -- Screen with error is --->src/test/screenshots/screen_1062.png
22:36:47.603 INFO  tests.TestBase -- Assert check is alert present with error test 'User already exist' 
22:36:47.605 INFO  manager.TestNGListener -- Success test -->registrationExistsUser
22:36:47.605 INFO  tests.TestBase -- ==============================================
22:36:47.606 INFO  tests.TestBase -- Name of method (test)-->registrationSuccess
22:36:52.657 INFO  manager.TestNGListener -- Start test -->registrationSuccess
22:36:52.659 INFO  tests.TestBase -- Start test with name 'registrationSuccess'
22:36:52.659 INFO  tests.TestBase -- Test data --> email:'mert1211@gmail.com & password: Mert123456!
22:36:52.659 INFO  manager.ListenerWD -- Before find element-->By.cssSelector: a[href='/login']
22:36:52.666 INFO  manager.ListenerWD -- After find element-->By.cssSelector: a[href='/login']
22:36:52.669 INFO  manager.ListenerWD -- Location of element-->a
22:36:52.675 INFO  manager.ListenerWD -- Before click element-->atext -->LOGIN
22:36:52.703 INFO  manager.ListenerWD -- After click element-->a
22:36:52.703 INFO  manager.HelperBase -- Open form by ckick on button with locator a[href='/login']
22:36:52.704 INFO  manager.ListenerWD -- Before find element-->By.name: email
22:36:52.711 INFO  manager.ListenerWD -- After find element-->By.name: email
22:36:52.714 INFO  manager.ListenerWD -- Location of element-->input
22:36:52.720 INFO  manager.ListenerWD -- Before click element-->inputtext -->
22:36:52.749 INFO  manager.ListenerWD -- After click element-->input
22:36:52.765 INFO  manager.ListenerWD -- sendKeys -->
22:36:52.768 INFO  manager.ListenerWD -- sendKeys -->input
22:36:52.795 INFO  manager.ListenerWD -- sendKeys -->
22:36:52.797 INFO  manager.ListenerWD -- sendKeys -->input
22:36:52.815 INFO  manager.ListenerWD -- sendKeys -->
22:36:52.817 INFO  manager.ListenerWD -- sendKeys -->input
22:36:52.834 INFO  manager.ListenerWD -- Before find element-->By.xpath: //input[@placeholder='Password']
22:36:52.841 INFO  manager.ListenerWD -- After find element-->By.xpath: //input[@placeholder='Password']
22:36:52.845 INFO  manager.ListenerWD -- Location of element-->input
22:36:52.850 INFO  manager.ListenerWD -- Before click element-->inputtext -->
22:36:52.876 INFO  manager.ListenerWD -- After click element-->input
22:36:52.890 INFO  manager.ListenerWD -- sendKeys -->
22:36:52.892 INFO  manager.ListenerWD -- sendKeys -->input
22:36:52.912 INFO  manager.ListenerWD -- sendKeys -->
22:36:52.916 INFO  manager.ListenerWD -- sendKeys -->input
22:36:52.930 INFO  manager.ListenerWD -- sendKeys -->
22:36:52.932 INFO  manager.ListenerWD -- sendKeys -->input
22:36:52.946 INFO  manager.ListenerWD -- Before find element-->By.xpath: //button[text()='Registration']
22:36:52.953 INFO  manager.ListenerWD -- After find element-->By.xpath: //button[text()='Registration']
22:36:52.956 INFO  manager.ListenerWD -- Location of element-->button
22:36:52.962 INFO  manager.ListenerWD -- Before click element-->buttontext -->Registration
22:36:53.357 INFO  tests.TestBase -- Assert check is element button 'Sign out' present
22:36:53.357 INFO  manager.ListenerWD -- Before find element-->By.cssSelector: .contact-page_message__2qafk>h1
22:36:53.558 INFO  manager.ListenerWD -- After find element-->By.cssSelector: .contact-page_message__2qafk>h1
22:36:53.561 INFO  manager.ListenerWD -- Location of element-->h1
22:36:53.565 INFO  tests.TestBase -- Assert check is message 'No contacts here'
22:36:53.566 INFO  manager.TestNGListener -- Success test -->registrationSuccess
22:36:53.566 INFO  tests.TestBase -- ==============================================
22:36:53.567 INFO  tests.TestBase -- Name of method (test)-->wrongEmailRegistration
22:36:53.576 INFO  manager.ListenerWD -- Before find element-->By.xpath: //button[text()='Sign Out']
22:36:53.585 INFO  manager.ListenerWD -- After find element-->By.xpath: //button[text()='Sign Out']
22:36:53.588 INFO  manager.ListenerWD -- Location of element-->button
22:36:53.593 INFO  manager.ListenerWD -- Before click element-->buttontext -->Sign Out
22:36:53.624 INFO  tests.TestBase -- Before method finished logout
22:36:53.625 INFO  manager.TestNGListener -- Start test -->wrongEmailRegistration
22:36:53.625 INFO  tests.TestBase -- Test data --> email:'mertgmail.com & password: Mert123456!
22:36:53.625 INFO  manager.ListenerWD -- Before find element-->By.cssSelector: a[href='/login']
22:36:53.633 INFO  manager.ListenerWD -- After find element-->By.cssSelector: a[href='/login']
22:36:53.636 INFO  manager.ListenerWD -- Location of element-->a
22:36:53.641 INFO  manager.ListenerWD -- Before click element-->atext -->LOGIN
22:36:53.664 INFO  manager.ListenerWD -- After click element-->a
22:36:53.664 INFO  manager.HelperBase -- Open form by ckick on button with locator a[href='/login']
22:36:53.664 INFO  manager.ListenerWD -- Before find element-->By.name: email
22:36:53.671 INFO  manager.ListenerWD -- After find element-->By.name: email
22:36:53.674 INFO  manager.ListenerWD -- Location of element-->input
22:36:53.680 INFO  manager.ListenerWD -- Before click element-->inputtext -->
22:36:53.715 INFO  manager.ListenerWD -- After click element-->input
22:36:53.729 INFO  manager.ListenerWD -- sendKeys -->
22:36:53.731 INFO  manager.ListenerWD -- sendKeys -->input
22:36:53.748 INFO  manager.ListenerWD -- sendKeys -->
22:36:53.750 INFO  manager.ListenerWD -- sendKeys -->input
22:36:53.766 INFO  manager.ListenerWD -- sendKeys -->
22:36:53.768 INFO  manager.ListenerWD -- sendKeys -->input
22:36:53.785 INFO  manager.ListenerWD -- Before find element-->By.xpath: //input[@placeholder='Password']
22:36:53.793 INFO  manager.ListenerWD -- After find element-->By.xpath: //input[@placeholder='Password']
22:36:53.796 INFO  manager.ListenerWD -- Location of element-->input
22:36:53.803 INFO  manager.ListenerWD -- Before click element-->inputtext -->
22:36:53.832 INFO  manager.ListenerWD -- After click element-->input
22:36:53.848 INFO  manager.ListenerWD -- sendKeys -->
22:36:53.850 INFO  manager.ListenerWD -- sendKeys -->input
22:36:53.867 INFO  manager.ListenerWD -- sendKeys -->
22:36:53.870 INFO  manager.ListenerWD -- sendKeys -->input
22:36:53.888 INFO  manager.ListenerWD -- sendKeys -->
22:36:53.890 INFO  manager.ListenerWD -- sendKeys -->input
22:36:53.906 INFO  manager.ListenerWD -- Before find element-->By.xpath: //button[text()='Registration']
22:36:53.915 INFO  manager.ListenerWD -- After find element-->By.xpath: //button[text()='Registration']
22:36:53.917 INFO  manager.ListenerWD -- Location of element-->button
22:36:53.924 INFO  manager.ListenerWD -- Before click element-->buttontext -->Registration
22:36:53.958 INFO  manager.ListenerWD -- Huston, we have a problem!
22:36:53.958 INFO  manager.ListenerWD -- Failed method:alert
22:36:53.958 INFO  manager.ListenerWD -- **********************
22:36:53.958 INFO  manager.ListenerWD -- Arguments:null
22:36:53.958 INFO  manager.ListenerWD -- **********************
22:36:53.958 INFO  manager.ListenerWD -- Exception:NoAlertPresentException
22:36:53.958 INFO  manager.ListenerWD -- **********************
22:36:53.958 INFO  manager.ListenerWD -- Messageno such alert
  (Session info: chrome=149.0.7827.103)
Build info: version: '4.26.0', revision: '8ccf0219d7'
System info: os.name: 'Windows 11', os.arch: 'amd64', os.version: '10.0', java.version: '21.0.10'
Driver info: org.openqa.selenium.chrome.ChromeDriver
Command: [47b058bde58eda1af54133c817e4bcab, getAlertText {}]
Capabilities {acceptInsecureCerts: false, browserName: chrome, browserVersion: 149.0.7827.103, chrome: {chromedriverVersion: 149.0.7827.55 (3188f8a607ae..., userDataDir: C:\Users\Nina\AppData\Local...}, fedcm:accounts: true, goog:chromeOptions: {debuggerAddress: localhost:60670}, goog:processID: 19012, networkConnectionEnabled: false, pageLoadStrategy: normal, platformName: windows, proxy: Proxy(), se:cdp: ws://localhost:60670/devtoo..., se:cdpVersion: 149.0.7827.103, setWindowRect: true, strictFileInteractability: false, timeouts: {implicit: 0, pageLoad: 300000, script: 30000}, unhandledPromptBehavior: dismiss and notify, webauthn:extension:credBlob: true, webauthn:extension:largeBlob: true, webauthn:extension:minPinLength: true, webauthn:extension:prf: true, webauthn:virtualAuthenticators: true}
Session ID: 47b058bde58eda1af54133c817e4bcab
22:36:53.958 INFO  manager.ListenerWD -- **********************
22:36:53.958 INFO  manager.ListenerWD -- Screen with error is --->src/test/screenshots/screen_1705.png
22:36:54.486 INFO  tests.TestBase -- Assert check is alert present with error test 'Wrong email or password' 
22:36:54.486 INFO  manager.ListenerWD -- Before find element-->By.xpath: //*[text()='Registration failed with code 400']
22:36:54.498 INFO  manager.ListenerWD -- After find element-->By.xpath: //*[text()='Registration failed with code 400']
22:36:54.501 INFO  manager.ListenerWD -- Location of element-->div
22:36:54.502 INFO  manager.TestNGListener -- Success test -->wrongEmailRegistration
22:36:54.502 INFO  tests.TestBase -- ==============================================
22:36:54.504 INFO  tests.TestBase -- Name of method (test)-->wrongPasswordRegistration
22:36:59.566 INFO  manager.TestNGListener -- Start test -->wrongPasswordRegistration
22:36:59.566 INFO  tests.TestBase -- Test data --> email:'mert@gmail.com & password: Mert123456
22:36:59.566 INFO  manager.ListenerWD -- Before find element-->By.cssSelector: a[href='/login']
22:36:59.574 INFO  manager.ListenerWD -- After find element-->By.cssSelector: a[href='/login']
22:36:59.576 INFO  manager.ListenerWD -- Location of element-->a
22:36:59.581 INFO  manager.ListenerWD -- Before click element-->atext -->LOGIN
22:36:59.606 INFO  manager.ListenerWD -- After click element-->a
22:36:59.606 INFO  manager.HelperBase -- Open form by ckick on button with locator a[href='/login']
22:36:59.606 INFO  manager.ListenerWD -- Before find element-->By.name: email
22:36:59.613 INFO  manager.ListenerWD -- After find element-->By.name: email
22:36:59.615 INFO  manager.ListenerWD -- Location of element-->input
22:36:59.620 INFO  manager.ListenerWD -- Before click element-->inputtext -->
22:36:59.646 INFO  manager.ListenerWD -- After click element-->input
22:36:59.660 INFO  manager.ListenerWD -- sendKeys -->
22:36:59.662 INFO  manager.ListenerWD -- sendKeys -->input
22:36:59.683 INFO  manager.ListenerWD -- sendKeys -->
22:36:59.685 INFO  manager.ListenerWD -- sendKeys -->input
22:36:59.697 INFO  manager.ListenerWD -- sendKeys -->
22:36:59.699 INFO  manager.ListenerWD -- sendKeys -->input
22:36:59.712 INFO  manager.ListenerWD -- Before find element-->By.xpath: //input[@placeholder='Password']
22:36:59.718 INFO  manager.ListenerWD -- After find element-->By.xpath: //input[@placeholder='Password']
22:36:59.721 INFO  manager.ListenerWD -- Location of element-->input
22:36:59.725 INFO  manager.ListenerWD -- Before click element-->inputtext -->
22:36:59.748 INFO  manager.ListenerWD -- After click element-->input
22:36:59.760 INFO  manager.ListenerWD -- sendKeys -->
22:36:59.762 INFO  manager.ListenerWD -- sendKeys -->input
22:36:59.781 INFO  manager.ListenerWD -- sendKeys -->
22:36:59.783 INFO  manager.ListenerWD -- sendKeys -->input
22:36:59.796 INFO  manager.ListenerWD -- sendKeys -->
22:36:59.798 INFO  manager.ListenerWD -- sendKeys -->input
22:36:59.810 INFO  manager.ListenerWD -- Before find element-->By.xpath: //button[text()='Registration']
22:36:59.817 INFO  manager.ListenerWD -- After find element-->By.xpath: //button[text()='Registration']
22:36:59.819 INFO  manager.ListenerWD -- Location of element-->button
22:36:59.823 INFO  manager.ListenerWD -- Before click element-->buttontext -->Registration
22:36:59.851 INFO  manager.ListenerWD -- Huston, we have a problem!
22:36:59.851 INFO  manager.ListenerWD -- Failed method:alert
22:36:59.851 INFO  manager.ListenerWD -- **********************
22:36:59.851 INFO  manager.ListenerWD -- Arguments:null
22:36:59.851 INFO  manager.ListenerWD -- **********************
22:36:59.851 INFO  manager.ListenerWD -- Exception:NoAlertPresentException
22:36:59.851 INFO  manager.ListenerWD -- **********************
22:36:59.851 INFO  manager.ListenerWD -- Messageno such alert
  (Session info: chrome=149.0.7827.103)
Build info: version: '4.26.0', revision: '8ccf0219d7'
System info: os.name: 'Windows 11', os.arch: 'amd64', os.version: '10.0', java.version: '21.0.10'
Driver info: org.openqa.selenium.chrome.ChromeDriver
Command: [47b058bde58eda1af54133c817e4bcab, getAlertText {}]
Capabilities {acceptInsecureCerts: false, browserName: chrome, browserVersion: 149.0.7827.103, chrome: {chromedriverVersion: 149.0.7827.55 (3188f8a607ae..., userDataDir: C:\Users\Nina\AppData\Local...}, fedcm:accounts: true, goog:chromeOptions: {debuggerAddress: localhost:60670}, goog:processID: 19012, networkConnectionEnabled: false, pageLoadStrategy: normal, platformName: windows, proxy: Proxy(), se:cdp: ws://localhost:60670/devtoo..., se:cdpVersion: 149.0.7827.103, setWindowRect: true, strictFileInteractability: false, timeouts: {implicit: 0, pageLoad: 300000, script: 30000}, unhandledPromptBehavior: dismiss and notify, webauthn:extension:credBlob: true, webauthn:extension:largeBlob: true, webauthn:extension:minPinLength: true, webauthn:extension:prf: true, webauthn:virtualAuthenticators: true}
Session ID: 47b058bde58eda1af54133c817e4bcab
22:36:59.851 INFO  manager.ListenerWD -- **********************
22:36:59.851 INFO  manager.ListenerWD -- Screen with error is --->src/test/screenshots/screen_1487.png
22:37:00.375 INFO  tests.TestBase -- Assert check is alert present with error test 'Wrong email or password' 
22:37:00.375 INFO  manager.ListenerWD -- Before find element-->By.xpath: //*[text()='Registration failed with code 400']
22:37:00.383 INFO  manager.ListenerWD -- After find element-->By.xpath: //*[text()='Registration failed with code 400']
22:37:00.387 INFO  manager.ListenerWD -- Location of element-->div
22:37:00.388 INFO  manager.TestNGListener -- Success test -->wrongPasswordRegistration
22:37:00.388 INFO  tests.TestBase -- ==============================================
22:37:00.389 INFO  tests.TestBase -- Name of method (test)-->removeAllContacts
22:37:05.434 INFO  manager.ListenerWD -- Before find element-->By.cssSelector: a[href='/login']
22:37:05.443 INFO  manager.ListenerWD -- After find element-->By.cssSelector: a[href='/login']
22:37:05.445 INFO  manager.ListenerWD -- Location of element-->a
22:37:05.450 INFO  manager.ListenerWD -- Before click element-->atext -->LOGIN
22:37:05.478 INFO  manager.ListenerWD -- After click element-->a
22:37:05.478 INFO  manager.HelperBase -- Open form by ckick on button with locator a[href='/login']
22:37:05.478 INFO  manager.ListenerWD -- Before find element-->By.name: email
22:37:05.485 INFO  manager.ListenerWD -- After find element-->By.name: email
22:37:05.490 INFO  manager.ListenerWD -- Location of element-->input
22:37:05.498 INFO  manager.ListenerWD -- Before click element-->inputtext -->
22:37:05.533 INFO  manager.ListenerWD -- After click element-->input
22:37:05.549 INFO  manager.ListenerWD -- sendKeys -->
22:37:05.553 INFO  manager.ListenerWD -- sendKeys -->input
22:37:05.579 INFO  manager.ListenerWD -- sendKeys -->
22:37:05.581 INFO  manager.ListenerWD -- sendKeys -->input
22:37:05.597 INFO  manager.ListenerWD -- sendKeys -->
22:37:05.599 INFO  manager.ListenerWD -- sendKeys -->input
22:37:05.616 INFO  manager.ListenerWD -- Before find element-->By.xpath: //input[@placeholder='Password']
22:37:05.623 INFO  manager.ListenerWD -- After find element-->By.xpath: //input[@placeholder='Password']
22:37:05.625 INFO  manager.ListenerWD -- Location of element-->input
22:37:05.632 INFO  manager.ListenerWD -- Before click element-->inputtext -->
22:37:05.658 INFO  manager.ListenerWD -- After click element-->input
22:37:05.672 INFO  manager.ListenerWD -- sendKeys -->
22:37:05.674 INFO  manager.ListenerWD -- sendKeys -->input
22:37:05.694 INFO  manager.ListenerWD -- sendKeys -->
22:37:05.696 INFO  manager.ListenerWD -- sendKeys -->input
22:37:05.710 INFO  manager.ListenerWD -- sendKeys -->
22:37:05.712 INFO  manager.ListenerWD -- sendKeys -->input
22:37:05.725 INFO  manager.ListenerWD -- Before find element-->By.xpath: //button[text()='Login']
22:37:05.731 INFO  manager.ListenerWD -- After find element-->By.xpath: //button[text()='Login']
22:37:05.733 INFO  manager.ListenerWD -- Location of element-->button
22:37:05.738 INFO  manager.ListenerWD -- Before click element-->buttontext -->Login
22:37:06.334 INFO  manager.TestNGListener -- Start test -->removeAllContacts
22:37:06.352 INFO  manager.ListenerWD -- Before find element-->By.cssSelector: .contact-item_card__2SOIM
22:37:06.361 INFO  manager.ListenerWD -- After find element-->By.cssSelector: .contact-item_card__2SOIM
22:37:06.364 INFO  manager.ListenerWD -- Location of element-->div
22:37:06.370 INFO  manager.ListenerWD -- Before click element-->divtext -->Harry
555667771139
22:37:06.396 INFO  manager.ListenerWD -- After click element-->div
22:37:06.396 INFO  manager.ListenerWD -- Before find element-->By.xpath: //button[text()='Remove']
22:37:06.405 INFO  manager.ListenerWD -- After find element-->By.xpath: //button[text()='Remove']
22:37:06.408 INFO  manager.ListenerWD -- Location of element-->button
22:37:06.412 INFO  manager.ListenerWD -- Before click element-->buttontext -->Remove
22:37:06.434 INFO  manager.ListenerWD -- After click element-->button
22:37:07.460 INFO  manager.ListenerWD -- Before find element-->By.cssSelector: .contact-item_card__2SOIM
22:37:07.468 INFO  manager.ListenerWD -- After find element-->By.cssSelector: .contact-item_card__2SOIM
22:37:07.470 INFO  manager.ListenerWD -- Location of element-->div
22:37:07.475 INFO  manager.ListenerWD -- Before click element-->divtext -->Harry
555667771548
22:37:07.500 INFO  manager.ListenerWD -- After click element-->div
22:37:07.500 INFO  manager.ListenerWD -- Before find element-->By.xpath: //button[text()='Remove']
22:37:07.511 INFO  manager.ListenerWD -- After find element-->By.xpath: //button[text()='Remove']
22:37:07.514 INFO  manager.ListenerWD -- Location of element-->button
22:37:07.519 INFO  manager.ListenerWD -- Before click element-->buttontext -->Remove
22:37:07.543 INFO  manager.ListenerWD -- After click element-->button
22:37:08.565 INFO  manager.ListenerWD -- Before find element-->By.cssSelector: .contact-item_card__2SOIM
22:37:08.573 INFO  manager.ListenerWD -- After find element-->By.cssSelector: .contact-item_card__2SOIM
22:37:08.575 INFO  manager.ListenerWD -- Location of element-->div
22:37:08.586 INFO  manager.ListenerWD -- Before click element-->divtext -->Tony
34343434246
22:37:08.624 INFO  manager.ListenerWD -- After click element-->div
22:37:08.624 INFO  manager.ListenerWD -- Before find element-->By.xpath: //button[text()='Remove']
22:37:08.630 INFO  manager.ListenerWD -- After find element-->By.xpath: //button[text()='Remove']
22:37:08.634 INFO  manager.ListenerWD -- Location of element-->button
22:37:08.639 INFO  manager.ListenerWD -- Before click element-->buttontext -->Remove
22:37:08.658 INFO  manager.ListenerWD -- After click element-->button
22:37:09.675 INFO  manager.ListenerWD -- Before find element-->By.cssSelector: .contact-item_card__2SOIM
22:37:09.682 INFO  manager.ListenerWD -- After find element-->By.cssSelector: .contact-item_card__2SOIM
22:37:09.684 INFO  manager.ListenerWD -- Location of element-->div
22:37:09.689 INFO  manager.ListenerWD -- Before click element-->divtext -->Tony
6555652654
22:37:09.713 INFO  manager.ListenerWD -- After click element-->div
22:37:09.713 INFO  manager.ListenerWD -- Before find element-->By.xpath: //button[text()='Remove']
22:37:09.719 INFO  manager.ListenerWD -- After find element-->By.xpath: //button[text()='Remove']
22:37:09.721 INFO  manager.ListenerWD -- Location of element-->button
22:37:09.727 INFO  manager.ListenerWD -- Before click element-->buttontext -->Remove
22:37:09.752 INFO  manager.ListenerWD -- After click element-->button
22:37:10.764 INFO  manager.ListenerWD -- Before find element-->By.cssSelector: .contact-item_card__2SOIM
22:37:10.770 INFO  manager.ListenerWD -- After find element-->By.cssSelector: .contact-item_card__2SOIM
22:37:10.772 INFO  manager.ListenerWD -- Location of element-->div
22:37:10.778 INFO  manager.ListenerWD -- Before click element-->divtext -->TonyReq2172
343434342172
22:37:10.801 INFO  manager.ListenerWD -- After click element-->div
22:37:10.802 INFO  manager.ListenerWD -- Before find element-->By.xpath: //button[text()='Remove']
22:37:10.809 INFO  manager.ListenerWD -- After find element-->By.xpath: //button[text()='Remove']
22:37:10.812 INFO  manager.ListenerWD -- Location of element-->button
22:37:10.816 INFO  manager.ListenerWD -- Before click element-->buttontext -->Remove
22:37:10.836 INFO  manager.ListenerWD -- After click element-->button
22:37:16.862 INFO  manager.ListenerWD -- Before find element-->By.cssSelector: .contact-page_message__2qafk>h1
22:37:16.869 INFO  manager.ListenerWD -- After find element-->By.cssSelector: .contact-page_message__2qafk>h1
22:37:16.871 INFO  manager.ListenerWD -- Location of element-->h1
22:37:16.875 INFO  manager.TestNGListener -- Success test -->removeAllContacts
22:37:16.875 INFO  tests.TestBase -- ==============================================
22:37:16.877 INFO  tests.TestBase -- Name of method (test)-->removeFirstContact
22:37:21.891 INFO  manager.ListenerWD -- Before find element-->By.cssSelector: a[href='/add']
22:37:21.903 INFO  manager.ListenerWD -- After find element-->By.cssSelector: a[href='/add']
22:37:21.908 INFO  manager.ListenerWD -- Location of element-->a
22:37:21.914 INFO  manager.ListenerWD -- Before click element-->atext -->ADD
22:37:21.961 INFO  manager.ListenerWD -- After click element-->a
22:37:21.961 INFO  manager.ListenerWD -- Before find element-->By.cssSelector: [placeholder='Name']
22:37:21.975 INFO  manager.ListenerWD -- After find element-->By.cssSelector: [placeholder='Name']
22:37:21.980 INFO  manager.ListenerWD -- Location of element-->input
22:37:21.987 INFO  manager.ListenerWD -- Before click element-->inputtext -->
22:37:22.018 INFO  manager.ListenerWD -- After click element-->input
22:37:22.033 INFO  manager.ListenerWD -- sendKeys -->
22:37:22.035 INFO  manager.ListenerWD -- sendKeys -->input
22:37:22.050 INFO  manager.ListenerWD -- sendKeys -->
22:37:22.053 INFO  manager.ListenerWD -- sendKeys -->input
22:37:22.068 INFO  manager.ListenerWD -- sendKeys -->
22:37:22.070 INFO  manager.ListenerWD -- sendKeys -->input
22:37:22.082 INFO  manager.ListenerWD -- Before find element-->By.cssSelector: [placeholder='Last Name']
22:37:22.091 INFO  manager.ListenerWD -- After find element-->By.cssSelector: [placeholder='Last Name']
22:37:22.095 INFO  manager.ListenerWD -- Location of element-->input
22:37:22.100 INFO  manager.ListenerWD -- Before click element-->inputtext -->
22:37:22.125 INFO  manager.ListenerWD -- After click element-->input
22:37:22.138 INFO  manager.ListenerWD -- sendKeys -->
22:37:22.141 INFO  manager.ListenerWD -- sendKeys -->input
22:37:22.155 INFO  manager.ListenerWD -- sendKeys -->
22:37:22.157 INFO  manager.ListenerWD -- sendKeys -->input
22:37:22.173 INFO  manager.ListenerWD -- sendKeys -->
22:37:22.176 INFO  manager.ListenerWD -- sendKeys -->input
22:37:22.188 INFO  manager.ListenerWD -- Before find element-->By.cssSelector: [placeholder='Phone']
22:37:22.196 INFO  manager.ListenerWD -- After find element-->By.cssSelector: [placeholder='Phone']
22:37:22.200 INFO  manager.ListenerWD -- Location of element-->input
22:37:22.204 INFO  manager.ListenerWD -- Before click element-->inputtext -->
22:37:22.227 INFO  manager.ListenerWD -- After click element-->input
22:37:22.241 INFO  manager.ListenerWD -- sendKeys -->
22:37:22.243 INFO  manager.ListenerWD -- sendKeys -->input
22:37:22.256 INFO  manager.ListenerWD -- sendKeys -->
22:37:22.258 INFO  manager.ListenerWD -- sendKeys -->input
22:37:22.270 INFO  manager.ListenerWD -- sendKeys -->
22:37:22.272 INFO  manager.ListenerWD -- sendKeys -->input
22:37:22.288 INFO  manager.ListenerWD -- Before find element-->By.cssSelector: [placeholder='email']
22:37:22.298 INFO  manager.ListenerWD -- After find element-->By.cssSelector: [placeholder='email']
22:37:22.300 INFO  manager.ListenerWD -- Location of element-->input
22:37:22.306 INFO  manager.ListenerWD -- Before click element-->inputtext -->
22:37:22.336 INFO  manager.ListenerWD -- After click element-->input
22:37:22.350 INFO  manager.ListenerWD -- sendKeys -->
22:37:22.352 INFO  manager.ListenerWD -- sendKeys -->input
22:37:22.368 INFO  manager.ListenerWD -- sendKeys -->
22:37:22.372 INFO  manager.ListenerWD -- sendKeys -->input
22:37:22.387 INFO  manager.ListenerWD -- sendKeys -->
22:37:22.389 INFO  manager.ListenerWD -- sendKeys -->input
22:37:22.414 INFO  manager.ListenerWD -- Before find element-->By.cssSelector: [placeholder='Address']
22:37:22.426 INFO  manager.ListenerWD -- After find element-->By.cssSelector: [placeholder='Address']
22:37:22.428 INFO  manager.ListenerWD -- Location of element-->input
22:37:22.434 INFO  manager.ListenerWD -- Before click element-->inputtext -->
22:37:22.461 INFO  manager.ListenerWD -- After click element-->input
22:37:22.476 INFO  manager.ListenerWD -- sendKeys -->
22:37:22.478 INFO  manager.ListenerWD -- sendKeys -->input
22:37:22.493 INFO  manager.ListenerWD -- sendKeys -->
22:37:22.496 INFO  manager.ListenerWD -- sendKeys -->input
22:37:22.512 INFO  manager.ListenerWD -- sendKeys -->
22:37:22.515 INFO  manager.ListenerWD -- sendKeys -->input
22:37:22.530 INFO  manager.ListenerWD -- Before find element-->By.cssSelector: [placeholder = 'description']
22:37:22.539 INFO  manager.ListenerWD -- After find element-->By.cssSelector: [placeholder = 'description']
22:37:22.542 INFO  manager.ListenerWD -- Location of element-->input
22:37:22.549 INFO  manager.ListenerWD -- Before click element-->inputtext -->
22:37:22.577 INFO  manager.ListenerWD -- After click element-->input
22:37:22.592 INFO  manager.ListenerWD -- sendKeys -->
22:37:22.594 INFO  manager.ListenerWD -- sendKeys -->input
22:37:22.608 INFO  manager.ListenerWD -- sendKeys -->
22:37:22.610 INFO  manager.ListenerWD -- sendKeys -->input
22:37:22.624 INFO  manager.ListenerWD -- sendKeys -->
22:37:22.625 INFO  manager.ListenerWD -- sendKeys -->input
22:37:22.637 INFO  manager.ListenerWD -- Before find element-->By.cssSelector: .add_form__2rsm2>button
22:37:22.645 INFO  manager.ListenerWD -- After find element-->By.cssSelector: .add_form__2rsm2>button
22:37:22.648 INFO  manager.ListenerWD -- Location of element-->button
22:37:22.653 INFO  manager.ListenerWD -- Before click element-->buttontext -->Save
22:37:22.676 INFO  manager.ListenerWD -- After click element-->button
22:37:23.180 INFO  manager.ListenerWD -- Before find element-->By.cssSelector: a[href='/add']
22:37:23.188 INFO  manager.ListenerWD -- After find element-->By.cssSelector: a[href='/add']
22:37:23.191 INFO  manager.ListenerWD -- Location of element-->a
22:37:23.200 INFO  manager.ListenerWD -- Before click element-->atext -->ADD
22:37:23.228 INFO  manager.ListenerWD -- After click element-->a
22:37:23.229 INFO  manager.ListenerWD -- Before find element-->By.cssSelector: [placeholder='Name']
22:37:23.236 INFO  manager.ListenerWD -- After find element-->By.cssSelector: [placeholder='Name']
22:37:23.239 INFO  manager.ListenerWD -- Location of element-->input
22:37:23.244 INFO  manager.ListenerWD -- Before click element-->inputtext -->
22:37:23.267 INFO  manager.ListenerWD -- After click element-->input
22:37:23.280 INFO  manager.ListenerWD -- sendKeys -->
22:37:23.282 INFO  manager.ListenerWD -- sendKeys -->input
22:37:23.295 INFO  manager.ListenerWD -- sendKeys -->
22:37:23.297 INFO  manager.ListenerWD -- sendKeys -->input
22:37:23.311 INFO  manager.ListenerWD -- sendKeys -->
22:37:23.313 INFO  manager.ListenerWD -- sendKeys -->input
22:37:23.324 INFO  manager.ListenerWD -- Before find element-->By.cssSelector: [placeholder='Last Name']
22:37:23.332 INFO  manager.ListenerWD -- After find element-->By.cssSelector: [placeholder='Last Name']
22:37:23.334 INFO  manager.ListenerWD -- Location of element-->input
22:37:23.339 INFO  manager.ListenerWD -- Before click element-->inputtext -->
22:37:23.361 INFO  manager.ListenerWD -- After click element-->input
22:37:23.372 INFO  manager.ListenerWD -- sendKeys -->
22:37:23.375 INFO  manager.ListenerWD -- sendKeys -->input
22:37:23.388 INFO  manager.ListenerWD -- sendKeys -->
22:37:23.390 INFO  manager.ListenerWD -- sendKeys -->input
22:37:23.401 INFO  manager.ListenerWD -- sendKeys -->
22:37:23.404 INFO  manager.ListenerWD -- sendKeys -->input
22:37:23.428 INFO  manager.ListenerWD -- Before find element-->By.cssSelector: [placeholder='Phone']
22:37:23.435 INFO  manager.ListenerWD -- After find element-->By.cssSelector: [placeholder='Phone']
22:37:23.438 INFO  manager.ListenerWD -- Location of element-->input
22:37:23.443 INFO  manager.ListenerWD -- Before click element-->inputtext -->
22:37:23.466 INFO  manager.ListenerWD -- After click element-->input
22:37:23.479 INFO  manager.ListenerWD -- sendKeys -->
22:37:23.481 INFO  manager.ListenerWD -- sendKeys -->input
22:37:23.507 INFO  manager.ListenerWD -- sendKeys -->
22:37:23.510 INFO  manager.ListenerWD -- sendKeys -->input
22:37:23.524 INFO  manager.ListenerWD -- sendKeys -->
22:37:23.526 INFO  manager.ListenerWD -- sendKeys -->input
22:37:23.540 INFO  manager.ListenerWD -- Before find element-->By.cssSelector: [placeholder='email']
22:37:23.552 INFO  manager.ListenerWD -- After find element-->By.cssSelector: [placeholder='email']
22:37:23.555 INFO  manager.ListenerWD -- Location of element-->input
22:37:23.561 INFO  manager.ListenerWD -- Before click element-->inputtext -->
22:37:23.592 INFO  manager.ListenerWD -- After click element-->input
22:37:23.608 INFO  manager.ListenerWD -- sendKeys -->
22:37:23.610 INFO  manager.ListenerWD -- sendKeys -->input
22:37:23.623 INFO  manager.ListenerWD -- sendKeys -->
22:37:23.626 INFO  manager.ListenerWD -- sendKeys -->input
22:37:23.640 INFO  manager.ListenerWD -- sendKeys -->
22:37:23.642 INFO  manager.ListenerWD -- sendKeys -->input
22:37:23.657 INFO  manager.ListenerWD -- Before find element-->By.cssSelector: [placeholder='Address']
22:37:23.663 INFO  manager.ListenerWD -- After find element-->By.cssSelector: [placeholder='Address']
22:37:23.666 INFO  manager.ListenerWD -- Location of element-->input
22:37:23.671 INFO  manager.ListenerWD -- Before click element-->inputtext -->
22:37:23.693 INFO  manager.ListenerWD -- After click element-->input
22:37:23.706 INFO  manager.ListenerWD -- sendKeys -->
22:37:23.709 INFO  manager.ListenerWD -- sendKeys -->input
22:37:23.721 INFO  manager.ListenerWD -- sendKeys -->
22:37:23.724 INFO  manager.ListenerWD -- sendKeys -->input
22:37:23.737 INFO  manager.ListenerWD -- sendKeys -->
22:37:23.738 INFO  manager.ListenerWD -- sendKeys -->input
22:37:23.750 INFO  manager.ListenerWD -- Before find element-->By.cssSelector: [placeholder = 'description']
22:37:23.757 INFO  manager.ListenerWD -- After find element-->By.cssSelector: [placeholder = 'description']
22:37:23.758 INFO  manager.ListenerWD -- Location of element-->input
22:37:23.763 INFO  manager.ListenerWD -- Before click element-->inputtext -->
22:37:23.785 INFO  manager.ListenerWD -- After click element-->input
22:37:23.797 INFO  manager.ListenerWD -- sendKeys -->
22:37:23.799 INFO  manager.ListenerWD -- sendKeys -->input
22:37:23.812 INFO  manager.ListenerWD -- sendKeys -->
22:37:23.814 INFO  manager.ListenerWD -- sendKeys -->input
22:37:23.827 INFO  manager.ListenerWD -- sendKeys -->
22:37:23.829 INFO  manager.ListenerWD -- sendKeys -->input
22:37:23.839 INFO  manager.ListenerWD -- Before find element-->By.cssSelector: .add_form__2rsm2>button
22:37:23.846 INFO  manager.ListenerWD -- After find element-->By.cssSelector: .add_form__2rsm2>button
22:37:23.848 INFO  manager.ListenerWD -- Location of element-->button
22:37:23.853 INFO  manager.ListenerWD -- Before click element-->buttontext -->Save
22:37:23.874 INFO  manager.ListenerWD -- After click element-->button
22:37:24.376 INFO  manager.ListenerWD -- Before find element-->By.cssSelector: a[href='/add']
22:37:24.387 INFO  manager.ListenerWD -- After find element-->By.cssSelector: a[href='/add']
22:37:24.389 INFO  manager.ListenerWD -- Location of element-->a
22:37:24.394 INFO  manager.ListenerWD -- Before click element-->atext -->ADD
22:37:24.422 INFO  manager.ListenerWD -- After click element-->a
22:37:24.422 INFO  manager.ListenerWD -- Before find element-->By.cssSelector: [placeholder='Name']
22:37:24.430 INFO  manager.ListenerWD -- After find element-->By.cssSelector: [placeholder='Name']
22:37:24.433 INFO  manager.ListenerWD -- Location of element-->input
22:37:24.440 INFO  manager.ListenerWD -- Before click element-->inputtext -->
22:37:24.464 INFO  manager.ListenerWD -- After click element-->input
22:37:24.477 INFO  manager.ListenerWD -- sendKeys -->
22:37:24.480 INFO  manager.ListenerWD -- sendKeys -->input
22:37:24.493 INFO  manager.ListenerWD -- sendKeys -->
22:37:24.494 INFO  manager.ListenerWD -- sendKeys -->input
22:37:24.506 INFO  manager.ListenerWD -- sendKeys -->
22:37:24.509 INFO  manager.ListenerWD -- sendKeys -->input
22:37:24.519 INFO  manager.ListenerWD -- Before find element-->By.cssSelector: [placeholder='Last Name']
22:37:24.525 INFO  manager.ListenerWD -- After find element-->By.cssSelector: [placeholder='Last Name']
22:37:24.528 INFO  manager.ListenerWD -- Location of element-->input
22:37:24.532 INFO  manager.ListenerWD -- Before click element-->inputtext -->
22:37:24.554 INFO  manager.ListenerWD -- After click element-->input
22:37:24.567 INFO  manager.ListenerWD -- sendKeys -->
22:37:24.569 INFO  manager.ListenerWD -- sendKeys -->input
22:37:24.582 INFO  manager.ListenerWD -- sendKeys -->
22:37:24.583 INFO  manager.ListenerWD -- sendKeys -->input
22:37:24.595 INFO  manager.ListenerWD -- sendKeys -->
22:37:24.597 INFO  manager.ListenerWD -- sendKeys -->input
22:37:24.610 INFO  manager.ListenerWD -- Before find element-->By.cssSelector: [placeholder='Phone']
22:37:24.618 INFO  manager.ListenerWD -- After find element-->By.cssSelector: [placeholder='Phone']
22:37:24.621 INFO  manager.ListenerWD -- Location of element-->input
22:37:24.626 INFO  manager.ListenerWD -- Before click element-->inputtext -->
22:37:24.653 INFO  manager.ListenerWD -- After click element-->input
22:37:24.667 INFO  manager.ListenerWD -- sendKeys -->
22:37:24.669 INFO  manager.ListenerWD -- sendKeys -->input
22:37:24.685 INFO  manager.ListenerWD -- sendKeys -->
22:37:24.687 INFO  manager.ListenerWD -- sendKeys -->input
22:37:24.703 INFO  manager.ListenerWD -- sendKeys -->
22:37:24.705 INFO  manager.ListenerWD -- sendKeys -->input
22:37:24.720 INFO  manager.ListenerWD -- Before find element-->By.cssSelector: [placeholder='email']
22:37:24.727 INFO  manager.ListenerWD -- After find element-->By.cssSelector: [placeholder='email']
22:37:24.730 INFO  manager.ListenerWD -- Location of element-->input
22:37:24.737 INFO  manager.ListenerWD -- Before click element-->inputtext -->
22:37:24.764 INFO  manager.ListenerWD -- After click element-->input
22:37:24.780 INFO  manager.ListenerWD -- sendKeys -->
22:37:24.781 INFO  manager.ListenerWD -- sendKeys -->input
22:37:24.796 INFO  manager.ListenerWD -- sendKeys -->
22:37:24.799 INFO  manager.ListenerWD -- sendKeys -->input
22:37:24.815 INFO  manager.ListenerWD -- sendKeys -->
22:37:24.817 INFO  manager.ListenerWD -- sendKeys -->input
22:37:24.832 INFO  manager.ListenerWD -- Before find element-->By.cssSelector: [placeholder='Address']
22:37:24.840 INFO  manager.ListenerWD -- After find element-->By.cssSelector: [placeholder='Address']
22:37:24.843 INFO  manager.ListenerWD -- Location of element-->input
22:37:24.848 INFO  manager.ListenerWD -- Before click element-->inputtext -->
22:37:24.871 INFO  manager.ListenerWD -- After click element-->input
22:37:24.884 INFO  manager.ListenerWD -- sendKeys -->
22:37:24.886 INFO  manager.ListenerWD -- sendKeys -->input
22:37:24.899 INFO  manager.ListenerWD -- sendKeys -->
22:37:24.901 INFO  manager.ListenerWD -- sendKeys -->input
22:37:24.914 INFO  manager.ListenerWD -- sendKeys -->
22:37:24.916 INFO  manager.ListenerWD -- sendKeys -->input
22:37:24.927 INFO  manager.ListenerWD -- Before find element-->By.cssSelector: [placeholder = 'description']
22:37:24.934 INFO  manager.ListenerWD -- After find element-->By.cssSelector: [placeholder = 'description']
22:37:24.936 INFO  manager.ListenerWD -- Location of element-->input
22:37:24.941 INFO  manager.ListenerWD -- Before click element-->inputtext -->
22:37:24.963 INFO  manager.ListenerWD -- After click element-->input
22:37:24.976 INFO  manager.ListenerWD -- sendKeys -->
22:37:24.978 INFO  manager.ListenerWD -- sendKeys -->input
22:37:24.990 INFO  manager.ListenerWD -- sendKeys -->
22:37:24.992 INFO  manager.ListenerWD -- sendKeys -->input
22:37:25.005 INFO  manager.ListenerWD -- sendKeys -->
22:37:25.007 INFO  manager.ListenerWD -- sendKeys -->input
22:37:25.017 INFO  manager.ListenerWD -- Before find element-->By.cssSelector: .add_form__2rsm2>button
22:37:25.024 INFO  manager.ListenerWD -- After find element-->By.cssSelector: .add_form__2rsm2>button
22:37:25.026 INFO  manager.ListenerWD -- Location of element-->button
22:37:25.030 INFO  manager.ListenerWD -- Before click element-->buttontext -->Save
22:37:25.051 INFO  manager.ListenerWD -- After click element-->button
22:37:25.558 INFO  manager.TestNGListener -- Start test -->removeFirstContact
22:37:25.691 INFO  manager.HelperBase -- Number of Contacts before remove is-->3
22:37:25.691 INFO  manager.ListenerWD -- Before find element-->By.cssSelector: .contact-item_card__2SOIM
22:37:25.700 INFO  manager.ListenerWD -- After find element-->By.cssSelector: .contact-item_card__2SOIM
22:37:25.702 INFO  manager.ListenerWD -- Location of element-->div
22:37:25.708 INFO  manager.ListenerWD -- Before click element-->divtext -->Harry
555667771966
22:37:25.732 INFO  manager.ListenerWD -- After click element-->div
22:37:25.732 INFO  manager.ListenerWD -- Before find element-->By.xpath: //button[text()='Remove']
22:37:25.740 INFO  manager.ListenerWD -- After find element-->By.xpath: //button[text()='Remove']
22:37:25.742 INFO  manager.ListenerWD -- Location of element-->button
22:37:25.746 INFO  manager.ListenerWD -- Before click element-->buttontext -->Remove
22:37:25.767 INFO  manager.ListenerWD -- After click element-->button
22:37:26.790 INFO  manager.HelperBase -- Number of Contacts after remove is-->2
22:37:26.791 INFO  manager.TestNGListener -- Success test -->removeFirstContact
22:37:26.791 INFO  tests.TestBase -- ==============================================
22:37:26.797 INFO  manager.TestNGListener -- Stop testing  on date-->Thu Jun 11 22:37:26 IDT 2026
