09:28:43.179 INFO  manager.ApplicationManager -- All tests runs in Chrome Browser
09:28:43.418 INFO  manager.ListenerWD -- Navigate to -->https://telranedu.web.app/
09:28:44.195 INFO  manager.ApplicationManager -- The link --->https://telranedu.web.app/home
09:28:44.211 INFO  manager.TestNGListener -- Start testing  on date-->Thu Jun 04 09:28:44 IDT 2026
09:28:44.223 INFO  tests.TestBase -- test data---> email: lolik@gmail.com & password: Lolik123!
09:28:49.269 INFO  manager.ListenerWD -- Before find element-->By.cssSelector: a[href='/login']
09:28:49.302 INFO  manager.ListenerWD -- After find element-->By.cssSelector: a[href='/login']
09:28:49.308 INFO  manager.ListenerWD -- Location of element-->a
09:28:49.318 INFO  manager.ListenerWD -- Before click element-->atext -->LOGIN
09:28:49.357 INFO  manager.ListenerWD -- After click element-->a
09:28:49.357 INFO  manager.HelperBase -- Open form by ckick on button with locator a[href='/login']
09:28:49.358 INFO  manager.ListenerWD -- Before find element-->By.name: email
09:28:49.375 INFO  manager.ListenerWD -- After find element-->By.name: email
09:28:49.380 INFO  manager.ListenerWD -- Location of element-->input
09:28:49.388 INFO  manager.ListenerWD -- Before click element-->inputtext -->
09:28:49.423 INFO  manager.ListenerWD -- After click element-->input
09:28:49.443 INFO  manager.ListenerWD -- sendKeys -->
09:28:49.447 INFO  manager.ListenerWD -- sendKeys -->input
09:28:49.469 INFO  manager.ListenerWD -- sendKeys -->
09:28:49.472 INFO  manager.ListenerWD -- sendKeys -->input
09:28:49.485 INFO  manager.ListenerWD -- sendKeys -->
09:28:49.487 INFO  manager.ListenerWD -- sendKeys -->input
09:28:49.502 INFO  manager.ListenerWD -- Before find element-->By.xpath: //input[@placeholder='Password']
09:28:49.512 INFO  manager.ListenerWD -- After find element-->By.xpath: //input[@placeholder='Password']
09:28:49.515 INFO  manager.ListenerWD -- Location of element-->input
09:28:49.521 INFO  manager.ListenerWD -- Before click element-->inputtext -->
09:28:49.550 INFO  manager.ListenerWD -- After click element-->input
09:28:49.564 INFO  manager.ListenerWD -- sendKeys -->
09:28:49.567 INFO  manager.ListenerWD -- sendKeys -->input
09:28:49.581 INFO  manager.ListenerWD -- sendKeys -->
09:28:49.583 INFO  manager.ListenerWD -- sendKeys -->input
09:28:49.601 INFO  manager.ListenerWD -- sendKeys -->
09:28:49.603 INFO  manager.ListenerWD -- sendKeys -->input
09:28:49.616 INFO  manager.ListenerWD -- Before find element-->By.xpath: //button[text()='Login']
09:28:49.627 INFO  manager.ListenerWD -- After find element-->By.xpath: //button[text()='Login']
09:28:49.631 INFO  manager.ListenerWD -- Location of element-->button
09:28:49.638 INFO  manager.ListenerWD -- Before click element-->buttontext -->Login
09:28:49.670 INFO  tests.TestBase -- User logged in successfully
09:28:49.676 INFO  tests.TestBase -- Name of method (test)-->addNewContactEmptyAddress
09:28:49.677 INFO  manager.TestNGListener -- Start test -->addNewContactEmptyAddress
09:28:49.677 INFO  tests.TestBase -- Test data --> name: Tony, lastName:Molly, phone: 343434342323, email: molly@gmail.com, address: , description: empty address
09:28:49.677 INFO  manager.ListenerWD -- Before find element-->By.cssSelector: a[href='/add']
09:28:51.054 INFO  manager.ListenerWD -- After find element-->By.cssSelector: a[href='/add']
09:28:51.059 INFO  manager.ListenerWD -- Location of element-->a
09:28:51.067 INFO  manager.ListenerWD -- Before click element-->atext -->ADD
09:28:51.115 INFO  manager.ListenerWD -- After click element-->a
09:28:51.115 INFO  manager.ListenerWD -- Before find element-->By.cssSelector: [placeholder='Name']
09:28:51.126 INFO  manager.ListenerWD -- After find element-->By.cssSelector: [placeholder='Name']
09:28:51.130 INFO  manager.ListenerWD -- Location of element-->input
09:28:51.136 INFO  manager.ListenerWD -- Before click element-->inputtext -->
09:28:51.164 INFO  manager.ListenerWD -- After click element-->input
09:28:51.177 INFO  manager.ListenerWD -- sendKeys -->
09:28:51.180 INFO  manager.ListenerWD -- sendKeys -->input
09:28:51.196 INFO  manager.ListenerWD -- sendKeys -->
09:28:51.199 INFO  manager.ListenerWD -- sendKeys -->input
09:28:51.216 INFO  manager.ListenerWD -- sendKeys -->
09:28:51.219 INFO  manager.ListenerWD -- sendKeys -->input
09:28:51.230 INFO  manager.ListenerWD -- Before find element-->By.cssSelector: [placeholder='Last Name']
09:28:51.240 INFO  manager.ListenerWD -- After find element-->By.cssSelector: [placeholder='Last Name']
09:28:51.245 INFO  manager.ListenerWD -- Location of element-->input
09:28:51.251 INFO  manager.ListenerWD -- Before click element-->inputtext -->
09:28:51.278 INFO  manager.ListenerWD -- After click element-->input
09:28:51.291 INFO  manager.ListenerWD -- sendKeys -->
09:28:51.293 INFO  manager.ListenerWD -- sendKeys -->input
09:28:51.307 INFO  manager.ListenerWD -- sendKeys -->
09:28:51.311 INFO  manager.ListenerWD -- sendKeys -->input
09:28:51.326 INFO  manager.ListenerWD -- sendKeys -->
09:28:51.328 INFO  manager.ListenerWD -- sendKeys -->input
09:28:51.339 INFO  manager.ListenerWD -- Before find element-->By.cssSelector: [placeholder='Phone']
09:28:51.350 INFO  manager.ListenerWD -- After find element-->By.cssSelector: [placeholder='Phone']
09:28:51.353 INFO  manager.ListenerWD -- Location of element-->input
09:28:51.360 INFO  manager.ListenerWD -- Before click element-->inputtext -->
09:28:51.384 INFO  manager.ListenerWD -- After click element-->input
09:28:51.398 INFO  manager.ListenerWD -- sendKeys -->
09:28:51.401 INFO  manager.ListenerWD -- sendKeys -->input
09:28:51.415 INFO  manager.ListenerWD -- sendKeys -->
09:28:51.417 INFO  manager.ListenerWD -- sendKeys -->input
09:28:51.433 INFO  manager.ListenerWD -- sendKeys -->
09:28:51.437 INFO  manager.ListenerWD -- sendKeys -->input
09:28:51.449 INFO  manager.ListenerWD -- Before find element-->By.cssSelector: [placeholder='email']
09:28:51.459 INFO  manager.ListenerWD -- After find element-->By.cssSelector: [placeholder='email']
09:28:51.463 INFO  manager.ListenerWD -- Location of element-->input
09:28:51.470 INFO  manager.ListenerWD -- Before click element-->inputtext -->
09:28:51.497 INFO  manager.ListenerWD -- After click element-->input
09:28:51.512 INFO  manager.ListenerWD -- sendKeys -->
09:28:51.514 INFO  manager.ListenerWD -- sendKeys -->input
09:28:51.530 INFO  manager.ListenerWD -- sendKeys -->
09:28:51.533 INFO  manager.ListenerWD -- sendKeys -->input
09:28:51.548 INFO  manager.ListenerWD -- sendKeys -->
09:28:51.550 INFO  manager.ListenerWD -- sendKeys -->input
09:28:51.565 INFO  manager.ListenerWD -- Before find element-->By.cssSelector: [placeholder='Address']
09:28:51.575 INFO  manager.ListenerWD -- After find element-->By.cssSelector: [placeholder='Address']
09:28:51.578 INFO  manager.ListenerWD -- Location of element-->input
09:28:51.585 INFO  manager.ListenerWD -- Before click element-->inputtext -->
09:28:51.613 INFO  manager.ListenerWD -- After click element-->input
09:28:51.627 INFO  manager.ListenerWD -- sendKeys -->
09:28:51.629 INFO  manager.ListenerWD -- sendKeys -->input
09:28:51.642 INFO  manager.ListenerWD -- sendKeys -->
09:28:51.644 INFO  manager.ListenerWD -- sendKeys -->input
09:28:51.658 INFO  manager.ListenerWD -- sendKeys -->
09:28:51.660 INFO  manager.ListenerWD -- sendKeys -->input
09:28:51.668 INFO  manager.ListenerWD -- Before find element-->By.cssSelector: [placeholder = 'description']
09:28:51.676 INFO  manager.ListenerWD -- After find element-->By.cssSelector: [placeholder = 'description']
09:28:51.679 INFO  manager.ListenerWD -- Location of element-->input
09:28:51.684 INFO  manager.ListenerWD -- Before click element-->inputtext -->
09:28:51.710 INFO  manager.ListenerWD -- After click element-->input
09:28:51.723 INFO  manager.ListenerWD -- sendKeys -->
09:28:51.725 INFO  manager.ListenerWD -- sendKeys -->input
09:28:51.738 INFO  manager.ListenerWD -- sendKeys -->
09:28:51.739 INFO  manager.ListenerWD -- sendKeys -->input
09:28:51.756 INFO  manager.ListenerWD -- sendKeys -->
09:28:51.758 INFO  manager.ListenerWD -- sendKeys -->input
09:28:51.769 INFO  manager.ListenerWD -- Before find element-->By.cssSelector: .add_form__2rsm2>button
09:28:51.779 INFO  manager.ListenerWD -- After find element-->By.cssSelector: .add_form__2rsm2>button
09:28:51.781 INFO  manager.ListenerWD -- Location of element-->button
09:28:51.786 INFO  manager.ListenerWD -- Before click element-->buttontext -->Save
09:28:51.810 INFO  manager.ListenerWD -- After click element-->button
09:28:51.821 INFO  tests.TestBase -- Assert check Add button is active
09:28:51.822 INFO  manager.TestNGListener -- Success test -->addNewContactEmptyAddress
09:28:51.823 INFO  tests.TestBase -- ==============================================
09:28:51.823 INFO  tests.TestBase -- Name of method (test)-->addNewContactEmptyLastName
09:28:51.824 INFO  manager.TestNGListener -- Start test -->addNewContactEmptyLastName
09:28:51.824 INFO  tests.TestBase -- Test data --> name: Tony , lastName:, phone: 343434342323,email: molly@gmail.com, address: Haifa, description: empty last name
09:28:51.824 INFO  manager.ListenerWD -- Before find element-->By.cssSelector: a[href='/add']
09:28:51.831 INFO  manager.ListenerWD -- After find element-->By.cssSelector: a[href='/add']
09:28:51.834 INFO  manager.ListenerWD -- Location of element-->a
09:28:51.839 INFO  manager.ListenerWD -- Before click element-->atext -->ADD
09:28:51.866 INFO  manager.ListenerWD -- After click element-->a
09:28:51.866 INFO  manager.ListenerWD -- Before find element-->By.cssSelector: [placeholder='Name']
09:28:51.873 INFO  manager.ListenerWD -- After find element-->By.cssSelector: [placeholder='Name']
09:28:51.876 INFO  manager.ListenerWD -- Location of element-->input
09:28:51.881 INFO  manager.ListenerWD -- Before click element-->inputtext -->
09:28:51.903 INFO  manager.ListenerWD -- After click element-->input
09:28:51.921 INFO  manager.ListenerWD -- sendKeys -->
09:28:51.923 INFO  manager.ListenerWD -- sendKeys -->input
09:28:51.946 INFO  manager.ListenerWD -- sendKeys -->
09:28:51.949 INFO  manager.ListenerWD -- sendKeys -->input
09:28:51.964 INFO  manager.ListenerWD -- sendKeys -->
09:28:51.966 INFO  manager.ListenerWD -- sendKeys -->input
09:28:51.976 INFO  manager.ListenerWD -- Before find element-->By.cssSelector: [placeholder='Last Name']
09:28:51.984 INFO  manager.ListenerWD -- After find element-->By.cssSelector: [placeholder='Last Name']
09:28:51.987 INFO  manager.ListenerWD -- Location of element-->input
09:28:51.992 INFO  manager.ListenerWD -- Before click element-->inputtext -->
09:28:52.016 INFO  manager.ListenerWD -- After click element-->input
09:28:52.030 INFO  manager.ListenerWD -- sendKeys -->
09:28:52.034 INFO  manager.ListenerWD -- sendKeys -->input
09:28:52.054 INFO  manager.ListenerWD -- sendKeys -->
09:28:52.056 INFO  manager.ListenerWD -- sendKeys -->input
09:28:52.070 INFO  manager.ListenerWD -- sendKeys -->
09:28:52.072 INFO  manager.ListenerWD -- sendKeys -->input
09:28:52.083 INFO  manager.ListenerWD -- Before find element-->By.cssSelector: [placeholder='Phone']
09:28:52.090 INFO  manager.ListenerWD -- After find element-->By.cssSelector: [placeholder='Phone']
09:28:52.093 INFO  manager.ListenerWD -- Location of element-->input
09:28:52.098 INFO  manager.ListenerWD -- Before click element-->inputtext -->
09:28:52.121 INFO  manager.ListenerWD -- After click element-->input
09:28:52.133 INFO  manager.ListenerWD -- sendKeys -->
09:28:52.137 INFO  manager.ListenerWD -- sendKeys -->input
09:28:52.156 INFO  manager.ListenerWD -- sendKeys -->
09:28:52.158 INFO  manager.ListenerWD -- sendKeys -->input
09:28:52.172 INFO  manager.ListenerWD -- sendKeys -->
09:28:52.174 INFO  manager.ListenerWD -- sendKeys -->input
09:28:52.185 INFO  manager.ListenerWD -- Before find element-->By.cssSelector: [placeholder='email']
09:28:52.192 INFO  manager.ListenerWD -- After find element-->By.cssSelector: [placeholder='email']
09:28:52.197 INFO  manager.ListenerWD -- Location of element-->input
09:28:52.203 INFO  manager.ListenerWD -- Before click element-->inputtext -->
09:28:52.228 INFO  manager.ListenerWD -- After click element-->input
09:28:52.242 INFO  manager.ListenerWD -- sendKeys -->
09:28:52.247 INFO  manager.ListenerWD -- sendKeys -->input
09:28:52.268 INFO  manager.ListenerWD -- sendKeys -->
09:28:52.270 INFO  manager.ListenerWD -- sendKeys -->input
09:28:52.283 INFO  manager.ListenerWD -- sendKeys -->
09:28:52.286 INFO  manager.ListenerWD -- sendKeys -->input
09:28:52.299 INFO  manager.ListenerWD -- Before find element-->By.cssSelector: [placeholder='Address']
09:28:52.305 INFO  manager.ListenerWD -- After find element-->By.cssSelector: [placeholder='Address']
09:28:52.307 INFO  manager.ListenerWD -- Location of element-->input
09:28:52.312 INFO  manager.ListenerWD -- Before click element-->inputtext -->
09:28:52.338 INFO  manager.ListenerWD -- After click element-->input
09:28:52.351 INFO  manager.ListenerWD -- sendKeys -->
09:28:52.353 INFO  manager.ListenerWD -- sendKeys -->input
09:28:52.366 INFO  manager.ListenerWD -- sendKeys -->
09:28:52.368 INFO  manager.ListenerWD -- sendKeys -->input
09:28:52.382 INFO  manager.ListenerWD -- sendKeys -->
09:28:52.385 INFO  manager.ListenerWD -- sendKeys -->input
09:28:52.396 INFO  manager.ListenerWD -- Before find element-->By.cssSelector: [placeholder = 'description']
09:28:52.401 INFO  manager.ListenerWD -- After find element-->By.cssSelector: [placeholder = 'description']
09:28:52.404 INFO  manager.ListenerWD -- Location of element-->input
09:28:52.410 INFO  manager.ListenerWD -- Before click element-->inputtext -->
09:28:52.435 INFO  manager.ListenerWD -- After click element-->input
09:28:52.449 INFO  manager.ListenerWD -- sendKeys -->
09:28:52.452 INFO  manager.ListenerWD -- sendKeys -->input
09:28:52.473 INFO  manager.ListenerWD -- sendKeys -->
09:28:52.476 INFO  manager.ListenerWD -- sendKeys -->input
09:28:52.492 INFO  manager.ListenerWD -- sendKeys -->
09:28:52.494 INFO  manager.ListenerWD -- sendKeys -->input
09:28:52.507 INFO  manager.ListenerWD -- Before find element-->By.cssSelector: .add_form__2rsm2>button
09:28:52.515 INFO  manager.ListenerWD -- After find element-->By.cssSelector: .add_form__2rsm2>button
09:28:52.517 INFO  manager.ListenerWD -- Location of element-->button
09:28:52.522 INFO  manager.ListenerWD -- Before click element-->buttontext -->Save
09:28:52.542 INFO  manager.ListenerWD -- After click element-->button
09:28:52.548 INFO  tests.TestBase -- Assert check Add button is active
09:28:52.548 INFO  manager.TestNGListener -- Success test -->addNewContactEmptyLastName
09:28:52.548 INFO  tests.TestBase -- ==============================================
09:28:52.549 INFO  tests.TestBase -- Name of method (test)-->addNewContactEmptyName
09:28:52.549 INFO  manager.TestNGListener -- Start test -->addNewContactEmptyName
09:28:52.549 INFO  tests.TestBase -- Test data --> name: , lastName:Molly, phone: 343434342323,email: molly@gmail.com, address: Haifa, description: empty name
09:28:52.549 INFO  manager.ListenerWD -- Before find element-->By.cssSelector: a[href='/add']
09:28:52.556 INFO  manager.ListenerWD -- After find element-->By.cssSelector: a[href='/add']
09:28:52.559 INFO  manager.ListenerWD -- Location of element-->a
09:28:52.564 INFO  manager.ListenerWD -- Before click element-->atext -->ADD
09:28:52.589 INFO  manager.ListenerWD -- After click element-->a
09:28:52.589 INFO  manager.ListenerWD -- Before find element-->By.cssSelector: [placeholder='Name']
09:28:52.595 INFO  manager.ListenerWD -- After find element-->By.cssSelector: [placeholder='Name']
09:28:52.597 INFO  manager.ListenerWD -- Location of element-->input
09:28:52.603 INFO  manager.ListenerWD -- Before click element-->inputtext -->
09:28:52.627 INFO  manager.ListenerWD -- After click element-->input
09:28:52.642 INFO  manager.ListenerWD -- sendKeys -->
09:28:52.644 INFO  manager.ListenerWD -- sendKeys -->input
09:28:52.665 INFO  manager.ListenerWD -- sendKeys -->
09:28:52.668 INFO  manager.ListenerWD -- sendKeys -->input
09:28:52.684 INFO  manager.ListenerWD -- sendKeys -->
09:28:52.686 INFO  manager.ListenerWD -- sendKeys -->input
09:28:52.695 INFO  manager.ListenerWD -- Before find element-->By.cssSelector: [placeholder='Last Name']
09:28:52.701 INFO  manager.ListenerWD -- After find element-->By.cssSelector: [placeholder='Last Name']
09:28:52.703 INFO  manager.ListenerWD -- Location of element-->input
09:28:52.710 INFO  manager.ListenerWD -- Before click element-->inputtext -->
09:28:52.735 INFO  manager.ListenerWD -- After click element-->input
09:28:52.749 INFO  manager.ListenerWD -- sendKeys -->
09:28:52.751 INFO  manager.ListenerWD -- sendKeys -->input
09:28:52.765 INFO  manager.ListenerWD -- sendKeys -->
09:28:52.767 INFO  manager.ListenerWD -- sendKeys -->input
09:28:52.781 INFO  manager.ListenerWD -- sendKeys -->
09:28:52.784 INFO  manager.ListenerWD -- sendKeys -->input
09:28:52.796 INFO  manager.ListenerWD -- Before find element-->By.cssSelector: [placeholder='Phone']
09:28:52.805 INFO  manager.ListenerWD -- After find element-->By.cssSelector: [placeholder='Phone']
09:28:52.808 INFO  manager.ListenerWD -- Location of element-->input
09:28:52.815 INFO  manager.ListenerWD -- Before click element-->inputtext -->
09:28:52.847 INFO  manager.ListenerWD -- After click element-->input
09:28:52.867 INFO  manager.ListenerWD -- sendKeys -->
09:28:52.870 INFO  manager.ListenerWD -- sendKeys -->input
09:28:52.893 INFO  manager.ListenerWD -- sendKeys -->
09:28:52.896 INFO  manager.ListenerWD -- sendKeys -->input
09:28:52.914 INFO  manager.ListenerWD -- sendKeys -->
09:28:52.917 INFO  manager.ListenerWD -- sendKeys -->input
09:28:52.933 INFO  manager.ListenerWD -- Before find element-->By.cssSelector: [placeholder='email']
09:28:52.942 INFO  manager.ListenerWD -- After find element-->By.cssSelector: [placeholder='email']
09:28:52.946 INFO  manager.ListenerWD -- Location of element-->input
09:28:52.958 INFO  manager.ListenerWD -- Before click element-->inputtext -->
09:28:53.002 INFO  manager.ListenerWD -- After click element-->input
09:28:53.023 INFO  manager.ListenerWD -- sendKeys -->
09:28:53.026 INFO  manager.ListenerWD -- sendKeys -->input
09:28:53.052 INFO  manager.ListenerWD -- sendKeys -->
09:28:53.055 INFO  manager.ListenerWD -- sendKeys -->input
09:28:53.072 INFO  manager.ListenerWD -- sendKeys -->
09:28:53.075 INFO  manager.ListenerWD -- sendKeys -->input
09:28:53.090 INFO  manager.ListenerWD -- Before find element-->By.cssSelector: [placeholder='Address']
09:28:53.100 INFO  manager.ListenerWD -- After find element-->By.cssSelector: [placeholder='Address']
09:28:53.104 INFO  manager.ListenerWD -- Location of element-->input
09:28:53.111 INFO  manager.ListenerWD -- Before click element-->inputtext -->
09:28:53.141 INFO  manager.ListenerWD -- After click element-->input
09:28:53.161 INFO  manager.ListenerWD -- sendKeys -->
09:28:53.164 INFO  manager.ListenerWD -- sendKeys -->input
09:28:53.189 INFO  manager.ListenerWD -- sendKeys -->
09:28:53.192 INFO  manager.ListenerWD -- sendKeys -->input
09:28:53.212 INFO  manager.ListenerWD -- sendKeys -->
09:28:53.215 INFO  manager.ListenerWD -- sendKeys -->input
09:28:53.228 INFO  manager.ListenerWD -- Before find element-->By.cssSelector: [placeholder = 'description']
09:28:53.237 INFO  manager.ListenerWD -- After find element-->By.cssSelector: [placeholder = 'description']
09:28:53.240 INFO  manager.ListenerWD -- Location of element-->input
09:28:53.247 INFO  manager.ListenerWD -- Before click element-->inputtext -->
09:28:53.273 INFO  manager.ListenerWD -- After click element-->input
09:28:53.291 INFO  manager.ListenerWD -- sendKeys -->
09:28:53.294 INFO  manager.ListenerWD -- sendKeys -->input
09:28:53.318 INFO  manager.ListenerWD -- sendKeys -->
09:28:53.320 INFO  manager.ListenerWD -- sendKeys -->input
09:28:53.337 INFO  manager.ListenerWD -- sendKeys -->
09:28:53.339 INFO  manager.ListenerWD -- sendKeys -->input
09:28:53.352 INFO  manager.ListenerWD -- Before find element-->By.cssSelector: .add_form__2rsm2>button
09:28:53.361 INFO  manager.ListenerWD -- After find element-->By.cssSelector: .add_form__2rsm2>button
09:28:53.364 INFO  manager.ListenerWD -- Location of element-->button
09:28:53.372 INFO  manager.ListenerWD -- Before click element-->buttontext -->Save
09:28:53.398 INFO  manager.ListenerWD -- After click element-->button
09:28:53.410 INFO  tests.TestBase -- Assert check Add button is active
09:28:53.410 INFO  manager.TestNGListener -- Success test -->addNewContactEmptyName
09:28:53.411 INFO  tests.TestBase -- ==============================================
09:28:53.417 INFO  tests.TestBase -- Name of method (test)-->addNewContactSuccessAllFields
09:28:53.417 INFO  manager.TestNGListener -- Start test -->addNewContactSuccessAllFields
09:28:53.421 INFO  manager.ListenerWD -- Before find element-->By.cssSelector: a[href='/add']
09:28:53.430 INFO  manager.ListenerWD -- After find element-->By.cssSelector: a[href='/add']
09:28:53.434 INFO  manager.ListenerWD -- Location of element-->a
09:28:53.441 INFO  manager.ListenerWD -- Before click element-->atext -->ADD
09:28:53.470 INFO  manager.ListenerWD -- After click element-->a
09:28:53.470 INFO  manager.ListenerWD -- Before find element-->By.cssSelector: [placeholder='Name']
09:28:53.479 INFO  manager.ListenerWD -- After find element-->By.cssSelector: [placeholder='Name']
09:28:53.482 INFO  manager.ListenerWD -- Location of element-->input
09:28:53.489 INFO  manager.ListenerWD -- Before click element-->inputtext -->
09:28:53.516 INFO  manager.ListenerWD -- After click element-->input
09:28:53.531 INFO  manager.ListenerWD -- sendKeys -->
09:28:53.533 INFO  manager.ListenerWD -- sendKeys -->input
09:28:53.550 INFO  manager.ListenerWD -- sendKeys -->
09:28:53.552 INFO  manager.ListenerWD -- sendKeys -->input
09:28:53.569 INFO  manager.ListenerWD -- sendKeys -->
09:28:53.572 INFO  manager.ListenerWD -- sendKeys -->input
09:28:53.583 INFO  manager.ListenerWD -- Before find element-->By.cssSelector: [placeholder='Last Name']
09:28:53.591 INFO  manager.ListenerWD -- After find element-->By.cssSelector: [placeholder='Last Name']
09:28:53.594 INFO  manager.ListenerWD -- Location of element-->input
09:28:53.600 INFO  manager.ListenerWD -- Before click element-->inputtext -->
09:28:53.627 INFO  manager.ListenerWD -- After click element-->input
09:28:53.643 INFO  manager.ListenerWD -- sendKeys -->
09:28:53.645 INFO  manager.ListenerWD -- sendKeys -->input
09:28:53.670 INFO  manager.ListenerWD -- sendKeys -->
09:28:53.672 INFO  manager.ListenerWD -- sendKeys -->input
09:28:53.688 INFO  manager.ListenerWD -- sendKeys -->
09:28:53.690 INFO  manager.ListenerWD -- sendKeys -->input
09:28:53.703 INFO  manager.ListenerWD -- Before find element-->By.cssSelector: [placeholder='Phone']
09:28:53.711 INFO  manager.ListenerWD -- After find element-->By.cssSelector: [placeholder='Phone']
09:28:53.714 INFO  manager.ListenerWD -- Location of element-->input
09:28:53.720 INFO  manager.ListenerWD -- Before click element-->inputtext -->
09:28:53.745 INFO  manager.ListenerWD -- After click element-->input
09:28:53.762 INFO  manager.ListenerWD -- sendKeys -->
09:28:53.764 INFO  manager.ListenerWD -- sendKeys -->input
09:28:53.789 INFO  manager.ListenerWD -- sendKeys -->
09:28:53.792 INFO  manager.ListenerWD -- sendKeys -->input
09:28:53.808 INFO  manager.ListenerWD -- sendKeys -->
09:28:53.810 INFO  manager.ListenerWD -- sendKeys -->input
09:28:53.823 INFO  manager.ListenerWD -- Before find element-->By.cssSelector: [placeholder='email']
09:28:53.832 INFO  manager.ListenerWD -- After find element-->By.cssSelector: [placeholder='email']
09:28:53.835 INFO  manager.ListenerWD -- Location of element-->input
09:28:53.841 INFO  manager.ListenerWD -- Before click element-->inputtext -->
09:28:53.867 INFO  manager.ListenerWD -- After click element-->input
09:28:53.885 INFO  manager.ListenerWD -- sendKeys -->
09:28:53.888 INFO  manager.ListenerWD -- sendKeys -->input
09:28:53.911 INFO  manager.ListenerWD -- sendKeys -->
09:28:53.913 INFO  manager.ListenerWD -- sendKeys -->input
09:28:53.931 INFO  manager.ListenerWD -- sendKeys -->
09:28:53.933 INFO  manager.ListenerWD -- sendKeys -->input
09:28:53.948 INFO  manager.ListenerWD -- Before find element-->By.cssSelector: [placeholder='Address']
09:28:53.956 INFO  manager.ListenerWD -- After find element-->By.cssSelector: [placeholder='Address']
09:28:53.958 INFO  manager.ListenerWD -- Location of element-->input
09:28:53.964 INFO  manager.ListenerWD -- Before click element-->inputtext -->
09:28:53.991 INFO  manager.ListenerWD -- After click element-->input
09:28:54.007 INFO  manager.ListenerWD -- sendKeys -->
09:28:54.010 INFO  manager.ListenerWD -- sendKeys -->input
09:28:54.034 INFO  manager.ListenerWD -- sendKeys -->
09:28:54.036 INFO  manager.ListenerWD -- sendKeys -->input
09:28:54.054 INFO  manager.ListenerWD -- sendKeys -->
09:28:54.056 INFO  manager.ListenerWD -- sendKeys -->input
09:28:54.068 INFO  manager.ListenerWD -- Before find element-->By.cssSelector: [placeholder = 'description']
09:28:54.076 INFO  manager.ListenerWD -- After find element-->By.cssSelector: [placeholder = 'description']
09:28:54.079 INFO  manager.ListenerWD -- Location of element-->input
09:28:54.084 INFO  manager.ListenerWD -- Before click element-->inputtext -->
09:28:54.112 INFO  manager.ListenerWD -- After click element-->input
09:28:54.130 INFO  manager.ListenerWD -- sendKeys -->
09:28:54.132 INFO  manager.ListenerWD -- sendKeys -->input
09:28:54.158 INFO  manager.ListenerWD -- sendKeys -->
09:28:54.160 INFO  manager.ListenerWD -- sendKeys -->input
09:28:54.176 INFO  manager.ListenerWD -- sendKeys -->
09:28:54.179 INFO  manager.ListenerWD -- sendKeys -->input
09:28:54.414 INFO  manager.ListenerWD -- Before find element-->By.cssSelector: .add_form__2rsm2>button
09:28:54.425 INFO  manager.ListenerWD -- After find element-->By.cssSelector: .add_form__2rsm2>button
09:28:54.428 INFO  manager.ListenerWD -- Location of element-->button
09:28:54.436 INFO  manager.ListenerWD -- Before click element-->buttontext -->Save
09:28:54.464 INFO  manager.ListenerWD -- After click element-->button
09:28:54.893 INFO  tests.TestBase -- Assert check is add contact by name
09:28:54.925 INFO  tests.TestBase -- Assert check is add contact by phone
09:28:54.925 INFO  manager.TestNGListener -- Success test -->addNewContactSuccessAllFields
09:28:54.926 INFO  tests.TestBase -- ==============================================
09:28:54.926 INFO  tests.TestBase -- Name of method (test)-->addNewContactSuccessAllFields
09:28:54.927 INFO  manager.TestNGListener -- Start test -->addNewContactSuccessAllFields
09:28:54.927 INFO  manager.ListenerWD -- Before find element-->By.cssSelector: a[href='/add']
09:28:54.935 INFO  manager.ListenerWD -- After find element-->By.cssSelector: a[href='/add']
09:28:54.938 INFO  manager.ListenerWD -- Location of element-->a
09:28:54.944 INFO  manager.ListenerWD -- Before click element-->atext -->ADD
09:28:54.973 INFO  manager.ListenerWD -- After click element-->a
09:28:54.973 INFO  manager.ListenerWD -- Before find element-->By.cssSelector: [placeholder='Name']
09:28:54.982 INFO  manager.ListenerWD -- After find element-->By.cssSelector: [placeholder='Name']
09:28:54.985 INFO  manager.ListenerWD -- Location of element-->input
09:28:54.992 INFO  manager.ListenerWD -- Before click element-->inputtext -->
09:28:55.022 INFO  manager.ListenerWD -- After click element-->input
09:28:55.038 INFO  manager.ListenerWD -- sendKeys -->
09:28:55.040 INFO  manager.ListenerWD -- sendKeys -->input
09:28:55.058 INFO  manager.ListenerWD -- sendKeys -->
09:28:55.060 INFO  manager.ListenerWD -- sendKeys -->input
09:28:55.077 INFO  manager.ListenerWD -- sendKeys -->
09:28:55.079 INFO  manager.ListenerWD -- sendKeys -->input
09:28:55.091 INFO  manager.ListenerWD -- Before find element-->By.cssSelector: [placeholder='Last Name']
09:28:55.099 INFO  manager.ListenerWD -- After find element-->By.cssSelector: [placeholder='Last Name']
09:28:55.101 INFO  manager.ListenerWD -- Location of element-->input
09:28:55.107 INFO  manager.ListenerWD -- Before click element-->inputtext -->
09:28:55.135 INFO  manager.ListenerWD -- After click element-->input
09:28:55.151 INFO  manager.ListenerWD -- sendKeys -->
09:28:55.153 INFO  manager.ListenerWD -- sendKeys -->input
09:28:55.170 INFO  manager.ListenerWD -- sendKeys -->
09:28:55.172 INFO  manager.ListenerWD -- sendKeys -->input
09:28:55.187 INFO  manager.ListenerWD -- sendKeys -->
09:28:55.190 INFO  manager.ListenerWD -- sendKeys -->input
09:28:55.202 INFO  manager.ListenerWD -- Before find element-->By.cssSelector: [placeholder='Phone']
09:28:55.210 INFO  manager.ListenerWD -- After find element-->By.cssSelector: [placeholder='Phone']
09:28:55.213 INFO  manager.ListenerWD -- Location of element-->input
09:28:55.219 INFO  manager.ListenerWD -- Before click element-->inputtext -->
09:28:55.247 INFO  manager.ListenerWD -- After click element-->input
09:28:55.263 INFO  manager.ListenerWD -- sendKeys -->
09:28:55.265 INFO  manager.ListenerWD -- sendKeys -->input
09:28:55.280 INFO  manager.ListenerWD -- sendKeys -->
09:28:55.283 INFO  manager.ListenerWD -- sendKeys -->input
09:28:55.300 INFO  manager.ListenerWD -- sendKeys -->
09:28:55.302 INFO  manager.ListenerWD -- sendKeys -->input
09:28:55.315 INFO  manager.ListenerWD -- Before find element-->By.cssSelector: [placeholder='email']
09:28:55.324 INFO  manager.ListenerWD -- After find element-->By.cssSelector: [placeholder='email']
09:28:55.328 INFO  manager.ListenerWD -- Location of element-->input
09:28:55.334 INFO  manager.ListenerWD -- Before click element-->inputtext -->
09:28:55.363 INFO  manager.ListenerWD -- After click element-->input
09:28:55.379 INFO  manager.ListenerWD -- sendKeys -->
09:28:55.382 INFO  manager.ListenerWD -- sendKeys -->input
09:28:55.398 INFO  manager.ListenerWD -- sendKeys -->
09:28:55.401 INFO  manager.ListenerWD -- sendKeys -->input
09:28:55.417 INFO  manager.ListenerWD -- sendKeys -->
09:28:55.420 INFO  manager.ListenerWD -- sendKeys -->input
09:28:55.435 INFO  manager.ListenerWD -- Before find element-->By.cssSelector: [placeholder='Address']
09:28:55.445 INFO  manager.ListenerWD -- After find element-->By.cssSelector: [placeholder='Address']
09:28:55.447 INFO  manager.ListenerWD -- Location of element-->input
09:28:55.453 INFO  manager.ListenerWD -- Before click element-->inputtext -->
09:28:55.482 INFO  manager.ListenerWD -- After click element-->input
09:28:55.497 INFO  manager.ListenerWD -- sendKeys -->
09:28:55.499 INFO  manager.ListenerWD -- sendKeys -->input
09:28:55.518 INFO  manager.ListenerWD -- sendKeys -->
09:28:55.520 INFO  manager.ListenerWD -- sendKeys -->input
09:28:55.536 INFO  manager.ListenerWD -- sendKeys -->
09:28:55.538 INFO  manager.ListenerWD -- sendKeys -->input
09:28:55.552 INFO  manager.ListenerWD -- Before find element-->By.cssSelector: [placeholder = 'description']
09:28:55.560 INFO  manager.ListenerWD -- After find element-->By.cssSelector: [placeholder = 'description']
09:28:55.563 INFO  manager.ListenerWD -- Location of element-->input
09:28:55.569 INFO  manager.ListenerWD -- Before click element-->inputtext -->
09:28:55.596 INFO  manager.ListenerWD -- After click element-->input
09:28:55.612 INFO  manager.ListenerWD -- sendKeys -->
09:28:55.614 INFO  manager.ListenerWD -- sendKeys -->input
09:28:55.628 INFO  manager.ListenerWD -- sendKeys -->
09:28:55.630 INFO  manager.ListenerWD -- sendKeys -->input
09:28:55.813 INFO  manager.ListenerWD -- Before find element-->By.cssSelector: .add_form__2rsm2>button
09:28:55.825 INFO  manager.ListenerWD -- After find element-->By.cssSelector: .add_form__2rsm2>button
09:28:55.828 INFO  manager.ListenerWD -- Location of element-->button
09:28:55.836 INFO  manager.ListenerWD -- Before click element-->buttontext -->Save
09:28:55.863 INFO  manager.ListenerWD -- After click element-->button
09:28:56.336 INFO  tests.TestBase -- Assert check is add contact by name
09:28:56.375 INFO  tests.TestBase -- Assert check is add contact by phone
09:28:56.375 INFO  manager.TestNGListener -- Success test -->addNewContactSuccessAllFields
09:28:56.375 INFO  tests.TestBase -- ==============================================
09:28:56.377 INFO  tests.TestBase -- Name of method (test)-->addNewContactSuccessAllFieldsCSV
09:28:56.377 INFO  manager.TestNGListener -- Start test -->addNewContactSuccessAllFieldsCSV
09:28:56.377 INFO  manager.ListenerWD -- Before find element-->By.cssSelector: a[href='/add']
09:28:56.386 INFO  manager.ListenerWD -- After find element-->By.cssSelector: a[href='/add']
09:28:56.389 INFO  manager.ListenerWD -- Location of element-->a
09:28:56.396 INFO  manager.ListenerWD -- Before click element-->atext -->ADD
09:28:56.424 INFO  manager.ListenerWD -- After click element-->a
09:28:56.424 INFO  manager.ListenerWD -- Before find element-->By.cssSelector: [placeholder='Name']
09:28:56.434 INFO  manager.ListenerWD -- After find element-->By.cssSelector: [placeholder='Name']
09:28:56.439 INFO  manager.ListenerWD -- Location of element-->input
09:28:56.446 INFO  manager.ListenerWD -- Before click element-->inputtext -->
09:28:56.475 INFO  manager.ListenerWD -- After click element-->input
09:28:56.491 INFO  manager.ListenerWD -- sendKeys -->
09:28:56.493 INFO  manager.ListenerWD -- sendKeys -->input
09:28:56.510 INFO  manager.ListenerWD -- sendKeys -->
09:28:56.513 INFO  manager.ListenerWD -- sendKeys -->input
09:28:56.530 INFO  manager.ListenerWD -- sendKeys -->
09:28:56.532 INFO  manager.ListenerWD -- sendKeys -->input
09:28:56.543 INFO  manager.ListenerWD -- Before find element-->By.cssSelector: [placeholder='Last Name']
09:28:56.551 INFO  manager.ListenerWD -- After find element-->By.cssSelector: [placeholder='Last Name']
09:28:56.554 INFO  manager.ListenerWD -- Location of element-->input
09:28:56.559 INFO  manager.ListenerWD -- Before click element-->inputtext -->
09:28:56.588 INFO  manager.ListenerWD -- After click element-->input
09:28:56.604 INFO  manager.ListenerWD -- sendKeys -->
09:28:56.607 INFO  manager.ListenerWD -- sendKeys -->input
09:28:56.624 INFO  manager.ListenerWD -- sendKeys -->
09:28:56.627 INFO  manager.ListenerWD -- sendKeys -->input
09:28:56.644 INFO  manager.ListenerWD -- sendKeys -->
09:28:56.646 INFO  manager.ListenerWD -- sendKeys -->input
09:28:56.660 INFO  manager.ListenerWD -- Before find element-->By.cssSelector: [placeholder='Phone']
09:28:56.669 INFO  manager.ListenerWD -- After find element-->By.cssSelector: [placeholder='Phone']
09:28:56.673 INFO  manager.ListenerWD -- Location of element-->input
09:28:56.679 INFO  manager.ListenerWD -- Before click element-->inputtext -->
09:28:56.708 INFO  manager.ListenerWD -- After click element-->input
09:28:56.723 INFO  manager.ListenerWD -- sendKeys -->
09:28:56.725 INFO  manager.ListenerWD -- sendKeys -->input
09:28:56.742 INFO  manager.ListenerWD -- sendKeys -->
09:28:56.744 INFO  manager.ListenerWD -- sendKeys -->input
09:28:56.759 INFO  manager.ListenerWD -- sendKeys -->
09:28:56.761 INFO  manager.ListenerWD -- sendKeys -->input
09:28:56.776 INFO  manager.ListenerWD -- Before find element-->By.cssSelector: [placeholder='email']
09:28:56.785 INFO  manager.ListenerWD -- After find element-->By.cssSelector: [placeholder='email']
09:28:56.787 INFO  manager.ListenerWD -- Location of element-->input
09:28:56.793 INFO  manager.ListenerWD -- Before click element-->inputtext -->
09:28:56.820 INFO  manager.ListenerWD -- After click element-->input
09:28:56.835 INFO  manager.ListenerWD -- sendKeys -->
09:28:56.837 INFO  manager.ListenerWD -- sendKeys -->input
09:28:56.852 INFO  manager.ListenerWD -- sendKeys -->
09:28:56.854 INFO  manager.ListenerWD -- sendKeys -->input
09:28:56.869 INFO  manager.ListenerWD -- sendKeys -->
09:28:56.871 INFO  manager.ListenerWD -- sendKeys -->input
09:28:56.885 INFO  manager.ListenerWD -- Before find element-->By.cssSelector: [placeholder='Address']
09:28:56.892 INFO  manager.ListenerWD -- After find element-->By.cssSelector: [placeholder='Address']
09:28:56.895 INFO  manager.ListenerWD -- Location of element-->input
09:28:56.900 INFO  manager.ListenerWD -- Before click element-->inputtext -->
09:28:56.927 INFO  manager.ListenerWD -- After click element-->input
09:28:56.943 INFO  manager.ListenerWD -- sendKeys -->
09:28:56.946 INFO  manager.ListenerWD -- sendKeys -->input
09:28:56.961 INFO  manager.ListenerWD -- sendKeys -->
09:28:56.963 INFO  manager.ListenerWD -- sendKeys -->input
09:28:56.978 INFO  manager.ListenerWD -- sendKeys -->
09:28:56.980 INFO  manager.ListenerWD -- sendKeys -->input
09:28:56.992 INFO  manager.ListenerWD -- Before find element-->By.cssSelector: [placeholder = 'description']
09:28:57.000 INFO  manager.ListenerWD -- After find element-->By.cssSelector: [placeholder = 'description']
09:28:57.003 INFO  manager.ListenerWD -- Location of element-->input
09:28:57.008 INFO  manager.ListenerWD -- Before click element-->inputtext -->
09:28:57.033 INFO  manager.ListenerWD -- After click element-->input
09:28:57.049 INFO  manager.ListenerWD -- sendKeys -->
09:28:57.051 INFO  manager.ListenerWD -- sendKeys -->input
09:28:57.065 INFO  manager.ListenerWD -- sendKeys -->
09:28:57.068 INFO  manager.ListenerWD -- sendKeys -->input
09:28:57.082 INFO  manager.ListenerWD -- sendKeys -->
09:28:57.084 INFO  manager.ListenerWD -- sendKeys -->input
09:28:57.278 INFO  manager.ListenerWD -- Before find element-->By.cssSelector: .add_form__2rsm2>button
09:28:57.288 INFO  manager.ListenerWD -- After find element-->By.cssSelector: .add_form__2rsm2>button
09:28:57.291 INFO  manager.ListenerWD -- Location of element-->button
09:28:57.296 INFO  manager.ListenerWD -- Before click element-->buttontext -->Save
09:28:57.319 INFO  manager.ListenerWD -- After click element-->button
09:28:57.854 INFO  manager.TestNGListener -- Success test -->addNewContactSuccessAllFieldsCSV
09:28:57.855 INFO  tests.TestBase -- ==============================================
09:28:57.856 INFO  tests.TestBase -- Name of method (test)-->addNewContactSuccessAllFieldsCSV
09:28:57.856 INFO  manager.TestNGListener -- Start test -->addNewContactSuccessAllFieldsCSV
09:28:57.856 INFO  manager.ListenerWD -- Before find element-->By.cssSelector: a[href='/add']
09:28:57.866 INFO  manager.ListenerWD -- After find element-->By.cssSelector: a[href='/add']
09:28:57.870 INFO  manager.ListenerWD -- Location of element-->a
09:28:57.879 INFO  manager.ListenerWD -- Before click element-->atext -->ADD
09:28:57.912 INFO  manager.ListenerWD -- After click element-->a
09:28:57.912 INFO  manager.ListenerWD -- Before find element-->By.cssSelector: [placeholder='Name']
09:28:57.924 INFO  manager.ListenerWD -- After find element-->By.cssSelector: [placeholder='Name']
09:28:57.927 INFO  manager.ListenerWD -- Location of element-->input
09:28:57.935 INFO  manager.ListenerWD -- Before click element-->inputtext -->
09:28:57.971 INFO  manager.ListenerWD -- After click element-->input
09:28:57.990 INFO  manager.ListenerWD -- sendKeys -->
09:28:57.992 INFO  manager.ListenerWD -- sendKeys -->input
09:28:58.010 INFO  manager.ListenerWD -- sendKeys -->
09:28:58.013 INFO  manager.ListenerWD -- sendKeys -->input
09:28:58.030 INFO  manager.ListenerWD -- sendKeys -->
09:28:58.033 INFO  manager.ListenerWD -- sendKeys -->input
09:28:58.047 INFO  manager.ListenerWD -- Before find element-->By.cssSelector: [placeholder='Last Name']
09:28:58.055 INFO  manager.ListenerWD -- After find element-->By.cssSelector: [placeholder='Last Name']
09:28:58.058 INFO  manager.ListenerWD -- Location of element-->input
09:28:58.064 INFO  manager.ListenerWD -- Before click element-->inputtext -->
09:28:58.091 INFO  manager.ListenerWD -- After click element-->input
09:28:58.108 INFO  manager.ListenerWD -- sendKeys -->
09:28:58.111 INFO  manager.ListenerWD -- sendKeys -->input
09:28:58.129 INFO  manager.ListenerWD -- sendKeys -->
09:28:58.131 INFO  manager.ListenerWD -- sendKeys -->input
09:28:58.148 INFO  manager.ListenerWD -- sendKeys -->
09:28:58.150 INFO  manager.ListenerWD -- sendKeys -->input
09:28:58.164 INFO  manager.ListenerWD -- Before find element-->By.cssSelector: [placeholder='Phone']
09:28:58.173 INFO  manager.ListenerWD -- After find element-->By.cssSelector: [placeholder='Phone']
09:28:58.176 INFO  manager.ListenerWD -- Location of element-->input
09:28:58.182 INFO  manager.ListenerWD -- Before click element-->inputtext -->
09:28:58.212 INFO  manager.ListenerWD -- After click element-->input
09:28:58.228 INFO  manager.ListenerWD -- sendKeys -->
09:28:58.230 INFO  manager.ListenerWD -- sendKeys -->input
09:28:58.246 INFO  manager.ListenerWD -- sendKeys -->
09:28:58.248 INFO  manager.ListenerWD -- sendKeys -->input
09:28:58.265 INFO  manager.ListenerWD -- sendKeys -->
09:28:58.268 INFO  manager.ListenerWD -- sendKeys -->input
09:28:58.282 INFO  manager.ListenerWD -- Before find element-->By.cssSelector: [placeholder='email']
09:28:58.292 INFO  manager.ListenerWD -- After find element-->By.cssSelector: [placeholder='email']
09:28:58.295 INFO  manager.ListenerWD -- Location of element-->input
09:28:58.301 INFO  manager.ListenerWD -- Before click element-->inputtext -->
09:28:58.330 INFO  manager.ListenerWD -- After click element-->input
09:28:58.346 INFO  manager.ListenerWD -- sendKeys -->
09:28:58.349 INFO  manager.ListenerWD -- sendKeys -->input
09:28:58.364 INFO  manager.ListenerWD -- sendKeys -->
09:28:58.366 INFO  manager.ListenerWD -- sendKeys -->input
09:28:58.382 INFO  manager.ListenerWD -- sendKeys -->
09:28:58.384 INFO  manager.ListenerWD -- sendKeys -->input
09:28:58.400 INFO  manager.ListenerWD -- Before find element-->By.cssSelector: [placeholder='Address']
09:28:58.409 INFO  manager.ListenerWD -- After find element-->By.cssSelector: [placeholder='Address']
09:28:58.411 INFO  manager.ListenerWD -- Location of element-->input
09:28:58.417 INFO  manager.ListenerWD -- Before click element-->inputtext -->
09:28:58.445 INFO  manager.ListenerWD -- After click element-->input
09:28:58.462 INFO  manager.ListenerWD -- sendKeys -->
09:28:58.464 INFO  manager.ListenerWD -- sendKeys -->input
09:28:58.480 INFO  manager.ListenerWD -- sendKeys -->
09:28:58.482 INFO  manager.ListenerWD -- sendKeys -->input
09:28:58.498 INFO  manager.ListenerWD -- sendKeys -->
09:28:58.500 INFO  manager.ListenerWD -- sendKeys -->input
09:28:58.512 INFO  manager.ListenerWD -- Before find element-->By.cssSelector: [placeholder = 'description']
09:28:58.521 INFO  manager.ListenerWD -- After find element-->By.cssSelector: [placeholder = 'description']
09:28:58.524 INFO  manager.ListenerWD -- Location of element-->input
09:28:58.530 INFO  manager.ListenerWD -- Before click element-->inputtext -->
09:28:58.555 INFO  manager.ListenerWD -- After click element-->input
09:28:58.572 INFO  manager.ListenerWD -- sendKeys -->
09:28:58.575 INFO  manager.ListenerWD -- sendKeys -->input
09:28:58.591 INFO  manager.ListenerWD -- sendKeys -->
09:28:58.594 INFO  manager.ListenerWD -- sendKeys -->input
09:28:58.610 INFO  manager.ListenerWD -- sendKeys -->
09:28:58.613 INFO  manager.ListenerWD -- sendKeys -->input
09:28:58.813 INFO  manager.ListenerWD -- Before find element-->By.cssSelector: .add_form__2rsm2>button
09:28:58.825 INFO  manager.ListenerWD -- After find element-->By.cssSelector: .add_form__2rsm2>button
09:28:58.828 INFO  manager.ListenerWD -- Location of element-->button
09:28:58.835 INFO  manager.ListenerWD -- Before click element-->buttontext -->Save
09:28:58.861 INFO  manager.ListenerWD -- After click element-->button
09:28:59.394 INFO  manager.TestNGListener -- Success test -->addNewContactSuccessAllFieldsCSV
09:28:59.395 INFO  tests.TestBase -- ==============================================
09:28:59.396 INFO  tests.TestBase -- Name of method (test)-->addNewContactSuccessAllFieldsCSV
09:28:59.396 INFO  manager.TestNGListener -- Start test -->addNewContactSuccessAllFieldsCSV
09:28:59.396 INFO  manager.ListenerWD -- Before find element-->By.cssSelector: a[href='/add']
09:28:59.404 INFO  manager.ListenerWD -- After find element-->By.cssSelector: a[href='/add']
09:28:59.408 INFO  manager.ListenerWD -- Location of element-->a
09:28:59.414 INFO  manager.ListenerWD -- Before click element-->atext -->ADD
09:28:59.442 INFO  manager.ListenerWD -- After click element-->a
09:28:59.442 INFO  manager.ListenerWD -- Before find element-->By.cssSelector: [placeholder='Name']
09:28:59.452 INFO  manager.ListenerWD -- After find element-->By.cssSelector: [placeholder='Name']
09:28:59.457 INFO  manager.ListenerWD -- Location of element-->input
09:28:59.463 INFO  manager.ListenerWD -- Before click element-->inputtext -->
09:28:59.492 INFO  manager.ListenerWD -- After click element-->input
09:28:59.508 INFO  manager.ListenerWD -- sendKeys -->
09:28:59.511 INFO  manager.ListenerWD -- sendKeys -->input
09:28:59.527 INFO  manager.ListenerWD -- sendKeys -->
09:28:59.529 INFO  manager.ListenerWD -- sendKeys -->input
09:28:59.548 INFO  manager.ListenerWD -- sendKeys -->
09:28:59.551 INFO  manager.ListenerWD -- sendKeys -->input
09:28:59.563 INFO  manager.ListenerWD -- Before find element-->By.cssSelector: [placeholder='Last Name']
09:28:59.571 INFO  manager.ListenerWD -- After find element-->By.cssSelector: [placeholder='Last Name']
09:28:59.574 INFO  manager.ListenerWD -- Location of element-->input
09:28:59.580 INFO  manager.ListenerWD -- Before click element-->inputtext -->
09:28:59.606 INFO  manager.ListenerWD -- After click element-->input
09:28:59.622 INFO  manager.ListenerWD -- sendKeys -->
09:28:59.625 INFO  manager.ListenerWD -- sendKeys -->input
09:28:59.642 INFO  manager.ListenerWD -- sendKeys -->
09:28:59.645 INFO  manager.ListenerWD -- sendKeys -->input
09:28:59.663 INFO  manager.ListenerWD -- sendKeys -->
09:28:59.665 INFO  manager.ListenerWD -- sendKeys -->input
09:28:59.677 INFO  manager.ListenerWD -- Before find element-->By.cssSelector: [placeholder='Phone']
09:28:59.685 INFO  manager.ListenerWD -- After find element-->By.cssSelector: [placeholder='Phone']
09:28:59.688 INFO  manager.ListenerWD -- Location of element-->input
09:28:59.694 INFO  manager.ListenerWD -- Before click element-->inputtext -->
09:28:59.722 INFO  manager.ListenerWD -- After click element-->input
09:28:59.736 INFO  manager.ListenerWD -- sendKeys -->
09:28:59.739 INFO  manager.ListenerWD -- sendKeys -->input
09:28:59.755 INFO  manager.ListenerWD -- sendKeys -->
09:28:59.757 INFO  manager.ListenerWD -- sendKeys -->input
09:28:59.771 INFO  manager.ListenerWD -- sendKeys -->
09:28:59.774 INFO  manager.ListenerWD -- sendKeys -->input
09:28:59.787 INFO  manager.ListenerWD -- Before find element-->By.cssSelector: [placeholder='email']
09:28:59.794 INFO  manager.ListenerWD -- After find element-->By.cssSelector: [placeholder='email']
09:28:59.796 INFO  manager.ListenerWD -- Location of element-->input
09:28:59.801 INFO  manager.ListenerWD -- Before click element-->inputtext -->
09:28:59.827 INFO  manager.ListenerWD -- After click element-->input
09:28:59.841 INFO  manager.ListenerWD -- sendKeys -->
09:28:59.843 INFO  manager.ListenerWD -- sendKeys -->input
09:28:59.858 INFO  manager.ListenerWD -- sendKeys -->
09:28:59.859 INFO  manager.ListenerWD -- sendKeys -->input
09:28:59.875 INFO  manager.ListenerWD -- sendKeys -->
09:28:59.877 INFO  manager.ListenerWD -- sendKeys -->input
09:28:59.889 INFO  manager.ListenerWD -- Before find element-->By.cssSelector: [placeholder='Address']
09:28:59.896 INFO  manager.ListenerWD -- After find element-->By.cssSelector: [placeholder='Address']
09:28:59.899 INFO  manager.ListenerWD -- Location of element-->input
09:28:59.904 INFO  manager.ListenerWD -- Before click element-->inputtext -->
09:28:59.929 INFO  manager.ListenerWD -- After click element-->input
09:28:59.943 INFO  manager.ListenerWD -- sendKeys -->
09:28:59.945 INFO  manager.ListenerWD -- sendKeys -->input
09:28:59.961 INFO  manager.ListenerWD -- sendKeys -->
09:28:59.963 INFO  manager.ListenerWD -- sendKeys -->input
09:28:59.976 INFO  manager.ListenerWD -- sendKeys -->
09:28:59.978 INFO  manager.ListenerWD -- sendKeys -->input
09:28:59.989 INFO  manager.ListenerWD -- Before find element-->By.cssSelector: [placeholder = 'description']
09:28:59.996 INFO  manager.ListenerWD -- After find element-->By.cssSelector: [placeholder = 'description']
09:28:59.998 INFO  manager.ListenerWD -- Location of element-->input
09:29:00.006 INFO  manager.ListenerWD -- Before click element-->inputtext -->
09:29:00.033 INFO  manager.ListenerWD -- After click element-->input
09:29:00.048 INFO  manager.ListenerWD -- sendKeys -->
09:29:00.050 INFO  manager.ListenerWD -- sendKeys -->input
09:29:00.064 INFO  manager.ListenerWD -- sendKeys -->
09:29:00.067 INFO  manager.ListenerWD -- sendKeys -->input
09:29:00.081 INFO  manager.ListenerWD -- sendKeys -->
09:29:00.083 INFO  manager.ListenerWD -- sendKeys -->input
09:29:00.269 INFO  manager.ListenerWD -- Before find element-->By.cssSelector: .add_form__2rsm2>button
09:29:00.279 INFO  manager.ListenerWD -- After find element-->By.cssSelector: .add_form__2rsm2>button
09:29:00.282 INFO  manager.ListenerWD -- Location of element-->button
09:29:00.289 INFO  manager.ListenerWD -- Before click element-->buttontext -->Save
09:29:00.314 INFO  manager.ListenerWD -- After click element-->button
09:29:00.808 INFO  manager.TestNGListener -- Success test -->addNewContactSuccessAllFieldsCSV
09:29:00.808 INFO  tests.TestBase -- ==============================================
09:29:00.809 INFO  tests.TestBase -- Name of method (test)-->addNewContactSuccessRequiredFields
09:29:00.809 INFO  manager.TestNGListener -- Start test -->addNewContactSuccessRequiredFields
09:29:00.810 INFO  tests.TestBase -- Test data --> name: Tony, lastName:Molly, phone: 343434341740email: molly1740@gmail.com, address: Haifa
09:29:00.810 INFO  manager.ListenerWD -- Before find element-->By.cssSelector: a[href='/add']
09:29:00.817 INFO  manager.ListenerWD -- After find element-->By.cssSelector: a[href='/add']
09:29:00.820 INFO  manager.ListenerWD -- Location of element-->a
09:29:00.826 INFO  manager.ListenerWD -- Before click element-->atext -->ADD
09:29:00.852 INFO  manager.ListenerWD -- After click element-->a
09:29:00.852 INFO  manager.ListenerWD -- Before find element-->By.cssSelector: [placeholder='Name']
09:29:00.860 INFO  manager.ListenerWD -- After find element-->By.cssSelector: [placeholder='Name']
09:29:00.863 INFO  manager.ListenerWD -- Location of element-->input
09:29:00.868 INFO  manager.ListenerWD -- Before click element-->inputtext -->
09:29:00.892 INFO  manager.ListenerWD -- After click element-->input
09:29:00.907 INFO  manager.ListenerWD -- sendKeys -->
09:29:00.909 INFO  manager.ListenerWD -- sendKeys -->input
09:29:00.926 INFO  manager.ListenerWD -- sendKeys -->
09:29:00.928 INFO  manager.ListenerWD -- sendKeys -->input
09:29:00.943 INFO  manager.ListenerWD -- sendKeys -->
09:29:00.945 INFO  manager.ListenerWD -- sendKeys -->input
09:29:00.958 INFO  manager.ListenerWD -- Before find element-->By.cssSelector: [placeholder='Last Name']
09:29:00.964 INFO  manager.ListenerWD -- After find element-->By.cssSelector: [placeholder='Last Name']
09:29:00.966 INFO  manager.ListenerWD -- Location of element-->input
09:29:00.972 INFO  manager.ListenerWD -- Before click element-->inputtext -->
09:29:00.997 INFO  manager.ListenerWD -- After click element-->input
09:29:01.013 INFO  manager.ListenerWD -- sendKeys -->
09:29:01.016 INFO  manager.ListenerWD -- sendKeys -->input
09:29:01.032 INFO  manager.ListenerWD -- sendKeys -->
09:29:01.035 INFO  manager.ListenerWD -- sendKeys -->input
09:29:01.052 INFO  manager.ListenerWD -- sendKeys -->
09:29:01.055 INFO  manager.ListenerWD -- sendKeys -->input
09:29:01.067 INFO  manager.ListenerWD -- Before find element-->By.cssSelector: [placeholder='Phone']
09:29:01.074 INFO  manager.ListenerWD -- After find element-->By.cssSelector: [placeholder='Phone']
09:29:01.076 INFO  manager.ListenerWD -- Location of element-->input
09:29:01.082 INFO  manager.ListenerWD -- Before click element-->inputtext -->
09:29:01.107 INFO  manager.ListenerWD -- After click element-->input
09:29:01.122 INFO  manager.ListenerWD -- sendKeys -->
09:29:01.125 INFO  manager.ListenerWD -- sendKeys -->input
09:29:01.141 INFO  manager.ListenerWD -- sendKeys -->
09:29:01.143 INFO  manager.ListenerWD -- sendKeys -->input
09:29:01.159 INFO  manager.ListenerWD -- sendKeys -->
09:29:01.161 INFO  manager.ListenerWD -- sendKeys -->input
09:29:01.173 INFO  manager.ListenerWD -- Before find element-->By.cssSelector: [placeholder='email']
09:29:01.181 INFO  manager.ListenerWD -- After find element-->By.cssSelector: [placeholder='email']
09:29:01.184 INFO  manager.ListenerWD -- Location of element-->input
09:29:01.190 INFO  manager.ListenerWD -- Before click element-->inputtext -->
09:29:01.216 INFO  manager.ListenerWD -- After click element-->input
09:29:01.231 INFO  manager.ListenerWD -- sendKeys -->
09:29:01.233 INFO  manager.ListenerWD -- sendKeys -->input
09:29:01.249 INFO  manager.ListenerWD -- sendKeys -->
09:29:01.251 INFO  manager.ListenerWD -- sendKeys -->input
09:29:01.269 INFO  manager.ListenerWD -- sendKeys -->
09:29:01.271 INFO  manager.ListenerWD -- sendKeys -->input
09:29:01.285 INFO  manager.ListenerWD -- Before find element-->By.cssSelector: [placeholder='Address']
09:29:01.292 INFO  manager.ListenerWD -- After find element-->By.cssSelector: [placeholder='Address']
09:29:01.295 INFO  manager.ListenerWD -- Location of element-->input
09:29:01.300 INFO  manager.ListenerWD -- Before click element-->inputtext -->
09:29:01.325 INFO  manager.ListenerWD -- After click element-->input
09:29:01.339 INFO  manager.ListenerWD -- sendKeys -->
09:29:01.341 INFO  manager.ListenerWD -- sendKeys -->input
09:29:01.356 INFO  manager.ListenerWD -- sendKeys -->
09:29:01.357 INFO  manager.ListenerWD -- sendKeys -->input
09:29:01.373 INFO  manager.ListenerWD -- sendKeys -->
09:29:01.375 INFO  manager.ListenerWD -- sendKeys -->input
09:29:01.387 INFO  manager.ListenerWD -- Before find element-->By.cssSelector: [placeholder = 'description']
09:29:01.394 INFO  manager.ListenerWD -- After find element-->By.cssSelector: [placeholder = 'description']
09:29:01.396 INFO  manager.ListenerWD -- Location of element-->input
09:29:01.401 INFO  manager.ListenerWD -- Before click element-->inputtext -->
09:29:01.429 INFO  manager.ListenerWD -- After click element-->input
09:29:01.443 INFO  manager.ListenerWD -- sendKeys -->
09:29:01.446 INFO  manager.ListenerWD -- sendKeys -->input
09:29:01.462 INFO  manager.ListenerWD -- sendKeys -->
09:29:01.464 INFO  manager.ListenerWD -- sendKeys -->input
09:29:01.474 INFO  manager.ListenerWD -- Before find element-->By.cssSelector: .add_form__2rsm2>button
09:29:01.482 INFO  manager.ListenerWD -- After find element-->By.cssSelector: .add_form__2rsm2>button
09:29:01.485 INFO  manager.ListenerWD -- Location of element-->button
09:29:01.490 INFO  manager.ListenerWD -- Before click element-->buttontext -->Save
09:29:01.516 INFO  manager.ListenerWD -- After click element-->button
09:29:01.944 INFO  tests.TestBase -- Assert check is add contact by name
09:29:02.003 INFO  tests.TestBase -- Assert check is add contact by phone
09:29:02.004 INFO  manager.TestNGListener -- Success test -->addNewContactSuccessRequiredFields
09:29:02.004 INFO  tests.TestBase -- ==============================================
09:29:02.005 INFO  tests.TestBase -- Name of method (test)-->addNewContactWrongEmail
09:29:02.005 INFO  manager.TestNGListener -- Start test -->addNewContactWrongEmail
09:29:02.005 INFO  tests.TestBase -- Test data --> name: Tony, lastName:Molly, phone: 343434342323, email: mollygmail.com, address: Haifa, description: wrong email
09:29:02.005 INFO  manager.ListenerWD -- Before find element-->By.cssSelector: a[href='/add']
09:29:02.012 INFO  manager.ListenerWD -- After find element-->By.cssSelector: a[href='/add']
09:29:02.015 INFO  manager.ListenerWD -- Location of element-->a
09:29:02.020 INFO  manager.ListenerWD -- Before click element-->atext -->ADD
09:29:02.046 INFO  manager.ListenerWD -- After click element-->a
09:29:02.046 INFO  manager.ListenerWD -- Before find element-->By.cssSelector: [placeholder='Name']
09:29:02.053 INFO  manager.ListenerWD -- After find element-->By.cssSelector: [placeholder='Name']
09:29:02.056 INFO  manager.ListenerWD -- Location of element-->input
09:29:02.061 INFO  manager.ListenerWD -- Before click element-->inputtext -->
09:29:02.088 INFO  manager.ListenerWD -- After click element-->input
09:29:02.103 INFO  manager.ListenerWD -- sendKeys -->
09:29:02.105 INFO  manager.ListenerWD -- sendKeys -->input
09:29:02.119 INFO  manager.ListenerWD -- sendKeys -->
09:29:02.121 INFO  manager.ListenerWD -- sendKeys -->input
09:29:02.138 INFO  manager.ListenerWD -- sendKeys -->
09:29:02.141 INFO  manager.ListenerWD -- sendKeys -->input
09:29:02.152 INFO  manager.ListenerWD -- Before find element-->By.cssSelector: [placeholder='Last Name']
09:29:02.159 INFO  manager.ListenerWD -- After find element-->By.cssSelector: [placeholder='Last Name']
09:29:02.162 INFO  manager.ListenerWD -- Location of element-->input
09:29:02.167 INFO  manager.ListenerWD -- Before click element-->inputtext -->
09:29:02.194 INFO  manager.ListenerWD -- After click element-->input
09:29:02.210 INFO  manager.ListenerWD -- sendKeys -->
09:29:02.212 INFO  manager.ListenerWD -- sendKeys -->input
09:29:02.227 INFO  manager.ListenerWD -- sendKeys -->
09:29:02.229 INFO  manager.ListenerWD -- sendKeys -->input
09:29:02.246 INFO  manager.ListenerWD -- sendKeys -->
09:29:02.248 INFO  manager.ListenerWD -- sendKeys -->input
09:29:02.261 INFO  manager.ListenerWD -- Before find element-->By.cssSelector: [placeholder='Phone']
09:29:02.268 INFO  manager.ListenerWD -- After find element-->By.cssSelector: [placeholder='Phone']
09:29:02.271 INFO  manager.ListenerWD -- Location of element-->input
09:29:02.276 INFO  manager.ListenerWD -- Before click element-->inputtext -->
09:29:02.303 INFO  manager.ListenerWD -- After click element-->input
09:29:02.318 INFO  manager.ListenerWD -- sendKeys -->
09:29:02.320 INFO  manager.ListenerWD -- sendKeys -->input
09:29:02.336 INFO  manager.ListenerWD -- sendKeys -->
09:29:02.338 INFO  manager.ListenerWD -- sendKeys -->input
09:29:02.356 INFO  manager.ListenerWD -- sendKeys -->
09:29:02.359 INFO  manager.ListenerWD -- sendKeys -->input
09:29:02.371 INFO  manager.ListenerWD -- Before find element-->By.cssSelector: [placeholder='email']
09:29:02.378 INFO  manager.ListenerWD -- After find element-->By.cssSelector: [placeholder='email']
09:29:02.380 INFO  manager.ListenerWD -- Location of element-->input
09:29:02.386 INFO  manager.ListenerWD -- Before click element-->inputtext -->
09:29:02.411 INFO  manager.ListenerWD -- After click element-->input
09:29:02.427 INFO  manager.ListenerWD -- sendKeys -->
09:29:02.429 INFO  manager.ListenerWD -- sendKeys -->input
09:29:02.444 INFO  manager.ListenerWD -- sendKeys -->
09:29:02.446 INFO  manager.ListenerWD -- sendKeys -->input
09:29:02.464 INFO  manager.ListenerWD -- sendKeys -->
09:29:02.466 INFO  manager.ListenerWD -- sendKeys -->input
09:29:02.479 INFO  manager.ListenerWD -- Before find element-->By.cssSelector: [placeholder='Address']
09:29:02.486 INFO  manager.ListenerWD -- After find element-->By.cssSelector: [placeholder='Address']
09:29:02.488 INFO  manager.ListenerWD -- Location of element-->input
09:29:02.494 INFO  manager.ListenerWD -- Before click element-->inputtext -->
09:29:02.518 INFO  manager.ListenerWD -- After click element-->input
09:29:02.533 INFO  manager.ListenerWD -- sendKeys -->
09:29:02.535 INFO  manager.ListenerWD -- sendKeys -->input
09:29:02.551 INFO  manager.ListenerWD -- sendKeys -->
09:29:02.553 INFO  manager.ListenerWD -- sendKeys -->input
09:29:02.569 INFO  manager.ListenerWD -- sendKeys -->
09:29:02.571 INFO  manager.ListenerWD -- sendKeys -->input
09:29:02.583 INFO  manager.ListenerWD -- Before find element-->By.cssSelector: [placeholder = 'description']
09:29:02.590 INFO  manager.ListenerWD -- After find element-->By.cssSelector: [placeholder = 'description']
09:29:02.593 INFO  manager.ListenerWD -- Location of element-->input
09:29:02.598 INFO  manager.ListenerWD -- Before click element-->inputtext -->
09:29:02.624 INFO  manager.ListenerWD -- After click element-->input
09:29:02.640 INFO  manager.ListenerWD -- sendKeys -->
09:29:02.642 INFO  manager.ListenerWD -- sendKeys -->input
09:29:02.659 INFO  manager.ListenerWD -- sendKeys -->
09:29:02.661 INFO  manager.ListenerWD -- sendKeys -->input
09:29:02.677 INFO  manager.ListenerWD -- sendKeys -->
09:29:02.680 INFO  manager.ListenerWD -- sendKeys -->input
09:29:02.692 INFO  manager.ListenerWD -- Before find element-->By.cssSelector: .add_form__2rsm2>button
09:29:02.699 INFO  manager.ListenerWD -- After find element-->By.cssSelector: .add_form__2rsm2>button
09:29:02.702 INFO  manager.ListenerWD -- Location of element-->button
09:29:02.707 INFO  manager.ListenerWD -- Before click element-->buttontext -->Save
09:29:02.730 INFO  manager.ListenerWD -- After click element-->button
09:29:02.737 INFO  tests.TestBase -- Assert check Add button is active
09:29:02.747 INFO  manager.ListenerWD -- Huston, we have a problem!
09:29:02.747 INFO  manager.ListenerWD -- Failed method:alert
09:29:02.747 INFO  manager.ListenerWD -- **********************
09:29:02.747 INFO  manager.ListenerWD -- Arguments:null
09:29:02.747 INFO  manager.ListenerWD -- **********************
09:29:02.747 INFO  manager.ListenerWD -- Exception:NoAlertPresentException
09:29:02.747 INFO  manager.ListenerWD -- **********************
09:29:02.748 INFO  manager.ListenerWD -- Messageno such alert
  (Session info: chrome=148.0.7778.179)
Build info: version: '4.26.0', revision: '8ccf0219d7'
System info: os.name: 'Windows 10', os.arch: 'amd64', os.version: '10.0', java.version: '17.0.12'
Driver info: org.openqa.selenium.chrome.ChromeDriver
Command: [114680e363106dd625032bc4f079a77c, getAlertText {}]
Capabilities {acceptInsecureCerts: false, browserName: chrome, browserVersion: 148.0.7778.179, chrome: {chromedriverVersion: 147.0.7727.57 (b4f28b5637d0..., userDataDir: C:\Users\Nina\AppData\Local...}, fedcm:accounts: true, goog:chromeOptions: {debuggerAddress: localhost:62592}, goog:processID: 11556, networkConnectionEnabled: false, pageLoadStrategy: normal, platformName: windows, proxy: Proxy(), se:cdp: ws://localhost:62592/devtoo..., se:cdpVersion: 148.0.7778.179, setWindowRect: true, strictFileInteractability: false, timeouts: {implicit: 0, pageLoad: 300000, script: 30000}, unhandledPromptBehavior: dismiss and notify, webauthn:extension:credBlob: true, webauthn:extension:largeBlob: true, webauthn:extension:minPinLength: true, webauthn:extension:prf: true, webauthn:virtualAuthenticators: true}
Session ID: 114680e363106dd625032bc4f079a77c
09:29:02.748 INFO  manager.ListenerWD -- **********************
09:29:02.748 INFO  manager.ListenerWD -- Screen with error is --->src/test/screenshots/screen_1234.png
09:29:03.274 INFO  tests.TestBase -- Assert check is alert present with error test 'Email not valid' 
09:29:03.274 INFO  manager.TestNGListener -- Success test -->addNewContactWrongEmail
09:29:03.275 INFO  tests.TestBase -- ==============================================
09:29:03.276 INFO  tests.TestBase -- Name of method (test)-->addNewContactWrongPhone
09:29:03.276 INFO  manager.TestNGListener -- Start test -->addNewContactWrongPhone
09:29:03.276 INFO  tests.TestBase -- Test data --> name: Tony, lastName:Molly, phone: , email: molly@gmail.com, address: Haifa, description: empty phone
09:29:03.276 INFO  manager.ListenerWD -- Before find element-->By.cssSelector: a[href='/add']
09:29:03.285 INFO  manager.ListenerWD -- After find element-->By.cssSelector: a[href='/add']
09:29:03.292 INFO  manager.ListenerWD -- Location of element-->a
09:29:03.300 INFO  manager.ListenerWD -- Before click element-->atext -->ADD
09:29:03.331 INFO  manager.ListenerWD -- After click element-->a
09:29:03.331 INFO  manager.ListenerWD -- Before find element-->By.cssSelector: [placeholder='Name']
09:29:03.338 INFO  manager.ListenerWD -- After find element-->By.cssSelector: [placeholder='Name']
09:29:03.341 INFO  manager.ListenerWD -- Location of element-->input
09:29:03.347 INFO  manager.ListenerWD -- Before click element-->inputtext -->
09:29:03.374 INFO  manager.ListenerWD -- After click element-->input
09:29:03.390 INFO  manager.ListenerWD -- sendKeys -->
09:29:03.392 INFO  manager.ListenerWD -- sendKeys -->input
09:29:03.416 INFO  manager.ListenerWD -- sendKeys -->
09:29:03.419 INFO  manager.ListenerWD -- sendKeys -->input
09:29:03.434 INFO  manager.ListenerWD -- sendKeys -->
09:29:03.437 INFO  manager.ListenerWD -- sendKeys -->input
09:29:03.449 INFO  manager.ListenerWD -- Before find element-->By.cssSelector: [placeholder='Last Name']
09:29:03.457 INFO  manager.ListenerWD -- After find element-->By.cssSelector: [placeholder='Last Name']
09:29:03.460 INFO  manager.ListenerWD -- Location of element-->input
09:29:03.468 INFO  manager.ListenerWD -- Before click element-->inputtext -->
09:29:03.495 INFO  manager.ListenerWD -- After click element-->input
09:29:03.511 INFO  manager.ListenerWD -- sendKeys -->
09:29:03.513 INFO  manager.ListenerWD -- sendKeys -->input
09:29:03.536 INFO  manager.ListenerWD -- sendKeys -->
09:29:03.538 INFO  manager.ListenerWD -- sendKeys -->input
09:29:03.553 INFO  manager.ListenerWD -- sendKeys -->
09:29:03.555 INFO  manager.ListenerWD -- sendKeys -->input
09:29:03.567 INFO  manager.ListenerWD -- Before find element-->By.cssSelector: [placeholder='Phone']
09:29:03.574 INFO  manager.ListenerWD -- After find element-->By.cssSelector: [placeholder='Phone']
09:29:03.577 INFO  manager.ListenerWD -- Location of element-->input
09:29:03.583 INFO  manager.ListenerWD -- Before click element-->inputtext -->
09:29:03.609 INFO  manager.ListenerWD -- After click element-->input
09:29:03.626 INFO  manager.ListenerWD -- sendKeys -->
09:29:03.628 INFO  manager.ListenerWD -- sendKeys -->input
09:29:03.652 INFO  manager.ListenerWD -- sendKeys -->
09:29:03.654 INFO  manager.ListenerWD -- sendKeys -->input
09:29:03.669 INFO  manager.ListenerWD -- sendKeys -->
09:29:03.671 INFO  manager.ListenerWD -- sendKeys -->input
09:29:03.682 INFO  manager.ListenerWD -- Before find element-->By.cssSelector: [placeholder='email']
09:29:03.689 INFO  manager.ListenerWD -- After find element-->By.cssSelector: [placeholder='email']
09:29:03.691 INFO  manager.ListenerWD -- Location of element-->input
09:29:03.696 INFO  manager.ListenerWD -- Before click element-->inputtext -->
09:29:03.722 INFO  manager.ListenerWD -- After click element-->input
09:29:03.740 INFO  manager.ListenerWD -- sendKeys -->
09:29:03.742 INFO  manager.ListenerWD -- sendKeys -->input
09:29:03.765 INFO  manager.ListenerWD -- sendKeys -->
09:29:03.767 INFO  manager.ListenerWD -- sendKeys -->input
09:29:03.781 INFO  manager.ListenerWD -- sendKeys -->
09:29:03.784 INFO  manager.ListenerWD -- sendKeys -->input
09:29:03.797 INFO  manager.ListenerWD -- Before find element-->By.cssSelector: [placeholder='Address']
09:29:03.804 INFO  manager.ListenerWD -- After find element-->By.cssSelector: [placeholder='Address']
09:29:03.806 INFO  manager.ListenerWD -- Location of element-->input
09:29:03.811 INFO  manager.ListenerWD -- Before click element-->inputtext -->
09:29:03.836 INFO  manager.ListenerWD -- After click element-->input
09:29:03.856 INFO  manager.ListenerWD -- sendKeys -->
09:29:03.858 INFO  manager.ListenerWD -- sendKeys -->input
09:29:03.882 INFO  manager.ListenerWD -- sendKeys -->
09:29:03.884 INFO  manager.ListenerWD -- sendKeys -->input
09:29:03.901 INFO  manager.ListenerWD -- sendKeys -->
09:29:03.903 INFO  manager.ListenerWD -- sendKeys -->input
09:29:03.915 INFO  manager.ListenerWD -- Before find element-->By.cssSelector: [placeholder = 'description']
09:29:03.922 INFO  manager.ListenerWD -- After find element-->By.cssSelector: [placeholder = 'description']
09:29:03.925 INFO  manager.ListenerWD -- Location of element-->input
09:29:03.931 INFO  manager.ListenerWD -- Before click element-->inputtext -->
09:29:03.959 INFO  manager.ListenerWD -- After click element-->input
09:29:03.976 INFO  manager.ListenerWD -- sendKeys -->
09:29:03.978 INFO  manager.ListenerWD -- sendKeys -->input
09:29:04.000 INFO  manager.ListenerWD -- sendKeys -->
09:29:04.003 INFO  manager.ListenerWD -- sendKeys -->input
09:29:04.017 INFO  manager.ListenerWD -- sendKeys -->
09:29:04.020 INFO  manager.ListenerWD -- sendKeys -->input
09:29:04.033 INFO  manager.ListenerWD -- Before find element-->By.cssSelector: .add_form__2rsm2>button
09:29:04.040 INFO  manager.ListenerWD -- After find element-->By.cssSelector: .add_form__2rsm2>button
09:29:04.042 INFO  manager.ListenerWD -- Location of element-->button
09:29:04.048 INFO  manager.ListenerWD -- Before click element-->buttontext -->Save
09:29:04.070 INFO  manager.ListenerWD -- After click element-->button
09:29:04.073 INFO  manager.ListenerWD -- Huston, we have a problem!
09:29:04.074 INFO  manager.ListenerWD -- Failed method:alert
09:29:04.074 INFO  manager.ListenerWD -- **********************
09:29:04.074 INFO  manager.ListenerWD -- Arguments:null
09:29:04.074 INFO  manager.ListenerWD -- **********************
09:29:04.074 INFO  manager.ListenerWD -- Exception:NoAlertPresentException
09:29:04.074 INFO  manager.ListenerWD -- **********************
09:29:04.074 INFO  manager.ListenerWD -- Messageno such alert
  (Session info: chrome=148.0.7778.179)
Build info: version: '4.26.0', revision: '8ccf0219d7'
System info: os.name: 'Windows 10', os.arch: 'amd64', os.version: '10.0', java.version: '17.0.12'
Driver info: org.openqa.selenium.chrome.ChromeDriver
Command: [114680e363106dd625032bc4f079a77c, getAlertText {}]
Capabilities {acceptInsecureCerts: false, browserName: chrome, browserVersion: 148.0.7778.179, chrome: {chromedriverVersion: 147.0.7727.57 (b4f28b5637d0..., userDataDir: C:\Users\Nina\AppData\Local...}, fedcm:accounts: true, goog:chromeOptions: {debuggerAddress: localhost:62592}, goog:processID: 11556, networkConnectionEnabled: false, pageLoadStrategy: normal, platformName: windows, proxy: Proxy(), se:cdp: ws://localhost:62592/devtoo..., se:cdpVersion: 148.0.7778.179, setWindowRect: true, strictFileInteractability: false, timeouts: {implicit: 0, pageLoad: 300000, script: 30000}, unhandledPromptBehavior: dismiss and notify, webauthn:extension:credBlob: true, webauthn:extension:largeBlob: true, webauthn:extension:minPinLength: true, webauthn:extension:prf: true, webauthn:virtualAuthenticators: true}
Session ID: 114680e363106dd625032bc4f079a77c
09:29:04.074 INFO  manager.ListenerWD -- **********************
09:29:04.074 INFO  manager.ListenerWD -- Screen with error is --->src/test/screenshots/screen_1844.png
09:29:04.596 INFO  tests.TestBase -- Assert check is alert present with error test 'Phone not valid' 
09:29:04.605 INFO  tests.TestBase -- Assert check Add button is active
09:29:04.605 INFO  manager.TestNGListener -- Success test -->addNewContactWrongPhone
09:29:04.607 INFO  tests.TestBase -- ==============================================
09:29:04.607 INFO  tests.TestBase -- Name of method (test)-->addNewContactWrongPhone
09:29:04.607 INFO  manager.TestNGListener -- Start test -->addNewContactWrongPhone
09:29:04.607 INFO  tests.TestBase -- Test data --> name: Tony, lastName:Molly, phone: , email: molly@gmail.com, address: Haifa, description: empty phone
09:29:04.607 INFO  manager.ListenerWD -- Before find element-->By.cssSelector: a[href='/add']
09:29:04.616 INFO  manager.ListenerWD -- After find element-->By.cssSelector: a[href='/add']
09:29:04.621 INFO  manager.ListenerWD -- Location of element-->a
09:29:04.628 INFO  manager.ListenerWD -- Before click element-->atext -->ADD
09:29:04.658 INFO  manager.ListenerWD -- After click element-->a
09:29:04.658 INFO  manager.ListenerWD -- Before find element-->By.cssSelector: [placeholder='Name']
09:29:04.665 INFO  manager.ListenerWD -- After find element-->By.cssSelector: [placeholder='Name']
09:29:04.669 INFO  manager.ListenerWD -- Location of element-->input
09:29:04.675 INFO  manager.ListenerWD -- Before click element-->inputtext -->
09:29:04.701 INFO  manager.ListenerWD -- After click element-->input
09:29:04.720 INFO  manager.ListenerWD -- sendKeys -->
09:29:04.722 INFO  manager.ListenerWD -- sendKeys -->input
09:29:04.748 INFO  manager.ListenerWD -- sendKeys -->
09:29:04.750 INFO  manager.ListenerWD -- sendKeys -->input
09:29:04.767 INFO  manager.ListenerWD -- sendKeys -->
09:29:04.769 INFO  manager.ListenerWD -- sendKeys -->input
09:29:04.781 INFO  manager.ListenerWD -- Before find element-->By.cssSelector: [placeholder='Last Name']
09:29:04.789 INFO  manager.ListenerWD -- After find element-->By.cssSelector: [placeholder='Last Name']
09:29:04.792 INFO  manager.ListenerWD -- Location of element-->input
09:29:04.798 INFO  manager.ListenerWD -- Before click element-->inputtext -->
09:29:04.823 INFO  manager.ListenerWD -- After click element-->input
09:29:04.839 INFO  manager.ListenerWD -- sendKeys -->
09:29:04.841 INFO  manager.ListenerWD -- sendKeys -->input
09:29:04.864 INFO  manager.ListenerWD -- sendKeys -->
09:29:04.866 INFO  manager.ListenerWD -- sendKeys -->input
09:29:04.883 INFO  manager.ListenerWD -- sendKeys -->
09:29:04.885 INFO  manager.ListenerWD -- sendKeys -->input
09:29:04.896 INFO  manager.ListenerWD -- Before find element-->By.cssSelector: [placeholder='Phone']
09:29:04.903 INFO  manager.ListenerWD -- After find element-->By.cssSelector: [placeholder='Phone']
09:29:04.905 INFO  manager.ListenerWD -- Location of element-->input
09:29:04.910 INFO  manager.ListenerWD -- Before click element-->inputtext -->
09:29:04.938 INFO  manager.ListenerWD -- After click element-->input
09:29:04.956 INFO  manager.ListenerWD -- sendKeys -->
09:29:04.958 INFO  manager.ListenerWD -- sendKeys -->input
09:29:04.982 INFO  manager.ListenerWD -- sendKeys -->
09:29:04.984 INFO  manager.ListenerWD -- sendKeys -->input
09:29:05.000 INFO  manager.ListenerWD -- sendKeys -->
09:29:05.003 INFO  manager.ListenerWD -- sendKeys -->input
09:29:05.018 INFO  manager.ListenerWD -- Before find element-->By.cssSelector: [placeholder='email']
09:29:05.025 INFO  manager.ListenerWD -- After find element-->By.cssSelector: [placeholder='email']
09:29:05.028 INFO  manager.ListenerWD -- Location of element-->input
09:29:05.033 INFO  manager.ListenerWD -- Before click element-->inputtext -->
09:29:05.060 INFO  manager.ListenerWD -- After click element-->input
09:29:05.076 INFO  manager.ListenerWD -- sendKeys -->
09:29:05.078 INFO  manager.ListenerWD -- sendKeys -->input
09:29:05.100 INFO  manager.ListenerWD -- sendKeys -->
09:29:05.103 INFO  manager.ListenerWD -- sendKeys -->input
09:29:05.119 INFO  manager.ListenerWD -- sendKeys -->
09:29:05.121 INFO  manager.ListenerWD -- sendKeys -->input
09:29:05.135 INFO  manager.ListenerWD -- Before find element-->By.cssSelector: [placeholder='Address']
09:29:05.142 INFO  manager.ListenerWD -- After find element-->By.cssSelector: [placeholder='Address']
09:29:05.144 INFO  manager.ListenerWD -- Location of element-->input
09:29:05.150 INFO  manager.ListenerWD -- Before click element-->inputtext -->
09:29:05.178 INFO  manager.ListenerWD -- After click element-->input
09:29:05.194 INFO  manager.ListenerWD -- sendKeys -->
09:29:05.196 INFO  manager.ListenerWD -- sendKeys -->input
09:29:05.220 INFO  manager.ListenerWD -- sendKeys -->
09:29:05.222 INFO  manager.ListenerWD -- sendKeys -->input
09:29:05.237 INFO  manager.ListenerWD -- sendKeys -->
09:29:05.240 INFO  manager.ListenerWD -- sendKeys -->input
09:29:05.251 INFO  manager.ListenerWD -- Before find element-->By.cssSelector: [placeholder = 'description']
09:29:05.258 INFO  manager.ListenerWD -- After find element-->By.cssSelector: [placeholder = 'description']
09:29:05.261 INFO  manager.ListenerWD -- Location of element-->input
09:29:05.267 INFO  manager.ListenerWD -- Before click element-->inputtext -->
09:29:05.293 INFO  manager.ListenerWD -- After click element-->input
09:29:05.308 INFO  manager.ListenerWD -- sendKeys -->
09:29:05.312 INFO  manager.ListenerWD -- sendKeys -->input
09:29:05.337 INFO  manager.ListenerWD -- sendKeys -->
09:29:05.339 INFO  manager.ListenerWD -- sendKeys -->input
09:29:05.355 INFO  manager.ListenerWD -- sendKeys -->
09:29:05.357 INFO  manager.ListenerWD -- sendKeys -->input
09:29:05.369 INFO  manager.ListenerWD -- Before find element-->By.cssSelector: .add_form__2rsm2>button
09:29:05.377 INFO  manager.ListenerWD -- After find element-->By.cssSelector: .add_form__2rsm2>button
09:29:05.379 INFO  manager.ListenerWD -- Location of element-->button
09:29:05.385 INFO  manager.ListenerWD -- Before click element-->buttontext -->Save
09:29:05.409 INFO  manager.ListenerWD -- After click element-->button
09:29:05.413 INFO  manager.ListenerWD -- Huston, we have a problem!
09:29:05.413 INFO  manager.ListenerWD -- Failed method:alert
09:29:05.413 INFO  manager.ListenerWD -- **********************
09:29:05.413 INFO  manager.ListenerWD -- Arguments:null
09:29:05.413 INFO  manager.ListenerWD -- **********************
09:29:05.413 INFO  manager.ListenerWD -- Exception:NoAlertPresentException
09:29:05.413 INFO  manager.ListenerWD -- **********************
09:29:05.413 INFO  manager.ListenerWD -- Messageno such alert
  (Session info: chrome=148.0.7778.179)
Build info: version: '4.26.0', revision: '8ccf0219d7'
System info: os.name: 'Windows 10', os.arch: 'amd64', os.version: '10.0', java.version: '17.0.12'
Driver info: org.openqa.selenium.chrome.ChromeDriver
Command: [114680e363106dd625032bc4f079a77c, getAlertText {}]
Capabilities {acceptInsecureCerts: false, browserName: chrome, browserVersion: 148.0.7778.179, chrome: {chromedriverVersion: 147.0.7727.57 (b4f28b5637d0..., userDataDir: C:\Users\Nina\AppData\Local...}, fedcm:accounts: true, goog:chromeOptions: {debuggerAddress: localhost:62592}, goog:processID: 11556, networkConnectionEnabled: false, pageLoadStrategy: normal, platformName: windows, proxy: Proxy(), se:cdp: ws://localhost:62592/devtoo..., se:cdpVersion: 148.0.7778.179, setWindowRect: true, strictFileInteractability: false, timeouts: {implicit: 0, pageLoad: 300000, script: 30000}, unhandledPromptBehavior: dismiss and notify, webauthn:extension:credBlob: true, webauthn:extension:largeBlob: true, webauthn:extension:minPinLength: true, webauthn:extension:prf: true, webauthn:virtualAuthenticators: true}
Session ID: 114680e363106dd625032bc4f079a77c
09:29:05.413 INFO  manager.ListenerWD -- **********************
09:29:05.413 INFO  manager.ListenerWD -- Screen with error is --->src/test/screenshots/screen_1575.png
09:29:05.937 INFO  tests.TestBase -- Assert check is alert present with error test 'Phone not valid' 
09:29:05.948 INFO  tests.TestBase -- Assert check Add button is active
09:29:05.948 INFO  manager.TestNGListener -- Success test -->addNewContactWrongPhone
09:29:05.948 INFO  tests.TestBase -- ==============================================
09:29:05.948 INFO  tests.TestBase -- Name of method (test)-->addNewContactWrongPhone
09:29:05.948 INFO  manager.TestNGListener -- Start test -->addNewContactWrongPhone
09:29:05.949 INFO  tests.TestBase -- Test data --> name: Tony, lastName:Molly, phone: , email: molly@gmail.com, address: Haifa, description: empty phone
09:29:05.949 INFO  manager.ListenerWD -- Before find element-->By.cssSelector: a[href='/add']
09:29:05.958 INFO  manager.ListenerWD -- After find element-->By.cssSelector: a[href='/add']
09:29:05.962 INFO  manager.ListenerWD -- Location of element-->a
09:29:05.968 INFO  manager.ListenerWD -- Before click element-->atext -->ADD
09:29:05.997 INFO  manager.ListenerWD -- After click element-->a
09:29:05.997 INFO  manager.ListenerWD -- Before find element-->By.cssSelector: [placeholder='Name']
09:29:06.004 INFO  manager.ListenerWD -- After find element-->By.cssSelector: [placeholder='Name']
09:29:06.008 INFO  manager.ListenerWD -- Location of element-->input
09:29:06.014 INFO  manager.ListenerWD -- Before click element-->inputtext -->
09:29:06.041 INFO  manager.ListenerWD -- After click element-->input
09:29:06.058 INFO  manager.ListenerWD -- sendKeys -->
09:29:06.060 INFO  manager.ListenerWD -- sendKeys -->input
09:29:06.084 INFO  manager.ListenerWD -- sendKeys -->
09:29:06.086 INFO  manager.ListenerWD -- sendKeys -->input
09:29:06.101 INFO  manager.ListenerWD -- sendKeys -->
09:29:06.104 INFO  manager.ListenerWD -- sendKeys -->input
09:29:06.117 INFO  manager.ListenerWD -- Before find element-->By.cssSelector: [placeholder='Last Name']
09:29:06.124 INFO  manager.ListenerWD -- After find element-->By.cssSelector: [placeholder='Last Name']
09:29:06.126 INFO  manager.ListenerWD -- Location of element-->input
09:29:06.132 INFO  manager.ListenerWD -- Before click element-->inputtext -->
09:29:06.159 INFO  manager.ListenerWD -- After click element-->input
09:29:06.174 INFO  manager.ListenerWD -- sendKeys -->
09:29:06.178 INFO  manager.ListenerWD -- sendKeys -->input
09:29:06.201 INFO  manager.ListenerWD -- sendKeys -->
09:29:06.204 INFO  manager.ListenerWD -- sendKeys -->input
09:29:06.224 INFO  manager.ListenerWD -- sendKeys -->
09:29:06.230 INFO  manager.ListenerWD -- sendKeys -->input
09:29:06.246 INFO  manager.ListenerWD -- Before find element-->By.cssSelector: [placeholder='Phone']
09:29:06.256 INFO  manager.ListenerWD -- After find element-->By.cssSelector: [placeholder='Phone']
09:29:06.259 INFO  manager.ListenerWD -- Location of element-->input
09:29:06.268 INFO  manager.ListenerWD -- Before click element-->inputtext -->
09:29:06.305 INFO  manager.ListenerWD -- After click element-->input
09:29:06.324 INFO  manager.ListenerWD -- sendKeys -->
09:29:06.327 INFO  manager.ListenerWD -- sendKeys -->input
09:29:06.364 INFO  manager.ListenerWD -- sendKeys -->
09:29:06.371 INFO  manager.ListenerWD -- sendKeys -->input
09:29:06.391 INFO  manager.ListenerWD -- sendKeys -->
09:29:06.394 INFO  manager.ListenerWD -- sendKeys -->input
09:29:06.409 INFO  manager.ListenerWD -- Before find element-->By.cssSelector: [placeholder='email']
09:29:06.417 INFO  manager.ListenerWD -- After find element-->By.cssSelector: [placeholder='email']
09:29:06.420 INFO  manager.ListenerWD -- Location of element-->input
09:29:06.425 INFO  manager.ListenerWD -- Before click element-->inputtext -->
09:29:06.451 INFO  manager.ListenerWD -- After click element-->input
09:29:06.467 INFO  manager.ListenerWD -- sendKeys -->
09:29:06.469 INFO  manager.ListenerWD -- sendKeys -->input
09:29:06.494 INFO  manager.ListenerWD -- sendKeys -->
09:29:06.496 INFO  manager.ListenerWD -- sendKeys -->input
09:29:06.512 INFO  manager.ListenerWD -- sendKeys -->
09:29:06.515 INFO  manager.ListenerWD -- sendKeys -->input
09:29:06.528 INFO  manager.ListenerWD -- Before find element-->By.cssSelector: [placeholder='Address']
09:29:06.535 INFO  manager.ListenerWD -- After find element-->By.cssSelector: [placeholder='Address']
09:29:06.538 INFO  manager.ListenerWD -- Location of element-->input
09:29:06.544 INFO  manager.ListenerWD -- Before click element-->inputtext -->
09:29:06.572 INFO  manager.ListenerWD -- After click element-->input
09:29:06.588 INFO  manager.ListenerWD -- sendKeys -->
09:29:06.591 INFO  manager.ListenerWD -- sendKeys -->input
09:29:06.614 INFO  manager.ListenerWD -- sendKeys -->
09:29:06.617 INFO  manager.ListenerWD -- sendKeys -->input
09:29:06.632 INFO  manager.ListenerWD -- sendKeys -->
09:29:06.634 INFO  manager.ListenerWD -- sendKeys -->input
09:29:06.646 INFO  manager.ListenerWD -- Before find element-->By.cssSelector: [placeholder = 'description']
09:29:06.654 INFO  manager.ListenerWD -- After find element-->By.cssSelector: [placeholder = 'description']
09:29:06.657 INFO  manager.ListenerWD -- Location of element-->input
09:29:06.662 INFO  manager.ListenerWD -- Before click element-->inputtext -->
09:29:06.687 INFO  manager.ListenerWD -- After click element-->input
09:29:06.704 INFO  manager.ListenerWD -- sendKeys -->
09:29:06.706 INFO  manager.ListenerWD -- sendKeys -->input
09:29:06.730 INFO  manager.ListenerWD -- sendKeys -->
09:29:06.732 INFO  manager.ListenerWD -- sendKeys -->input
09:29:06.748 INFO  manager.ListenerWD -- sendKeys -->
09:29:06.751 INFO  manager.ListenerWD -- sendKeys -->input
09:29:06.764 INFO  manager.ListenerWD -- Before find element-->By.cssSelector: .add_form__2rsm2>button
09:29:06.771 INFO  manager.ListenerWD -- After find element-->By.cssSelector: .add_form__2rsm2>button
09:29:06.773 INFO  manager.ListenerWD -- Location of element-->button
09:29:06.780 INFO  manager.ListenerWD -- Before click element-->buttontext -->Save
09:29:06.805 INFO  manager.ListenerWD -- After click element-->button
09:29:06.809 INFO  manager.ListenerWD -- Huston, we have a problem!
09:29:06.809 INFO  manager.ListenerWD -- Failed method:alert
09:29:06.809 INFO  manager.ListenerWD -- **********************
09:29:06.809 INFO  manager.ListenerWD -- Arguments:null
09:29:06.809 INFO  manager.ListenerWD -- **********************
09:29:06.809 INFO  manager.ListenerWD -- Exception:NoAlertPresentException
09:29:06.809 INFO  manager.ListenerWD -- **********************
09:29:06.809 INFO  manager.ListenerWD -- Messageno such alert
  (Session info: chrome=148.0.7778.179)
Build info: version: '4.26.0', revision: '8ccf0219d7'
System info: os.name: 'Windows 10', os.arch: 'amd64', os.version: '10.0', java.version: '17.0.12'
Driver info: org.openqa.selenium.chrome.ChromeDriver
Command: [114680e363106dd625032bc4f079a77c, getAlertText {}]
Capabilities {acceptInsecureCerts: false, browserName: chrome, browserVersion: 148.0.7778.179, chrome: {chromedriverVersion: 147.0.7727.57 (b4f28b5637d0..., userDataDir: C:\Users\Nina\AppData\Local...}, fedcm:accounts: true, goog:chromeOptions: {debuggerAddress: localhost:62592}, goog:processID: 11556, networkConnectionEnabled: false, pageLoadStrategy: normal, platformName: windows, proxy: Proxy(), se:cdp: ws://localhost:62592/devtoo..., se:cdpVersion: 148.0.7778.179, setWindowRect: true, strictFileInteractability: false, timeouts: {implicit: 0, pageLoad: 300000, script: 30000}, unhandledPromptBehavior: dismiss and notify, webauthn:extension:credBlob: true, webauthn:extension:largeBlob: true, webauthn:extension:minPinLength: true, webauthn:extension:prf: true, webauthn:virtualAuthenticators: true}
Session ID: 114680e363106dd625032bc4f079a77c
09:29:06.809 INFO  manager.ListenerWD -- **********************
09:29:06.809 INFO  manager.ListenerWD -- Screen with error is --->src/test/screenshots/screen_1588.png
09:29:07.338 INFO  tests.TestBase -- Assert check is alert present with error test 'Phone not valid' 
09:29:07.349 INFO  tests.TestBase -- Assert check Add button is active
09:29:07.350 INFO  manager.TestNGListener -- Success test -->addNewContactWrongPhone
09:29:07.350 INFO  tests.TestBase -- ==============================================
09:29:07.351 INFO  tests.TestBase -- Name of method (test)-->addNewContactWrongPhone
09:29:07.351 INFO  manager.TestNGListener -- Start test -->addNewContactWrongPhone
09:29:07.351 INFO  tests.TestBase -- Test data --> name: Tony, lastName:Molly, phone: , email: molly@gmail.com, address: Haifa, description: empty phone
09:29:07.351 INFO  manager.ListenerWD -- Before find element-->By.cssSelector: a[href='/add']
09:29:07.360 INFO  manager.ListenerWD -- After find element-->By.cssSelector: a[href='/add']
09:29:07.363 INFO  manager.ListenerWD -- Location of element-->a
09:29:07.372 INFO  manager.ListenerWD -- Before click element-->atext -->ADD
09:29:07.401 INFO  manager.ListenerWD -- After click element-->a
09:29:07.401 INFO  manager.ListenerWD -- Before find element-->By.cssSelector: [placeholder='Name']
09:29:07.408 INFO  manager.ListenerWD -- After find element-->By.cssSelector: [placeholder='Name']
09:29:07.411 INFO  manager.ListenerWD -- Location of element-->input
09:29:07.419 INFO  manager.ListenerWD -- Before click element-->inputtext -->
09:29:07.448 INFO  manager.ListenerWD -- After click element-->input
09:29:07.465 INFO  manager.ListenerWD -- sendKeys -->
09:29:07.468 INFO  manager.ListenerWD -- sendKeys -->input
09:29:07.494 INFO  manager.ListenerWD -- sendKeys -->
09:29:07.497 INFO  manager.ListenerWD -- sendKeys -->input
09:29:07.514 INFO  manager.ListenerWD -- sendKeys -->
09:29:07.516 INFO  manager.ListenerWD -- sendKeys -->input
09:29:07.530 INFO  manager.ListenerWD -- Before find element-->By.cssSelector: [placeholder='Last Name']
09:29:07.537 INFO  manager.ListenerWD -- After find element-->By.cssSelector: [placeholder='Last Name']
09:29:07.540 INFO  manager.ListenerWD -- Location of element-->input
09:29:07.545 INFO  manager.ListenerWD -- Before click element-->inputtext -->
09:29:07.572 INFO  manager.ListenerWD -- After click element-->input
09:29:07.588 INFO  manager.ListenerWD -- sendKeys -->
09:29:07.590 INFO  manager.ListenerWD -- sendKeys -->input
09:29:07.614 INFO  manager.ListenerWD -- sendKeys -->
09:29:07.616 INFO  manager.ListenerWD -- sendKeys -->input
09:29:07.632 INFO  manager.ListenerWD -- sendKeys -->
09:29:07.635 INFO  manager.ListenerWD -- sendKeys -->input
09:29:07.647 INFO  manager.ListenerWD -- Before find element-->By.cssSelector: [placeholder='Phone']
09:29:07.653 INFO  manager.ListenerWD -- After find element-->By.cssSelector: [placeholder='Phone']
09:29:07.655 INFO  manager.ListenerWD -- Location of element-->input
09:29:07.661 INFO  manager.ListenerWD -- Before click element-->inputtext -->
09:29:07.687 INFO  manager.ListenerWD -- After click element-->input
09:29:07.702 INFO  manager.ListenerWD -- sendKeys -->
09:29:07.705 INFO  manager.ListenerWD -- sendKeys -->input
09:29:07.728 INFO  manager.ListenerWD -- sendKeys -->
09:29:07.731 INFO  manager.ListenerWD -- sendKeys -->input
09:29:07.746 INFO  manager.ListenerWD -- sendKeys -->
09:29:07.749 INFO  manager.ListenerWD -- sendKeys -->input
09:29:07.759 INFO  manager.ListenerWD -- Before find element-->By.cssSelector: [placeholder='email']
09:29:07.766 INFO  manager.ListenerWD -- After find element-->By.cssSelector: [placeholder='email']
09:29:07.768 INFO  manager.ListenerWD -- Location of element-->input
09:29:07.774 INFO  manager.ListenerWD -- Before click element-->inputtext -->
09:29:07.800 INFO  manager.ListenerWD -- After click element-->input
09:29:07.817 INFO  manager.ListenerWD -- sendKeys -->
09:29:07.819 INFO  manager.ListenerWD -- sendKeys -->input
09:29:07.842 INFO  manager.ListenerWD -- sendKeys -->
09:29:07.844 INFO  manager.ListenerWD -- sendKeys -->input
09:29:07.861 INFO  manager.ListenerWD -- sendKeys -->
09:29:07.862 INFO  manager.ListenerWD -- sendKeys -->input
09:29:07.875 INFO  manager.ListenerWD -- Before find element-->By.cssSelector: [placeholder='Address']
09:29:07.882 INFO  manager.ListenerWD -- After find element-->By.cssSelector: [placeholder='Address']
09:29:07.884 INFO  manager.ListenerWD -- Location of element-->input
09:29:07.890 INFO  manager.ListenerWD -- Before click element-->inputtext -->
09:29:07.916 INFO  manager.ListenerWD -- After click element-->input
09:29:07.932 INFO  manager.ListenerWD -- sendKeys -->
09:29:07.935 INFO  manager.ListenerWD -- sendKeys -->input
09:29:07.958 INFO  manager.ListenerWD -- sendKeys -->
09:29:07.960 INFO  manager.ListenerWD -- sendKeys -->input
09:29:07.976 INFO  manager.ListenerWD -- sendKeys -->
09:29:07.978 INFO  manager.ListenerWD -- sendKeys -->input
09:29:07.991 INFO  manager.ListenerWD -- Before find element-->By.cssSelector: [placeholder = 'description']
09:29:07.998 INFO  manager.ListenerWD -- After find element-->By.cssSelector: [placeholder = 'description']
09:29:08.001 INFO  manager.ListenerWD -- Location of element-->input
09:29:08.006 INFO  manager.ListenerWD -- Before click element-->inputtext -->
09:29:08.032 INFO  manager.ListenerWD -- After click element-->input
09:29:08.047 INFO  manager.ListenerWD -- sendKeys -->
09:29:08.049 INFO  manager.ListenerWD -- sendKeys -->input
09:29:08.073 INFO  manager.ListenerWD -- sendKeys -->
09:29:08.076 INFO  manager.ListenerWD -- sendKeys -->input
09:29:08.092 INFO  manager.ListenerWD -- sendKeys -->
09:29:08.093 INFO  manager.ListenerWD -- sendKeys -->input
09:29:08.105 INFO  manager.ListenerWD -- Before find element-->By.cssSelector: .add_form__2rsm2>button
09:29:08.112 INFO  manager.ListenerWD -- After find element-->By.cssSelector: .add_form__2rsm2>button
09:29:08.114 INFO  manager.ListenerWD -- Location of element-->button
09:29:08.120 INFO  manager.ListenerWD -- Before click element-->buttontext -->Save
09:29:08.143 INFO  manager.ListenerWD -- After click element-->button
09:29:08.147 INFO  manager.ListenerWD -- Huston, we have a problem!
09:29:08.147 INFO  manager.ListenerWD -- Failed method:alert
09:29:08.147 INFO  manager.ListenerWD -- **********************
09:29:08.147 INFO  manager.ListenerWD -- Arguments:null
09:29:08.147 INFO  manager.ListenerWD -- **********************
09:29:08.147 INFO  manager.ListenerWD -- Exception:NoAlertPresentException
09:29:08.147 INFO  manager.ListenerWD -- **********************
09:29:08.147 INFO  manager.ListenerWD -- Messageno such alert
  (Session info: chrome=148.0.7778.179)
Build info: version: '4.26.0', revision: '8ccf0219d7'
System info: os.name: 'Windows 10', os.arch: 'amd64', os.version: '10.0', java.version: '17.0.12'
Driver info: org.openqa.selenium.chrome.ChromeDriver
Command: [114680e363106dd625032bc4f079a77c, getAlertText {}]
Capabilities {acceptInsecureCerts: false, browserName: chrome, browserVersion: 148.0.7778.179, chrome: {chromedriverVersion: 147.0.7727.57 (b4f28b5637d0..., userDataDir: C:\Users\Nina\AppData\Local...}, fedcm:accounts: true, goog:chromeOptions: {debuggerAddress: localhost:62592}, goog:processID: 11556, networkConnectionEnabled: false, pageLoadStrategy: normal, platformName: windows, proxy: Proxy(), se:cdp: ws://localhost:62592/devtoo..., se:cdpVersion: 148.0.7778.179, setWindowRect: true, strictFileInteractability: false, timeouts: {implicit: 0, pageLoad: 300000, script: 30000}, unhandledPromptBehavior: dismiss and notify, webauthn:extension:credBlob: true, webauthn:extension:largeBlob: true, webauthn:extension:minPinLength: true, webauthn:extension:prf: true, webauthn:virtualAuthenticators: true}
Session ID: 114680e363106dd625032bc4f079a77c
09:29:08.147 INFO  manager.ListenerWD -- **********************
09:29:08.147 INFO  manager.ListenerWD -- Screen with error is --->src/test/screenshots/screen_1001.png
09:29:08.676 INFO  tests.TestBase -- Assert check is alert present with error test 'Phone not valid' 
09:29:08.686 INFO  tests.TestBase -- Assert check Add button is active
09:29:08.687 INFO  manager.TestNGListener -- Success test -->addNewContactWrongPhone
09:29:08.687 INFO  tests.TestBase -- ==============================================
09:29:08.688 INFO  tests.TestBase -- Name of method (test)-->addNewContactWrongPhone
09:29:08.688 INFO  manager.TestNGListener -- Start test -->addNewContactWrongPhone
09:29:08.688 INFO  tests.TestBase -- Test data --> name: Tony, lastName:Molly, phone: , email: molly@gmail.com, address: Haifa, description: empty phone
09:29:08.688 INFO  manager.ListenerWD -- Before find element-->By.cssSelector: a[href='/add']
09:29:08.697 INFO  manager.ListenerWD -- After find element-->By.cssSelector: a[href='/add']
09:29:08.700 INFO  manager.ListenerWD -- Location of element-->a
09:29:08.707 INFO  manager.ListenerWD -- Before click element-->atext -->ADD
09:29:08.738 INFO  manager.ListenerWD -- After click element-->a
09:29:08.739 INFO  manager.ListenerWD -- Before find element-->By.cssSelector: [placeholder='Name']
09:29:08.746 INFO  manager.ListenerWD -- After find element-->By.cssSelector: [placeholder='Name']
09:29:08.748 INFO  manager.ListenerWD -- Location of element-->input
09:29:08.754 INFO  manager.ListenerWD -- Before click element-->inputtext -->
09:29:08.784 INFO  manager.ListenerWD -- After click element-->input
09:29:08.800 INFO  manager.ListenerWD -- sendKeys -->
09:29:08.802 INFO  manager.ListenerWD -- sendKeys -->input
09:29:08.828 INFO  manager.ListenerWD -- sendKeys -->
09:29:08.831 INFO  manager.ListenerWD -- sendKeys -->input
09:29:08.847 INFO  manager.ListenerWD -- sendKeys -->
09:29:08.850 INFO  manager.ListenerWD -- sendKeys -->input
09:29:08.862 INFO  manager.ListenerWD -- Before find element-->By.cssSelector: [placeholder='Last Name']
09:29:08.870 INFO  manager.ListenerWD -- After find element-->By.cssSelector: [placeholder='Last Name']
09:29:08.873 INFO  manager.ListenerWD -- Location of element-->input
09:29:08.879 INFO  manager.ListenerWD -- Before click element-->inputtext -->
09:29:08.905 INFO  manager.ListenerWD -- After click element-->input
09:29:08.925 INFO  manager.ListenerWD -- sendKeys -->
09:29:08.927 INFO  manager.ListenerWD -- sendKeys -->input
09:29:08.948 INFO  manager.ListenerWD -- sendKeys -->
09:29:08.950 INFO  manager.ListenerWD -- sendKeys -->input
09:29:08.965 INFO  manager.ListenerWD -- sendKeys -->
09:29:08.966 INFO  manager.ListenerWD -- sendKeys -->input
09:29:08.978 INFO  manager.ListenerWD -- Before find element-->By.cssSelector: [placeholder='Phone']
09:29:08.984 INFO  manager.ListenerWD -- After find element-->By.cssSelector: [placeholder='Phone']
09:29:08.986 INFO  manager.ListenerWD -- Location of element-->input
09:29:08.992 INFO  manager.ListenerWD -- Before click element-->inputtext -->
09:29:09.016 INFO  manager.ListenerWD -- After click element-->input
09:29:09.031 INFO  manager.ListenerWD -- sendKeys -->
09:29:09.033 INFO  manager.ListenerWD -- sendKeys -->input
09:29:09.049 INFO  manager.ListenerWD -- sendKeys -->
09:29:09.051 INFO  manager.ListenerWD -- sendKeys -->input
09:29:09.065 INFO  manager.ListenerWD -- sendKeys -->
09:29:09.067 INFO  manager.ListenerWD -- sendKeys -->input
09:29:09.080 INFO  manager.ListenerWD -- Before find element-->By.cssSelector: [placeholder='email']
09:29:09.087 INFO  manager.ListenerWD -- After find element-->By.cssSelector: [placeholder='email']
09:29:09.088 INFO  manager.ListenerWD -- Location of element-->input
09:29:09.093 INFO  manager.ListenerWD -- Before click element-->inputtext -->
09:29:09.118 INFO  manager.ListenerWD -- After click element-->input
09:29:09.133 INFO  manager.ListenerWD -- sendKeys -->
09:29:09.135 INFO  manager.ListenerWD -- sendKeys -->input
09:29:09.158 INFO  manager.ListenerWD -- sendKeys -->
09:29:09.160 INFO  manager.ListenerWD -- sendKeys -->input
09:29:09.174 INFO  manager.ListenerWD -- sendKeys -->
09:29:09.177 INFO  manager.ListenerWD -- sendKeys -->input
09:29:09.190 INFO  manager.ListenerWD -- Before find element-->By.cssSelector: [placeholder='Address']
09:29:09.197 INFO  manager.ListenerWD -- After find element-->By.cssSelector: [placeholder='Address']
09:29:09.199 INFO  manager.ListenerWD -- Location of element-->input
09:29:09.204 INFO  manager.ListenerWD -- Before click element-->inputtext -->
09:29:09.232 INFO  manager.ListenerWD -- After click element-->input
09:29:09.247 INFO  manager.ListenerWD -- sendKeys -->
09:29:09.251 INFO  manager.ListenerWD -- sendKeys -->input
09:29:09.274 INFO  manager.ListenerWD -- sendKeys -->
09:29:09.276 INFO  manager.ListenerWD -- sendKeys -->input
09:29:09.291 INFO  manager.ListenerWD -- sendKeys -->
09:29:09.293 INFO  manager.ListenerWD -- sendKeys -->input
09:29:09.305 INFO  manager.ListenerWD -- Before find element-->By.cssSelector: [placeholder = 'description']
09:29:09.312 INFO  manager.ListenerWD -- After find element-->By.cssSelector: [placeholder = 'description']
09:29:09.314 INFO  manager.ListenerWD -- Location of element-->input
09:29:09.320 INFO  manager.ListenerWD -- Before click element-->inputtext -->
09:29:09.346 INFO  manager.ListenerWD -- After click element-->input
09:29:09.362 INFO  manager.ListenerWD -- sendKeys -->
09:29:09.364 INFO  manager.ListenerWD -- sendKeys -->input
09:29:09.387 INFO  manager.ListenerWD -- sendKeys -->
09:29:09.389 INFO  manager.ListenerWD -- sendKeys -->input
09:29:09.404 INFO  manager.ListenerWD -- sendKeys -->
09:29:09.406 INFO  manager.ListenerWD -- sendKeys -->input
09:29:09.418 INFO  manager.ListenerWD -- Before find element-->By.cssSelector: .add_form__2rsm2>button
09:29:09.425 INFO  manager.ListenerWD -- After find element-->By.cssSelector: .add_form__2rsm2>button
09:29:09.427 INFO  manager.ListenerWD -- Location of element-->button
09:29:09.432 INFO  manager.ListenerWD -- Before click element-->buttontext -->Save
09:29:09.456 INFO  manager.ListenerWD -- After click element-->button
09:29:09.459 INFO  manager.ListenerWD -- Huston, we have a problem!
09:29:09.460 INFO  manager.ListenerWD -- Failed method:alert
09:29:09.460 INFO  manager.ListenerWD -- **********************
09:29:09.460 INFO  manager.ListenerWD -- Arguments:null
09:29:09.460 INFO  manager.ListenerWD -- **********************
09:29:09.460 INFO  manager.ListenerWD -- Exception:NoAlertPresentException
09:29:09.460 INFO  manager.ListenerWD -- **********************
09:29:09.460 INFO  manager.ListenerWD -- Messageno such alert
  (Session info: chrome=148.0.7778.179)
Build info: version: '4.26.0', revision: '8ccf0219d7'
System info: os.name: 'Windows 10', os.arch: 'amd64', os.version: '10.0', java.version: '17.0.12'
Driver info: org.openqa.selenium.chrome.ChromeDriver
Command: [114680e363106dd625032bc4f079a77c, getAlertText {}]
Capabilities {acceptInsecureCerts: false, browserName: chrome, browserVersion: 148.0.7778.179, chrome: {chromedriverVersion: 147.0.7727.57 (b4f28b5637d0..., userDataDir: C:\Users\Nina\AppData\Local...}, fedcm:accounts: true, goog:chromeOptions: {debuggerAddress: localhost:62592}, goog:processID: 11556, networkConnectionEnabled: false, pageLoadStrategy: normal, platformName: windows, proxy: Proxy(), se:cdp: ws://localhost:62592/devtoo..., se:cdpVersion: 148.0.7778.179, setWindowRect: true, strictFileInteractability: false, timeouts: {implicit: 0, pageLoad: 300000, script: 30000}, unhandledPromptBehavior: dismiss and notify, webauthn:extension:credBlob: true, webauthn:extension:largeBlob: true, webauthn:extension:minPinLength: true, webauthn:extension:prf: true, webauthn:virtualAuthenticators: true}
Session ID: 114680e363106dd625032bc4f079a77c
09:29:09.460 INFO  manager.ListenerWD -- **********************
09:29:09.460 INFO  manager.ListenerWD -- Screen with error is --->src/test/screenshots/screen_1466.png
09:29:09.982 INFO  tests.TestBase -- Assert check is alert present with error test 'Phone not valid' 
09:29:09.993 INFO  tests.TestBase -- Assert check Add button is active
09:29:09.993 INFO  manager.TestNGListener -- Success test -->addNewContactWrongPhone
09:29:09.994 INFO  tests.TestBase -- ==============================================
09:29:09.995 INFO  tests.TestBase -- Name of method (test)-->loginSuccess
09:29:10.008 INFO  manager.ListenerWD -- Before find element-->By.xpath: //button[text()='Sign Out']
09:29:10.018 INFO  manager.ListenerWD -- After find element-->By.xpath: //button[text()='Sign Out']
09:29:10.021 INFO  manager.ListenerWD -- Location of element-->button
09:29:10.029 INFO  manager.ListenerWD -- Before click element-->buttontext -->Sign Out
09:29:10.065 INFO  tests.TestBase -- Before method finished logout
09:29:10.065 INFO  manager.TestNGListener -- Start test -->loginSuccess
09:29:10.065 INFO  tests.TestBase -- Start test with name 'loginSuccess'
09:29:10.066 INFO  tests.TestBase -- Test data ---> email: lolik@gmail.com & password: Lolik123!
09:29:10.066 INFO  manager.ListenerWD -- Before find element-->By.cssSelector: a[href='/login']
09:29:10.074 INFO  manager.ListenerWD -- After find element-->By.cssSelector: a[href='/login']
09:29:10.078 INFO  manager.ListenerWD -- Location of element-->a
09:29:10.084 INFO  manager.ListenerWD -- Before click element-->atext -->LOGIN
09:29:10.114 INFO  manager.ListenerWD -- After click element-->a
09:29:10.114 INFO  manager.HelperBase -- Open form by ckick on button with locator a[href='/login']
09:29:10.114 INFO  manager.ListenerWD -- Before find element-->By.name: email
09:29:10.123 INFO  manager.ListenerWD -- After find element-->By.name: email
09:29:10.126 INFO  manager.ListenerWD -- Location of element-->input
09:29:10.133 INFO  manager.ListenerWD -- Before click element-->inputtext -->
09:29:10.170 INFO  manager.ListenerWD -- After click element-->input
09:29:10.186 INFO  manager.ListenerWD -- sendKeys -->
09:29:10.188 INFO  manager.ListenerWD -- sendKeys -->input
09:29:10.204 INFO  manager.ListenerWD -- sendKeys -->
09:29:10.206 INFO  manager.ListenerWD -- sendKeys -->input
09:29:10.222 INFO  manager.ListenerWD -- sendKeys -->
09:29:10.224 INFO  manager.ListenerWD -- sendKeys -->input
09:29:10.238 INFO  manager.HelperBase -- type in input with locator By.name("email") 
09:29:10.238 INFO  manager.ListenerWD -- Before find element-->By.xpath: //input[@placeholder='Password']
09:29:10.246 INFO  manager.ListenerWD -- After find element-->By.xpath: //input[@placeholder='Password']
09:29:10.249 INFO  manager.ListenerWD -- Location of element-->input
09:29:10.254 INFO  manager.ListenerWD -- Before click element-->inputtext -->
09:29:10.289 INFO  manager.ListenerWD -- After click element-->input
09:29:10.303 INFO  manager.ListenerWD -- sendKeys -->
09:29:10.306 INFO  manager.ListenerWD -- sendKeys -->input
09:29:10.322 INFO  manager.ListenerWD -- sendKeys -->
09:29:10.324 INFO  manager.ListenerWD -- sendKeys -->input
09:29:10.341 INFO  manager.ListenerWD -- sendKeys -->
09:29:10.342 INFO  manager.ListenerWD -- sendKeys -->input
09:29:10.355 INFO  manager.ListenerWD -- Before find element-->By.xpath: //button[text()='Login']
09:29:10.364 INFO  manager.ListenerWD -- After find element-->By.xpath: //button[text()='Login']
09:29:10.366 INFO  manager.ListenerWD -- Location of element-->button
09:29:10.373 INFO  manager.ListenerWD -- Before click element-->buttontext -->Login
09:29:10.671 INFO  tests.TestBase -- Assert check is element button 'Sign out' present
09:29:10.672 INFO  manager.TestNGListener -- Success test -->loginSuccess
09:29:10.673 INFO  tests.TestBase -- ==============================================
09:29:10.673 INFO  tests.TestBase -- Name of method (test)-->loginSuccess
09:29:10.681 INFO  manager.ListenerWD -- Before find element-->By.xpath: //button[text()='Sign Out']
09:29:10.688 INFO  manager.ListenerWD -- After find element-->By.xpath: //button[text()='Sign Out']
09:29:10.690 INFO  manager.ListenerWD -- Location of element-->button
09:29:10.697 INFO  manager.ListenerWD -- Before click element-->buttontext -->Sign Out
09:29:10.730 INFO  tests.TestBase -- Before method finished logout
09:29:10.730 INFO  manager.TestNGListener -- Start test -->loginSuccess
09:29:10.730 INFO  tests.TestBase -- Start test with name 'loginSuccess'
09:29:10.730 INFO  tests.TestBase -- Test data ---> email: sonya@gmail.com & password: Ss12345$
09:29:10.730 INFO  manager.ListenerWD -- Before find element-->By.cssSelector: a[href='/login']
09:29:10.738 INFO  manager.ListenerWD -- After find element-->By.cssSelector: a[href='/login']
09:29:10.741 INFO  manager.ListenerWD -- Location of element-->a
09:29:10.747 INFO  manager.ListenerWD -- Before click element-->atext -->LOGIN
09:29:10.772 INFO  manager.ListenerWD -- After click element-->a
09:29:10.772 INFO  manager.HelperBase -- Open form by ckick on button with locator a[href='/login']
09:29:10.772 INFO  manager.ListenerWD -- Before find element-->By.name: email
09:29:10.778 INFO  manager.ListenerWD -- After find element-->By.name: email
09:29:10.781 INFO  manager.ListenerWD -- Location of element-->input
09:29:10.787 INFO  manager.ListenerWD -- Before click element-->inputtext -->
09:29:10.821 INFO  manager.ListenerWD -- After click element-->input
09:29:10.836 INFO  manager.ListenerWD -- sendKeys -->
09:29:10.839 INFO  manager.ListenerWD -- sendKeys -->input
09:29:10.853 INFO  manager.ListenerWD -- sendKeys -->
09:29:10.855 INFO  manager.ListenerWD -- sendKeys -->input
09:29:10.869 INFO  manager.ListenerWD -- sendKeys -->
09:29:10.871 INFO  manager.ListenerWD -- sendKeys -->input
09:29:10.884 INFO  manager.HelperBase -- type in input with locator By.name("email") 
09:29:10.885 INFO  manager.ListenerWD -- Before find element-->By.xpath: //input[@placeholder='Password']
09:29:10.891 INFO  manager.ListenerWD -- After find element-->By.xpath: //input[@placeholder='Password']
09:29:10.893 INFO  manager.ListenerWD -- Location of element-->input
09:29:10.900 INFO  manager.ListenerWD -- Before click element-->inputtext -->
09:29:10.932 INFO  manager.ListenerWD -- After click element-->input
09:29:10.947 INFO  manager.ListenerWD -- sendKeys -->
09:29:10.948 INFO  manager.ListenerWD -- sendKeys -->input
09:29:10.964 INFO  manager.ListenerWD -- sendKeys -->
09:29:10.967 INFO  manager.ListenerWD -- sendKeys -->input
09:29:10.982 INFO  manager.ListenerWD -- sendKeys -->
09:29:10.984 INFO  manager.ListenerWD -- sendKeys -->input
09:29:10.997 INFO  manager.ListenerWD -- Before find element-->By.xpath: //button[text()='Login']
09:29:11.005 INFO  manager.ListenerWD -- After find element-->By.xpath: //button[text()='Login']
09:29:11.008 INFO  manager.ListenerWD -- Location of element-->button
09:29:11.013 INFO  manager.ListenerWD -- Before click element-->buttontext -->Login
09:29:11.307 INFO  tests.TestBase -- Assert check is element button 'Sign out' present
09:29:11.307 INFO  manager.TestNGListener -- Success test -->loginSuccess
09:29:11.308 INFO  tests.TestBase -- ==============================================
09:29:11.308 INFO  tests.TestBase -- Name of method (test)-->loginSuccess
09:29:11.317 INFO  manager.ListenerWD -- Before find element-->By.xpath: //button[text()='Sign Out']
09:29:11.324 INFO  manager.ListenerWD -- After find element-->By.xpath: //button[text()='Sign Out']
09:29:11.326 INFO  manager.ListenerWD -- Location of element-->button
09:29:11.333 INFO  manager.ListenerWD -- Before click element-->buttontext -->Sign Out
09:29:11.360 INFO  tests.TestBase -- Before method finished logout
09:29:11.360 INFO  manager.TestNGListener -- Start test -->loginSuccess
09:29:11.360 INFO  tests.TestBase -- Start test with name 'loginSuccess'
09:29:11.360 INFO  tests.TestBase -- Test data ---> email: art276@art.com & password: $Art1$2$3456789
09:29:11.361 INFO  manager.ListenerWD -- Before find element-->By.cssSelector: a[href='/login']
09:29:11.368 INFO  manager.ListenerWD -- After find element-->By.cssSelector: a[href='/login']
09:29:11.370 INFO  manager.ListenerWD -- Location of element-->a
09:29:11.376 INFO  manager.ListenerWD -- Before click element-->atext -->LOGIN
09:29:11.401 INFO  manager.ListenerWD -- After click element-->a
09:29:11.402 INFO  manager.HelperBase -- Open form by ckick on button with locator a[href='/login']
09:29:11.402 INFO  manager.ListenerWD -- Before find element-->By.name: email
09:29:11.408 INFO  manager.ListenerWD -- After find element-->By.name: email
09:29:11.411 INFO  manager.ListenerWD -- Location of element-->input
09:29:11.417 INFO  manager.ListenerWD -- Before click element-->inputtext -->
09:29:11.448 INFO  manager.ListenerWD -- After click element-->input
09:29:11.462 INFO  manager.ListenerWD -- sendKeys -->
09:29:11.464 INFO  manager.ListenerWD -- sendKeys -->input
09:29:11.479 INFO  manager.ListenerWD -- sendKeys -->
09:29:11.481 INFO  manager.ListenerWD -- sendKeys -->input
09:29:11.499 INFO  manager.ListenerWD -- sendKeys -->
09:29:11.501 INFO  manager.ListenerWD -- sendKeys -->input
09:29:11.514 INFO  manager.HelperBase -- type in input with locator By.name("email") 
09:29:11.514 INFO  manager.ListenerWD -- Before find element-->By.xpath: //input[@placeholder='Password']
09:29:11.521 INFO  manager.ListenerWD -- After find element-->By.xpath: //input[@placeholder='Password']
09:29:11.523 INFO  manager.ListenerWD -- Location of element-->input
09:29:11.528 INFO  manager.ListenerWD -- Before click element-->inputtext -->
09:29:11.563 INFO  manager.ListenerWD -- After click element-->input
09:29:11.577 INFO  manager.ListenerWD -- sendKeys -->
09:29:11.580 INFO  manager.ListenerWD -- sendKeys -->input
09:29:11.596 INFO  manager.ListenerWD -- sendKeys -->
09:29:11.598 INFO  manager.ListenerWD -- sendKeys -->input
09:29:11.615 INFO  manager.ListenerWD -- sendKeys -->
09:29:11.616 INFO  manager.ListenerWD -- sendKeys -->input
09:29:11.630 INFO  manager.ListenerWD -- Before find element-->By.xpath: //button[text()='Login']
09:29:11.636 INFO  manager.ListenerWD -- After find element-->By.xpath: //button[text()='Login']
09:29:11.637 INFO  manager.ListenerWD -- Location of element-->button
09:29:11.643 INFO  manager.ListenerWD -- Before click element-->buttontext -->Login
09:29:11.936 INFO  tests.TestBase -- Assert check is element button 'Sign out' present
09:29:11.936 INFO  manager.TestNGListener -- Success test -->loginSuccess
09:29:11.937 INFO  tests.TestBase -- ==============================================
09:29:11.937 INFO  tests.TestBase -- Name of method (test)-->loginSuccess1
09:29:11.945 INFO  manager.ListenerWD -- Before find element-->By.xpath: //button[text()='Sign Out']
09:29:11.951 INFO  manager.ListenerWD -- After find element-->By.xpath: //button[text()='Sign Out']
09:29:11.953 INFO  manager.ListenerWD -- Location of element-->button
09:29:11.959 INFO  manager.ListenerWD -- Before click element-->buttontext -->Sign Out
09:29:11.987 INFO  tests.TestBase -- Before method finished logout
09:29:11.987 INFO  manager.TestNGListener -- Start test -->loginSuccess1
09:29:11.988 INFO  manager.ListenerWD -- Before find element-->By.cssSelector: a[href='/login']
09:29:11.995 INFO  manager.ListenerWD -- After find element-->By.cssSelector: a[href='/login']
09:29:11.997 INFO  manager.ListenerWD -- Location of element-->a
09:29:12.003 INFO  manager.ListenerWD -- Before click element-->atext -->LOGIN
09:29:12.030 INFO  manager.ListenerWD -- After click element-->a
09:29:12.030 INFO  manager.HelperBase -- Open form by ckick on button with locator a[href='/login']
09:29:12.031 INFO  manager.ListenerWD -- Before find element-->By.name: email
09:29:12.037 INFO  manager.ListenerWD -- After find element-->By.name: email
09:29:12.039 INFO  manager.ListenerWD -- Location of element-->input
09:29:12.045 INFO  manager.ListenerWD -- Before click element-->inputtext -->
09:29:12.079 INFO  manager.ListenerWD -- After click element-->input
09:29:12.096 INFO  manager.ListenerWD -- sendKeys -->
09:29:12.098 INFO  manager.ListenerWD -- sendKeys -->input
09:29:12.114 INFO  manager.ListenerWD -- sendKeys -->
09:29:12.115 INFO  manager.ListenerWD -- sendKeys -->input
09:29:12.131 INFO  manager.ListenerWD -- sendKeys -->
09:29:12.133 INFO  manager.ListenerWD -- sendKeys -->input
09:29:12.148 INFO  manager.ListenerWD -- Before find element-->By.xpath: //input[@placeholder='Password']
09:29:12.155 INFO  manager.ListenerWD -- After find element-->By.xpath: //input[@placeholder='Password']
09:29:12.158 INFO  manager.ListenerWD -- Location of element-->input
09:29:12.164 INFO  manager.ListenerWD -- Before click element-->inputtext -->
09:29:12.201 INFO  manager.ListenerWD -- After click element-->input
09:29:12.216 INFO  manager.ListenerWD -- sendKeys -->
09:29:12.218 INFO  manager.ListenerWD -- sendKeys -->input
09:29:12.235 INFO  manager.ListenerWD -- sendKeys -->
09:29:12.237 INFO  manager.ListenerWD -- sendKeys -->input
09:29:12.254 INFO  manager.ListenerWD -- sendKeys -->
09:29:12.256 INFO  manager.ListenerWD -- sendKeys -->input
09:29:12.269 INFO  manager.ListenerWD -- Before find element-->By.xpath: //button[text()='Login']
09:29:12.276 INFO  manager.ListenerWD -- After find element-->By.xpath: //button[text()='Login']
09:29:12.278 INFO  manager.ListenerWD -- Location of element-->button
09:29:12.283 INFO  manager.ListenerWD -- Before click element-->buttontext -->Login
09:29:12.630 INFO  manager.TestNGListener -- Success test -->loginSuccess1
09:29:12.631 INFO  tests.TestBase -- ==============================================
09:29:12.632 INFO  tests.TestBase -- Name of method (test)-->loginSuccessModel
09:29:12.639 INFO  manager.ListenerWD -- Before find element-->By.xpath: //button[text()='Sign Out']
09:29:12.646 INFO  manager.ListenerWD -- After find element-->By.xpath: //button[text()='Sign Out']
09:29:12.649 INFO  manager.ListenerWD -- Location of element-->button
09:29:12.656 INFO  manager.ListenerWD -- Before click element-->buttontext -->Sign Out
09:29:12.687 INFO  tests.TestBase -- Before method finished logout
09:29:12.687 INFO  manager.TestNGListener -- Start test -->loginSuccessModel
09:29:12.688 INFO  tests.TestBase -- Test data---> User{email='lolik@gmail.com', password='Lolik123!'}
09:29:12.688 INFO  manager.ListenerWD -- Before find element-->By.cssSelector: a[href='/login']
09:29:12.696 INFO  manager.ListenerWD -- After find element-->By.cssSelector: a[href='/login']
09:29:12.699 INFO  manager.ListenerWD -- Location of element-->a
09:29:12.709 INFO  manager.ListenerWD -- Before click element-->atext -->LOGIN
09:29:12.738 INFO  manager.ListenerWD -- After click element-->a
09:29:12.738 INFO  manager.HelperBase -- Open form by ckick on button with locator a[href='/login']
09:29:12.738 INFO  manager.ListenerWD -- Before find element-->By.name: email
09:29:12.744 INFO  manager.ListenerWD -- After find element-->By.name: email
09:29:12.747 INFO  manager.ListenerWD -- Location of element-->input
09:29:12.752 INFO  manager.ListenerWD -- Before click element-->inputtext -->
09:29:12.783 INFO  manager.ListenerWD -- After click element-->input
09:29:12.798 INFO  manager.ListenerWD -- sendKeys -->
09:29:12.800 INFO  manager.ListenerWD -- sendKeys -->input
09:29:12.817 INFO  manager.ListenerWD -- sendKeys -->
09:29:12.819 INFO  manager.ListenerWD -- sendKeys -->input
09:29:12.834 INFO  manager.ListenerWD -- sendKeys -->
09:29:12.837 INFO  manager.ListenerWD -- sendKeys -->input
09:29:12.850 INFO  manager.ListenerWD -- Before find element-->By.xpath: //input[@placeholder='Password']
09:29:12.857 INFO  manager.ListenerWD -- After find element-->By.xpath: //input[@placeholder='Password']
09:29:12.860 INFO  manager.ListenerWD -- Location of element-->input
09:29:12.867 INFO  manager.ListenerWD -- Before click element-->inputtext -->
09:29:12.901 INFO  manager.ListenerWD -- After click element-->input
09:29:12.916 INFO  manager.ListenerWD -- sendKeys -->
09:29:12.918 INFO  manager.ListenerWD -- sendKeys -->input
09:29:12.933 INFO  manager.ListenerWD -- sendKeys -->
09:29:12.935 INFO  manager.ListenerWD -- sendKeys -->input
09:29:12.952 INFO  manager.ListenerWD -- sendKeys -->
09:29:12.954 INFO  manager.ListenerWD -- sendKeys -->input
09:29:12.966 INFO  manager.ListenerWD -- Before find element-->By.xpath: //button[text()='Login']
09:29:12.973 INFO  manager.ListenerWD -- After find element-->By.xpath: //button[text()='Login']
09:29:12.977 INFO  manager.ListenerWD -- Location of element-->button
09:29:12.982 INFO  manager.ListenerWD -- Before click element-->buttontext -->Login
09:29:13.272 INFO  tests.TestBase -- Assert check is element button 'Sign out' present
09:29:13.273 INFO  manager.TestNGListener -- Success test -->loginSuccessModel
09:29:13.273 INFO  tests.TestBase -- ==============================================
09:29:13.274 INFO  tests.TestBase -- Name of method (test)-->loginSuccessModel
09:29:13.283 INFO  manager.ListenerWD -- Before find element-->By.xpath: //button[text()='Sign Out']
09:29:13.289 INFO  manager.ListenerWD -- After find element-->By.xpath: //button[text()='Sign Out']
09:29:13.292 INFO  manager.ListenerWD -- Location of element-->button
09:29:13.297 INFO  manager.ListenerWD -- Before click element-->buttontext -->Sign Out
09:29:13.325 INFO  tests.TestBase -- Before method finished logout
09:29:13.326 INFO  manager.TestNGListener -- Start test -->loginSuccessModel
09:29:13.326 INFO  tests.TestBase -- Test data---> User{email='sonya@gmail.com', password='Ss12345$'}
09:29:13.326 INFO  manager.ListenerWD -- Before find element-->By.cssSelector: a[href='/login']
09:29:13.333 INFO  manager.ListenerWD -- After find element-->By.cssSelector: a[href='/login']
09:29:13.335 INFO  manager.ListenerWD -- Location of element-->a
09:29:13.341 INFO  manager.ListenerWD -- Before click element-->atext -->LOGIN
09:29:13.366 INFO  manager.ListenerWD -- After click element-->a
09:29:13.366 INFO  manager.HelperBase -- Open form by ckick on button with locator a[href='/login']
09:29:13.366 INFO  manager.ListenerWD -- Before find element-->By.name: email
09:29:13.373 INFO  manager.ListenerWD -- After find element-->By.name: email
09:29:13.375 INFO  manager.ListenerWD -- Location of element-->input
09:29:13.380 INFO  manager.ListenerWD -- Before click element-->inputtext -->
09:29:13.414 INFO  manager.ListenerWD -- After click element-->input
09:29:13.428 INFO  manager.ListenerWD -- sendKeys -->
09:29:13.430 INFO  manager.ListenerWD -- sendKeys -->input
09:29:13.444 INFO  manager.ListenerWD -- sendKeys -->
09:29:13.446 INFO  manager.ListenerWD -- sendKeys -->input
09:29:13.461 INFO  manager.ListenerWD -- sendKeys -->
09:29:13.463 INFO  manager.ListenerWD -- sendKeys -->input
09:29:13.478 INFO  manager.ListenerWD -- Before find element-->By.xpath: //input[@placeholder='Password']
09:29:13.484 INFO  manager.ListenerWD -- After find element-->By.xpath: //input[@placeholder='Password']
09:29:13.486 INFO  manager.ListenerWD -- Location of element-->input
09:29:13.492 INFO  manager.ListenerWD -- Before click element-->inputtext -->
09:29:13.526 INFO  manager.ListenerWD -- After click element-->input
09:29:13.540 INFO  manager.ListenerWD -- sendKeys -->
09:29:13.542 INFO  manager.ListenerWD -- sendKeys -->input
09:29:13.558 INFO  manager.ListenerWD -- sendKeys -->
09:29:13.560 INFO  manager.ListenerWD -- sendKeys -->input
09:29:13.577 INFO  manager.ListenerWD -- sendKeys -->
09:29:13.579 INFO  manager.ListenerWD -- sendKeys -->input
09:29:13.593 INFO  manager.ListenerWD -- Before find element-->By.xpath: //button[text()='Login']
09:29:13.602 INFO  manager.ListenerWD -- After find element-->By.xpath: //button[text()='Login']
09:29:13.604 INFO  manager.ListenerWD -- Location of element-->button
09:29:13.610 INFO  manager.ListenerWD -- Before click element-->buttontext -->Login
09:29:13.901 INFO  tests.TestBase -- Assert check is element button 'Sign out' present
09:29:13.902 INFO  manager.TestNGListener -- Success test -->loginSuccessModel
09:29:13.902 INFO  tests.TestBase -- ==============================================
09:29:13.903 INFO  tests.TestBase -- Name of method (test)-->loginSuccessModelDPF
09:29:13.912 INFO  manager.ListenerWD -- Before find element-->By.xpath: //button[text()='Sign Out']
09:29:13.920 INFO  manager.ListenerWD -- After find element-->By.xpath: //button[text()='Sign Out']
09:29:13.923 INFO  manager.ListenerWD -- Location of element-->button
09:29:13.929 INFO  manager.ListenerWD -- Before click element-->buttontext -->Sign Out
09:29:13.965 INFO  tests.TestBase -- Before method finished logout
09:29:13.965 INFO  manager.TestNGListener -- Start test -->loginSuccessModelDPF
09:29:13.966 INFO  tests.TestBase -- Test data---> User{email='lolik@gmail.com', password='Lolik123!'}
09:29:13.966 INFO  manager.ListenerWD -- Before find element-->By.cssSelector: a[href='/login']
09:29:13.973 INFO  manager.ListenerWD -- After find element-->By.cssSelector: a[href='/login']
09:29:13.975 INFO  manager.ListenerWD -- Location of element-->a
09:29:13.981 INFO  manager.ListenerWD -- Before click element-->atext -->LOGIN
09:29:14.006 INFO  manager.ListenerWD -- After click element-->a
09:29:14.006 INFO  manager.HelperBase -- Open form by ckick on button with locator a[href='/login']
09:29:14.007 INFO  manager.ListenerWD -- Before find element-->By.name: email
09:29:14.013 INFO  manager.ListenerWD -- After find element-->By.name: email
09:29:14.015 INFO  manager.ListenerWD -- Location of element-->input
09:29:14.020 INFO  manager.ListenerWD -- Before click element-->inputtext -->
09:29:14.052 INFO  manager.ListenerWD -- After click element-->input
09:29:14.066 INFO  manager.ListenerWD -- sendKeys -->
09:29:14.068 INFO  manager.ListenerWD -- sendKeys -->input
09:29:14.083 INFO  manager.ListenerWD -- sendKeys -->
09:29:14.085 INFO  manager.ListenerWD -- sendKeys -->input
09:29:14.100 INFO  manager.ListenerWD -- sendKeys -->
09:29:14.102 INFO  manager.ListenerWD -- sendKeys -->input
09:29:14.115 INFO  manager.ListenerWD -- Before find element-->By.xpath: //input[@placeholder='Password']
09:29:14.122 INFO  manager.ListenerWD -- After find element-->By.xpath: //input[@placeholder='Password']
09:29:14.124 INFO  manager.ListenerWD -- Location of element-->input
09:29:14.129 INFO  manager.ListenerWD -- Before click element-->inputtext -->
09:29:14.166 INFO  manager.ListenerWD -- After click element-->input
09:29:14.185 INFO  manager.ListenerWD -- sendKeys -->
09:29:14.189 INFO  manager.ListenerWD -- sendKeys -->input
09:29:14.205 INFO  manager.ListenerWD -- sendKeys -->
09:29:14.207 INFO  manager.ListenerWD -- sendKeys -->input
09:29:14.224 INFO  manager.ListenerWD -- sendKeys -->
09:29:14.227 INFO  manager.ListenerWD -- sendKeys -->input
09:29:14.243 INFO  manager.ListenerWD -- Before find element-->By.xpath: //button[text()='Login']
09:29:14.250 INFO  manager.ListenerWD -- After find element-->By.xpath: //button[text()='Login']
09:29:14.252 INFO  manager.ListenerWD -- Location of element-->button
09:29:14.260 INFO  manager.ListenerWD -- Before click element-->buttontext -->Login
09:29:14.546 INFO  tests.TestBase -- Assert check is element button 'Sign out' present
09:29:14.547 INFO  manager.TestNGListener -- Success test -->loginSuccessModelDPF
09:29:14.547 INFO  tests.TestBase -- ==============================================
09:29:14.548 INFO  tests.TestBase -- Name of method (test)-->loginSuccessModelDPF
09:29:14.559 INFO  manager.ListenerWD -- Before find element-->By.xpath: //button[text()='Sign Out']
09:29:14.566 INFO  manager.ListenerWD -- After find element-->By.xpath: //button[text()='Sign Out']
09:29:14.568 INFO  manager.ListenerWD -- Location of element-->button
09:29:14.574 INFO  manager.ListenerWD -- Before click element-->buttontext -->Sign Out
09:29:14.605 INFO  tests.TestBase -- Before method finished logout
09:29:14.605 INFO  manager.TestNGListener -- Start test -->loginSuccessModelDPF
09:29:14.605 INFO  tests.TestBase -- Test data---> User{email='sonya@gmail.com', password='Ss12345$'}
09:29:14.605 INFO  manager.ListenerWD -- Before find element-->By.cssSelector: a[href='/login']
09:29:14.613 INFO  manager.ListenerWD -- After find element-->By.cssSelector: a[href='/login']
09:29:14.616 INFO  manager.ListenerWD -- Location of element-->a
09:29:14.621 INFO  manager.ListenerWD -- Before click element-->atext -->LOGIN
09:29:14.647 INFO  manager.ListenerWD -- After click element-->a
09:29:14.647 INFO  manager.HelperBase -- Open form by ckick on button with locator a[href='/login']
09:29:14.647 INFO  manager.ListenerWD -- Before find element-->By.name: email
09:29:14.653 INFO  manager.ListenerWD -- After find element-->By.name: email
09:29:14.655 INFO  manager.ListenerWD -- Location of element-->input
09:29:14.661 INFO  manager.ListenerWD -- Before click element-->inputtext -->
09:29:14.692 INFO  manager.ListenerWD -- After click element-->input
09:29:14.707 INFO  manager.ListenerWD -- sendKeys -->
09:29:14.709 INFO  manager.ListenerWD -- sendKeys -->input
09:29:14.724 INFO  manager.ListenerWD -- sendKeys -->
09:29:14.726 INFO  manager.ListenerWD -- sendKeys -->input
09:29:14.743 INFO  manager.ListenerWD -- sendKeys -->
09:29:14.746 INFO  manager.ListenerWD -- sendKeys -->input
09:29:14.759 INFO  manager.ListenerWD -- Before find element-->By.xpath: //input[@placeholder='Password']
09:29:14.766 INFO  manager.ListenerWD -- After find element-->By.xpath: //input[@placeholder='Password']
09:29:14.769 INFO  manager.ListenerWD -- Location of element-->input
09:29:14.774 INFO  manager.ListenerWD -- Before click element-->inputtext -->
09:29:14.807 INFO  manager.ListenerWD -- After click element-->input
09:29:14.821 INFO  manager.ListenerWD -- sendKeys -->
09:29:14.822 INFO  manager.ListenerWD -- sendKeys -->input
09:29:14.839 INFO  manager.ListenerWD -- sendKeys -->
09:29:14.841 INFO  manager.ListenerWD -- sendKeys -->input
09:29:14.855 INFO  manager.ListenerWD -- sendKeys -->
09:29:14.857 INFO  manager.ListenerWD -- sendKeys -->input
09:29:14.869 INFO  manager.ListenerWD -- Before find element-->By.xpath: //button[text()='Login']
09:29:14.875 INFO  manager.ListenerWD -- After find element-->By.xpath: //button[text()='Login']
09:29:14.877 INFO  manager.ListenerWD -- Location of element-->button
09:29:14.882 INFO  manager.ListenerWD -- Before click element-->buttontext -->Login
09:29:15.178 INFO  tests.TestBase -- Assert check is element button 'Sign out' present
09:29:15.178 INFO  manager.TestNGListener -- Success test -->loginSuccessModelDPF
09:29:15.179 INFO  tests.TestBase -- ==============================================
09:29:15.179 INFO  tests.TestBase -- Name of method (test)-->loginSuccessModelDPF
09:29:15.187 INFO  manager.ListenerWD -- Before find element-->By.xpath: //button[text()='Sign Out']
09:29:15.194 INFO  manager.ListenerWD -- After find element-->By.xpath: //button[text()='Sign Out']
09:29:15.197 INFO  manager.ListenerWD -- Location of element-->button
09:29:15.203 INFO  manager.ListenerWD -- Before click element-->buttontext -->Sign Out
09:29:15.239 INFO  tests.TestBase -- Before method finished logout
09:29:15.239 INFO  manager.TestNGListener -- Start test -->loginSuccessModelDPF
09:29:15.239 INFO  tests.TestBase -- Test data---> User{email='lolik@gmail.com', password='Lolik123!'}
09:29:15.239 INFO  manager.ListenerWD -- Before find element-->By.cssSelector: a[href='/login']
09:29:15.246 INFO  manager.ListenerWD -- After find element-->By.cssSelector: a[href='/login']
09:29:15.248 INFO  manager.ListenerWD -- Location of element-->a
09:29:15.254 INFO  manager.ListenerWD -- Before click element-->atext -->LOGIN
09:29:15.280 INFO  manager.ListenerWD -- After click element-->a
09:29:15.280 INFO  manager.HelperBase -- Open form by ckick on button with locator a[href='/login']
09:29:15.280 INFO  manager.ListenerWD -- Before find element-->By.name: email
09:29:15.286 INFO  manager.ListenerWD -- After find element-->By.name: email
09:29:15.288 INFO  manager.ListenerWD -- Location of element-->input
09:29:15.293 INFO  manager.ListenerWD -- Before click element-->inputtext -->
09:29:15.325 INFO  manager.ListenerWD -- After click element-->input
09:29:15.340 INFO  manager.ListenerWD -- sendKeys -->
09:29:15.342 INFO  manager.ListenerWD -- sendKeys -->input
09:29:15.357 INFO  manager.ListenerWD -- sendKeys -->
09:29:15.359 INFO  manager.ListenerWD -- sendKeys -->input
09:29:15.374 INFO  manager.ListenerWD -- sendKeys -->
09:29:15.377 INFO  manager.ListenerWD -- sendKeys -->input
09:29:15.390 INFO  manager.ListenerWD -- Before find element-->By.xpath: //input[@placeholder='Password']
09:29:15.397 INFO  manager.ListenerWD -- After find element-->By.xpath: //input[@placeholder='Password']
09:29:15.399 INFO  manager.ListenerWD -- Location of element-->input
09:29:15.404 INFO  manager.ListenerWD -- Before click element-->inputtext -->
09:29:15.436 INFO  manager.ListenerWD -- After click element-->input
09:29:15.452 INFO  manager.ListenerWD -- sendKeys -->
09:29:15.456 INFO  manager.ListenerWD -- sendKeys -->input
09:29:15.472 INFO  manager.ListenerWD -- sendKeys -->
09:29:15.475 INFO  manager.ListenerWD -- sendKeys -->input
09:29:15.492 INFO  manager.ListenerWD -- sendKeys -->
09:29:15.494 INFO  manager.ListenerWD -- sendKeys -->input
09:29:15.507 INFO  manager.ListenerWD -- Before find element-->By.xpath: //button[text()='Login']
09:29:15.514 INFO  manager.ListenerWD -- After find element-->By.xpath: //button[text()='Login']
09:29:15.517 INFO  manager.ListenerWD -- Location of element-->button
09:29:15.523 INFO  manager.ListenerWD -- Before click element-->buttontext -->Login
09:29:15.874 INFO  tests.TestBase -- Assert check is element button 'Sign out' present
09:29:15.874 INFO  manager.TestNGListener -- Success test -->loginSuccessModelDPF
09:29:15.875 INFO  tests.TestBase -- ==============================================
09:29:15.875 INFO  tests.TestBase -- Name of method (test)-->loginUnregisteredUser
09:29:15.886 INFO  manager.ListenerWD -- Before find element-->By.xpath: //button[text()='Sign Out']
09:29:15.893 INFO  manager.ListenerWD -- After find element-->By.xpath: //button[text()='Sign Out']
09:29:15.896 INFO  manager.ListenerWD -- Location of element-->button
09:29:15.903 INFO  manager.ListenerWD -- Before click element-->buttontext -->Sign Out
09:29:15.932 INFO  tests.TestBase -- Before method finished logout
09:29:15.932 INFO  manager.TestNGListener -- Start test -->loginUnregisteredUser
09:29:15.932 INFO  tests.TestBase -- Test data --> email:'loli_k@mail.ru & password: Lolik123!
09:29:15.932 INFO  manager.ListenerWD -- Before find element-->By.cssSelector: a[href='/login']
09:29:15.939 INFO  manager.ListenerWD -- After find element-->By.cssSelector: a[href='/login']
09:29:15.941 INFO  manager.ListenerWD -- Location of element-->a
09:29:15.947 INFO  manager.ListenerWD -- Before click element-->atext -->LOGIN
09:29:15.973 INFO  manager.ListenerWD -- After click element-->a
09:29:15.973 INFO  manager.HelperBase -- Open form by ckick on button with locator a[href='/login']
09:29:15.973 INFO  manager.ListenerWD -- Before find element-->By.name: email
09:29:15.980 INFO  manager.ListenerWD -- After find element-->By.name: email
09:29:15.983 INFO  manager.ListenerWD -- Location of element-->input
09:29:15.989 INFO  manager.ListenerWD -- Before click element-->inputtext -->
09:29:16.020 INFO  manager.ListenerWD -- After click element-->input
09:29:16.035 INFO  manager.ListenerWD -- sendKeys -->
09:29:16.037 INFO  manager.ListenerWD -- sendKeys -->input
09:29:16.054 INFO  manager.ListenerWD -- sendKeys -->
09:29:16.056 INFO  manager.ListenerWD -- sendKeys -->input
09:29:16.073 INFO  manager.ListenerWD -- sendKeys -->
09:29:16.076 INFO  manager.ListenerWD -- sendKeys -->input
09:29:16.091 INFO  manager.HelperBase -- type in input with locator By.name("email") 
09:29:16.091 INFO  manager.ListenerWD -- Before find element-->By.xpath: //input[@placeholder='Password']
09:29:16.098 INFO  manager.ListenerWD -- After find element-->By.xpath: //input[@placeholder='Password']
09:29:16.100 INFO  manager.ListenerWD -- Location of element-->input
09:29:16.105 INFO  manager.ListenerWD -- Before click element-->inputtext -->
09:29:16.139 INFO  manager.ListenerWD -- After click element-->input
09:29:16.153 INFO  manager.ListenerWD -- sendKeys -->
09:29:16.155 INFO  manager.ListenerWD -- sendKeys -->input
09:29:16.173 INFO  manager.ListenerWD -- sendKeys -->
09:29:16.176 INFO  manager.ListenerWD -- sendKeys -->input
09:29:16.191 INFO  manager.ListenerWD -- sendKeys -->
09:29:16.194 INFO  manager.ListenerWD -- sendKeys -->input
09:29:16.207 INFO  manager.ListenerWD -- Before find element-->By.xpath: //button[text()='Login']
09:29:16.214 INFO  manager.ListenerWD -- After find element-->By.xpath: //button[text()='Login']
09:29:16.216 INFO  manager.ListenerWD -- Location of element-->button
09:29:16.221 INFO  manager.ListenerWD -- Before click element-->buttontext -->Login
09:29:16.254 INFO  manager.ListenerWD -- Huston, we have a problem!
09:29:16.255 INFO  manager.ListenerWD -- Failed method:alert
09:29:16.255 INFO  manager.ListenerWD -- **********************
09:29:16.255 INFO  manager.ListenerWD -- Arguments:null
09:29:16.255 INFO  manager.ListenerWD -- **********************
09:29:16.255 INFO  manager.ListenerWD -- Exception:NoAlertPresentException
09:29:16.255 INFO  manager.ListenerWD -- **********************
09:29:16.255 INFO  manager.ListenerWD -- Messageno such alert
  (Session info: chrome=148.0.7778.179)
Build info: version: '4.26.0', revision: '8ccf0219d7'
System info: os.name: 'Windows 10', os.arch: 'amd64', os.version: '10.0', java.version: '17.0.12'
Driver info: org.openqa.selenium.chrome.ChromeDriver
Command: [114680e363106dd625032bc4f079a77c, getAlertText {}]
Capabilities {acceptInsecureCerts: false, browserName: chrome, browserVersion: 148.0.7778.179, chrome: {chromedriverVersion: 147.0.7727.57 (b4f28b5637d0..., userDataDir: C:\Users\Nina\AppData\Local...}, fedcm:accounts: true, goog:chromeOptions: {debuggerAddress: localhost:62592}, goog:processID: 11556, networkConnectionEnabled: false, pageLoadStrategy: normal, platformName: windows, proxy: Proxy(), se:cdp: ws://localhost:62592/devtoo..., se:cdpVersion: 148.0.7778.179, setWindowRect: true, strictFileInteractability: false, timeouts: {implicit: 0, pageLoad: 300000, script: 30000}, unhandledPromptBehavior: dismiss and notify, webauthn:extension:credBlob: true, webauthn:extension:largeBlob: true, webauthn:extension:minPinLength: true, webauthn:extension:prf: true, webauthn:virtualAuthenticators: true}
Session ID: 114680e363106dd625032bc4f079a77c
09:29:16.255 INFO  manager.ListenerWD -- **********************
09:29:16.255 INFO  manager.ListenerWD -- Screen with error is --->src/test/screenshots/screen_1805.png
09:29:16.779 INFO  tests.TestBase -- Assert check is alert present with error test 'Wrong email or password' 
09:29:16.779 INFO  manager.TestNGListener -- Success test -->loginUnregisteredUser
09:29:16.780 INFO  tests.TestBase -- ==============================================
09:29:16.780 INFO  tests.TestBase -- Name of method (test)-->loginWrongEmail
09:29:21.827 INFO  manager.TestNGListener -- Start test -->loginWrongEmail
09:29:21.827 INFO  tests.TestBase -- Test data --> email:'lolikgmail.com & password: Lolik123!
09:29:21.827 INFO  manager.ListenerWD -- Before find element-->By.cssSelector: a[href='/login']
09:29:21.839 INFO  manager.ListenerWD -- After find element-->By.cssSelector: a[href='/login']
09:29:21.842 INFO  manager.ListenerWD -- Location of element-->a
09:29:21.848 INFO  manager.ListenerWD -- Before click element-->atext -->LOGIN
09:29:21.882 INFO  manager.ListenerWD -- After click element-->a
09:29:21.882 INFO  manager.HelperBase -- Open form by ckick on button with locator a[href='/login']
09:29:21.882 INFO  manager.ListenerWD -- Before find element-->By.name: email
09:29:21.888 INFO  manager.ListenerWD -- After find element-->By.name: email
09:29:21.891 INFO  manager.ListenerWD -- Location of element-->input
09:29:21.896 INFO  manager.ListenerWD -- Before click element-->inputtext -->
09:29:21.926 INFO  manager.ListenerWD -- After click element-->input
09:29:21.942 INFO  manager.ListenerWD -- sendKeys -->
09:29:21.945 INFO  manager.ListenerWD -- sendKeys -->input
09:29:21.968 INFO  manager.ListenerWD -- sendKeys -->
09:29:21.971 INFO  manager.ListenerWD -- sendKeys -->input
09:29:21.985 INFO  manager.ListenerWD -- sendKeys -->
09:29:21.988 INFO  manager.ListenerWD -- sendKeys -->input
09:29:22.001 INFO  manager.HelperBase -- type in input with locator By.name("email") 
09:29:22.001 INFO  manager.ListenerWD -- Before find element-->By.xpath: //input[@placeholder='Password']
09:29:22.008 INFO  manager.ListenerWD -- After find element-->By.xpath: //input[@placeholder='Password']
09:29:22.011 INFO  manager.ListenerWD -- Location of element-->input
09:29:22.017 INFO  manager.ListenerWD -- Before click element-->inputtext -->
09:29:22.046 INFO  manager.ListenerWD -- After click element-->input
09:29:22.063 INFO  manager.ListenerWD -- sendKeys -->
09:29:22.065 INFO  manager.ListenerWD -- sendKeys -->input
09:29:22.090 INFO  manager.ListenerWD -- sendKeys -->
09:29:22.092 INFO  manager.ListenerWD -- sendKeys -->input
09:29:22.106 INFO  manager.ListenerWD -- sendKeys -->
09:29:22.108 INFO  manager.ListenerWD -- sendKeys -->input
09:29:22.121 INFO  manager.ListenerWD -- Before find element-->By.xpath: //button[text()='Login']
09:29:22.127 INFO  manager.ListenerWD -- After find element-->By.xpath: //button[text()='Login']
09:29:22.129 INFO  manager.ListenerWD -- Location of element-->button
09:29:22.135 INFO  manager.ListenerWD -- Before click element-->buttontext -->Login
09:29:22.165 INFO  manager.ListenerWD -- Huston, we have a problem!
09:29:22.165 INFO  manager.ListenerWD -- Failed method:alert
09:29:22.165 INFO  manager.ListenerWD -- **********************
09:29:22.165 INFO  manager.ListenerWD -- Arguments:null
09:29:22.165 INFO  manager.ListenerWD -- **********************
09:29:22.165 INFO  manager.ListenerWD -- Exception:NoAlertPresentException
09:29:22.165 INFO  manager.ListenerWD -- **********************
09:29:22.165 INFO  manager.ListenerWD -- Messageno such alert
  (Session info: chrome=148.0.7778.179)
Build info: version: '4.26.0', revision: '8ccf0219d7'
System info: os.name: 'Windows 10', os.arch: 'amd64', os.version: '10.0', java.version: '17.0.12'
Driver info: org.openqa.selenium.chrome.ChromeDriver
Command: [114680e363106dd625032bc4f079a77c, getAlertText {}]
Capabilities {acceptInsecureCerts: false, browserName: chrome, browserVersion: 148.0.7778.179, chrome: {chromedriverVersion: 147.0.7727.57 (b4f28b5637d0..., userDataDir: C:\Users\Nina\AppData\Local...}, fedcm:accounts: true, goog:chromeOptions: {debuggerAddress: localhost:62592}, goog:processID: 11556, networkConnectionEnabled: false, pageLoadStrategy: normal, platformName: windows, proxy: Proxy(), se:cdp: ws://localhost:62592/devtoo..., se:cdpVersion: 148.0.7778.179, setWindowRect: true, strictFileInteractability: false, timeouts: {implicit: 0, pageLoad: 300000, script: 30000}, unhandledPromptBehavior: dismiss and notify, webauthn:extension:credBlob: true, webauthn:extension:largeBlob: true, webauthn:extension:minPinLength: true, webauthn:extension:prf: true, webauthn:virtualAuthenticators: true}
Session ID: 114680e363106dd625032bc4f079a77c
09:29:22.165 INFO  manager.ListenerWD -- **********************
09:29:22.165 INFO  manager.ListenerWD -- Screen with error is --->src/test/screenshots/screen_1553.png
09:29:22.686 INFO  tests.TestBase -- Assert check is alert present with error test 'Wrong email or password' 
09:29:22.687 INFO  manager.TestNGListener -- Success test -->loginWrongEmail
09:29:22.687 INFO  tests.TestBase -- ==============================================
09:29:22.688 INFO  tests.TestBase -- Name of method (test)-->loginWrongPassword
09:29:27.725 INFO  manager.TestNGListener -- Start test -->loginWrongPassword
09:29:27.726 INFO  tests.TestBase -- Test data --> email:'lolik@gmail.com & password: Lolik123
09:29:27.726 INFO  manager.ListenerWD -- Before find element-->By.cssSelector: a[href='/login']
09:29:27.736 INFO  manager.ListenerWD -- After find element-->By.cssSelector: a[href='/login']
09:29:27.739 INFO  manager.ListenerWD -- Location of element-->a
09:29:27.745 INFO  manager.ListenerWD -- Before click element-->atext -->LOGIN
09:29:27.780 INFO  manager.ListenerWD -- After click element-->a
09:29:27.780 INFO  manager.HelperBase -- Open form by ckick on button with locator a[href='/login']
09:29:27.780 INFO  manager.ListenerWD -- Before find element-->By.name: email
09:29:27.787 INFO  manager.ListenerWD -- After find element-->By.name: email
09:29:27.789 INFO  manager.ListenerWD -- Location of element-->input
09:29:27.795 INFO  manager.ListenerWD -- Before click element-->inputtext -->
09:29:27.822 INFO  manager.ListenerWD -- After click element-->input
09:29:27.838 INFO  manager.ListenerWD -- sendKeys -->
09:29:27.840 INFO  manager.ListenerWD -- sendKeys -->input
09:29:27.864 INFO  manager.ListenerWD -- sendKeys -->
09:29:27.866 INFO  manager.ListenerWD -- sendKeys -->input
09:29:27.882 INFO  manager.ListenerWD -- sendKeys -->
09:29:27.884 INFO  manager.ListenerWD -- sendKeys -->input
09:29:27.898 INFO  manager.HelperBase -- type in input with locator By.name("email") 
09:29:27.898 INFO  manager.ListenerWD -- Before find element-->By.xpath: //input[@placeholder='Password']
09:29:27.905 INFO  manager.ListenerWD -- After find element-->By.xpath: //input[@placeholder='Password']
09:29:27.907 INFO  manager.ListenerWD -- Location of element-->input
09:29:27.913 INFO  manager.ListenerWD -- Before click element-->inputtext -->
09:29:27.940 INFO  manager.ListenerWD -- After click element-->input
09:29:27.956 INFO  manager.ListenerWD -- sendKeys -->
09:29:27.958 INFO  manager.ListenerWD -- sendKeys -->input
09:29:27.982 INFO  manager.ListenerWD -- sendKeys -->
09:29:27.985 INFO  manager.ListenerWD -- sendKeys -->input
09:29:28.000 INFO  manager.ListenerWD -- sendKeys -->
09:29:28.002 INFO  manager.ListenerWD -- sendKeys -->input
09:29:28.015 INFO  manager.ListenerWD -- Before find element-->By.xpath: //button[text()='Login']
09:29:28.021 INFO  manager.ListenerWD -- After find element-->By.xpath: //button[text()='Login']
09:29:28.024 INFO  manager.ListenerWD -- Location of element-->button
09:29:28.029 INFO  manager.ListenerWD -- Before click element-->buttontext -->Login
09:29:28.059 INFO  manager.ListenerWD -- Huston, we have a problem!
09:29:28.059 INFO  manager.ListenerWD -- Failed method:alert
09:29:28.059 INFO  manager.ListenerWD -- **********************
09:29:28.059 INFO  manager.ListenerWD -- Arguments:null
09:29:28.059 INFO  manager.ListenerWD -- **********************
09:29:28.059 INFO  manager.ListenerWD -- Exception:NoAlertPresentException
09:29:28.059 INFO  manager.ListenerWD -- **********************
09:29:28.059 INFO  manager.ListenerWD -- Messageno such alert
  (Session info: chrome=148.0.7778.179)
Build info: version: '4.26.0', revision: '8ccf0219d7'
System info: os.name: 'Windows 10', os.arch: 'amd64', os.version: '10.0', java.version: '17.0.12'
Driver info: org.openqa.selenium.chrome.ChromeDriver
Command: [114680e363106dd625032bc4f079a77c, getAlertText {}]
Capabilities {acceptInsecureCerts: false, browserName: chrome, browserVersion: 148.0.7778.179, chrome: {chromedriverVersion: 147.0.7727.57 (b4f28b5637d0..., userDataDir: C:\Users\Nina\AppData\Local...}, fedcm:accounts: true, goog:chromeOptions: {debuggerAddress: localhost:62592}, goog:processID: 11556, networkConnectionEnabled: false, pageLoadStrategy: normal, platformName: windows, proxy: Proxy(), se:cdp: ws://localhost:62592/devtoo..., se:cdpVersion: 148.0.7778.179, setWindowRect: true, strictFileInteractability: false, timeouts: {implicit: 0, pageLoad: 300000, script: 30000}, unhandledPromptBehavior: dismiss and notify, webauthn:extension:credBlob: true, webauthn:extension:largeBlob: true, webauthn:extension:minPinLength: true, webauthn:extension:prf: true, webauthn:virtualAuthenticators: true}
Session ID: 114680e363106dd625032bc4f079a77c
09:29:28.059 INFO  manager.ListenerWD -- **********************
09:29:28.059 INFO  manager.ListenerWD -- Screen with error is --->src/test/screenshots/screen_1024.png
09:29:28.587 INFO  tests.TestBase -- Assert check is alert present with error test 'Wrong email or password' 
09:29:28.587 INFO  manager.TestNGListener -- Success test -->loginWrongPassword
09:29:28.587 INFO  tests.TestBase -- ==============================================
09:29:28.588 INFO  tests.TestBase -- Name of method (test)-->registrationExistsUser
09:29:33.630 INFO  manager.TestNGListener -- Start test -->registrationExistsUser
09:29:33.631 INFO  tests.TestBase -- Test data --> email:'margo@gmail.com & password: Mmar123456$
09:29:33.631 INFO  manager.ListenerWD -- Before find element-->By.cssSelector: a[href='/login']
09:29:33.643 INFO  manager.ListenerWD -- After find element-->By.cssSelector: a[href='/login']
09:29:33.645 INFO  manager.ListenerWD -- Location of element-->a
09:29:33.651 INFO  manager.ListenerWD -- Before click element-->atext -->LOGIN
09:29:33.684 INFO  manager.ListenerWD -- After click element-->a
09:29:33.684 INFO  manager.HelperBase -- Open form by ckick on button with locator a[href='/login']
09:29:33.684 INFO  manager.ListenerWD -- Before find element-->By.name: email
09:29:33.690 INFO  manager.ListenerWD -- After find element-->By.name: email
09:29:33.692 INFO  manager.ListenerWD -- Location of element-->input
09:29:33.698 INFO  manager.ListenerWD -- Before click element-->inputtext -->
09:29:33.726 INFO  manager.ListenerWD -- After click element-->input
09:29:33.742 INFO  manager.ListenerWD -- sendKeys -->
09:29:33.745 INFO  manager.ListenerWD -- sendKeys -->input
09:29:33.768 INFO  manager.ListenerWD -- sendKeys -->
09:29:33.770 INFO  manager.ListenerWD -- sendKeys -->input
09:29:33.786 INFO  manager.ListenerWD -- sendKeys -->
09:29:33.788 INFO  manager.ListenerWD -- sendKeys -->input
09:29:33.803 INFO  manager.ListenerWD -- Before find element-->By.xpath: //input[@placeholder='Password']
09:29:33.810 INFO  manager.ListenerWD -- After find element-->By.xpath: //input[@placeholder='Password']
09:29:33.812 INFO  manager.ListenerWD -- Location of element-->input
09:29:33.817 INFO  manager.ListenerWD -- Before click element-->inputtext -->
09:29:33.848 INFO  manager.ListenerWD -- After click element-->input
09:29:33.863 INFO  manager.ListenerWD -- sendKeys -->
09:29:33.865 INFO  manager.ListenerWD -- sendKeys -->input
09:29:33.888 INFO  manager.ListenerWD -- sendKeys -->
09:29:33.890 INFO  manager.ListenerWD -- sendKeys -->input
09:29:33.904 INFO  manager.ListenerWD -- sendKeys -->
09:29:33.906 INFO  manager.ListenerWD -- sendKeys -->input
09:29:33.919 INFO  manager.ListenerWD -- Before find element-->By.xpath: //button[text()='Registration']
09:29:33.928 INFO  manager.ListenerWD -- After find element-->By.xpath: //button[text()='Registration']
09:29:33.930 INFO  manager.ListenerWD -- Location of element-->button
09:29:33.936 INFO  manager.ListenerWD -- Before click element-->buttontext -->Registration
09:29:33.967 INFO  manager.ListenerWD -- Huston, we have a problem!
09:29:33.967 INFO  manager.ListenerWD -- Failed method:alert
09:29:33.967 INFO  manager.ListenerWD -- **********************
09:29:33.967 INFO  manager.ListenerWD -- Arguments:null
09:29:33.967 INFO  manager.ListenerWD -- **********************
09:29:33.967 INFO  manager.ListenerWD -- Exception:NoAlertPresentException
09:29:33.967 INFO  manager.ListenerWD -- **********************
09:29:33.967 INFO  manager.ListenerWD -- Messageno such alert
  (Session info: chrome=148.0.7778.179)
Build info: version: '4.26.0', revision: '8ccf0219d7'
System info: os.name: 'Windows 10', os.arch: 'amd64', os.version: '10.0', java.version: '17.0.12'
Driver info: org.openqa.selenium.chrome.ChromeDriver
Command: [114680e363106dd625032bc4f079a77c, getAlertText {}]
Capabilities {acceptInsecureCerts: false, browserName: chrome, browserVersion: 148.0.7778.179, chrome: {chromedriverVersion: 147.0.7727.57 (b4f28b5637d0..., userDataDir: C:\Users\Nina\AppData\Local...}, fedcm:accounts: true, goog:chromeOptions: {debuggerAddress: localhost:62592}, goog:processID: 11556, networkConnectionEnabled: false, pageLoadStrategy: normal, platformName: windows, proxy: Proxy(), se:cdp: ws://localhost:62592/devtoo..., se:cdpVersion: 148.0.7778.179, setWindowRect: true, strictFileInteractability: false, timeouts: {implicit: 0, pageLoad: 300000, script: 30000}, unhandledPromptBehavior: dismiss and notify, webauthn:extension:credBlob: true, webauthn:extension:largeBlob: true, webauthn:extension:minPinLength: true, webauthn:extension:prf: true, webauthn:virtualAuthenticators: true}
Session ID: 114680e363106dd625032bc4f079a77c
09:29:33.967 INFO  manager.ListenerWD -- **********************
09:29:33.967 INFO  manager.ListenerWD -- Screen with error is --->src/test/screenshots/screen_1524.png
09:29:34.493 INFO  tests.TestBase -- Assert check is alert present with error test 'User already exist' 
09:29:34.493 INFO  manager.TestNGListener -- Success test -->registrationExistsUser
09:29:34.493 INFO  tests.TestBase -- ==============================================
09:29:34.494 INFO  tests.TestBase -- Name of method (test)-->registrationSuccess
09:29:39.544 INFO  manager.TestNGListener -- Start test -->registrationSuccess
09:29:39.545 INFO  tests.TestBase -- Start test with name 'registrationSuccess'
09:29:39.545 INFO  tests.TestBase -- Test data --> email:'mert1762@gmail.com & password: Mert123456!
09:29:39.545 INFO  manager.ListenerWD -- Before find element-->By.cssSelector: a[href='/login']
09:29:39.554 INFO  manager.ListenerWD -- After find element-->By.cssSelector: a[href='/login']
09:29:39.558 INFO  manager.ListenerWD -- Location of element-->a
09:29:39.565 INFO  manager.ListenerWD -- Before click element-->atext -->LOGIN
09:29:39.599 INFO  manager.ListenerWD -- After click element-->a
09:29:39.599 INFO  manager.HelperBase -- Open form by ckick on button with locator a[href='/login']
09:29:39.599 INFO  manager.ListenerWD -- Before find element-->By.name: email
09:29:39.605 INFO  manager.ListenerWD -- After find element-->By.name: email
09:29:39.607 INFO  manager.ListenerWD -- Location of element-->input
09:29:39.613 INFO  manager.ListenerWD -- Before click element-->inputtext -->
09:29:39.641 INFO  manager.ListenerWD -- After click element-->input
09:29:39.656 INFO  manager.ListenerWD -- sendKeys -->
09:29:39.659 INFO  manager.ListenerWD -- sendKeys -->input
09:29:39.683 INFO  manager.ListenerWD -- sendKeys -->
09:29:39.685 INFO  manager.ListenerWD -- sendKeys -->input
09:29:39.700 INFO  manager.ListenerWD -- sendKeys -->
09:29:39.702 INFO  manager.ListenerWD -- sendKeys -->input
09:29:39.718 INFO  manager.ListenerWD -- Before find element-->By.xpath: //input[@placeholder='Password']
09:29:39.725 INFO  manager.ListenerWD -- After find element-->By.xpath: //input[@placeholder='Password']
09:29:39.727 INFO  manager.ListenerWD -- Location of element-->input
09:29:39.733 INFO  manager.ListenerWD -- Before click element-->inputtext -->
09:29:39.762 INFO  manager.ListenerWD -- After click element-->input
09:29:39.779 INFO  manager.ListenerWD -- sendKeys -->
09:29:39.781 INFO  manager.ListenerWD -- sendKeys -->input
09:29:39.805 INFO  manager.ListenerWD -- sendKeys -->
09:29:39.807 INFO  manager.ListenerWD -- sendKeys -->input
09:29:39.823 INFO  manager.ListenerWD -- sendKeys -->
09:29:39.825 INFO  manager.ListenerWD -- sendKeys -->input
09:29:39.839 INFO  manager.ListenerWD -- Before find element-->By.xpath: //button[text()='Registration']
09:29:39.845 INFO  manager.ListenerWD -- After find element-->By.xpath: //button[text()='Registration']
09:29:39.847 INFO  manager.ListenerWD -- Location of element-->button
09:29:39.852 INFO  manager.ListenerWD -- Before click element-->buttontext -->Registration
09:29:40.209 INFO  tests.TestBase -- Assert check is element button 'Sign out' present
09:29:40.210 INFO  manager.ListenerWD -- Before find element-->By.cssSelector: .contact-page_message__2qafk>h1
09:29:40.415 INFO  manager.ListenerWD -- After find element-->By.cssSelector: .contact-page_message__2qafk>h1
09:29:40.421 INFO  manager.ListenerWD -- Location of element-->h1
09:29:40.429 INFO  tests.TestBase -- Assert check is message 'No contacts here'
09:29:40.429 INFO  manager.TestNGListener -- Success test -->registrationSuccess
09:29:40.430 INFO  tests.TestBase -- ==============================================
09:29:40.430 INFO  tests.TestBase -- Name of method (test)-->wrongEmailRegistration
09:29:40.438 INFO  manager.ListenerWD -- Before find element-->By.xpath: //button[text()='Sign Out']
09:29:40.445 INFO  manager.ListenerWD -- After find element-->By.xpath: //button[text()='Sign Out']
09:29:40.448 INFO  manager.ListenerWD -- Location of element-->button
09:29:40.456 INFO  manager.ListenerWD -- Before click element-->buttontext -->Sign Out
09:29:40.486 INFO  tests.TestBase -- Before method finished logout
09:29:40.486 INFO  manager.TestNGListener -- Start test -->wrongEmailRegistration
09:29:40.486 INFO  tests.TestBase -- Test data --> email:'mertgmail.com & password: Mert123456!
09:29:40.486 INFO  manager.ListenerWD -- Before find element-->By.cssSelector: a[href='/login']
09:29:40.493 INFO  manager.ListenerWD -- After find element-->By.cssSelector: a[href='/login']
09:29:40.495 INFO  manager.ListenerWD -- Location of element-->a
09:29:40.501 INFO  manager.ListenerWD -- Before click element-->atext -->LOGIN
09:29:40.527 INFO  manager.ListenerWD -- After click element-->a
09:29:40.527 INFO  manager.HelperBase -- Open form by ckick on button with locator a[href='/login']
09:29:40.527 INFO  manager.ListenerWD -- Before find element-->By.name: email
09:29:40.533 INFO  manager.ListenerWD -- After find element-->By.name: email
09:29:40.536 INFO  manager.ListenerWD -- Location of element-->input
09:29:40.541 INFO  manager.ListenerWD -- Before click element-->inputtext -->
09:29:40.573 INFO  manager.ListenerWD -- After click element-->input
09:29:40.588 INFO  manager.ListenerWD -- sendKeys -->
09:29:40.590 INFO  manager.ListenerWD -- sendKeys -->input
09:29:40.603 INFO  manager.ListenerWD -- sendKeys -->
09:29:40.605 INFO  manager.ListenerWD -- sendKeys -->input
09:29:40.619 INFO  manager.ListenerWD -- sendKeys -->
09:29:40.621 INFO  manager.ListenerWD -- sendKeys -->input
09:29:40.635 INFO  manager.ListenerWD -- Before find element-->By.xpath: //input[@placeholder='Password']
09:29:40.642 INFO  manager.ListenerWD -- After find element-->By.xpath: //input[@placeholder='Password']
09:29:40.644 INFO  manager.ListenerWD -- Location of element-->input
09:29:40.649 INFO  manager.ListenerWD -- Before click element-->inputtext -->
09:29:40.684 INFO  manager.ListenerWD -- After click element-->input
09:29:40.699 INFO  manager.ListenerWD -- sendKeys -->
09:29:40.701 INFO  manager.ListenerWD -- sendKeys -->input
09:29:40.716 INFO  manager.ListenerWD -- sendKeys -->
09:29:40.719 INFO  manager.ListenerWD -- sendKeys -->input
09:29:40.734 INFO  manager.ListenerWD -- sendKeys -->
09:29:40.736 INFO  manager.ListenerWD -- sendKeys -->input
09:29:40.747 INFO  manager.ListenerWD -- Before find element-->By.xpath: //button[text()='Registration']
09:29:40.754 INFO  manager.ListenerWD -- After find element-->By.xpath: //button[text()='Registration']
09:29:40.756 INFO  manager.ListenerWD -- Location of element-->button
09:29:40.762 INFO  manager.ListenerWD -- Before click element-->buttontext -->Registration
09:29:40.793 INFO  manager.ListenerWD -- Huston, we have a problem!
09:29:40.793 INFO  manager.ListenerWD -- Failed method:alert
09:29:40.793 INFO  manager.ListenerWD -- **********************
09:29:40.793 INFO  manager.ListenerWD -- Arguments:null
09:29:40.793 INFO  manager.ListenerWD -- **********************
09:29:40.793 INFO  manager.ListenerWD -- Exception:NoAlertPresentException
09:29:40.793 INFO  manager.ListenerWD -- **********************
09:29:40.793 INFO  manager.ListenerWD -- Messageno such alert
  (Session info: chrome=148.0.7778.179)
Build info: version: '4.26.0', revision: '8ccf0219d7'
System info: os.name: 'Windows 10', os.arch: 'amd64', os.version: '10.0', java.version: '17.0.12'
Driver info: org.openqa.selenium.chrome.ChromeDriver
Command: [114680e363106dd625032bc4f079a77c, getAlertText {}]
Capabilities {acceptInsecureCerts: false, browserName: chrome, browserVersion: 148.0.7778.179, chrome: {chromedriverVersion: 147.0.7727.57 (b4f28b5637d0..., userDataDir: C:\Users\Nina\AppData\Local...}, fedcm:accounts: true, goog:chromeOptions: {debuggerAddress: localhost:62592}, goog:processID: 11556, networkConnectionEnabled: false, pageLoadStrategy: normal, platformName: windows, proxy: Proxy(), se:cdp: ws://localhost:62592/devtoo..., se:cdpVersion: 148.0.7778.179, setWindowRect: true, strictFileInteractability: false, timeouts: {implicit: 0, pageLoad: 300000, script: 30000}, unhandledPromptBehavior: dismiss and notify, webauthn:extension:credBlob: true, webauthn:extension:largeBlob: true, webauthn:extension:minPinLength: true, webauthn:extension:prf: true, webauthn:virtualAuthenticators: true}
Session ID: 114680e363106dd625032bc4f079a77c
09:29:40.793 INFO  manager.ListenerWD -- **********************
09:29:40.793 INFO  manager.ListenerWD -- Screen with error is --->src/test/screenshots/screen_1256.png
09:29:41.318 INFO  tests.TestBase -- Assert check is alert present with error test 'Wrong email or password' 
09:29:41.318 INFO  manager.ListenerWD -- Before find element-->By.xpath: //*[text()='Registration failed with code 400']
09:29:41.334 INFO  manager.ListenerWD -- After find element-->By.xpath: //*[text()='Registration failed with code 400']
09:29:41.337 INFO  manager.ListenerWD -- Location of element-->div
09:29:41.338 INFO  manager.TestNGListener -- Success test -->wrongEmailRegistration
09:29:41.338 INFO  tests.TestBase -- ==============================================
09:29:41.339 INFO  tests.TestBase -- Name of method (test)-->wrongPasswordRegistration
09:29:46.384 INFO  manager.TestNGListener -- Start test -->wrongPasswordRegistration
09:29:46.385 INFO  tests.TestBase -- Test data --> email:'mert@gmail.com & password: Mert123456
09:29:46.385 INFO  manager.ListenerWD -- Before find element-->By.cssSelector: a[href='/login']
09:29:46.396 INFO  manager.ListenerWD -- After find element-->By.cssSelector: a[href='/login']
09:29:46.399 INFO  manager.ListenerWD -- Location of element-->a
09:29:46.406 INFO  manager.ListenerWD -- Before click element-->atext -->LOGIN
09:29:46.440 INFO  manager.ListenerWD -- After click element-->a
09:29:46.440 INFO  manager.HelperBase -- Open form by ckick on button with locator a[href='/login']
09:29:46.440 INFO  manager.ListenerWD -- Before find element-->By.name: email
09:29:46.447 INFO  manager.ListenerWD -- After find element-->By.name: email
09:29:46.449 INFO  manager.ListenerWD -- Location of element-->input
09:29:46.455 INFO  manager.ListenerWD -- Before click element-->inputtext -->
09:29:46.483 INFO  manager.ListenerWD -- After click element-->input
09:29:46.498 INFO  manager.ListenerWD -- sendKeys -->
09:29:46.501 INFO  manager.ListenerWD -- sendKeys -->input
09:29:46.525 INFO  manager.ListenerWD -- sendKeys -->
09:29:46.527 INFO  manager.ListenerWD -- sendKeys -->input
09:29:46.543 INFO  manager.ListenerWD -- sendKeys -->
09:29:46.545 INFO  manager.ListenerWD -- sendKeys -->input
09:29:46.559 INFO  manager.ListenerWD -- Before find element-->By.xpath: //input[@placeholder='Password']
09:29:46.565 INFO  manager.ListenerWD -- After find element-->By.xpath: //input[@placeholder='Password']
09:29:46.568 INFO  manager.ListenerWD -- Location of element-->input
09:29:46.573 INFO  manager.ListenerWD -- Before click element-->inputtext -->
09:29:46.601 INFO  manager.ListenerWD -- After click element-->input
09:29:46.616 INFO  manager.ListenerWD -- sendKeys -->
09:29:46.618 INFO  manager.ListenerWD -- sendKeys -->input
09:29:46.641 INFO  manager.ListenerWD -- sendKeys -->
09:29:46.643 INFO  manager.ListenerWD -- sendKeys -->input
09:29:46.656 INFO  manager.ListenerWD -- sendKeys -->
09:29:46.660 INFO  manager.ListenerWD -- sendKeys -->input
09:29:46.672 INFO  manager.ListenerWD -- Before find element-->By.xpath: //button[text()='Registration']
09:29:46.679 INFO  manager.ListenerWD -- After find element-->By.xpath: //button[text()='Registration']
09:29:46.681 INFO  manager.ListenerWD -- Location of element-->button
09:29:46.686 INFO  manager.ListenerWD -- Before click element-->buttontext -->Registration
09:29:46.715 INFO  manager.ListenerWD -- Huston, we have a problem!
09:29:46.715 INFO  manager.ListenerWD -- Failed method:alert
09:29:46.715 INFO  manager.ListenerWD -- **********************
09:29:46.715 INFO  manager.ListenerWD -- Arguments:null
09:29:46.715 INFO  manager.ListenerWD -- **********************
09:29:46.715 INFO  manager.ListenerWD -- Exception:NoAlertPresentException
09:29:46.715 INFO  manager.ListenerWD -- **********************
09:29:46.715 INFO  manager.ListenerWD -- Messageno such alert
  (Session info: chrome=148.0.7778.179)
Build info: version: '4.26.0', revision: '8ccf0219d7'
System info: os.name: 'Windows 10', os.arch: 'amd64', os.version: '10.0', java.version: '17.0.12'
Driver info: org.openqa.selenium.chrome.ChromeDriver
Command: [114680e363106dd625032bc4f079a77c, getAlertText {}]
Capabilities {acceptInsecureCerts: false, browserName: chrome, browserVersion: 148.0.7778.179, chrome: {chromedriverVersion: 147.0.7727.57 (b4f28b5637d0..., userDataDir: C:\Users\Nina\AppData\Local...}, fedcm:accounts: true, goog:chromeOptions: {debuggerAddress: localhost:62592}, goog:processID: 11556, networkConnectionEnabled: false, pageLoadStrategy: normal, platformName: windows, proxy: Proxy(), se:cdp: ws://localhost:62592/devtoo..., se:cdpVersion: 148.0.7778.179, setWindowRect: true, strictFileInteractability: false, timeouts: {implicit: 0, pageLoad: 300000, script: 30000}, unhandledPromptBehavior: dismiss and notify, webauthn:extension:credBlob: true, webauthn:extension:largeBlob: true, webauthn:extension:minPinLength: true, webauthn:extension:prf: true, webauthn:virtualAuthenticators: true}
Session ID: 114680e363106dd625032bc4f079a77c
09:29:46.715 INFO  manager.ListenerWD -- **********************
09:29:46.715 INFO  manager.ListenerWD -- Screen with error is --->src/test/screenshots/screen_1527.png
09:29:47.245 INFO  tests.TestBase -- Assert check is alert present with error test 'Wrong email or password' 
09:29:47.245 INFO  manager.ListenerWD -- Before find element-->By.xpath: //*[text()='Registration failed with code 400']
09:29:47.254 INFO  manager.ListenerWD -- After find element-->By.xpath: //*[text()='Registration failed with code 400']
09:29:47.258 INFO  manager.ListenerWD -- Location of element-->div
09:29:47.258 INFO  manager.TestNGListener -- Success test -->wrongPasswordRegistration
09:29:47.258 INFO  tests.TestBase -- ==============================================
09:29:47.259 INFO  tests.TestBase -- Name of method (test)-->removeAllContacts
09:29:52.298 INFO  manager.ListenerWD -- Before find element-->By.cssSelector: a[href='/login']
09:29:52.311 INFO  manager.ListenerWD -- After find element-->By.cssSelector: a[href='/login']
09:29:52.314 INFO  manager.ListenerWD -- Location of element-->a
09:29:52.322 INFO  manager.ListenerWD -- Before click element-->atext -->LOGIN
09:29:52.351 INFO  manager.ListenerWD -- After click element-->a
09:29:52.351 INFO  manager.HelperBase -- Open form by ckick on button with locator a[href='/login']
09:29:52.352 INFO  manager.ListenerWD -- Before find element-->By.name: email
09:29:52.358 INFO  manager.ListenerWD -- After find element-->By.name: email
09:29:52.361 INFO  manager.ListenerWD -- Location of element-->input
09:29:52.367 INFO  manager.ListenerWD -- Before click element-->inputtext -->
09:29:52.395 INFO  manager.ListenerWD -- After click element-->input
09:29:52.412 INFO  manager.ListenerWD -- sendKeys -->
09:29:52.414 INFO  manager.ListenerWD -- sendKeys -->input
09:29:52.438 INFO  manager.ListenerWD -- sendKeys -->
09:29:52.440 INFO  manager.ListenerWD -- sendKeys -->input
09:29:52.456 INFO  manager.ListenerWD -- sendKeys -->
09:29:52.459 INFO  manager.ListenerWD -- sendKeys -->input
09:29:52.473 INFO  manager.ListenerWD -- Before find element-->By.xpath: //input[@placeholder='Password']
09:29:52.480 INFO  manager.ListenerWD -- After find element-->By.xpath: //input[@placeholder='Password']
09:29:52.482 INFO  manager.ListenerWD -- Location of element-->input
09:29:52.487 INFO  manager.ListenerWD -- Before click element-->inputtext -->
09:29:52.519 INFO  manager.ListenerWD -- After click element-->input
09:29:52.534 INFO  manager.ListenerWD -- sendKeys -->
09:29:52.537 INFO  manager.ListenerWD -- sendKeys -->input
09:29:52.561 INFO  manager.ListenerWD -- sendKeys -->
09:29:52.562 INFO  manager.ListenerWD -- sendKeys -->input
09:29:52.577 INFO  manager.ListenerWD -- sendKeys -->
09:29:52.579 INFO  manager.ListenerWD -- sendKeys -->input
09:29:52.591 INFO  manager.ListenerWD -- Before find element-->By.xpath: //button[text()='Login']
09:29:52.598 INFO  manager.ListenerWD -- After find element-->By.xpath: //button[text()='Login']
09:29:52.600 INFO  manager.ListenerWD -- Location of element-->button
09:29:52.605 INFO  manager.ListenerWD -- Before click element-->buttontext -->Login
09:29:53.102 INFO  manager.TestNGListener -- Start test -->removeAllContacts
09:29:53.123 INFO  manager.ListenerWD -- Before find element-->By.cssSelector: .contact-item_card__2SOIM
09:29:53.136 INFO  manager.ListenerWD -- After find element-->By.cssSelector: .contact-item_card__2SOIM
09:29:53.139 INFO  manager.ListenerWD -- Location of element-->div
09:29:53.146 INFO  manager.ListenerWD -- Before click element-->divtext -->Harry
555667771249
09:29:53.174 INFO  manager.ListenerWD -- After click element-->div
09:29:53.174 INFO  manager.ListenerWD -- Before find element-->By.xpath: //button[text()='Remove']
09:29:53.183 INFO  manager.ListenerWD -- After find element-->By.xpath: //button[text()='Remove']
09:29:53.187 INFO  manager.ListenerWD -- Location of element-->button
09:29:53.192 INFO  manager.ListenerWD -- Before click element-->buttontext -->Remove
09:29:53.218 INFO  manager.ListenerWD -- After click element-->button
09:29:54.256 INFO  manager.ListenerWD -- Before find element-->By.cssSelector: .contact-item_card__2SOIM
09:29:54.265 INFO  manager.ListenerWD -- After find element-->By.cssSelector: .contact-item_card__2SOIM
09:29:54.268 INFO  manager.ListenerWD -- Location of element-->div
09:29:54.275 INFO  manager.ListenerWD -- Before click element-->divtext -->Harry
555667771325
09:29:54.308 INFO  manager.ListenerWD -- After click element-->div
09:29:54.308 INFO  manager.ListenerWD -- Before find element-->By.xpath: //button[text()='Remove']
09:29:54.314 INFO  manager.ListenerWD -- After find element-->By.xpath: //button[text()='Remove']
09:29:54.317 INFO  manager.ListenerWD -- Location of element-->button
09:29:54.322 INFO  manager.ListenerWD -- Before click element-->buttontext -->Remove
09:29:54.343 INFO  manager.ListenerWD -- After click element-->button
09:29:55.381 INFO  manager.ListenerWD -- Before find element-->By.cssSelector: .contact-item_card__2SOIM
09:29:55.388 INFO  manager.ListenerWD -- After find element-->By.cssSelector: .contact-item_card__2SOIM
09:29:55.392 INFO  manager.ListenerWD -- Location of element-->div
09:29:55.400 INFO  manager.ListenerWD -- Before click element-->divtext -->Tony
34343434246
09:29:55.426 INFO  manager.ListenerWD -- After click element-->div
09:29:55.426 INFO  manager.ListenerWD -- Before find element-->By.xpath: //button[text()='Remove']
09:29:55.434 INFO  manager.ListenerWD -- After find element-->By.xpath: //button[text()='Remove']
09:29:55.435 INFO  manager.ListenerWD -- Location of element-->button
09:29:55.441 INFO  manager.ListenerWD -- Before click element-->buttontext -->Remove
09:29:55.464 INFO  manager.ListenerWD -- After click element-->button
09:29:56.507 INFO  manager.ListenerWD -- Before find element-->By.cssSelector: .contact-item_card__2SOIM
09:29:56.516 INFO  manager.ListenerWD -- After find element-->By.cssSelector: .contact-item_card__2SOIM
09:29:56.520 INFO  manager.ListenerWD -- Location of element-->div
09:29:56.526 INFO  manager.ListenerWD -- Before click element-->divtext -->Tony
6555652654
09:29:56.555 INFO  manager.ListenerWD -- After click element-->div
09:29:56.555 INFO  manager.ListenerWD -- Before find element-->By.xpath: //button[text()='Remove']
09:29:56.561 INFO  manager.ListenerWD -- After find element-->By.xpath: //button[text()='Remove']
09:29:56.564 INFO  manager.ListenerWD -- Location of element-->button
09:29:56.570 INFO  manager.ListenerWD -- Before click element-->buttontext -->Remove
09:29:56.593 INFO  manager.ListenerWD -- After click element-->button
09:29:57.622 INFO  manager.ListenerWD -- Before find element-->By.cssSelector: .contact-item_card__2SOIM
09:29:57.628 INFO  manager.ListenerWD -- After find element-->By.cssSelector: .contact-item_card__2SOIM
09:29:57.631 INFO  manager.ListenerWD -- Location of element-->div
09:29:57.639 INFO  manager.ListenerWD -- Before click element-->divtext -->Harry
155555555555
09:29:57.668 INFO  manager.ListenerWD -- After click element-->div
09:29:57.668 INFO  manager.ListenerWD -- Before find element-->By.xpath: //button[text()='Remove']
09:29:57.674 INFO  manager.ListenerWD -- After find element-->By.xpath: //button[text()='Remove']
09:29:57.677 INFO  manager.ListenerWD -- Location of element-->button
09:29:57.682 INFO  manager.ListenerWD -- Before click element-->buttontext -->Remove
09:29:57.705 INFO  manager.ListenerWD -- After click element-->button
09:29:58.741 INFO  manager.ListenerWD -- Before find element-->By.cssSelector: .contact-item_card__2SOIM
09:29:58.749 INFO  manager.ListenerWD -- After find element-->By.cssSelector: .contact-item_card__2SOIM
09:29:58.752 INFO  manager.ListenerWD -- Location of element-->div
09:29:58.760 INFO  manager.ListenerWD -- Before click element-->divtext -->Molly
365945632154
09:29:58.789 INFO  manager.ListenerWD -- After click element-->div
09:29:58.789 INFO  manager.ListenerWD -- Before find element-->By.xpath: //button[text()='Remove']
09:29:58.796 INFO  manager.ListenerWD -- After find element-->By.xpath: //button[text()='Remove']
09:29:58.798 INFO  manager.ListenerWD -- Location of element-->button
09:29:58.804 INFO  manager.ListenerWD -- Before click element-->buttontext -->Remove
09:29:58.828 INFO  manager.ListenerWD -- After click element-->button
09:29:59.855 INFO  manager.ListenerWD -- Before find element-->By.cssSelector: .contact-item_card__2SOIM
09:29:59.861 INFO  manager.ListenerWD -- After find element-->By.cssSelector: .contact-item_card__2SOIM
09:29:59.863 INFO  manager.ListenerWD -- Location of element-->div
09:29:59.872 INFO  manager.ListenerWD -- Before click element-->divtext -->Sara
985465231456
09:29:59.899 INFO  manager.ListenerWD -- After click element-->div
09:29:59.899 INFO  manager.ListenerWD -- Before find element-->By.xpath: //button[text()='Remove']
09:29:59.906 INFO  manager.ListenerWD -- After find element-->By.xpath: //button[text()='Remove']
09:29:59.908 INFO  manager.ListenerWD -- Location of element-->button
09:29:59.913 INFO  manager.ListenerWD -- Before click element-->buttontext -->Remove
09:29:59.937 INFO  manager.ListenerWD -- After click element-->button
09:30:00.960 INFO  manager.ListenerWD -- Before find element-->By.cssSelector: .contact-item_card__2SOIM
09:30:00.966 INFO  manager.ListenerWD -- After find element-->By.cssSelector: .contact-item_card__2SOIM
09:30:00.969 INFO  manager.ListenerWD -- Location of element-->div
09:30:00.976 INFO  manager.ListenerWD -- Before click element-->divtext -->TonyReq1740
343434341740
09:30:01.007 INFO  manager.ListenerWD -- After click element-->div
09:30:01.007 INFO  manager.ListenerWD -- Before find element-->By.xpath: //button[text()='Remove']
09:30:01.013 INFO  manager.ListenerWD -- After find element-->By.xpath: //button[text()='Remove']
09:30:01.016 INFO  manager.ListenerWD -- Location of element-->button
09:30:01.022 INFO  manager.ListenerWD -- Before click element-->buttontext -->Remove
09:30:01.045 INFO  manager.ListenerWD -- After click element-->button
09:30:07.099 INFO  manager.ListenerWD -- Before find element-->By.cssSelector: .contact-page_message__2qafk>h1
09:30:07.110 INFO  manager.ListenerWD -- After find element-->By.cssSelector: .contact-page_message__2qafk>h1
09:30:07.114 INFO  manager.ListenerWD -- Location of element-->h1
09:30:07.120 INFO  manager.TestNGListener -- Success test -->removeAllContacts
09:30:07.120 INFO  tests.TestBase -- ==============================================
09:30:07.121 INFO  tests.TestBase -- Name of method (test)-->removeFirstContact
09:30:12.174 INFO  manager.ListenerWD -- Before find element-->By.cssSelector: a[href='/add']
09:30:12.189 INFO  manager.ListenerWD -- After find element-->By.cssSelector: a[href='/add']
09:30:12.192 INFO  manager.ListenerWD -- Location of element-->a
09:30:12.201 INFO  manager.ListenerWD -- Before click element-->atext -->ADD
09:30:12.237 INFO  manager.ListenerWD -- After click element-->a
09:30:12.237 INFO  manager.ListenerWD -- Before find element-->By.cssSelector: [placeholder='Name']
09:30:12.246 INFO  manager.ListenerWD -- After find element-->By.cssSelector: [placeholder='Name']
09:30:12.249 INFO  manager.ListenerWD -- Location of element-->input
09:30:12.254 INFO  manager.ListenerWD -- Before click element-->inputtext -->
09:30:12.283 INFO  manager.ListenerWD -- After click element-->input
09:30:12.297 INFO  manager.ListenerWD -- sendKeys -->
09:30:12.299 INFO  manager.ListenerWD -- sendKeys -->input
09:30:12.314 INFO  manager.ListenerWD -- sendKeys -->
09:30:12.315 INFO  manager.ListenerWD -- sendKeys -->input
09:30:12.330 INFO  manager.ListenerWD -- sendKeys -->
09:30:12.331 INFO  manager.ListenerWD -- sendKeys -->input
09:30:12.342 INFO  manager.ListenerWD -- Before find element-->By.cssSelector: [placeholder='Last Name']
09:30:12.351 INFO  manager.ListenerWD -- After find element-->By.cssSelector: [placeholder='Last Name']
09:30:12.353 INFO  manager.ListenerWD -- Location of element-->input
09:30:12.360 INFO  manager.ListenerWD -- Before click element-->inputtext -->
09:30:12.387 INFO  manager.ListenerWD -- After click element-->input
09:30:12.401 INFO  manager.ListenerWD -- sendKeys -->
09:30:12.403 INFO  manager.ListenerWD -- sendKeys -->input
09:30:12.417 INFO  manager.ListenerWD -- sendKeys -->
09:30:12.419 INFO  manager.ListenerWD -- sendKeys -->input
09:30:12.433 INFO  manager.ListenerWD -- sendKeys -->
09:30:12.435 INFO  manager.ListenerWD -- sendKeys -->input
09:30:12.446 INFO  manager.ListenerWD -- Before find element-->By.cssSelector: [placeholder='Phone']
09:30:12.454 INFO  manager.ListenerWD -- After find element-->By.cssSelector: [placeholder='Phone']
09:30:12.456 INFO  manager.ListenerWD -- Location of element-->input
09:30:12.461 INFO  manager.ListenerWD -- Before click element-->inputtext -->
09:30:12.488 INFO  manager.ListenerWD -- After click element-->input
09:30:12.502 INFO  manager.ListenerWD -- sendKeys -->
09:30:12.503 INFO  manager.ListenerWD -- sendKeys -->input
09:30:12.519 INFO  manager.ListenerWD -- sendKeys -->
09:30:12.522 INFO  manager.ListenerWD -- sendKeys -->input
09:30:12.537 INFO  manager.ListenerWD -- sendKeys -->
09:30:12.538 INFO  manager.ListenerWD -- sendKeys -->input
09:30:12.551 INFO  manager.ListenerWD -- Before find element-->By.cssSelector: [placeholder='email']
09:30:12.559 INFO  manager.ListenerWD -- After find element-->By.cssSelector: [placeholder='email']
09:30:12.561 INFO  manager.ListenerWD -- Location of element-->input
09:30:12.566 INFO  manager.ListenerWD -- Before click element-->inputtext -->
09:30:12.593 INFO  manager.ListenerWD -- After click element-->input
09:30:12.607 INFO  manager.ListenerWD -- sendKeys -->
09:30:12.609 INFO  manager.ListenerWD -- sendKeys -->input
09:30:12.625 INFO  manager.ListenerWD -- sendKeys -->
09:30:12.626 INFO  manager.ListenerWD -- sendKeys -->input
09:30:12.642 INFO  manager.ListenerWD -- sendKeys -->
09:30:12.644 INFO  manager.ListenerWD -- sendKeys -->input
09:30:12.657 INFO  manager.ListenerWD -- Before find element-->By.cssSelector: [placeholder='Address']
09:30:12.666 INFO  manager.ListenerWD -- After find element-->By.cssSelector: [placeholder='Address']
09:30:12.668 INFO  manager.ListenerWD -- Location of element-->input
09:30:12.673 INFO  manager.ListenerWD -- Before click element-->inputtext -->
09:30:12.700 INFO  manager.ListenerWD -- After click element-->input
09:30:12.714 INFO  manager.ListenerWD -- sendKeys -->
09:30:12.716 INFO  manager.ListenerWD -- sendKeys -->input
09:30:12.731 INFO  manager.ListenerWD -- sendKeys -->
09:30:12.732 INFO  manager.ListenerWD -- sendKeys -->input
09:30:12.748 INFO  manager.ListenerWD -- sendKeys -->
09:30:12.749 INFO  manager.ListenerWD -- sendKeys -->input
09:30:12.761 INFO  manager.ListenerWD -- Before find element-->By.cssSelector: [placeholder = 'description']
09:30:12.768 INFO  manager.ListenerWD -- After find element-->By.cssSelector: [placeholder = 'description']
09:30:12.770 INFO  manager.ListenerWD -- Location of element-->input
09:30:12.775 INFO  manager.ListenerWD -- Before click element-->inputtext -->
09:30:12.802 INFO  manager.ListenerWD -- After click element-->input
09:30:12.817 INFO  manager.ListenerWD -- sendKeys -->
09:30:12.819 INFO  manager.ListenerWD -- sendKeys -->input
09:30:12.835 INFO  manager.ListenerWD -- sendKeys -->
09:30:12.837 INFO  manager.ListenerWD -- sendKeys -->input
09:30:12.851 INFO  manager.ListenerWD -- sendKeys -->
09:30:12.853 INFO  manager.ListenerWD -- sendKeys -->input
09:30:12.864 INFO  manager.ListenerWD -- Before find element-->By.cssSelector: .add_form__2rsm2>button
09:30:12.872 INFO  manager.ListenerWD -- After find element-->By.cssSelector: .add_form__2rsm2>button
09:30:12.874 INFO  manager.ListenerWD -- Location of element-->button
09:30:12.879 INFO  manager.ListenerWD -- Before click element-->buttontext -->Save
09:30:12.904 INFO  manager.ListenerWD -- After click element-->button
09:30:13.408 INFO  manager.ListenerWD -- Before find element-->By.cssSelector: a[href='/add']
09:30:13.424 INFO  manager.ListenerWD -- After find element-->By.cssSelector: a[href='/add']
09:30:13.427 INFO  manager.ListenerWD -- Location of element-->a
09:30:13.435 INFO  manager.ListenerWD -- Before click element-->atext -->ADD
09:30:13.470 INFO  manager.ListenerWD -- After click element-->a
09:30:13.470 INFO  manager.ListenerWD -- Before find element-->By.cssSelector: [placeholder='Name']
09:30:13.477 INFO  manager.ListenerWD -- After find element-->By.cssSelector: [placeholder='Name']
09:30:13.480 INFO  manager.ListenerWD -- Location of element-->input
09:30:13.486 INFO  manager.ListenerWD -- Before click element-->inputtext -->
09:30:13.517 INFO  manager.ListenerWD -- After click element-->input
09:30:13.532 INFO  manager.ListenerWD -- sendKeys -->
09:30:13.534 INFO  manager.ListenerWD -- sendKeys -->input
09:30:13.549 INFO  manager.ListenerWD -- sendKeys -->
09:30:13.551 INFO  manager.ListenerWD -- sendKeys -->input
09:30:13.566 INFO  manager.ListenerWD -- sendKeys -->
09:30:13.568 INFO  manager.ListenerWD -- sendKeys -->input
09:30:13.580 INFO  manager.ListenerWD -- Before find element-->By.cssSelector: [placeholder='Last Name']
09:30:13.586 INFO  manager.ListenerWD -- After find element-->By.cssSelector: [placeholder='Last Name']
09:30:13.588 INFO  manager.ListenerWD -- Location of element-->input
09:30:13.593 INFO  manager.ListenerWD -- Before click element-->inputtext -->
09:30:13.619 INFO  manager.ListenerWD -- After click element-->input
09:30:13.633 INFO  manager.ListenerWD -- sendKeys -->
09:30:13.635 INFO  manager.ListenerWD -- sendKeys -->input
09:30:13.649 INFO  manager.ListenerWD -- sendKeys -->
09:30:13.651 INFO  manager.ListenerWD -- sendKeys -->input
09:30:13.665 INFO  manager.ListenerWD -- sendKeys -->
09:30:13.667 INFO  manager.ListenerWD -- sendKeys -->input
09:30:13.679 INFO  manager.ListenerWD -- Before find element-->By.cssSelector: [placeholder='Phone']
09:30:13.685 INFO  manager.ListenerWD -- After find element-->By.cssSelector: [placeholder='Phone']
09:30:13.688 INFO  manager.ListenerWD -- Location of element-->input
09:30:13.693 INFO  manager.ListenerWD -- Before click element-->inputtext -->
09:30:13.723 INFO  manager.ListenerWD -- After click element-->input
09:30:13.737 INFO  manager.ListenerWD -- sendKeys -->
09:30:13.738 INFO  manager.ListenerWD -- sendKeys -->input
09:30:13.755 INFO  manager.ListenerWD -- sendKeys -->
09:30:13.758 INFO  manager.ListenerWD -- sendKeys -->input
09:30:13.773 INFO  manager.ListenerWD -- sendKeys -->
09:30:13.776 INFO  manager.ListenerWD -- sendKeys -->input
09:30:13.789 INFO  manager.ListenerWD -- Before find element-->By.cssSelector: [placeholder='email']
09:30:13.795 INFO  manager.ListenerWD -- After find element-->By.cssSelector: [placeholder='email']
09:30:13.797 INFO  manager.ListenerWD -- Location of element-->input
09:30:13.802 INFO  manager.ListenerWD -- Before click element-->inputtext -->
09:30:13.828 INFO  manager.ListenerWD -- After click element-->input
09:30:13.842 INFO  manager.ListenerWD -- sendKeys -->
09:30:13.844 INFO  manager.ListenerWD -- sendKeys -->input
09:30:13.858 INFO  manager.ListenerWD -- sendKeys -->
09:30:13.860 INFO  manager.ListenerWD -- sendKeys -->input
09:30:13.876 INFO  manager.ListenerWD -- sendKeys -->
09:30:13.878 INFO  manager.ListenerWD -- sendKeys -->input
09:30:13.892 INFO  manager.ListenerWD -- Before find element-->By.cssSelector: [placeholder='Address']
09:30:13.898 INFO  manager.ListenerWD -- After find element-->By.cssSelector: [placeholder='Address']
09:30:13.900 INFO  manager.ListenerWD -- Location of element-->input
09:30:13.905 INFO  manager.ListenerWD -- Before click element-->inputtext -->
09:30:13.930 INFO  manager.ListenerWD -- After click element-->input
09:30:13.944 INFO  manager.ListenerWD -- sendKeys -->
09:30:13.946 INFO  manager.ListenerWD -- sendKeys -->input
09:30:13.961 INFO  manager.ListenerWD -- sendKeys -->
09:30:13.963 INFO  manager.ListenerWD -- sendKeys -->input
09:30:13.979 INFO  manager.ListenerWD -- sendKeys -->
09:30:13.981 INFO  manager.ListenerWD -- sendKeys -->input
09:30:13.994 INFO  manager.ListenerWD -- Before find element-->By.cssSelector: [placeholder = 'description']
09:30:14.000 INFO  manager.ListenerWD -- After find element-->By.cssSelector: [placeholder = 'description']
09:30:14.002 INFO  manager.ListenerWD -- Location of element-->input
09:30:14.007 INFO  manager.ListenerWD -- Before click element-->inputtext -->
09:30:14.034 INFO  manager.ListenerWD -- After click element-->input
09:30:14.049 INFO  manager.ListenerWD -- sendKeys -->
09:30:14.051 INFO  manager.ListenerWD -- sendKeys -->input
09:30:14.064 INFO  manager.ListenerWD -- sendKeys -->
09:30:14.066 INFO  manager.ListenerWD -- sendKeys -->input
09:30:14.082 INFO  manager.ListenerWD -- sendKeys -->
09:30:14.084 INFO  manager.ListenerWD -- sendKeys -->input
09:30:14.096 INFO  manager.ListenerWD -- Before find element-->By.cssSelector: .add_form__2rsm2>button
09:30:14.103 INFO  manager.ListenerWD -- After find element-->By.cssSelector: .add_form__2rsm2>button
09:30:14.105 INFO  manager.ListenerWD -- Location of element-->button
09:30:14.110 INFO  manager.ListenerWD -- Before click element-->buttontext -->Save
09:30:14.131 INFO  manager.ListenerWD -- After click element-->button
09:30:14.636 INFO  manager.ListenerWD -- Before find element-->By.cssSelector: a[href='/add']
09:30:14.651 INFO  manager.ListenerWD -- After find element-->By.cssSelector: a[href='/add']
09:30:14.655 INFO  manager.ListenerWD -- Location of element-->a
09:30:14.661 INFO  manager.ListenerWD -- Before click element-->atext -->ADD
09:30:14.694 INFO  manager.ListenerWD -- After click element-->a
09:30:14.694 INFO  manager.ListenerWD -- Before find element-->By.cssSelector: [placeholder='Name']
09:30:14.701 INFO  manager.ListenerWD -- After find element-->By.cssSelector: [placeholder='Name']
09:30:14.704 INFO  manager.ListenerWD -- Location of element-->input
09:30:14.710 INFO  manager.ListenerWD -- Before click element-->inputtext -->
09:30:14.737 INFO  manager.ListenerWD -- After click element-->input
09:30:14.753 INFO  manager.ListenerWD -- sendKeys -->
09:30:14.756 INFO  manager.ListenerWD -- sendKeys -->input
09:30:14.771 INFO  manager.ListenerWD -- sendKeys -->
09:30:14.773 INFO  manager.ListenerWD -- sendKeys -->input
09:30:14.788 INFO  manager.ListenerWD -- sendKeys -->
09:30:14.790 INFO  manager.ListenerWD -- sendKeys -->input
09:30:14.802 INFO  manager.ListenerWD -- Before find element-->By.cssSelector: [placeholder='Last Name']
09:30:14.807 INFO  manager.ListenerWD -- After find element-->By.cssSelector: [placeholder='Last Name']
09:30:14.810 INFO  manager.ListenerWD -- Location of element-->input
09:30:14.815 INFO  manager.ListenerWD -- Before click element-->inputtext -->
09:30:14.843 INFO  manager.ListenerWD -- After click element-->input
09:30:14.858 INFO  manager.ListenerWD -- sendKeys -->
09:30:14.860 INFO  manager.ListenerWD -- sendKeys -->input
09:30:14.875 INFO  manager.ListenerWD -- sendKeys -->
09:30:14.877 INFO  manager.ListenerWD -- sendKeys -->input
09:30:14.893 INFO  manager.ListenerWD -- sendKeys -->
09:30:14.895 INFO  manager.ListenerWD -- sendKeys -->input
09:30:14.908 INFO  manager.ListenerWD -- Before find element-->By.cssSelector: [placeholder='Phone']
09:30:14.914 INFO  manager.ListenerWD -- After find element-->By.cssSelector: [placeholder='Phone']
09:30:14.916 INFO  manager.ListenerWD -- Location of element-->input
09:30:14.922 INFO  manager.ListenerWD -- Before click element-->inputtext -->
09:30:14.949 INFO  manager.ListenerWD -- After click element-->input
09:30:14.965 INFO  manager.ListenerWD -- sendKeys -->
09:30:14.966 INFO  manager.ListenerWD -- sendKeys -->input
09:30:14.982 INFO  manager.ListenerWD -- sendKeys -->
09:30:14.984 INFO  manager.ListenerWD -- sendKeys -->input
09:30:15.000 INFO  manager.ListenerWD -- sendKeys -->
09:30:15.001 INFO  manager.ListenerWD -- sendKeys -->input
09:30:15.014 INFO  manager.ListenerWD -- Before find element-->By.cssSelector: [placeholder='email']
09:30:15.020 INFO  manager.ListenerWD -- After find element-->By.cssSelector: [placeholder='email']
09:30:15.022 INFO  manager.ListenerWD -- Location of element-->input
09:30:15.027 INFO  manager.ListenerWD -- Before click element-->inputtext -->
09:30:15.051 INFO  manager.ListenerWD -- After click element-->input
09:30:15.066 INFO  manager.ListenerWD -- sendKeys -->
09:30:15.068 INFO  manager.ListenerWD -- sendKeys -->input
09:30:15.082 INFO  manager.ListenerWD -- sendKeys -->
09:30:15.084 INFO  manager.ListenerWD -- sendKeys -->input
09:30:15.100 INFO  manager.ListenerWD -- sendKeys -->
09:30:15.101 INFO  manager.ListenerWD -- sendKeys -->input
09:30:15.116 INFO  manager.ListenerWD -- Before find element-->By.cssSelector: [placeholder='Address']
09:30:15.122 INFO  manager.ListenerWD -- After find element-->By.cssSelector: [placeholder='Address']
09:30:15.124 INFO  manager.ListenerWD -- Location of element-->input
09:30:15.129 INFO  manager.ListenerWD -- Before click element-->inputtext -->
09:30:15.156 INFO  manager.ListenerWD -- After click element-->input
09:30:15.171 INFO  manager.ListenerWD -- sendKeys -->
09:30:15.173 INFO  manager.ListenerWD -- sendKeys -->input
09:30:15.187 INFO  manager.ListenerWD -- sendKeys -->
09:30:15.189 INFO  manager.ListenerWD -- sendKeys -->input
09:30:15.203 INFO  manager.ListenerWD -- sendKeys -->
09:30:15.205 INFO  manager.ListenerWD -- sendKeys -->input
09:30:15.216 INFO  manager.ListenerWD -- Before find element-->By.cssSelector: [placeholder = 'description']
09:30:15.222 INFO  manager.ListenerWD -- After find element-->By.cssSelector: [placeholder = 'description']
09:30:15.226 INFO  manager.ListenerWD -- Location of element-->input
09:30:15.231 INFO  manager.ListenerWD -- Before click element-->inputtext -->
09:30:15.255 INFO  manager.ListenerWD -- After click element-->input
09:30:15.270 INFO  manager.ListenerWD -- sendKeys -->
09:30:15.271 INFO  manager.ListenerWD -- sendKeys -->input
09:30:15.289 INFO  manager.ListenerWD -- sendKeys -->
09:30:15.293 INFO  manager.ListenerWD -- sendKeys -->input
09:30:15.308 INFO  manager.ListenerWD -- sendKeys -->
09:30:15.311 INFO  manager.ListenerWD -- sendKeys -->input
09:30:15.323 INFO  manager.ListenerWD -- Before find element-->By.cssSelector: .add_form__2rsm2>button
09:30:15.329 INFO  manager.ListenerWD -- After find element-->By.cssSelector: .add_form__2rsm2>button
09:30:15.331 INFO  manager.ListenerWD -- Location of element-->button
09:30:15.337 INFO  manager.ListenerWD -- Before click element-->buttontext -->Save
09:30:15.360 INFO  manager.ListenerWD -- After click element-->button
09:30:15.871 INFO  manager.TestNGListener -- Start test -->removeFirstContact
09:30:15.901 INFO  manager.HelperBase -- Number of Contacts before remove is-->3
09:30:15.901 INFO  manager.ListenerWD -- Before find element-->By.cssSelector: .contact-item_card__2SOIM
09:30:15.908 INFO  manager.ListenerWD -- After find element-->By.cssSelector: .contact-item_card__2SOIM
09:30:15.911 INFO  manager.ListenerWD -- Location of element-->div
09:30:15.918 INFO  manager.ListenerWD -- Before click element-->divtext -->Harry
555667771653
09:30:15.950 INFO  manager.ListenerWD -- After click element-->div
09:30:15.951 INFO  manager.ListenerWD -- Before find element-->By.xpath: //button[text()='Remove']
09:30:15.957 INFO  manager.ListenerWD -- After find element-->By.xpath: //button[text()='Remove']
09:30:15.959 INFO  manager.ListenerWD -- Location of element-->button
09:30:15.965 INFO  manager.ListenerWD -- Before click element-->buttontext -->Remove
09:30:15.989 INFO  manager.ListenerWD -- After click element-->button
09:30:17.011 INFO  manager.HelperBase -- Number of Contacts after remove is-->2
09:30:17.011 INFO  manager.TestNGListener -- Success test -->removeFirstContact
09:30:17.011 INFO  tests.TestBase -- ==============================================
09:30:17.013 INFO  manager.TestNGListener -- Stop testing  on date-->Thu Jun 04 09:30:17 IDT 2026
