22:38:34.579 INFO  manager.ApplicationManager -- All tests runs in Chrome Browser
22:38:35.018 INFO  manager.ListenerWD -- Navigate to -->https://telranedu.web.app/
22:38:35.787 INFO  manager.ApplicationManager -- The link --->https://telranedu.web.app/home
22:38:35.798 INFO  manager.TestNGListener -- Start testing  on date-->Thu Jun 11 22:38:35 IDT 2026
22:38:35.812 INFO  tests.TestBase -- test data---> email: lolik@gmail.com & password: Lolik123!
22:38:40.836 INFO  manager.ListenerWD -- Before find element-->By.cssSelector: a[href='/login']
22:38:40.865 INFO  manager.ListenerWD -- After find element-->By.cssSelector: a[href='/login']
22:38:40.870 INFO  manager.ListenerWD -- Location of element-->a
22:38:40.880 INFO  manager.ListenerWD -- Before click element-->atext -->LOGIN
22:38:40.923 INFO  manager.ListenerWD -- After click element-->a
22:38:40.923 INFO  manager.HelperBase -- Open form by ckick on button with locator a[href='/login']
22:38:40.924 INFO  manager.ListenerWD -- Before find element-->By.name: email
22:38:40.942 INFO  manager.ListenerWD -- After find element-->By.name: email
22:38:40.946 INFO  manager.ListenerWD -- Location of element-->input
22:38:40.954 INFO  manager.ListenerWD -- Before click element-->inputtext -->
22:38:40.986 INFO  manager.ListenerWD -- After click element-->input
22:38:41.004 INFO  manager.ListenerWD -- sendKeys -->
22:38:41.007 INFO  manager.ListenerWD -- sendKeys -->input
22:38:41.029 INFO  manager.ListenerWD -- sendKeys -->
22:38:41.033 INFO  manager.ListenerWD -- sendKeys -->input
22:38:41.048 INFO  manager.ListenerWD -- sendKeys -->
22:38:41.051 INFO  manager.ListenerWD -- sendKeys -->input
22:38:41.067 INFO  manager.ListenerWD -- Before find element-->By.xpath: //input[@placeholder='Password']
22:38:41.081 INFO  manager.ListenerWD -- After find element-->By.xpath: //input[@placeholder='Password']
22:38:41.085 INFO  manager.ListenerWD -- Location of element-->input
22:38:41.091 INFO  manager.ListenerWD -- Before click element-->inputtext -->
22:38:41.120 INFO  manager.ListenerWD -- After click element-->input
22:38:41.135 INFO  manager.ListenerWD -- sendKeys -->
22:38:41.138 INFO  manager.ListenerWD -- sendKeys -->input
22:38:41.153 INFO  manager.ListenerWD -- sendKeys -->
22:38:41.156 INFO  manager.ListenerWD -- sendKeys -->input
22:38:41.173 INFO  manager.ListenerWD -- sendKeys -->
22:38:41.177 INFO  manager.ListenerWD -- sendKeys -->input
22:38:41.190 INFO  manager.ListenerWD -- Before find element-->By.xpath: //button[text()='Login']
22:38:41.205 INFO  manager.ListenerWD -- After find element-->By.xpath: //button[text()='Login']
22:38:41.209 INFO  manager.ListenerWD -- Location of element-->button
22:38:41.214 INFO  manager.ListenerWD -- Before click element-->buttontext -->Login
22:38:41.248 INFO  tests.TestBase -- User logged in successfully
22:38:41.265 INFO  tests.TestBase -- Name of method (test) -->addNewContactEmptyAddress
22:38:41.330 INFO  manager.TestNGListener -- Start test -->addNewContactEmptyAddress
22:38:41.353 INFO  tests.TestBase -- Test data --> name: Tony, lastName:Molly, phone: 343434342323, email: molly@gmail.com, address: , description: empty address
22:38:41.353 INFO  manager.ListenerWD -- Before find element-->By.cssSelector: a[href='/add']
22:38:42.686 INFO  manager.ListenerWD -- After find element-->By.cssSelector: a[href='/add']
22:38:42.689 INFO  manager.ListenerWD -- Location of element-->a
22:38:42.697 INFO  manager.ListenerWD -- Before click element-->atext -->ADD
22:38:42.731 INFO  manager.ListenerWD -- After click element-->a
22:38:42.731 INFO  manager.ListenerWD -- Before find element-->By.cssSelector: [placeholder='Name']
22:38:42.748 INFO  manager.ListenerWD -- After find element-->By.cssSelector: [placeholder='Name']
22:38:42.753 INFO  manager.ListenerWD -- Location of element-->input
22:38:42.762 INFO  manager.ListenerWD -- Before click element-->inputtext -->
22:38:42.795 INFO  manager.ListenerWD -- After click element-->input
22:38:42.813 INFO  manager.ListenerWD -- sendKeys -->
22:38:42.817 INFO  manager.ListenerWD -- sendKeys -->input
22:38:42.835 INFO  manager.ListenerWD -- sendKeys -->
22:38:42.839 INFO  manager.ListenerWD -- sendKeys -->input
22:38:42.856 INFO  manager.ListenerWD -- sendKeys -->
22:38:42.858 INFO  manager.ListenerWD -- sendKeys -->input
22:38:42.873 INFO  manager.ListenerWD -- Before find element-->By.cssSelector: [placeholder='Last Name']
22:38:42.888 INFO  manager.ListenerWD -- After find element-->By.cssSelector: [placeholder='Last Name']
22:38:42.892 INFO  manager.ListenerWD -- Location of element-->input
22:38:42.900 INFO  manager.ListenerWD -- Before click element-->inputtext -->
22:38:42.930 INFO  manager.ListenerWD -- After click element-->input
22:38:42.948 INFO  manager.ListenerWD -- sendKeys -->
22:38:42.950 INFO  manager.ListenerWD -- sendKeys -->input
22:38:42.966 INFO  manager.ListenerWD -- sendKeys -->
22:38:42.970 INFO  manager.ListenerWD -- sendKeys -->input
22:38:42.986 INFO  manager.ListenerWD -- sendKeys -->
22:38:42.989 INFO  manager.ListenerWD -- sendKeys -->input
22:38:43.002 INFO  manager.ListenerWD -- Before find element-->By.cssSelector: [placeholder='Phone']
22:38:43.021 INFO  manager.ListenerWD -- After find element-->By.cssSelector: [placeholder='Phone']
22:38:43.027 INFO  manager.ListenerWD -- Location of element-->input
22:38:43.034 INFO  manager.ListenerWD -- Before click element-->inputtext -->
22:38:43.059 INFO  manager.ListenerWD -- After click element-->input
22:38:43.074 INFO  manager.ListenerWD -- sendKeys -->
22:38:43.076 INFO  manager.ListenerWD -- sendKeys -->input
22:38:43.090 INFO  manager.ListenerWD -- sendKeys -->
22:38:43.093 INFO  manager.ListenerWD -- sendKeys -->input
22:38:43.108 INFO  manager.ListenerWD -- sendKeys -->
22:38:43.110 INFO  manager.ListenerWD -- sendKeys -->input
22:38:43.128 INFO  manager.ListenerWD -- Before find element-->By.cssSelector: [placeholder='email']
22:38:43.152 INFO  manager.ListenerWD -- After find element-->By.cssSelector: [placeholder='email']
22:38:43.161 INFO  manager.ListenerWD -- Location of element-->input
22:38:43.173 INFO  manager.ListenerWD -- Before click element-->inputtext -->
22:38:43.214 INFO  manager.ListenerWD -- After click element-->input
22:38:43.240 INFO  manager.ListenerWD -- sendKeys -->
22:38:43.244 INFO  manager.ListenerWD -- sendKeys -->input
22:38:43.265 INFO  manager.ListenerWD -- sendKeys -->
22:38:43.269 INFO  manager.ListenerWD -- sendKeys -->input
22:38:43.290 INFO  manager.ListenerWD -- sendKeys -->
22:38:43.294 INFO  manager.ListenerWD -- sendKeys -->input
22:38:43.312 INFO  manager.ListenerWD -- Before find element-->By.cssSelector: [placeholder='Address']
22:38:43.326 INFO  manager.ListenerWD -- After find element-->By.cssSelector: [placeholder='Address']
22:38:43.329 INFO  manager.ListenerWD -- Location of element-->input
22:38:43.335 INFO  manager.ListenerWD -- Before click element-->inputtext -->
22:38:43.364 INFO  manager.ListenerWD -- After click element-->input
22:38:43.379 INFO  manager.ListenerWD -- sendKeys -->
22:38:43.381 INFO  manager.ListenerWD -- sendKeys -->input
22:38:43.395 INFO  manager.ListenerWD -- sendKeys -->
22:38:43.397 INFO  manager.ListenerWD -- sendKeys -->input
22:38:43.411 INFO  manager.ListenerWD -- sendKeys -->
22:38:43.413 INFO  manager.ListenerWD -- sendKeys -->input
22:38:43.422 INFO  manager.ListenerWD -- Before find element-->By.cssSelector: [placeholder = 'description']
22:38:43.434 INFO  manager.ListenerWD -- After find element-->By.cssSelector: [placeholder = 'description']
22:38:43.437 INFO  manager.ListenerWD -- Location of element-->input
22:38:43.444 INFO  manager.ListenerWD -- Before click element-->inputtext -->
22:38:43.472 INFO  manager.ListenerWD -- After click element-->input
22:38:43.489 INFO  manager.ListenerWD -- sendKeys -->
22:38:43.491 INFO  manager.ListenerWD -- sendKeys -->input
22:38:43.509 INFO  manager.ListenerWD -- sendKeys -->
22:38:43.511 INFO  manager.ListenerWD -- sendKeys -->input
22:38:43.528 INFO  manager.ListenerWD -- sendKeys -->
22:38:43.532 INFO  manager.ListenerWD -- sendKeys -->input
22:38:43.546 INFO  manager.ListenerWD -- Before find element-->By.cssSelector: .add_form__2rsm2>button
22:38:43.558 INFO  manager.ListenerWD -- After find element-->By.cssSelector: .add_form__2rsm2>button
22:38:43.562 INFO  manager.ListenerWD -- Location of element-->button
22:38:43.567 INFO  manager.ListenerWD -- Before click element-->buttontext -->Save
22:38:43.591 INFO  manager.ListenerWD -- After click element-->button
22:38:43.604 INFO  tests.TestBase -- Assert check Add button is active
22:38:43.611 INFO  manager.TestNGListener -- Success test -->addNewContactEmptyAddress
22:38:43.612 INFO  tests.TestBase -- ==============================================
22:38:43.614 INFO  tests.TestBase -- Name of method (test) -->addNewContactEmptyLastName
22:38:43.615 INFO  manager.TestNGListener -- Start test -->addNewContactEmptyLastName
22:38:43.615 INFO  tests.TestBase -- Test data --> name: Tony , lastName:, phone: 343434342323,email: molly@gmail.com, address: Haifa, description: empty last name
22:38:43.615 INFO  manager.ListenerWD -- Before find element-->By.cssSelector: a[href='/add']
22:38:43.626 INFO  manager.ListenerWD -- After find element-->By.cssSelector: a[href='/add']
22:38:43.628 INFO  manager.ListenerWD -- Location of element-->a
22:38:43.634 INFO  manager.ListenerWD -- Before click element-->atext -->ADD
22:38:43.660 INFO  manager.ListenerWD -- After click element-->a
22:38:43.660 INFO  manager.ListenerWD -- Before find element-->By.cssSelector: [placeholder='Name']
22:38:43.670 INFO  manager.ListenerWD -- After find element-->By.cssSelector: [placeholder='Name']
22:38:43.674 INFO  manager.ListenerWD -- Location of element-->input
22:38:43.679 INFO  manager.ListenerWD -- Before click element-->inputtext -->
22:38:43.707 INFO  manager.ListenerWD -- After click element-->input
22:38:43.722 INFO  manager.ListenerWD -- sendKeys -->
22:38:43.726 INFO  manager.ListenerWD -- sendKeys -->input
22:38:43.749 INFO  manager.ListenerWD -- sendKeys -->
22:38:43.751 INFO  manager.ListenerWD -- sendKeys -->input
22:38:43.766 INFO  manager.ListenerWD -- sendKeys -->
22:38:43.768 INFO  manager.ListenerWD -- sendKeys -->input
22:38:43.779 INFO  manager.ListenerWD -- Before find element-->By.cssSelector: [placeholder='Last Name']
22:38:43.788 INFO  manager.ListenerWD -- After find element-->By.cssSelector: [placeholder='Last Name']
22:38:43.792 INFO  manager.ListenerWD -- Location of element-->input
22:38:43.798 INFO  manager.ListenerWD -- Before click element-->inputtext -->
22:38:43.822 INFO  manager.ListenerWD -- After click element-->input
22:38:43.837 INFO  manager.ListenerWD -- sendKeys -->
22:38:43.840 INFO  manager.ListenerWD -- sendKeys -->input
22:38:43.862 INFO  manager.ListenerWD -- sendKeys -->
22:38:43.864 INFO  manager.ListenerWD -- sendKeys -->input
22:38:43.879 INFO  manager.ListenerWD -- sendKeys -->
22:38:43.882 INFO  manager.ListenerWD -- sendKeys -->input
22:38:43.890 INFO  manager.ListenerWD -- Before find element-->By.cssSelector: [placeholder='Phone']
22:38:43.900 INFO  manager.ListenerWD -- After find element-->By.cssSelector: [placeholder='Phone']
22:38:43.902 INFO  manager.ListenerWD -- Location of element-->input
22:38:43.908 INFO  manager.ListenerWD -- Before click element-->inputtext -->
22:38:43.941 INFO  manager.ListenerWD -- After click element-->input
22:38:43.959 INFO  manager.ListenerWD -- sendKeys -->
22:38:43.962 INFO  manager.ListenerWD -- sendKeys -->input
22:38:43.992 INFO  manager.ListenerWD -- sendKeys -->
22:38:43.996 INFO  manager.ListenerWD -- sendKeys -->input
22:38:44.015 INFO  manager.ListenerWD -- sendKeys -->
22:38:44.017 INFO  manager.ListenerWD -- sendKeys -->input
22:38:44.030 INFO  manager.ListenerWD -- Before find element-->By.cssSelector: [placeholder='email']
22:38:44.040 INFO  manager.ListenerWD -- After find element-->By.cssSelector: [placeholder='email']
22:38:44.043 INFO  manager.ListenerWD -- Location of element-->input
22:38:44.048 INFO  manager.ListenerWD -- Before click element-->inputtext -->
22:38:44.072 INFO  manager.ListenerWD -- After click element-->input
22:38:44.088 INFO  manager.ListenerWD -- sendKeys -->
22:38:44.090 INFO  manager.ListenerWD -- sendKeys -->input
22:38:44.113 INFO  manager.ListenerWD -- sendKeys -->
22:38:44.115 INFO  manager.ListenerWD -- sendKeys -->input
22:38:44.129 INFO  manager.ListenerWD -- sendKeys -->
22:38:44.133 INFO  manager.ListenerWD -- sendKeys -->input
22:38:44.147 INFO  manager.ListenerWD -- Before find element-->By.cssSelector: [placeholder='Address']
22:38:44.157 INFO  manager.ListenerWD -- After find element-->By.cssSelector: [placeholder='Address']
22:38:44.159 INFO  manager.ListenerWD -- Location of element-->input
22:38:44.164 INFO  manager.ListenerWD -- Before click element-->inputtext -->
22:38:44.192 INFO  manager.ListenerWD -- After click element-->input
22:38:44.206 INFO  manager.ListenerWD -- sendKeys -->
22:38:44.208 INFO  manager.ListenerWD -- sendKeys -->input
22:38:44.222 INFO  manager.ListenerWD -- sendKeys -->
22:38:44.224 INFO  manager.ListenerWD -- sendKeys -->input
22:38:44.240 INFO  manager.ListenerWD -- sendKeys -->
22:38:44.243 INFO  manager.ListenerWD -- sendKeys -->input
22:38:44.256 INFO  manager.ListenerWD -- Before find element-->By.cssSelector: [placeholder = 'description']
22:38:44.265 INFO  manager.ListenerWD -- After find element-->By.cssSelector: [placeholder = 'description']
22:38:44.269 INFO  manager.ListenerWD -- Location of element-->input
22:38:44.276 INFO  manager.ListenerWD -- Before click element-->inputtext -->
22:38:44.301 INFO  manager.ListenerWD -- After click element-->input
22:38:44.319 INFO  manager.ListenerWD -- sendKeys -->
22:38:44.321 INFO  manager.ListenerWD -- sendKeys -->input
22:38:44.347 INFO  manager.ListenerWD -- sendKeys -->
22:38:44.350 INFO  manager.ListenerWD -- sendKeys -->input
22:38:44.366 INFO  manager.ListenerWD -- sendKeys -->
22:38:44.368 INFO  manager.ListenerWD -- sendKeys -->input
22:38:44.384 INFO  manager.ListenerWD -- Before find element-->By.cssSelector: .add_form__2rsm2>button
22:38:44.394 INFO  manager.ListenerWD -- After find element-->By.cssSelector: .add_form__2rsm2>button
22:38:44.397 INFO  manager.ListenerWD -- Location of element-->button
22:38:44.405 INFO  manager.ListenerWD -- Before click element-->buttontext -->Save
22:38:44.426 INFO  manager.ListenerWD -- After click element-->button
22:38:44.436 INFO  tests.TestBase -- Assert check Add button is active
22:38:44.437 INFO  manager.TestNGListener -- Success test -->addNewContactEmptyLastName
22:38:44.437 INFO  tests.TestBase -- ==============================================
22:38:44.438 INFO  tests.TestBase -- Name of method (test) -->addNewContactEmptyName
22:38:44.439 INFO  manager.TestNGListener -- Start test -->addNewContactEmptyName
22:38:44.440 INFO  tests.TestBase -- Test data --> name: , lastName:Molly, phone: 343434342323,email: molly@gmail.com, address: Haifa, description: empty name
22:38:44.440 INFO  manager.ListenerWD -- Before find element-->By.cssSelector: a[href='/add']
22:38:44.449 INFO  manager.ListenerWD -- After find element-->By.cssSelector: a[href='/add']
22:38:44.451 INFO  manager.ListenerWD -- Location of element-->a
22:38:44.457 INFO  manager.ListenerWD -- Before click element-->atext -->ADD
22:38:44.483 INFO  manager.ListenerWD -- After click element-->a
22:38:44.483 INFO  manager.ListenerWD -- Before find element-->By.cssSelector: [placeholder='Name']
22:38:44.492 INFO  manager.ListenerWD -- After find element-->By.cssSelector: [placeholder='Name']
22:38:44.496 INFO  manager.ListenerWD -- Location of element-->input
22:38:44.502 INFO  manager.ListenerWD -- Before click element-->inputtext -->
22:38:44.527 INFO  manager.ListenerWD -- After click element-->input
22:38:44.542 INFO  manager.ListenerWD -- sendKeys -->
22:38:44.545 INFO  manager.ListenerWD -- sendKeys -->input
22:38:44.565 INFO  manager.ListenerWD -- sendKeys -->
22:38:44.567 INFO  manager.ListenerWD -- sendKeys -->input
22:38:44.580 INFO  manager.ListenerWD -- sendKeys -->
22:38:44.583 INFO  manager.ListenerWD -- sendKeys -->input
22:38:44.593 INFO  manager.ListenerWD -- Before find element-->By.cssSelector: [placeholder='Last Name']
22:38:44.601 INFO  manager.ListenerWD -- After find element-->By.cssSelector: [placeholder='Last Name']
22:38:44.604 INFO  manager.ListenerWD -- Location of element-->input
22:38:44.611 INFO  manager.ListenerWD -- Before click element-->inputtext -->
22:38:44.635 INFO  manager.ListenerWD -- After click element-->input
22:38:44.649 INFO  manager.ListenerWD -- sendKeys -->
22:38:44.651 INFO  manager.ListenerWD -- sendKeys -->input
22:38:44.664 INFO  manager.ListenerWD -- sendKeys -->
22:38:44.666 INFO  manager.ListenerWD -- sendKeys -->input
22:38:44.681 INFO  manager.ListenerWD -- sendKeys -->
22:38:44.684 INFO  manager.ListenerWD -- sendKeys -->input
22:38:44.695 INFO  manager.ListenerWD -- Before find element-->By.cssSelector: [placeholder='Phone']
22:38:44.703 INFO  manager.ListenerWD -- After find element-->By.cssSelector: [placeholder='Phone']
22:38:44.706 INFO  manager.ListenerWD -- Location of element-->input
22:38:44.711 INFO  manager.ListenerWD -- Before click element-->inputtext -->
22:38:44.734 INFO  manager.ListenerWD -- After click element-->input
22:38:44.748 INFO  manager.ListenerWD -- sendKeys -->
22:38:44.751 INFO  manager.ListenerWD -- sendKeys -->input
22:38:44.771 INFO  manager.ListenerWD -- sendKeys -->
22:38:44.773 INFO  manager.ListenerWD -- sendKeys -->input
22:38:44.787 INFO  manager.ListenerWD -- sendKeys -->
22:38:44.790 INFO  manager.ListenerWD -- sendKeys -->input
22:38:44.802 INFO  manager.ListenerWD -- Before find element-->By.cssSelector: [placeholder='email']
22:38:44.811 INFO  manager.ListenerWD -- After find element-->By.cssSelector: [placeholder='email']
22:38:44.814 INFO  manager.ListenerWD -- Location of element-->input
22:38:44.820 INFO  manager.ListenerWD -- Before click element-->inputtext -->
22:38:44.845 INFO  manager.ListenerWD -- After click element-->input
22:38:44.861 INFO  manager.ListenerWD -- sendKeys -->
22:38:44.865 INFO  manager.ListenerWD -- sendKeys -->input
22:38:44.884 INFO  manager.ListenerWD -- sendKeys -->
22:38:44.887 INFO  manager.ListenerWD -- sendKeys -->input
22:38:44.900 INFO  manager.ListenerWD -- sendKeys -->
22:38:44.903 INFO  manager.ListenerWD -- sendKeys -->input
22:38:44.916 INFO  manager.ListenerWD -- Before find element-->By.cssSelector: [placeholder='Address']
22:38:44.926 INFO  manager.ListenerWD -- After find element-->By.cssSelector: [placeholder='Address']
22:38:44.930 INFO  manager.ListenerWD -- Location of element-->input
22:38:44.935 INFO  manager.ListenerWD -- Before click element-->inputtext -->
22:38:44.957 INFO  manager.ListenerWD -- After click element-->input
22:38:44.971 INFO  manager.ListenerWD -- sendKeys -->
22:38:44.973 INFO  manager.ListenerWD -- sendKeys -->input
22:38:44.994 INFO  manager.ListenerWD -- sendKeys -->
22:38:44.996 INFO  manager.ListenerWD -- sendKeys -->input
22:38:45.010 INFO  manager.ListenerWD -- sendKeys -->
22:38:45.012 INFO  manager.ListenerWD -- sendKeys -->input
22:38:45.023 INFO  manager.ListenerWD -- Before find element-->By.cssSelector: [placeholder = 'description']
22:38:45.032 INFO  manager.ListenerWD -- After find element-->By.cssSelector: [placeholder = 'description']
22:38:45.035 INFO  manager.ListenerWD -- Location of element-->input
22:38:45.041 INFO  manager.ListenerWD -- Before click element-->inputtext -->
22:38:45.065 INFO  manager.ListenerWD -- After click element-->input
22:38:45.078 INFO  manager.ListenerWD -- sendKeys -->
22:38:45.082 INFO  manager.ListenerWD -- sendKeys -->input
22:38:45.101 INFO  manager.ListenerWD -- sendKeys -->
22:38:45.104 INFO  manager.ListenerWD -- sendKeys -->input
22:38:45.118 INFO  manager.ListenerWD -- sendKeys -->
22:38:45.120 INFO  manager.ListenerWD -- sendKeys -->input
22:38:45.134 INFO  manager.ListenerWD -- Before find element-->By.cssSelector: .add_form__2rsm2>button
22:38:45.143 INFO  manager.ListenerWD -- After find element-->By.cssSelector: .add_form__2rsm2>button
22:38:45.147 INFO  manager.ListenerWD -- Location of element-->button
22:38:45.152 INFO  manager.ListenerWD -- Before click element-->buttontext -->Save
22:38:45.175 INFO  manager.ListenerWD -- After click element-->button
22:38:45.185 INFO  tests.TestBase -- Assert check Add button is active
22:38:45.186 INFO  manager.TestNGListener -- Success test -->addNewContactEmptyName
22:38:45.187 INFO  tests.TestBase -- ==============================================
22:38:45.193 INFO  tests.TestBase -- Name of method (test) -->addNewContactSuccessAllFields
22:38:45.193 INFO  manager.TestNGListener -- Start test -->addNewContactSuccessAllFields
22:38:45.196 INFO  manager.ListenerWD -- Before find element-->By.cssSelector: a[href='/add']
22:38:45.208 INFO  manager.ListenerWD -- After find element-->By.cssSelector: a[href='/add']
22:38:45.210 INFO  manager.ListenerWD -- Location of element-->a
22:38:45.216 INFO  manager.ListenerWD -- Before click element-->atext -->ADD
22:38:45.250 INFO  manager.ListenerWD -- After click element-->a
22:38:45.251 INFO  manager.ListenerWD -- Before find element-->By.cssSelector: [placeholder='Name']
22:38:45.259 INFO  manager.ListenerWD -- After find element-->By.cssSelector: [placeholder='Name']
22:38:45.261 INFO  manager.ListenerWD -- Location of element-->input
22:38:45.266 INFO  manager.ListenerWD -- Before click element-->inputtext -->
22:38:45.289 INFO  manager.ListenerWD -- After click element-->input
22:38:45.303 INFO  manager.ListenerWD -- sendKeys -->
22:38:45.305 INFO  manager.ListenerWD -- sendKeys -->input
22:38:45.317 INFO  manager.ListenerWD -- sendKeys -->
22:38:45.320 INFO  manager.ListenerWD -- sendKeys -->input
22:38:45.332 INFO  manager.ListenerWD -- sendKeys -->
22:38:45.335 INFO  manager.ListenerWD -- sendKeys -->input
22:38:45.345 INFO  manager.ListenerWD -- Before find element-->By.cssSelector: [placeholder='Last Name']
22:38:45.354 INFO  manager.ListenerWD -- After find element-->By.cssSelector: [placeholder='Last Name']
22:38:45.356 INFO  manager.ListenerWD -- Location of element-->input
22:38:45.362 INFO  manager.ListenerWD -- Before click element-->inputtext -->
22:38:45.383 INFO  manager.ListenerWD -- After click element-->input
22:38:45.397 INFO  manager.ListenerWD -- sendKeys -->
22:38:45.399 INFO  manager.ListenerWD -- sendKeys -->input
22:38:45.420 INFO  manager.ListenerWD -- sendKeys -->
22:38:45.422 INFO  manager.ListenerWD -- sendKeys -->input
22:38:45.435 INFO  manager.ListenerWD -- sendKeys -->
22:38:45.437 INFO  manager.ListenerWD -- sendKeys -->input
22:38:45.448 INFO  manager.ListenerWD -- Before find element-->By.cssSelector: [placeholder='Phone']
22:38:45.457 INFO  manager.ListenerWD -- After find element-->By.cssSelector: [placeholder='Phone']
22:38:45.459 INFO  manager.ListenerWD -- Location of element-->input
22:38:45.464 INFO  manager.ListenerWD -- Before click element-->inputtext -->
22:38:45.487 INFO  manager.ListenerWD -- After click element-->input
22:38:45.500 INFO  manager.ListenerWD -- sendKeys -->
22:38:45.503 INFO  manager.ListenerWD -- sendKeys -->input
22:38:45.523 INFO  manager.ListenerWD -- sendKeys -->
22:38:45.525 INFO  manager.ListenerWD -- sendKeys -->input
22:38:45.538 INFO  manager.ListenerWD -- sendKeys -->
22:38:45.540 INFO  manager.ListenerWD -- sendKeys -->input
22:38:45.553 INFO  manager.ListenerWD -- Before find element-->By.cssSelector: [placeholder='email']
22:38:45.560 INFO  manager.ListenerWD -- After find element-->By.cssSelector: [placeholder='email']
22:38:45.562 INFO  manager.ListenerWD -- Location of element-->input
22:38:45.568 INFO  manager.ListenerWD -- Before click element-->inputtext -->
22:38:45.589 INFO  manager.ListenerWD -- After click element-->input
22:38:45.603 INFO  manager.ListenerWD -- sendKeys -->
22:38:45.605 INFO  manager.ListenerWD -- sendKeys -->input
22:38:45.626 INFO  manager.ListenerWD -- sendKeys -->
22:38:45.628 INFO  manager.ListenerWD -- sendKeys -->input
22:38:45.641 INFO  manager.ListenerWD -- sendKeys -->
22:38:45.643 INFO  manager.ListenerWD -- sendKeys -->input
22:38:45.658 INFO  manager.ListenerWD -- Before find element-->By.cssSelector: [placeholder='Address']
22:38:45.666 INFO  manager.ListenerWD -- After find element-->By.cssSelector: [placeholder='Address']
22:38:45.668 INFO  manager.ListenerWD -- Location of element-->input
22:38:45.673 INFO  manager.ListenerWD -- Before click element-->inputtext -->
22:38:45.696 INFO  manager.ListenerWD -- After click element-->input
22:38:45.711 INFO  manager.ListenerWD -- sendKeys -->
22:38:45.713 INFO  manager.ListenerWD -- sendKeys -->input
22:38:45.733 INFO  manager.ListenerWD -- sendKeys -->
22:38:45.736 INFO  manager.ListenerWD -- sendKeys -->input
22:38:45.749 INFO  manager.ListenerWD -- sendKeys -->
22:38:45.751 INFO  manager.ListenerWD -- sendKeys -->input
22:38:45.763 INFO  manager.ListenerWD -- Before find element-->By.cssSelector: [placeholder = 'description']
22:38:45.771 INFO  manager.ListenerWD -- After find element-->By.cssSelector: [placeholder = 'description']
22:38:45.773 INFO  manager.ListenerWD -- Location of element-->input
22:38:45.778 INFO  manager.ListenerWD -- Before click element-->inputtext -->
22:38:45.800 INFO  manager.ListenerWD -- After click element-->input
22:38:45.814 INFO  manager.ListenerWD -- sendKeys -->
22:38:45.816 INFO  manager.ListenerWD -- sendKeys -->input
22:38:45.836 INFO  manager.ListenerWD -- sendKeys -->
22:38:45.838 INFO  manager.ListenerWD -- sendKeys -->input
22:38:45.851 INFO  manager.ListenerWD -- sendKeys -->
22:38:45.853 INFO  manager.ListenerWD -- sendKeys -->input
22:38:46.053 INFO  manager.ListenerWD -- Before find element-->By.cssSelector: .add_form__2rsm2>button
22:38:46.072 INFO  manager.ListenerWD -- After find element-->By.cssSelector: .add_form__2rsm2>button
22:38:46.078 INFO  manager.ListenerWD -- Location of element-->button
22:38:46.084 INFO  manager.ListenerWD -- Before click element-->buttontext -->Save
22:38:46.106 INFO  manager.ListenerWD -- After click element-->button
22:38:46.635 INFO  tests.TestBase -- Assert check is add contact by name
22:38:46.668 INFO  tests.TestBase -- Assert check is add contact by phone
22:38:46.669 INFO  manager.TestNGListener -- Success test -->addNewContactSuccessAllFields
22:38:46.671 INFO  tests.TestBase -- ==============================================
22:38:46.672 INFO  tests.TestBase -- Name of method (test) -->addNewContactSuccessAllFields
22:38:46.673 INFO  manager.TestNGListener -- Start test -->addNewContactSuccessAllFields
22:38:46.674 INFO  manager.ListenerWD -- Before find element-->By.cssSelector: a[href='/add']
22:38:46.681 INFO  manager.ListenerWD -- After find element-->By.cssSelector: a[href='/add']
22:38:46.685 INFO  manager.ListenerWD -- Location of element-->a
22:38:46.692 INFO  manager.ListenerWD -- Before click element-->atext -->ADD
22:38:46.724 INFO  manager.ListenerWD -- After click element-->a
22:38:46.725 INFO  manager.ListenerWD -- Before find element-->By.cssSelector: [placeholder='Name']
22:38:46.734 INFO  manager.ListenerWD -- After find element-->By.cssSelector: [placeholder='Name']
22:38:46.737 INFO  manager.ListenerWD -- Location of element-->input
22:38:46.743 INFO  manager.ListenerWD -- Before click element-->inputtext -->
22:38:46.774 INFO  manager.ListenerWD -- After click element-->input
22:38:46.790 INFO  manager.ListenerWD -- sendKeys -->
22:38:46.793 INFO  manager.ListenerWD -- sendKeys -->input
22:38:46.812 INFO  manager.ListenerWD -- sendKeys -->
22:38:46.814 INFO  manager.ListenerWD -- sendKeys -->input
22:38:46.832 INFO  manager.ListenerWD -- sendKeys -->
22:38:46.835 INFO  manager.ListenerWD -- sendKeys -->input
22:38:46.847 INFO  manager.ListenerWD -- Before find element-->By.cssSelector: [placeholder='Last Name']
22:38:46.856 INFO  manager.ListenerWD -- After find element-->By.cssSelector: [placeholder='Last Name']
22:38:46.859 INFO  manager.ListenerWD -- Location of element-->input
22:38:46.866 INFO  manager.ListenerWD -- Before click element-->inputtext -->
22:38:46.895 INFO  manager.ListenerWD -- After click element-->input
22:38:46.912 INFO  manager.ListenerWD -- sendKeys -->
22:38:46.914 INFO  manager.ListenerWD -- sendKeys -->input
22:38:46.931 INFO  manager.ListenerWD -- sendKeys -->
22:38:46.933 INFO  manager.ListenerWD -- sendKeys -->input
22:38:46.947 INFO  manager.ListenerWD -- sendKeys -->
22:38:46.949 INFO  manager.ListenerWD -- sendKeys -->input
22:38:46.959 INFO  manager.ListenerWD -- Before find element-->By.cssSelector: [placeholder='Phone']
22:38:46.968 INFO  manager.ListenerWD -- After find element-->By.cssSelector: [placeholder='Phone']
22:38:46.971 INFO  manager.ListenerWD -- Location of element-->input
22:38:46.976 INFO  manager.ListenerWD -- Before click element-->inputtext -->
22:38:46.999 INFO  manager.ListenerWD -- After click element-->input
22:38:47.012 INFO  manager.ListenerWD -- sendKeys -->
22:38:47.014 INFO  manager.ListenerWD -- sendKeys -->input
22:38:47.027 INFO  manager.ListenerWD -- sendKeys -->
22:38:47.030 INFO  manager.ListenerWD -- sendKeys -->input
22:38:47.044 INFO  manager.ListenerWD -- sendKeys -->
22:38:47.046 INFO  manager.ListenerWD -- sendKeys -->input
22:38:47.059 INFO  manager.ListenerWD -- Before find element-->By.cssSelector: [placeholder='email']
22:38:47.067 INFO  manager.ListenerWD -- After find element-->By.cssSelector: [placeholder='email']
22:38:47.069 INFO  manager.ListenerWD -- Location of element-->input
22:38:47.075 INFO  manager.ListenerWD -- Before click element-->inputtext -->
22:38:47.099 INFO  manager.ListenerWD -- After click element-->input
22:38:47.113 INFO  manager.ListenerWD -- sendKeys -->
22:38:47.115 INFO  manager.ListenerWD -- sendKeys -->input
22:38:47.128 INFO  manager.ListenerWD -- sendKeys -->
22:38:47.130 INFO  manager.ListenerWD -- sendKeys -->input
22:38:47.145 INFO  manager.ListenerWD -- sendKeys -->
22:38:47.147 INFO  manager.ListenerWD -- sendKeys -->input
22:38:47.160 INFO  manager.ListenerWD -- Before find element-->By.cssSelector: [placeholder='Address']
22:38:47.168 INFO  manager.ListenerWD -- After find element-->By.cssSelector: [placeholder='Address']
22:38:47.171 INFO  manager.ListenerWD -- Location of element-->input
22:38:47.176 INFO  manager.ListenerWD -- Before click element-->inputtext -->
22:38:47.200 INFO  manager.ListenerWD -- After click element-->input
22:38:47.214 INFO  manager.ListenerWD -- sendKeys -->
22:38:47.216 INFO  manager.ListenerWD -- sendKeys -->input
22:38:47.233 INFO  manager.ListenerWD -- sendKeys -->
22:38:47.235 INFO  manager.ListenerWD -- sendKeys -->input
22:38:47.249 INFO  manager.ListenerWD -- sendKeys -->
22:38:47.251 INFO  manager.ListenerWD -- sendKeys -->input
22:38:47.263 INFO  manager.ListenerWD -- Before find element-->By.cssSelector: [placeholder = 'description']
22:38:47.272 INFO  manager.ListenerWD -- After find element-->By.cssSelector: [placeholder = 'description']
22:38:47.274 INFO  manager.ListenerWD -- Location of element-->input
22:38:47.279 INFO  manager.ListenerWD -- Before click element-->inputtext -->
22:38:47.303 INFO  manager.ListenerWD -- After click element-->input
22:38:47.317 INFO  manager.ListenerWD -- sendKeys -->
22:38:47.319 INFO  manager.ListenerWD -- sendKeys -->input
22:38:47.333 INFO  manager.ListenerWD -- sendKeys -->
22:38:47.335 INFO  manager.ListenerWD -- sendKeys -->input
22:38:47.512 INFO  manager.ListenerWD -- Before find element-->By.cssSelector: .add_form__2rsm2>button
22:38:47.523 INFO  manager.ListenerWD -- After find element-->By.cssSelector: .add_form__2rsm2>button
22:38:47.526 INFO  manager.ListenerWD -- Location of element-->button
22:38:47.532 INFO  manager.ListenerWD -- Before click element-->buttontext -->Save
22:38:47.559 INFO  manager.ListenerWD -- After click element-->button
22:38:48.020 INFO  tests.TestBase -- Assert check is add contact by name
22:38:48.057 INFO  tests.TestBase -- Assert check is add contact by phone
22:38:48.058 INFO  manager.TestNGListener -- Success test -->addNewContactSuccessAllFields
22:38:48.058 INFO  tests.TestBase -- ==============================================
22:38:48.062 INFO  manager.TestNGListener -- Skipped test -->addNewContactSuccessAllFieldsCSV
22:38:48.063 INFO  tests.TestBase -- Name of method (test) -->addNewContactSuccessRequiredFields
22:38:48.063 INFO  manager.TestNGListener -- Start test -->addNewContactSuccessRequiredFields
22:38:48.065 INFO  tests.TestBase -- Test data --> name: Tony, lastName:Molly, phone: 343434342328email: molly2328@gmail.com, address: Haifa
22:38:48.065 INFO  manager.ListenerWD -- Before find element-->By.cssSelector: a[href='/add']
22:38:48.073 INFO  manager.ListenerWD -- After find element-->By.cssSelector: a[href='/add']
22:38:48.076 INFO  manager.ListenerWD -- Location of element-->a
22:38:48.082 INFO  manager.ListenerWD -- Before click element-->atext -->ADD
22:38:48.115 INFO  manager.ListenerWD -- After click element-->a
22:38:48.115 INFO  manager.ListenerWD -- Before find element-->By.cssSelector: [placeholder='Name']
22:38:48.126 INFO  manager.ListenerWD -- After find element-->By.cssSelector: [placeholder='Name']
22:38:48.130 INFO  manager.ListenerWD -- Location of element-->input
22:38:48.137 INFO  manager.ListenerWD -- Before click element-->inputtext -->
22:38:48.167 INFO  manager.ListenerWD -- After click element-->input
22:38:48.185 INFO  manager.ListenerWD -- sendKeys -->
22:38:48.187 INFO  manager.ListenerWD -- sendKeys -->input
22:38:48.203 INFO  manager.ListenerWD -- sendKeys -->
22:38:48.206 INFO  manager.ListenerWD -- sendKeys -->input
22:38:48.222 INFO  manager.ListenerWD -- sendKeys -->
22:38:48.225 INFO  manager.ListenerWD -- sendKeys -->input
22:38:48.239 INFO  manager.ListenerWD -- Before find element-->By.cssSelector: [placeholder='Last Name']
22:38:48.250 INFO  manager.ListenerWD -- After find element-->By.cssSelector: [placeholder='Last Name']
22:38:48.253 INFO  manager.ListenerWD -- Location of element-->input
22:38:48.260 INFO  manager.ListenerWD -- Before click element-->inputtext -->
22:38:48.287 INFO  manager.ListenerWD -- After click element-->input
22:38:48.305 INFO  manager.ListenerWD -- sendKeys -->
22:38:48.309 INFO  manager.ListenerWD -- sendKeys -->input
22:38:48.324 INFO  manager.ListenerWD -- sendKeys -->
22:38:48.327 INFO  manager.ListenerWD -- sendKeys -->input
22:38:48.343 INFO  manager.ListenerWD -- sendKeys -->
22:38:48.345 INFO  manager.ListenerWD -- sendKeys -->input
22:38:48.358 INFO  manager.ListenerWD -- Before find element-->By.cssSelector: [placeholder='Phone']
22:38:48.366 INFO  manager.ListenerWD -- After find element-->By.cssSelector: [placeholder='Phone']
22:38:48.369 INFO  manager.ListenerWD -- Location of element-->input
22:38:48.375 INFO  manager.ListenerWD -- Before click element-->inputtext -->
22:38:48.401 INFO  manager.ListenerWD -- After click element-->input
22:38:48.416 INFO  manager.ListenerWD -- sendKeys -->
22:38:48.418 INFO  manager.ListenerWD -- sendKeys -->input
22:38:48.432 INFO  manager.ListenerWD -- sendKeys -->
22:38:48.435 INFO  manager.ListenerWD -- sendKeys -->input
22:38:48.449 INFO  manager.ListenerWD -- sendKeys -->
22:38:48.452 INFO  manager.ListenerWD -- sendKeys -->input
22:38:48.468 INFO  manager.ListenerWD -- Before find element-->By.cssSelector: [placeholder='email']
22:38:48.476 INFO  manager.ListenerWD -- After find element-->By.cssSelector: [placeholder='email']
22:38:48.479 INFO  manager.ListenerWD -- Location of element-->input
22:38:48.486 INFO  manager.ListenerWD -- Before click element-->inputtext -->
22:38:48.511 INFO  manager.ListenerWD -- After click element-->input
22:38:48.527 INFO  manager.ListenerWD -- sendKeys -->
22:38:48.529 INFO  manager.ListenerWD -- sendKeys -->input
22:38:48.544 INFO  manager.ListenerWD -- sendKeys -->
22:38:48.546 INFO  manager.ListenerWD -- sendKeys -->input
22:38:48.560 INFO  manager.ListenerWD -- sendKeys -->
22:38:48.562 INFO  manager.ListenerWD -- sendKeys -->input
22:38:48.577 INFO  manager.ListenerWD -- Before find element-->By.cssSelector: [placeholder='Address']
22:38:48.586 INFO  manager.ListenerWD -- After find element-->By.cssSelector: [placeholder='Address']
22:38:48.589 INFO  manager.ListenerWD -- Location of element-->input
22:38:48.594 INFO  manager.ListenerWD -- Before click element-->inputtext -->
22:38:48.620 INFO  manager.ListenerWD -- After click element-->input
22:38:48.635 INFO  manager.ListenerWD -- sendKeys -->
22:38:48.638 INFO  manager.ListenerWD -- sendKeys -->input
22:38:48.653 INFO  manager.ListenerWD -- sendKeys -->
22:38:48.656 INFO  manager.ListenerWD -- sendKeys -->input
22:38:48.678 INFO  manager.ListenerWD -- sendKeys -->
22:38:48.682 INFO  manager.ListenerWD -- sendKeys -->input
22:38:48.694 INFO  manager.ListenerWD -- Before find element-->By.cssSelector: [placeholder = 'description']
22:38:48.703 INFO  manager.ListenerWD -- After find element-->By.cssSelector: [placeholder = 'description']
22:38:48.706 INFO  manager.ListenerWD -- Location of element-->input
22:38:48.712 INFO  manager.ListenerWD -- Before click element-->inputtext -->
22:38:48.739 INFO  manager.ListenerWD -- After click element-->input
22:38:48.754 INFO  manager.ListenerWD -- sendKeys -->
22:38:48.756 INFO  manager.ListenerWD -- sendKeys -->input
22:38:48.770 INFO  manager.ListenerWD -- sendKeys -->
22:38:48.772 INFO  manager.ListenerWD -- sendKeys -->input
22:38:48.784 INFO  manager.ListenerWD -- Before find element-->By.cssSelector: .add_form__2rsm2>button
22:38:48.792 INFO  manager.ListenerWD -- After find element-->By.cssSelector: .add_form__2rsm2>button
22:38:48.796 INFO  manager.ListenerWD -- Location of element-->button
22:38:48.803 INFO  manager.ListenerWD -- Before click element-->buttontext -->Save
22:38:48.827 INFO  manager.ListenerWD -- After click element-->button
22:38:49.374 INFO  tests.TestBase -- Assert check is add contact by name
22:38:49.421 INFO  tests.TestBase -- Assert check is add contact by phone
22:38:49.422 INFO  manager.TestNGListener -- Success test -->addNewContactSuccessRequiredFields
22:38:49.422 INFO  tests.TestBase -- ==============================================
22:38:49.425 INFO  tests.TestBase -- Name of method (test) -->addNewContactWrongEmail
22:38:49.426 INFO  manager.TestNGListener -- Start test -->addNewContactWrongEmail
22:38:49.426 INFO  tests.TestBase -- Test data --> name: Tony, lastName:Molly, phone: 343434342323, email: mollygmail.com, address: Haifa, description: wrong email
22:38:49.426 INFO  manager.ListenerWD -- Before find element-->By.cssSelector: a[href='/add']
22:38:49.435 INFO  manager.ListenerWD -- After find element-->By.cssSelector: a[href='/add']
22:38:49.439 INFO  manager.ListenerWD -- Location of element-->a
22:38:49.445 INFO  manager.ListenerWD -- Before click element-->atext -->ADD
22:38:49.476 INFO  manager.ListenerWD -- After click element-->a
22:38:49.476 INFO  manager.ListenerWD -- Before find element-->By.cssSelector: [placeholder='Name']
22:38:49.484 INFO  manager.ListenerWD -- After find element-->By.cssSelector: [placeholder='Name']
22:38:49.487 INFO  manager.ListenerWD -- Location of element-->input
22:38:49.494 INFO  manager.ListenerWD -- Before click element-->inputtext -->
22:38:49.522 INFO  manager.ListenerWD -- After click element-->input
22:38:49.539 INFO  manager.ListenerWD -- sendKeys -->
22:38:49.541 INFO  manager.ListenerWD -- sendKeys -->input
22:38:49.556 INFO  manager.ListenerWD -- sendKeys -->
22:38:49.559 INFO  manager.ListenerWD -- sendKeys -->input
22:38:49.575 INFO  manager.ListenerWD -- sendKeys -->
22:38:49.576 INFO  manager.ListenerWD -- sendKeys -->input
22:38:49.589 INFO  manager.ListenerWD -- Before find element-->By.cssSelector: [placeholder='Last Name']
22:38:49.597 INFO  manager.ListenerWD -- After find element-->By.cssSelector: [placeholder='Last Name']
22:38:49.599 INFO  manager.ListenerWD -- Location of element-->input
22:38:49.604 INFO  manager.ListenerWD -- Before click element-->inputtext -->
22:38:49.629 INFO  manager.ListenerWD -- After click element-->input
22:38:49.644 INFO  manager.ListenerWD -- sendKeys -->
22:38:49.646 INFO  manager.ListenerWD -- sendKeys -->input
22:38:49.660 INFO  manager.ListenerWD -- sendKeys -->
22:38:49.662 INFO  manager.ListenerWD -- sendKeys -->input
22:38:49.681 INFO  manager.ListenerWD -- sendKeys -->
22:38:49.683 INFO  manager.ListenerWD -- sendKeys -->input
22:38:49.695 INFO  manager.ListenerWD -- Before find element-->By.cssSelector: [placeholder='Phone']
22:38:49.703 INFO  manager.ListenerWD -- After find element-->By.cssSelector: [placeholder='Phone']
22:38:49.705 INFO  manager.ListenerWD -- Location of element-->input
22:38:49.710 INFO  manager.ListenerWD -- Before click element-->inputtext -->
22:38:49.734 INFO  manager.ListenerWD -- After click element-->input
22:38:49.747 INFO  manager.ListenerWD -- sendKeys -->
22:38:49.749 INFO  manager.ListenerWD -- sendKeys -->input
22:38:49.762 INFO  manager.ListenerWD -- sendKeys -->
22:38:49.765 INFO  manager.ListenerWD -- sendKeys -->input
22:38:49.778 INFO  manager.ListenerWD -- sendKeys -->
22:38:49.781 INFO  manager.ListenerWD -- sendKeys -->input
22:38:49.794 INFO  manager.ListenerWD -- Before find element-->By.cssSelector: [placeholder='email']
22:38:49.801 INFO  manager.ListenerWD -- After find element-->By.cssSelector: [placeholder='email']
22:38:49.804 INFO  manager.ListenerWD -- Location of element-->input
22:38:49.809 INFO  manager.ListenerWD -- Before click element-->inputtext -->
22:38:49.833 INFO  manager.ListenerWD -- After click element-->input
22:38:49.847 INFO  manager.ListenerWD -- sendKeys -->
22:38:49.849 INFO  manager.ListenerWD -- sendKeys -->input
22:38:49.864 INFO  manager.ListenerWD -- sendKeys -->
22:38:49.866 INFO  manager.ListenerWD -- sendKeys -->input
22:38:49.880 INFO  manager.ListenerWD -- sendKeys -->
22:38:49.882 INFO  manager.ListenerWD -- sendKeys -->input
22:38:49.896 INFO  manager.ListenerWD -- Before find element-->By.cssSelector: [placeholder='Address']
22:38:49.903 INFO  manager.ListenerWD -- After find element-->By.cssSelector: [placeholder='Address']
22:38:49.906 INFO  manager.ListenerWD -- Location of element-->input
22:38:49.911 INFO  manager.ListenerWD -- Before click element-->inputtext -->
22:38:49.936 INFO  manager.ListenerWD -- After click element-->input
22:38:49.950 INFO  manager.ListenerWD -- sendKeys -->
22:38:49.952 INFO  manager.ListenerWD -- sendKeys -->input
22:38:49.967 INFO  manager.ListenerWD -- sendKeys -->
22:38:49.969 INFO  manager.ListenerWD -- sendKeys -->input
22:38:49.985 INFO  manager.ListenerWD -- sendKeys -->
22:38:49.989 INFO  manager.ListenerWD -- sendKeys -->input
22:38:50.001 INFO  manager.ListenerWD -- Before find element-->By.cssSelector: [placeholder = 'description']
22:38:50.009 INFO  manager.ListenerWD -- After find element-->By.cssSelector: [placeholder = 'description']
22:38:50.012 INFO  manager.ListenerWD -- Location of element-->input
22:38:50.018 INFO  manager.ListenerWD -- Before click element-->inputtext -->
22:38:50.044 INFO  manager.ListenerWD -- After click element-->input
22:38:50.057 INFO  manager.ListenerWD -- sendKeys -->
22:38:50.060 INFO  manager.ListenerWD -- sendKeys -->input
22:38:50.074 INFO  manager.ListenerWD -- sendKeys -->
22:38:50.075 INFO  manager.ListenerWD -- sendKeys -->input
22:38:50.090 INFO  manager.ListenerWD -- sendKeys -->
22:38:50.092 INFO  manager.ListenerWD -- sendKeys -->input
22:38:50.105 INFO  manager.ListenerWD -- Before find element-->By.cssSelector: .add_form__2rsm2>button
22:38:50.114 INFO  manager.ListenerWD -- After find element-->By.cssSelector: .add_form__2rsm2>button
22:38:50.116 INFO  manager.ListenerWD -- Location of element-->button
22:38:50.121 INFO  manager.ListenerWD -- Before click element-->buttontext -->Save
22:38:50.144 INFO  manager.ListenerWD -- After click element-->button
22:38:50.152 INFO  tests.TestBase -- Assert check Add button is active
22:38:50.161 INFO  manager.ListenerWD -- Huston, we have a problem!
22:38:50.161 INFO  manager.ListenerWD -- Failed method:alert
22:38:50.161 INFO  manager.ListenerWD -- **********************
22:38:50.161 INFO  manager.ListenerWD -- Arguments:null
22:38:50.161 INFO  manager.ListenerWD -- **********************
22:38:50.161 INFO  manager.ListenerWD -- Exception:NoAlertPresentException
22:38:50.161 INFO  manager.ListenerWD -- **********************
22:38:50.161 INFO  manager.ListenerWD -- Messageno such alert
  (Session info: chrome=149.0.7827.103)
Build info: version: '4.26.0', revision: '8ccf0219d7'
System info: os.name: 'Windows 11', os.arch: 'amd64', os.version: '10.0', java.version: '21.0.10'
Driver info: org.openqa.selenium.chrome.ChromeDriver
Command: [b9302f8f39212b12f28aa2b6458028f6, getAlertText {}]
Capabilities {acceptInsecureCerts: false, browserName: chrome, browserVersion: 149.0.7827.103, chrome: {chromedriverVersion: 149.0.7827.55 (3188f8a607ae..., userDataDir: C:\Users\Nina\AppData\Local...}, fedcm:accounts: true, goog:chromeOptions: {debuggerAddress: localhost:53203}, goog:processID: 17216, networkConnectionEnabled: false, pageLoadStrategy: normal, platformName: windows, proxy: Proxy(), se:cdp: ws://localhost:53203/devtoo..., se:cdpVersion: 149.0.7827.103, setWindowRect: true, strictFileInteractability: false, timeouts: {implicit: 0, pageLoad: 300000, script: 30000}, unhandledPromptBehavior: dismiss and notify, webauthn:extension:credBlob: true, webauthn:extension:largeBlob: true, webauthn:extension:minPinLength: true, webauthn:extension:prf: true, webauthn:virtualAuthenticators: true}
Session ID: b9302f8f39212b12f28aa2b6458028f6
22:38:50.161 INFO  manager.ListenerWD -- **********************
22:38:50.161 INFO  manager.ListenerWD -- Screen with error is --->src/test/screenshots/screen_1965.png
22:38:50.685 INFO  tests.TestBase -- Assert check is alert present with error test 'Email not valid' 
22:38:50.686 INFO  manager.TestNGListener -- Success test -->addNewContactWrongEmail
22:38:50.687 INFO  tests.TestBase -- ==============================================
22:38:50.688 INFO  tests.TestBase -- Name of method (test) -->addNewContactWrongPhone
22:38:50.688 INFO  manager.TestNGListener -- Start test -->addNewContactWrongPhone
22:38:50.690 INFO  tests.TestBase -- Test data --> name: Tony, lastName:Molly, phone: , email: molly@gmail.com, address: Haifa, description: empty phone
22:38:50.690 INFO  manager.ListenerWD -- Before find element-->By.cssSelector: a[href='/add']
22:38:50.700 INFO  manager.ListenerWD -- After find element-->By.cssSelector: a[href='/add']
22:38:50.704 INFO  manager.ListenerWD -- Location of element-->a
22:38:50.714 INFO  manager.ListenerWD -- Before click element-->atext -->ADD
22:38:50.743 INFO  manager.ListenerWD -- After click element-->a
22:38:50.743 INFO  manager.ListenerWD -- Before find element-->By.cssSelector: [placeholder='Name']
22:38:50.751 INFO  manager.ListenerWD -- After find element-->By.cssSelector: [placeholder='Name']
22:38:50.754 INFO  manager.ListenerWD -- Location of element-->input
22:38:50.761 INFO  manager.ListenerWD -- Before click element-->inputtext -->
22:38:50.790 INFO  manager.ListenerWD -- After click element-->input
22:38:50.807 INFO  manager.ListenerWD -- sendKeys -->
22:38:50.810 INFO  manager.ListenerWD -- sendKeys -->input
22:38:50.835 INFO  manager.ListenerWD -- sendKeys -->
22:38:50.838 INFO  manager.ListenerWD -- sendKeys -->input
22:38:50.852 INFO  manager.ListenerWD -- sendKeys -->
22:38:50.855 INFO  manager.ListenerWD -- sendKeys -->input
22:38:50.867 INFO  manager.ListenerWD -- Before find element-->By.cssSelector: [placeholder='Last Name']
22:38:50.875 INFO  manager.ListenerWD -- After find element-->By.cssSelector: [placeholder='Last Name']
22:38:50.877 INFO  manager.ListenerWD -- Location of element-->input
22:38:50.882 INFO  manager.ListenerWD -- Before click element-->inputtext -->
22:38:50.908 INFO  manager.ListenerWD -- After click element-->input
22:38:50.922 INFO  manager.ListenerWD -- sendKeys -->
22:38:50.924 INFO  manager.ListenerWD -- sendKeys -->input
22:38:50.946 INFO  manager.ListenerWD -- sendKeys -->
22:38:50.948 INFO  manager.ListenerWD -- sendKeys -->input
22:38:50.962 INFO  manager.ListenerWD -- sendKeys -->
22:38:50.964 INFO  manager.ListenerWD -- sendKeys -->input
22:38:50.975 INFO  manager.ListenerWD -- Before find element-->By.cssSelector: [placeholder='Phone']
22:38:50.983 INFO  manager.ListenerWD -- After find element-->By.cssSelector: [placeholder='Phone']
22:38:50.985 INFO  manager.ListenerWD -- Location of element-->input
22:38:50.990 INFO  manager.ListenerWD -- Before click element-->inputtext -->
22:38:51.015 INFO  manager.ListenerWD -- After click element-->input
22:38:51.029 INFO  manager.ListenerWD -- sendKeys -->
22:38:51.032 INFO  manager.ListenerWD -- sendKeys -->input
22:38:51.054 INFO  manager.ListenerWD -- sendKeys -->
22:38:51.056 INFO  manager.ListenerWD -- sendKeys -->input
22:38:51.070 INFO  manager.ListenerWD -- sendKeys -->
22:38:51.073 INFO  manager.ListenerWD -- sendKeys -->input
22:38:51.085 INFO  manager.ListenerWD -- Before find element-->By.cssSelector: [placeholder='email']
22:38:51.092 INFO  manager.ListenerWD -- After find element-->By.cssSelector: [placeholder='email']
22:38:51.095 INFO  manager.ListenerWD -- Location of element-->input
22:38:51.101 INFO  manager.ListenerWD -- Before click element-->inputtext -->
22:38:51.134 INFO  manager.ListenerWD -- After click element-->input
22:38:51.152 INFO  manager.ListenerWD -- sendKeys -->
22:38:51.155 INFO  manager.ListenerWD -- sendKeys -->input
22:38:51.184 INFO  manager.ListenerWD -- sendKeys -->
22:38:51.187 INFO  manager.ListenerWD -- sendKeys -->input
22:38:51.206 INFO  manager.ListenerWD -- sendKeys -->
22:38:51.208 INFO  manager.ListenerWD -- sendKeys -->input
22:38:51.223 INFO  manager.ListenerWD -- Before find element-->By.cssSelector: [placeholder='Address']
22:38:51.232 INFO  manager.ListenerWD -- After find element-->By.cssSelector: [placeholder='Address']
22:38:51.235 INFO  manager.ListenerWD -- Location of element-->input
22:38:51.240 INFO  manager.ListenerWD -- Before click element-->inputtext -->
22:38:51.270 INFO  manager.ListenerWD -- After click element-->input
22:38:51.288 INFO  manager.ListenerWD -- sendKeys -->
22:38:51.291 INFO  manager.ListenerWD -- sendKeys -->input
22:38:51.317 INFO  manager.ListenerWD -- sendKeys -->
22:38:51.320 INFO  manager.ListenerWD -- sendKeys -->input
22:38:51.334 INFO  manager.ListenerWD -- sendKeys -->
22:38:51.336 INFO  manager.ListenerWD -- sendKeys -->input
22:38:51.348 INFO  manager.ListenerWD -- Before find element-->By.cssSelector: [placeholder = 'description']
22:38:51.357 INFO  manager.ListenerWD -- After find element-->By.cssSelector: [placeholder = 'description']
22:38:51.360 INFO  manager.ListenerWD -- Location of element-->input
22:38:51.366 INFO  manager.ListenerWD -- Before click element-->inputtext -->
22:38:51.392 INFO  manager.ListenerWD -- After click element-->input
22:38:51.407 INFO  manager.ListenerWD -- sendKeys -->
22:38:51.409 INFO  manager.ListenerWD -- sendKeys -->input
22:38:51.432 INFO  manager.ListenerWD -- sendKeys -->
22:38:51.437 INFO  manager.ListenerWD -- sendKeys -->input
22:38:51.463 INFO  manager.ListenerWD -- sendKeys -->
22:38:51.467 INFO  manager.ListenerWD -- sendKeys -->input
22:38:51.484 INFO  manager.ListenerWD -- Before find element-->By.cssSelector: .add_form__2rsm2>button
22:38:51.491 INFO  manager.ListenerWD -- After find element-->By.cssSelector: .add_form__2rsm2>button
22:38:51.496 INFO  manager.ListenerWD -- Location of element-->button
22:38:51.504 INFO  manager.ListenerWD -- Before click element-->buttontext -->Save
22:38:51.533 INFO  manager.ListenerWD -- After click element-->button
22:38:51.538 INFO  manager.ListenerWD -- Huston, we have a problem!
22:38:51.538 INFO  manager.ListenerWD -- Failed method:alert
22:38:51.538 INFO  manager.ListenerWD -- **********************
22:38:51.538 INFO  manager.ListenerWD -- Arguments:null
22:38:51.538 INFO  manager.ListenerWD -- **********************
22:38:51.538 INFO  manager.ListenerWD -- Exception:NoAlertPresentException
22:38:51.538 INFO  manager.ListenerWD -- **********************
22:38:51.538 INFO  manager.ListenerWD -- Messageno such alert
  (Session info: chrome=149.0.7827.103)
Build info: version: '4.26.0', revision: '8ccf0219d7'
System info: os.name: 'Windows 11', os.arch: 'amd64', os.version: '10.0', java.version: '21.0.10'
Driver info: org.openqa.selenium.chrome.ChromeDriver
Command: [b9302f8f39212b12f28aa2b6458028f6, getAlertText {}]
Capabilities {acceptInsecureCerts: false, browserName: chrome, browserVersion: 149.0.7827.103, chrome: {chromedriverVersion: 149.0.7827.55 (3188f8a607ae..., userDataDir: C:\Users\Nina\AppData\Local...}, fedcm:accounts: true, goog:chromeOptions: {debuggerAddress: localhost:53203}, goog:processID: 17216, networkConnectionEnabled: false, pageLoadStrategy: normal, platformName: windows, proxy: Proxy(), se:cdp: ws://localhost:53203/devtoo..., se:cdpVersion: 149.0.7827.103, setWindowRect: true, strictFileInteractability: false, timeouts: {implicit: 0, pageLoad: 300000, script: 30000}, unhandledPromptBehavior: dismiss and notify, webauthn:extension:credBlob: true, webauthn:extension:largeBlob: true, webauthn:extension:minPinLength: true, webauthn:extension:prf: true, webauthn:virtualAuthenticators: true}
Session ID: b9302f8f39212b12f28aa2b6458028f6
22:38:51.538 INFO  manager.ListenerWD -- **********************
22:38:51.538 INFO  manager.ListenerWD -- Screen with error is --->src/test/screenshots/screen_1520.png
22:38:52.049 INFO  tests.TestBase -- Assert check is alert present with error test 'Phone not valid' 
22:38:52.058 INFO  tests.TestBase -- Assert check Add button is active
22:38:52.059 INFO  manager.TestNGListener -- Success test -->addNewContactWrongPhone
22:38:52.060 INFO  tests.TestBase -- ==============================================
22:38:52.061 INFO  tests.TestBase -- Name of method (test) -->addNewContactWrongPhone
22:38:52.061 INFO  manager.TestNGListener -- Start test -->addNewContactWrongPhone
22:38:52.062 INFO  tests.TestBase -- Test data --> name: Tony, lastName:Molly, phone: , email: molly@gmail.com, address: Haifa, description: empty phone
22:38:52.062 INFO  manager.ListenerWD -- Before find element-->By.cssSelector: a[href='/add']
22:38:52.071 INFO  manager.ListenerWD -- After find element-->By.cssSelector: a[href='/add']
22:38:52.074 INFO  manager.ListenerWD -- Location of element-->a
22:38:52.080 INFO  manager.ListenerWD -- Before click element-->atext -->ADD
22:38:52.111 INFO  manager.ListenerWD -- After click element-->a
22:38:52.111 INFO  manager.ListenerWD -- Before find element-->By.cssSelector: [placeholder='Name']
22:38:52.118 INFO  manager.ListenerWD -- After find element-->By.cssSelector: [placeholder='Name']
22:38:52.121 INFO  manager.ListenerWD -- Location of element-->input
22:38:52.128 INFO  manager.ListenerWD -- Before click element-->inputtext -->
22:38:52.159 INFO  manager.ListenerWD -- After click element-->input
22:38:52.176 INFO  manager.ListenerWD -- sendKeys -->
22:38:52.179 INFO  manager.ListenerWD -- sendKeys -->input
22:38:52.204 INFO  manager.ListenerWD -- sendKeys -->
22:38:52.207 INFO  manager.ListenerWD -- sendKeys -->input
22:38:52.221 INFO  manager.ListenerWD -- sendKeys -->
22:38:52.223 INFO  manager.ListenerWD -- sendKeys -->input
22:38:52.237 INFO  manager.ListenerWD -- Before find element-->By.cssSelector: [placeholder='Last Name']
22:38:52.245 INFO  manager.ListenerWD -- After find element-->By.cssSelector: [placeholder='Last Name']
22:38:52.247 INFO  manager.ListenerWD -- Location of element-->input
22:38:52.253 INFO  manager.ListenerWD -- Before click element-->inputtext -->
22:38:52.274 INFO  manager.ListenerWD -- After click element-->input
22:38:52.288 INFO  manager.ListenerWD -- sendKeys -->
22:38:52.290 INFO  manager.ListenerWD -- sendKeys -->input
22:38:52.310 INFO  manager.ListenerWD -- sendKeys -->
22:38:52.312 INFO  manager.ListenerWD -- sendKeys -->input
22:38:52.326 INFO  manager.ListenerWD -- sendKeys -->
22:38:52.328 INFO  manager.ListenerWD -- sendKeys -->input
22:38:52.339 INFO  manager.ListenerWD -- Before find element-->By.cssSelector: [placeholder='Phone']
22:38:52.346 INFO  manager.ListenerWD -- After find element-->By.cssSelector: [placeholder='Phone']
22:38:52.348 INFO  manager.ListenerWD -- Location of element-->input
22:38:52.354 INFO  manager.ListenerWD -- Before click element-->inputtext -->
22:38:52.375 INFO  manager.ListenerWD -- After click element-->input
22:38:52.388 INFO  manager.ListenerWD -- sendKeys -->
22:38:52.390 INFO  manager.ListenerWD -- sendKeys -->input
22:38:52.410 INFO  manager.ListenerWD -- sendKeys -->
22:38:52.413 INFO  manager.ListenerWD -- sendKeys -->input
22:38:52.427 INFO  manager.ListenerWD -- sendKeys -->
22:38:52.428 INFO  manager.ListenerWD -- sendKeys -->input
22:38:52.443 INFO  manager.ListenerWD -- Before find element-->By.cssSelector: [placeholder='email']
22:38:52.450 INFO  manager.ListenerWD -- After find element-->By.cssSelector: [placeholder='email']
22:38:52.452 INFO  manager.ListenerWD -- Location of element-->input
22:38:52.457 INFO  manager.ListenerWD -- Before click element-->inputtext -->
22:38:52.478 INFO  manager.ListenerWD -- After click element-->input
22:38:52.493 INFO  manager.ListenerWD -- sendKeys -->
22:38:52.495 INFO  manager.ListenerWD -- sendKeys -->input
22:38:52.515 INFO  manager.ListenerWD -- sendKeys -->
22:38:52.518 INFO  manager.ListenerWD -- sendKeys -->input
22:38:52.532 INFO  manager.ListenerWD -- sendKeys -->
22:38:52.535 INFO  manager.ListenerWD -- sendKeys -->input
22:38:52.548 INFO  manager.ListenerWD -- Before find element-->By.cssSelector: [placeholder='Address']
22:38:52.556 INFO  manager.ListenerWD -- After find element-->By.cssSelector: [placeholder='Address']
22:38:52.558 INFO  manager.ListenerWD -- Location of element-->input
22:38:52.563 INFO  manager.ListenerWD -- Before click element-->inputtext -->
22:38:52.585 INFO  manager.ListenerWD -- After click element-->input
22:38:52.597 INFO  manager.ListenerWD -- sendKeys -->
22:38:52.599 INFO  manager.ListenerWD -- sendKeys -->input
22:38:52.620 INFO  manager.ListenerWD -- sendKeys -->
22:38:52.622 INFO  manager.ListenerWD -- sendKeys -->input
22:38:52.635 INFO  manager.ListenerWD -- sendKeys -->
22:38:52.637 INFO  manager.ListenerWD -- sendKeys -->input
22:38:52.649 INFO  manager.ListenerWD -- Before find element-->By.cssSelector: [placeholder = 'description']
22:38:52.656 INFO  manager.ListenerWD -- After find element-->By.cssSelector: [placeholder = 'description']
22:38:52.659 INFO  manager.ListenerWD -- Location of element-->input
22:38:52.664 INFO  manager.ListenerWD -- Before click element-->inputtext -->
22:38:52.688 INFO  manager.ListenerWD -- After click element-->input
22:38:52.703 INFO  manager.ListenerWD -- sendKeys -->
22:38:52.705 INFO  manager.ListenerWD -- sendKeys -->input
22:38:52.737 INFO  manager.ListenerWD -- sendKeys -->
22:38:52.741 INFO  manager.ListenerWD -- sendKeys -->input
22:38:52.757 INFO  manager.ListenerWD -- sendKeys -->
22:38:52.760 INFO  manager.ListenerWD -- sendKeys -->input
22:38:52.776 INFO  manager.ListenerWD -- Before find element-->By.cssSelector: .add_form__2rsm2>button
22:38:52.784 INFO  manager.ListenerWD -- After find element-->By.cssSelector: .add_form__2rsm2>button
22:38:52.786 INFO  manager.ListenerWD -- Location of element-->button
22:38:52.793 INFO  manager.ListenerWD -- Before click element-->buttontext -->Save
22:38:52.816 INFO  manager.ListenerWD -- After click element-->button
22:38:52.820 INFO  manager.ListenerWD -- Huston, we have a problem!
22:38:52.820 INFO  manager.ListenerWD -- Failed method:alert
22:38:52.820 INFO  manager.ListenerWD -- **********************
22:38:52.820 INFO  manager.ListenerWD -- Arguments:null
22:38:52.820 INFO  manager.ListenerWD -- **********************
22:38:52.820 INFO  manager.ListenerWD -- Exception:NoAlertPresentException
22:38:52.820 INFO  manager.ListenerWD -- **********************
22:38:52.820 INFO  manager.ListenerWD -- Messageno such alert
  (Session info: chrome=149.0.7827.103)
Build info: version: '4.26.0', revision: '8ccf0219d7'
System info: os.name: 'Windows 11', os.arch: 'amd64', os.version: '10.0', java.version: '21.0.10'
Driver info: org.openqa.selenium.chrome.ChromeDriver
Command: [b9302f8f39212b12f28aa2b6458028f6, getAlertText {}]
Capabilities {acceptInsecureCerts: false, browserName: chrome, browserVersion: 149.0.7827.103, chrome: {chromedriverVersion: 149.0.7827.55 (3188f8a607ae..., userDataDir: C:\Users\Nina\AppData\Local...}, fedcm:accounts: true, goog:chromeOptions: {debuggerAddress: localhost:53203}, goog:processID: 17216, networkConnectionEnabled: false, pageLoadStrategy: normal, platformName: windows, proxy: Proxy(), se:cdp: ws://localhost:53203/devtoo..., se:cdpVersion: 149.0.7827.103, setWindowRect: true, strictFileInteractability: false, timeouts: {implicit: 0, pageLoad: 300000, script: 30000}, unhandledPromptBehavior: dismiss and notify, webauthn:extension:credBlob: true, webauthn:extension:largeBlob: true, webauthn:extension:minPinLength: true, webauthn:extension:prf: true, webauthn:virtualAuthenticators: true}
Session ID: b9302f8f39212b12f28aa2b6458028f6
22:38:52.820 INFO  manager.ListenerWD -- **********************
22:38:52.820 INFO  manager.ListenerWD -- Screen with error is --->src/test/screenshots/screen_1485.png
22:38:53.331 INFO  tests.TestBase -- Assert check is alert present with error test 'Phone not valid' 
22:38:53.339 INFO  tests.TestBase -- Assert check Add button is active
22:38:53.340 INFO  manager.TestNGListener -- Success test -->addNewContactWrongPhone
22:38:53.341 INFO  tests.TestBase -- ==============================================
22:38:53.341 INFO  tests.TestBase -- Name of method (test) -->addNewContactWrongPhone
22:38:53.342 INFO  manager.TestNGListener -- Start test -->addNewContactWrongPhone
22:38:53.343 INFO  tests.TestBase -- Test data --> name: Tony, lastName:Molly, phone: , email: molly@gmail.com, address: Haifa, description: empty phone
22:38:53.343 INFO  manager.ListenerWD -- Before find element-->By.cssSelector: a[href='/add']
22:38:53.350 INFO  manager.ListenerWD -- After find element-->By.cssSelector: a[href='/add']
22:38:53.354 INFO  manager.ListenerWD -- Location of element-->a
22:38:53.361 INFO  manager.ListenerWD -- Before click element-->atext -->ADD
22:38:53.390 INFO  manager.ListenerWD -- After click element-->a
22:38:53.390 INFO  manager.ListenerWD -- Before find element-->By.cssSelector: [placeholder='Name']
22:38:53.400 INFO  manager.ListenerWD -- After find element-->By.cssSelector: [placeholder='Name']
22:38:53.404 INFO  manager.ListenerWD -- Location of element-->input
22:38:53.411 INFO  manager.ListenerWD -- Before click element-->inputtext -->
22:38:53.442 INFO  manager.ListenerWD -- After click element-->input
22:38:53.458 INFO  manager.ListenerWD -- sendKeys -->
22:38:53.461 INFO  manager.ListenerWD -- sendKeys -->input
22:38:53.486 INFO  manager.ListenerWD -- sendKeys -->
22:38:53.488 INFO  manager.ListenerWD -- sendKeys -->input
22:38:53.503 INFO  manager.ListenerWD -- sendKeys -->
22:38:53.506 INFO  manager.ListenerWD -- sendKeys -->input
22:38:53.517 INFO  manager.ListenerWD -- Before find element-->By.cssSelector: [placeholder='Last Name']
22:38:53.525 INFO  manager.ListenerWD -- After find element-->By.cssSelector: [placeholder='Last Name']
22:38:53.528 INFO  manager.ListenerWD -- Location of element-->input
22:38:53.533 INFO  manager.ListenerWD -- Before click element-->inputtext -->
22:38:53.557 INFO  manager.ListenerWD -- After click element-->input
22:38:53.571 INFO  manager.ListenerWD -- sendKeys -->
22:38:53.572 INFO  manager.ListenerWD -- sendKeys -->input
22:38:53.593 INFO  manager.ListenerWD -- sendKeys -->
22:38:53.595 INFO  manager.ListenerWD -- sendKeys -->input
22:38:53.609 INFO  manager.ListenerWD -- sendKeys -->
22:38:53.611 INFO  manager.ListenerWD -- sendKeys -->input
22:38:53.622 INFO  manager.ListenerWD -- Before find element-->By.cssSelector: [placeholder='Phone']
22:38:53.629 INFO  manager.ListenerWD -- After find element-->By.cssSelector: [placeholder='Phone']
22:38:53.631 INFO  manager.ListenerWD -- Location of element-->input
22:38:53.637 INFO  manager.ListenerWD -- Before click element-->inputtext -->
22:38:53.661 INFO  manager.ListenerWD -- After click element-->input
22:38:53.675 INFO  manager.ListenerWD -- sendKeys -->
22:38:53.677 INFO  manager.ListenerWD -- sendKeys -->input
22:38:53.700 INFO  manager.ListenerWD -- sendKeys -->
22:38:53.702 INFO  manager.ListenerWD -- sendKeys -->input
22:38:53.716 INFO  manager.ListenerWD -- sendKeys -->
22:38:53.718 INFO  manager.ListenerWD -- sendKeys -->input
22:38:53.730 INFO  manager.ListenerWD -- Before find element-->By.cssSelector: [placeholder='email']
22:38:53.737 INFO  manager.ListenerWD -- After find element-->By.cssSelector: [placeholder='email']
22:38:53.741 INFO  manager.ListenerWD -- Location of element-->input
22:38:53.745 INFO  manager.ListenerWD -- Before click element-->inputtext -->
22:38:53.767 INFO  manager.ListenerWD -- After click element-->input
22:38:53.781 INFO  manager.ListenerWD -- sendKeys -->
22:38:53.783 INFO  manager.ListenerWD -- sendKeys -->input
22:38:53.804 INFO  manager.ListenerWD -- sendKeys -->
22:38:53.806 INFO  manager.ListenerWD -- sendKeys -->input
22:38:53.820 INFO  manager.ListenerWD -- sendKeys -->
22:38:53.822 INFO  manager.ListenerWD -- sendKeys -->input
22:38:53.834 INFO  manager.ListenerWD -- Before find element-->By.cssSelector: [placeholder='Address']
22:38:53.842 INFO  manager.ListenerWD -- After find element-->By.cssSelector: [placeholder='Address']
22:38:53.844 INFO  manager.ListenerWD -- Location of element-->input
22:38:53.848 INFO  manager.ListenerWD -- Before click element-->inputtext -->
22:38:53.871 INFO  manager.ListenerWD -- After click element-->input
22:38:53.885 INFO  manager.ListenerWD -- sendKeys -->
22:38:53.887 INFO  manager.ListenerWD -- sendKeys -->input
22:38:53.907 INFO  manager.ListenerWD -- sendKeys -->
22:38:53.910 INFO  manager.ListenerWD -- sendKeys -->input
22:38:53.923 INFO  manager.ListenerWD -- sendKeys -->
22:38:53.925 INFO  manager.ListenerWD -- sendKeys -->input
22:38:53.936 INFO  manager.ListenerWD -- Before find element-->By.cssSelector: [placeholder = 'description']
22:38:53.945 INFO  manager.ListenerWD -- After find element-->By.cssSelector: [placeholder = 'description']
22:38:53.947 INFO  manager.ListenerWD -- Location of element-->input
22:38:53.952 INFO  manager.ListenerWD -- Before click element-->inputtext -->
22:38:53.974 INFO  manager.ListenerWD -- After click element-->input
22:38:53.987 INFO  manager.ListenerWD -- sendKeys -->
22:38:53.989 INFO  manager.ListenerWD -- sendKeys -->input
22:38:54.010 INFO  manager.ListenerWD -- sendKeys -->
22:38:54.013 INFO  manager.ListenerWD -- sendKeys -->input
22:38:54.027 INFO  manager.ListenerWD -- sendKeys -->
22:38:54.029 INFO  manager.ListenerWD -- sendKeys -->input
22:38:54.041 INFO  manager.ListenerWD -- Before find element-->By.cssSelector: .add_form__2rsm2>button
22:38:54.050 INFO  manager.ListenerWD -- After find element-->By.cssSelector: .add_form__2rsm2>button
22:38:54.051 INFO  manager.ListenerWD -- Location of element-->button
22:38:54.058 INFO  manager.ListenerWD -- Before click element-->buttontext -->Save
22:38:54.079 INFO  manager.ListenerWD -- After click element-->button
22:38:54.085 INFO  manager.ListenerWD -- Huston, we have a problem!
22:38:54.085 INFO  manager.ListenerWD -- Failed method:alert
22:38:54.085 INFO  manager.ListenerWD -- **********************
22:38:54.085 INFO  manager.ListenerWD -- Arguments:null
22:38:54.085 INFO  manager.ListenerWD -- **********************
22:38:54.085 INFO  manager.ListenerWD -- Exception:NoAlertPresentException
22:38:54.085 INFO  manager.ListenerWD -- **********************
22:38:54.085 INFO  manager.ListenerWD -- Messageno such alert
  (Session info: chrome=149.0.7827.103)
Build info: version: '4.26.0', revision: '8ccf0219d7'
System info: os.name: 'Windows 11', os.arch: 'amd64', os.version: '10.0', java.version: '21.0.10'
Driver info: org.openqa.selenium.chrome.ChromeDriver
Command: [b9302f8f39212b12f28aa2b6458028f6, getAlertText {}]
Capabilities {acceptInsecureCerts: false, browserName: chrome, browserVersion: 149.0.7827.103, chrome: {chromedriverVersion: 149.0.7827.55 (3188f8a607ae..., userDataDir: C:\Users\Nina\AppData\Local...}, fedcm:accounts: true, goog:chromeOptions: {debuggerAddress: localhost:53203}, goog:processID: 17216, networkConnectionEnabled: false, pageLoadStrategy: normal, platformName: windows, proxy: Proxy(), se:cdp: ws://localhost:53203/devtoo..., se:cdpVersion: 149.0.7827.103, setWindowRect: true, strictFileInteractability: false, timeouts: {implicit: 0, pageLoad: 300000, script: 30000}, unhandledPromptBehavior: dismiss and notify, webauthn:extension:credBlob: true, webauthn:extension:largeBlob: true, webauthn:extension:minPinLength: true, webauthn:extension:prf: true, webauthn:virtualAuthenticators: true}
Session ID: b9302f8f39212b12f28aa2b6458028f6
22:38:54.085 INFO  manager.ListenerWD -- **********************
22:38:54.085 INFO  manager.ListenerWD -- Screen with error is --->src/test/screenshots/screen_1236.png
22:38:54.610 INFO  tests.TestBase -- Assert check is alert present with error test 'Phone not valid' 
22:38:54.618 INFO  tests.TestBase -- Assert check Add button is active
22:38:54.619 INFO  manager.TestNGListener -- Success test -->addNewContactWrongPhone
22:38:54.620 INFO  tests.TestBase -- ==============================================
22:38:54.620 INFO  tests.TestBase -- Name of method (test) -->addNewContactWrongPhone
22:38:54.621 INFO  manager.TestNGListener -- Start test -->addNewContactWrongPhone
22:38:54.622 INFO  tests.TestBase -- Test data --> name: Tony, lastName:Molly, phone: , email: molly@gmail.com, address: Haifa, description: empty phone
22:38:54.622 INFO  manager.ListenerWD -- Before find element-->By.cssSelector: a[href='/add']
22:38:54.630 INFO  manager.ListenerWD -- After find element-->By.cssSelector: a[href='/add']
22:38:54.633 INFO  manager.ListenerWD -- Location of element-->a
22:38:54.639 INFO  manager.ListenerWD -- Before click element-->atext -->ADD
22:38:54.666 INFO  manager.ListenerWD -- After click element-->a
22:38:54.666 INFO  manager.ListenerWD -- Before find element-->By.cssSelector: [placeholder='Name']
22:38:54.677 INFO  manager.ListenerWD -- After find element-->By.cssSelector: [placeholder='Name']
22:38:54.680 INFO  manager.ListenerWD -- Location of element-->input
22:38:54.686 INFO  manager.ListenerWD -- Before click element-->inputtext -->
22:38:54.716 INFO  manager.ListenerWD -- After click element-->input
22:38:54.732 INFO  manager.ListenerWD -- sendKeys -->
22:38:54.734 INFO  manager.ListenerWD -- sendKeys -->input
22:38:54.755 INFO  manager.ListenerWD -- sendKeys -->
22:38:54.758 INFO  manager.ListenerWD -- sendKeys -->input
22:38:54.772 INFO  manager.ListenerWD -- sendKeys -->
22:38:54.774 INFO  manager.ListenerWD -- sendKeys -->input
22:38:54.785 INFO  manager.ListenerWD -- Before find element-->By.cssSelector: [placeholder='Last Name']
22:38:54.794 INFO  manager.ListenerWD -- After find element-->By.cssSelector: [placeholder='Last Name']
22:38:54.796 INFO  manager.ListenerWD -- Location of element-->input
22:38:54.802 INFO  manager.ListenerWD -- Before click element-->inputtext -->
22:38:54.824 INFO  manager.ListenerWD -- After click element-->input
22:38:54.837 INFO  manager.ListenerWD -- sendKeys -->
22:38:54.839 INFO  manager.ListenerWD -- sendKeys -->input
22:38:54.860 INFO  manager.ListenerWD -- sendKeys -->
22:38:54.862 INFO  manager.ListenerWD -- sendKeys -->input
22:38:54.875 INFO  manager.ListenerWD -- sendKeys -->
22:38:54.877 INFO  manager.ListenerWD -- sendKeys -->input
22:38:54.888 INFO  manager.ListenerWD -- Before find element-->By.cssSelector: [placeholder='Phone']
22:38:54.895 INFO  manager.ListenerWD -- After find element-->By.cssSelector: [placeholder='Phone']
22:38:54.897 INFO  manager.ListenerWD -- Location of element-->input
22:38:54.902 INFO  manager.ListenerWD -- Before click element-->inputtext -->
22:38:54.924 INFO  manager.ListenerWD -- After click element-->input
22:38:54.937 INFO  manager.ListenerWD -- sendKeys -->
22:38:54.939 INFO  manager.ListenerWD -- sendKeys -->input
22:38:54.959 INFO  manager.ListenerWD -- sendKeys -->
22:38:54.961 INFO  manager.ListenerWD -- sendKeys -->input
22:38:54.974 INFO  manager.ListenerWD -- sendKeys -->
22:38:54.976 INFO  manager.ListenerWD -- sendKeys -->input
22:38:54.985 INFO  manager.ListenerWD -- Before find element-->By.cssSelector: [placeholder='email']
22:38:54.993 INFO  manager.ListenerWD -- After find element-->By.cssSelector: [placeholder='email']
22:38:54.995 INFO  manager.ListenerWD -- Location of element-->input
22:38:55.000 INFO  manager.ListenerWD -- Before click element-->inputtext -->
22:38:55.022 INFO  manager.ListenerWD -- After click element-->input
22:38:55.036 INFO  manager.ListenerWD -- sendKeys -->
22:38:55.038 INFO  manager.ListenerWD -- sendKeys -->input
22:38:55.058 INFO  manager.ListenerWD -- sendKeys -->
22:38:55.060 INFO  manager.ListenerWD -- sendKeys -->input
22:38:55.075 INFO  manager.ListenerWD -- sendKeys -->
22:38:55.077 INFO  manager.ListenerWD -- sendKeys -->input
22:38:55.090 INFO  manager.ListenerWD -- Before find element-->By.cssSelector: [placeholder='Address']
22:38:55.098 INFO  manager.ListenerWD -- After find element-->By.cssSelector: [placeholder='Address']
22:38:55.100 INFO  manager.ListenerWD -- Location of element-->input
22:38:55.105 INFO  manager.ListenerWD -- Before click element-->inputtext -->
22:38:55.128 INFO  manager.ListenerWD -- After click element-->input
22:38:55.142 INFO  manager.ListenerWD -- sendKeys -->
22:38:55.145 INFO  manager.ListenerWD -- sendKeys -->input
22:38:55.166 INFO  manager.ListenerWD -- sendKeys -->
22:38:55.168 INFO  manager.ListenerWD -- sendKeys -->input
22:38:55.180 INFO  manager.ListenerWD -- sendKeys -->
22:38:55.183 INFO  manager.ListenerWD -- sendKeys -->input
22:38:55.196 INFO  manager.ListenerWD -- Before find element-->By.cssSelector: [placeholder = 'description']
22:38:55.203 INFO  manager.ListenerWD -- After find element-->By.cssSelector: [placeholder = 'description']
22:38:55.205 INFO  manager.ListenerWD -- Location of element-->input
22:38:55.211 INFO  manager.ListenerWD -- Before click element-->inputtext -->
22:38:55.234 INFO  manager.ListenerWD -- After click element-->input
22:38:55.247 INFO  manager.ListenerWD -- sendKeys -->
22:38:55.250 INFO  manager.ListenerWD -- sendKeys -->input
22:38:55.270 INFO  manager.ListenerWD -- sendKeys -->
22:38:55.273 INFO  manager.ListenerWD -- sendKeys -->input
22:38:55.288 INFO  manager.ListenerWD -- sendKeys -->
22:38:55.290 INFO  manager.ListenerWD -- sendKeys -->input
22:38:55.300 INFO  manager.ListenerWD -- Before find element-->By.cssSelector: .add_form__2rsm2>button
22:38:55.308 INFO  manager.ListenerWD -- After find element-->By.cssSelector: .add_form__2rsm2>button
22:38:55.310 INFO  manager.ListenerWD -- Location of element-->button
22:38:55.315 INFO  manager.ListenerWD -- Before click element-->buttontext -->Save
22:38:55.336 INFO  manager.ListenerWD -- After click element-->button
22:38:55.339 INFO  manager.ListenerWD -- Huston, we have a problem!
22:38:55.341 INFO  manager.ListenerWD -- Failed method:alert
22:38:55.341 INFO  manager.ListenerWD -- **********************
22:38:55.341 INFO  manager.ListenerWD -- Arguments:null
22:38:55.341 INFO  manager.ListenerWD -- **********************
22:38:55.341 INFO  manager.ListenerWD -- Exception:NoAlertPresentException
22:38:55.341 INFO  manager.ListenerWD -- **********************
22:38:55.341 INFO  manager.ListenerWD -- Messageno such alert
  (Session info: chrome=149.0.7827.103)
Build info: version: '4.26.0', revision: '8ccf0219d7'
System info: os.name: 'Windows 11', os.arch: 'amd64', os.version: '10.0', java.version: '21.0.10'
Driver info: org.openqa.selenium.chrome.ChromeDriver
Command: [b9302f8f39212b12f28aa2b6458028f6, getAlertText {}]
Capabilities {acceptInsecureCerts: false, browserName: chrome, browserVersion: 149.0.7827.103, chrome: {chromedriverVersion: 149.0.7827.55 (3188f8a607ae..., userDataDir: C:\Users\Nina\AppData\Local...}, fedcm:accounts: true, goog:chromeOptions: {debuggerAddress: localhost:53203}, goog:processID: 17216, networkConnectionEnabled: false, pageLoadStrategy: normal, platformName: windows, proxy: Proxy(), se:cdp: ws://localhost:53203/devtoo..., se:cdpVersion: 149.0.7827.103, setWindowRect: true, strictFileInteractability: false, timeouts: {implicit: 0, pageLoad: 300000, script: 30000}, unhandledPromptBehavior: dismiss and notify, webauthn:extension:credBlob: true, webauthn:extension:largeBlob: true, webauthn:extension:minPinLength: true, webauthn:extension:prf: true, webauthn:virtualAuthenticators: true}
Session ID: b9302f8f39212b12f28aa2b6458028f6
22:38:55.341 INFO  manager.ListenerWD -- **********************
22:38:55.341 INFO  manager.ListenerWD -- Screen with error is --->src/test/screenshots/screen_1882.png
22:38:55.854 INFO  tests.TestBase -- Assert check is alert present with error test 'Phone not valid' 
22:38:55.861 INFO  tests.TestBase -- Assert check Add button is active
22:38:55.862 INFO  manager.TestNGListener -- Success test -->addNewContactWrongPhone
22:38:55.863 INFO  tests.TestBase -- ==============================================
22:38:55.863 INFO  tests.TestBase -- Name of method (test) -->addNewContactWrongPhone
22:38:55.865 INFO  manager.TestNGListener -- Start test -->addNewContactWrongPhone
22:38:55.866 INFO  tests.TestBase -- Test data --> name: Tony, lastName:Molly, phone: , email: molly@gmail.com, address: Haifa, description: empty phone
22:38:55.866 INFO  manager.ListenerWD -- Before find element-->By.cssSelector: a[href='/add']
22:38:55.873 INFO  manager.ListenerWD -- After find element-->By.cssSelector: a[href='/add']
22:38:55.877 INFO  manager.ListenerWD -- Location of element-->a
22:38:55.882 INFO  manager.ListenerWD -- Before click element-->atext -->ADD
22:38:55.910 INFO  manager.ListenerWD -- After click element-->a
22:38:55.910 INFO  manager.ListenerWD -- Before find element-->By.cssSelector: [placeholder='Name']
22:38:55.917 INFO  manager.ListenerWD -- After find element-->By.cssSelector: [placeholder='Name']
22:38:55.920 INFO  manager.ListenerWD -- Location of element-->input
22:38:55.925 INFO  manager.ListenerWD -- Before click element-->inputtext -->
22:38:55.949 INFO  manager.ListenerWD -- After click element-->input
22:38:55.966 INFO  manager.ListenerWD -- sendKeys -->
22:38:55.968 INFO  manager.ListenerWD -- sendKeys -->input
22:38:55.992 INFO  manager.ListenerWD -- sendKeys -->
22:38:55.994 INFO  manager.ListenerWD -- sendKeys -->input
22:38:56.008 INFO  manager.ListenerWD -- sendKeys -->
22:38:56.010 INFO  manager.ListenerWD -- sendKeys -->input
22:38:56.021 INFO  manager.ListenerWD -- Before find element-->By.cssSelector: [placeholder='Last Name']
22:38:56.028 INFO  manager.ListenerWD -- After find element-->By.cssSelector: [placeholder='Last Name']
22:38:56.030 INFO  manager.ListenerWD -- Location of element-->input
22:38:56.036 INFO  manager.ListenerWD -- Before click element-->inputtext -->
22:38:56.063 INFO  manager.ListenerWD -- After click element-->input
22:38:56.077 INFO  manager.ListenerWD -- sendKeys -->
22:38:56.080 INFO  manager.ListenerWD -- sendKeys -->input
22:38:56.100 INFO  manager.ListenerWD -- sendKeys -->
22:38:56.102 INFO  manager.ListenerWD -- sendKeys -->input
22:38:56.115 INFO  manager.ListenerWD -- sendKeys -->
22:38:56.117 INFO  manager.ListenerWD -- sendKeys -->input
22:38:56.128 INFO  manager.ListenerWD -- Before find element-->By.cssSelector: [placeholder='Phone']
22:38:56.135 INFO  manager.ListenerWD -- After find element-->By.cssSelector: [placeholder='Phone']
22:38:56.137 INFO  manager.ListenerWD -- Location of element-->input
22:38:56.142 INFO  manager.ListenerWD -- Before click element-->inputtext -->
22:38:56.164 INFO  manager.ListenerWD -- After click element-->input
22:38:56.177 INFO  manager.ListenerWD -- sendKeys -->
22:38:56.179 INFO  manager.ListenerWD -- sendKeys -->input
22:38:56.191 INFO  manager.ListenerWD -- sendKeys -->
22:38:56.193 INFO  manager.ListenerWD -- sendKeys -->input
22:38:56.207 INFO  manager.ListenerWD -- sendKeys -->
22:38:56.209 INFO  manager.ListenerWD -- sendKeys -->input
22:38:56.220 INFO  manager.ListenerWD -- Before find element-->By.cssSelector: [placeholder='email']
22:38:56.228 INFO  manager.ListenerWD -- After find element-->By.cssSelector: [placeholder='email']
22:38:56.230 INFO  manager.ListenerWD -- Location of element-->input
22:38:56.235 INFO  manager.ListenerWD -- Before click element-->inputtext -->
22:38:56.257 INFO  manager.ListenerWD -- After click element-->input
22:38:56.270 INFO  manager.ListenerWD -- sendKeys -->
22:38:56.272 INFO  manager.ListenerWD -- sendKeys -->input
22:38:56.292 INFO  manager.ListenerWD -- sendKeys -->
22:38:56.294 INFO  manager.ListenerWD -- sendKeys -->input
22:38:56.308 INFO  manager.ListenerWD -- sendKeys -->
22:38:56.310 INFO  manager.ListenerWD -- sendKeys -->input
22:38:56.324 INFO  manager.ListenerWD -- Before find element-->By.cssSelector: [placeholder='Address']
22:38:56.331 INFO  manager.ListenerWD -- After find element-->By.cssSelector: [placeholder='Address']
22:38:56.333 INFO  manager.ListenerWD -- Location of element-->input
22:38:56.338 INFO  manager.ListenerWD -- Before click element-->inputtext -->
22:38:56.362 INFO  manager.ListenerWD -- After click element-->input
22:38:56.375 INFO  manager.ListenerWD -- sendKeys -->
22:38:56.377 INFO  manager.ListenerWD -- sendKeys -->input
22:38:56.397 INFO  manager.ListenerWD -- sendKeys -->
22:38:56.400 INFO  manager.ListenerWD -- sendKeys -->input
22:38:56.414 INFO  manager.ListenerWD -- sendKeys -->
22:38:56.415 INFO  manager.ListenerWD -- sendKeys -->input
22:38:56.427 INFO  manager.ListenerWD -- Before find element-->By.cssSelector: [placeholder = 'description']
22:38:56.433 INFO  manager.ListenerWD -- After find element-->By.cssSelector: [placeholder = 'description']
22:38:56.437 INFO  manager.ListenerWD -- Location of element-->input
22:38:56.441 INFO  manager.ListenerWD -- Before click element-->inputtext -->
22:38:56.463 INFO  manager.ListenerWD -- After click element-->input
22:38:56.477 INFO  manager.ListenerWD -- sendKeys -->
22:38:56.479 INFO  manager.ListenerWD -- sendKeys -->input
22:38:56.501 INFO  manager.ListenerWD -- sendKeys -->
22:38:56.503 INFO  manager.ListenerWD -- sendKeys -->input
22:38:56.517 INFO  manager.ListenerWD -- sendKeys -->
22:38:56.519 INFO  manager.ListenerWD -- sendKeys -->input
22:38:56.532 INFO  manager.ListenerWD -- Before find element-->By.cssSelector: .add_form__2rsm2>button
22:38:56.540 INFO  manager.ListenerWD -- After find element-->By.cssSelector: .add_form__2rsm2>button
22:38:56.543 INFO  manager.ListenerWD -- Location of element-->button
22:38:56.549 INFO  manager.ListenerWD -- Before click element-->buttontext -->Save
22:38:56.571 INFO  manager.ListenerWD -- After click element-->button
22:38:56.577 INFO  manager.ListenerWD -- Huston, we have a problem!
22:38:56.577 INFO  manager.ListenerWD -- Failed method:alert
22:38:56.577 INFO  manager.ListenerWD -- **********************
22:38:56.577 INFO  manager.ListenerWD -- Arguments:null
22:38:56.577 INFO  manager.ListenerWD -- **********************
22:38:56.577 INFO  manager.ListenerWD -- Exception:NoAlertPresentException
22:38:56.577 INFO  manager.ListenerWD -- **********************
22:38:56.577 INFO  manager.ListenerWD -- Messageno such alert
  (Session info: chrome=149.0.7827.103)
Build info: version: '4.26.0', revision: '8ccf0219d7'
System info: os.name: 'Windows 11', os.arch: 'amd64', os.version: '10.0', java.version: '21.0.10'
Driver info: org.openqa.selenium.chrome.ChromeDriver
Command: [b9302f8f39212b12f28aa2b6458028f6, getAlertText {}]
Capabilities {acceptInsecureCerts: false, browserName: chrome, browserVersion: 149.0.7827.103, chrome: {chromedriverVersion: 149.0.7827.55 (3188f8a607ae..., userDataDir: C:\Users\Nina\AppData\Local...}, fedcm:accounts: true, goog:chromeOptions: {debuggerAddress: localhost:53203}, goog:processID: 17216, networkConnectionEnabled: false, pageLoadStrategy: normal, platformName: windows, proxy: Proxy(), se:cdp: ws://localhost:53203/devtoo..., se:cdpVersion: 149.0.7827.103, setWindowRect: true, strictFileInteractability: false, timeouts: {implicit: 0, pageLoad: 300000, script: 30000}, unhandledPromptBehavior: dismiss and notify, webauthn:extension:credBlob: true, webauthn:extension:largeBlob: true, webauthn:extension:minPinLength: true, webauthn:extension:prf: true, webauthn:virtualAuthenticators: true}
Session ID: b9302f8f39212b12f28aa2b6458028f6
22:38:56.577 INFO  manager.ListenerWD -- **********************
22:38:56.577 INFO  manager.ListenerWD -- Screen with error is --->src/test/screenshots/screen_1106.png
22:38:57.098 INFO  tests.TestBase -- Assert check is alert present with error test 'Phone not valid' 
22:38:57.107 INFO  tests.TestBase -- Assert check Add button is active
22:38:57.109 INFO  manager.TestNGListener -- Success test -->addNewContactWrongPhone
22:38:57.109 INFO  tests.TestBase -- ==============================================
22:38:57.112 INFO  tests.TestBase -- Name of method (test) -->loginSuccess
22:38:57.123 INFO  manager.ListenerWD -- Before find element-->By.xpath: //button[text()='Sign Out']
22:38:57.134 INFO  manager.ListenerWD -- After find element-->By.xpath: //button[text()='Sign Out']
22:38:57.137 INFO  manager.ListenerWD -- Location of element-->button
22:38:57.144 INFO  manager.ListenerWD -- Before click element-->buttontext -->Sign Out
22:38:57.181 INFO  tests.TestBase -- Before method finished logout
22:38:57.181 INFO  manager.TestNGListener -- Start test -->loginSuccess
22:38:57.183 INFO  tests.TestBase -- Start test with name 'loginSuccess'
22:38:57.184 INFO  tests.TestBase -- Test data ---> email: lolik@gmail.com & password: Lolik123!
22:38:57.184 INFO  manager.ListenerWD -- Before find element-->By.cssSelector: a[href='/login']
22:38:57.193 INFO  manager.ListenerWD -- After find element-->By.cssSelector: a[href='/login']
22:38:57.196 INFO  manager.ListenerWD -- Location of element-->a
22:38:57.204 INFO  manager.ListenerWD -- Before click element-->atext -->LOGIN
22:38:57.234 INFO  manager.ListenerWD -- After click element-->a
22:38:57.234 INFO  manager.HelperBase -- Open form by ckick on button with locator a[href='/login']
22:38:57.234 INFO  manager.ListenerWD -- Before find element-->By.name: email
22:38:57.243 INFO  manager.ListenerWD -- After find element-->By.name: email
22:38:57.247 INFO  manager.ListenerWD -- Location of element-->input
22:38:57.253 INFO  manager.ListenerWD -- Before click element-->inputtext -->
22:38:57.290 INFO  manager.ListenerWD -- After click element-->input
22:38:57.309 INFO  manager.ListenerWD -- sendKeys -->
22:38:57.312 INFO  manager.ListenerWD -- sendKeys -->input
22:38:57.328 INFO  manager.ListenerWD -- sendKeys -->
22:38:57.331 INFO  manager.ListenerWD -- sendKeys -->input
22:38:57.347 INFO  manager.ListenerWD -- sendKeys -->
22:38:57.349 INFO  manager.ListenerWD -- sendKeys -->input
22:38:57.364 INFO  manager.HelperBase -- type in input with locator By.name("email") 
22:38:57.365 INFO  manager.ListenerWD -- Before find element-->By.xpath: //input[@placeholder='Password']
22:38:57.374 INFO  manager.ListenerWD -- After find element-->By.xpath: //input[@placeholder='Password']
22:38:57.377 INFO  manager.ListenerWD -- Location of element-->input
22:38:57.382 INFO  manager.ListenerWD -- Before click element-->inputtext -->
22:38:57.406 INFO  manager.ListenerWD -- After click element-->input
22:38:57.419 INFO  manager.ListenerWD -- sendKeys -->
22:38:57.421 INFO  manager.ListenerWD -- sendKeys -->input
22:38:57.435 INFO  manager.ListenerWD -- sendKeys -->
22:38:57.436 INFO  manager.ListenerWD -- sendKeys -->input
22:38:57.450 INFO  manager.ListenerWD -- sendKeys -->
22:38:57.452 INFO  manager.ListenerWD -- sendKeys -->input
22:38:57.463 INFO  manager.ListenerWD -- Before find element-->By.xpath: //button[text()='Login']
22:38:57.472 INFO  manager.ListenerWD -- After find element-->By.xpath: //button[text()='Login']
22:38:57.475 INFO  manager.ListenerWD -- Location of element-->button
22:38:57.481 INFO  manager.ListenerWD -- Before click element-->buttontext -->Login
22:38:57.831 INFO  tests.TestBase -- Assert check is element button 'Sign out' present
22:38:57.832 INFO  manager.TestNGListener -- Success test -->loginSuccess
22:38:57.833 INFO  tests.TestBase -- ==============================================
22:38:57.834 INFO  tests.TestBase -- Name of method (test) -->loginSuccess
22:38:57.843 INFO  manager.ListenerWD -- Before find element-->By.xpath: //button[text()='Sign Out']
22:38:57.850 INFO  manager.ListenerWD -- After find element-->By.xpath: //button[text()='Sign Out']
22:38:57.852 INFO  manager.ListenerWD -- Location of element-->button
22:38:57.858 INFO  manager.ListenerWD -- Before click element-->buttontext -->Sign Out
22:38:57.884 INFO  tests.TestBase -- Before method finished logout
22:38:57.886 INFO  manager.TestNGListener -- Start test -->loginSuccess
22:38:57.887 INFO  tests.TestBase -- Start test with name 'loginSuccess'
22:38:57.887 INFO  tests.TestBase -- Test data ---> email: sonya@gmail.com & password: Ss12345$
22:38:57.887 INFO  manager.ListenerWD -- Before find element-->By.cssSelector: a[href='/login']
22:38:57.894 INFO  manager.ListenerWD -- After find element-->By.cssSelector: a[href='/login']
22:38:57.896 INFO  manager.ListenerWD -- Location of element-->a
22:38:57.901 INFO  manager.ListenerWD -- Before click element-->atext -->LOGIN
22:38:57.922 INFO  manager.ListenerWD -- After click element-->a
22:38:57.922 INFO  manager.HelperBase -- Open form by ckick on button with locator a[href='/login']
22:38:57.922 INFO  manager.ListenerWD -- Before find element-->By.name: email
22:38:57.930 INFO  manager.ListenerWD -- After find element-->By.name: email
22:38:57.932 INFO  manager.ListenerWD -- Location of element-->input
22:38:57.937 INFO  manager.ListenerWD -- Before click element-->inputtext -->
22:38:57.967 INFO  manager.ListenerWD -- After click element-->input
22:38:57.980 INFO  manager.ListenerWD -- sendKeys -->
22:38:57.982 INFO  manager.ListenerWD -- sendKeys -->input
22:38:57.994 INFO  manager.ListenerWD -- sendKeys -->
22:38:57.996 INFO  manager.ListenerWD -- sendKeys -->input
22:38:58.011 INFO  manager.ListenerWD -- sendKeys -->
22:38:58.012 INFO  manager.ListenerWD -- sendKeys -->input
22:38:58.027 INFO  manager.HelperBase -- type in input with locator By.name("email") 
22:38:58.027 INFO  manager.ListenerWD -- Before find element-->By.xpath: //input[@placeholder='Password']
22:38:58.034 INFO  manager.ListenerWD -- After find element-->By.xpath: //input[@placeholder='Password']
22:38:58.037 INFO  manager.ListenerWD -- Location of element-->input
22:38:58.042 INFO  manager.ListenerWD -- Before click element-->inputtext -->
22:38:58.064 INFO  manager.ListenerWD -- After click element-->input
22:38:58.076 INFO  manager.ListenerWD -- sendKeys -->
22:38:58.077 INFO  manager.ListenerWD -- sendKeys -->input
22:38:58.090 INFO  manager.ListenerWD -- sendKeys -->
22:38:58.093 INFO  manager.ListenerWD -- sendKeys -->input
22:38:58.105 INFO  manager.ListenerWD -- sendKeys -->
22:38:58.107 INFO  manager.ListenerWD -- sendKeys -->input
22:38:58.120 INFO  manager.ListenerWD -- Before find element-->By.xpath: //button[text()='Login']
22:38:58.128 INFO  manager.ListenerWD -- After find element-->By.xpath: //button[text()='Login']
22:38:58.130 INFO  manager.ListenerWD -- Location of element-->button
22:38:58.137 INFO  manager.ListenerWD -- Before click element-->buttontext -->Login
22:38:58.515 INFO  tests.TestBase -- Assert check is element button 'Sign out' present
22:38:58.516 INFO  manager.TestNGListener -- Success test -->loginSuccess
22:38:58.516 INFO  tests.TestBase -- ==============================================
22:38:58.517 INFO  tests.TestBase -- Name of method (test) -->loginSuccess
22:38:58.525 INFO  manager.ListenerWD -- Before find element-->By.xpath: //button[text()='Sign Out']
22:38:58.533 INFO  manager.ListenerWD -- After find element-->By.xpath: //button[text()='Sign Out']
22:38:58.535 INFO  manager.ListenerWD -- Location of element-->button
22:38:58.541 INFO  manager.ListenerWD -- Before click element-->buttontext -->Sign Out
22:38:58.570 INFO  tests.TestBase -- Before method finished logout
22:38:58.570 INFO  manager.TestNGListener -- Start test -->loginSuccess
22:38:58.571 INFO  tests.TestBase -- Start test with name 'loginSuccess'
22:38:58.571 INFO  tests.TestBase -- Test data ---> email: art276@art.com & password: $Art1$2$3456789
22:38:58.571 INFO  manager.ListenerWD -- Before find element-->By.cssSelector: a[href='/login']
22:38:58.579 INFO  manager.ListenerWD -- After find element-->By.cssSelector: a[href='/login']
22:38:58.583 INFO  manager.ListenerWD -- Location of element-->a
22:38:58.588 INFO  manager.ListenerWD -- Before click element-->atext -->LOGIN
22:38:58.611 INFO  manager.ListenerWD -- After click element-->a
22:38:58.611 INFO  manager.HelperBase -- Open form by ckick on button with locator a[href='/login']
22:38:58.611 INFO  manager.ListenerWD -- Before find element-->By.name: email
22:38:58.619 INFO  manager.ListenerWD -- After find element-->By.name: email
22:38:58.621 INFO  manager.ListenerWD -- Location of element-->input
22:38:58.626 INFO  manager.ListenerWD -- Before click element-->inputtext -->
22:38:58.656 INFO  manager.ListenerWD -- After click element-->input
22:38:58.671 INFO  manager.ListenerWD -- sendKeys -->
22:38:58.674 INFO  manager.ListenerWD -- sendKeys -->input
22:38:58.687 INFO  manager.ListenerWD -- sendKeys -->
22:38:58.689 INFO  manager.ListenerWD -- sendKeys -->input
22:38:58.702 INFO  manager.ListenerWD -- sendKeys -->
22:38:58.705 INFO  manager.ListenerWD -- sendKeys -->input
22:38:58.718 INFO  manager.HelperBase -- type in input with locator By.name("email") 
22:38:58.718 INFO  manager.ListenerWD -- Before find element-->By.xpath: //input[@placeholder='Password']
22:38:58.726 INFO  manager.ListenerWD -- After find element-->By.xpath: //input[@placeholder='Password']
22:38:58.729 INFO  manager.ListenerWD -- Location of element-->input
22:38:58.733 INFO  manager.ListenerWD -- Before click element-->inputtext -->
22:38:58.757 INFO  manager.ListenerWD -- After click element-->input
22:38:58.771 INFO  manager.ListenerWD -- sendKeys -->
22:38:58.773 INFO  manager.ListenerWD -- sendKeys -->input
22:38:58.788 INFO  manager.ListenerWD -- sendKeys -->
22:38:58.792 INFO  manager.ListenerWD -- sendKeys -->input
22:38:58.809 INFO  manager.ListenerWD -- sendKeys -->
22:38:58.812 INFO  manager.ListenerWD -- sendKeys -->input
22:38:58.829 INFO  manager.ListenerWD -- Before find element-->By.xpath: //button[text()='Login']
22:38:58.839 INFO  manager.ListenerWD -- After find element-->By.xpath: //button[text()='Login']
22:38:58.842 INFO  manager.ListenerWD -- Location of element-->button
22:38:58.850 INFO  manager.ListenerWD -- Before click element-->buttontext -->Login
22:38:59.200 INFO  tests.TestBase -- Assert check is element button 'Sign out' present
22:38:59.200 INFO  manager.TestNGListener -- Success test -->loginSuccess
22:38:59.201 INFO  tests.TestBase -- ==============================================
22:38:59.201 INFO  tests.TestBase -- Name of method (test) -->loginSuccess1
22:38:59.210 INFO  manager.ListenerWD -- Before find element-->By.xpath: //button[text()='Sign Out']
22:38:59.217 INFO  manager.ListenerWD -- After find element-->By.xpath: //button[text()='Sign Out']
22:38:59.219 INFO  manager.ListenerWD -- Location of element-->button
22:38:59.224 INFO  manager.ListenerWD -- Before click element-->buttontext -->Sign Out
22:38:59.251 INFO  tests.TestBase -- Before method finished logout
22:38:59.251 INFO  manager.TestNGListener -- Start test -->loginSuccess1
22:38:59.252 INFO  manager.ListenerWD -- Before find element-->By.cssSelector: a[href='/login']
22:38:59.261 INFO  manager.ListenerWD -- After find element-->By.cssSelector: a[href='/login']
22:38:59.263 INFO  manager.ListenerWD -- Location of element-->a
22:38:59.269 INFO  manager.ListenerWD -- Before click element-->atext -->LOGIN
22:38:59.295 INFO  manager.ListenerWD -- After click element-->a
22:38:59.295 INFO  manager.HelperBase -- Open form by ckick on button with locator a[href='/login']
22:38:59.295 INFO  manager.ListenerWD -- Before find element-->By.name: email
22:38:59.302 INFO  manager.ListenerWD -- After find element-->By.name: email
22:38:59.305 INFO  manager.ListenerWD -- Location of element-->input
22:38:59.311 INFO  manager.ListenerWD -- Before click element-->inputtext -->
22:38:59.345 INFO  manager.ListenerWD -- After click element-->input
22:38:59.360 INFO  manager.ListenerWD -- sendKeys -->
22:38:59.362 INFO  manager.ListenerWD -- sendKeys -->input
22:38:59.380 INFO  manager.ListenerWD -- sendKeys -->
22:38:59.382 INFO  manager.ListenerWD -- sendKeys -->input
22:38:59.400 INFO  manager.ListenerWD -- sendKeys -->
22:38:59.403 INFO  manager.ListenerWD -- sendKeys -->input
22:38:59.419 INFO  manager.ListenerWD -- Before find element-->By.xpath: //input[@placeholder='Password']
22:38:59.429 INFO  manager.ListenerWD -- After find element-->By.xpath: //input[@placeholder='Password']
22:38:59.431 INFO  manager.ListenerWD -- Location of element-->input
22:38:59.436 INFO  manager.ListenerWD -- Before click element-->inputtext -->
22:38:59.465 INFO  manager.ListenerWD -- After click element-->input
22:38:59.480 INFO  manager.ListenerWD -- sendKeys -->
22:38:59.482 INFO  manager.ListenerWD -- sendKeys -->input
22:38:59.498 INFO  manager.ListenerWD -- sendKeys -->
22:38:59.500 INFO  manager.ListenerWD -- sendKeys -->input
22:38:59.517 INFO  manager.ListenerWD -- sendKeys -->
22:38:59.519 INFO  manager.ListenerWD -- sendKeys -->input
22:38:59.534 INFO  manager.ListenerWD -- Before find element-->By.xpath: //button[text()='Login']
22:38:59.542 INFO  manager.ListenerWD -- After find element-->By.xpath: //button[text()='Login']
22:38:59.545 INFO  manager.ListenerWD -- Location of element-->button
22:38:59.552 INFO  manager.ListenerWD -- Before click element-->buttontext -->Login
22:38:59.966 INFO  manager.TestNGListener -- Success test -->loginSuccess1
22:38:59.967 INFO  tests.TestBase -- ==============================================
22:38:59.969 INFO  tests.TestBase -- Name of method (test) -->loginSuccessModel
22:38:59.979 INFO  manager.ListenerWD -- Before find element-->By.xpath: //button[text()='Sign Out']
22:38:59.986 INFO  manager.ListenerWD -- After find element-->By.xpath: //button[text()='Sign Out']
22:38:59.990 INFO  manager.ListenerWD -- Location of element-->button
22:38:59.996 INFO  manager.ListenerWD -- Before click element-->buttontext -->Sign Out
22:39:00.033 INFO  tests.TestBase -- Before method finished logout
22:39:00.035 INFO  manager.TestNGListener -- Start test -->loginSuccessModel
22:39:00.037 INFO  tests.TestBase -- Test data---> User{email='lolik@gmail.com', password='Lolik123!'}
22:39:00.037 INFO  manager.ListenerWD -- Before find element-->By.cssSelector: a[href='/login']
22:39:00.045 INFO  manager.ListenerWD -- After find element-->By.cssSelector: a[href='/login']
22:39:00.048 INFO  manager.ListenerWD -- Location of element-->a
22:39:00.054 INFO  manager.ListenerWD -- Before click element-->atext -->LOGIN
22:39:00.082 INFO  manager.ListenerWD -- After click element-->a
22:39:00.082 INFO  manager.HelperBase -- Open form by ckick on button with locator a[href='/login']
22:39:00.082 INFO  manager.ListenerWD -- Before find element-->By.name: email
22:39:00.091 INFO  manager.ListenerWD -- After find element-->By.name: email
22:39:00.094 INFO  manager.ListenerWD -- Location of element-->input
22:39:00.099 INFO  manager.ListenerWD -- Before click element-->inputtext -->
22:39:00.131 INFO  manager.ListenerWD -- After click element-->input
22:39:00.144 INFO  manager.ListenerWD -- sendKeys -->
22:39:00.146 INFO  manager.ListenerWD -- sendKeys -->input
22:39:00.159 INFO  manager.ListenerWD -- sendKeys -->
22:39:00.160 INFO  manager.ListenerWD -- sendKeys -->input
22:39:00.174 INFO  manager.ListenerWD -- sendKeys -->
22:39:00.176 INFO  manager.ListenerWD -- sendKeys -->input
22:39:00.189 INFO  manager.ListenerWD -- Before find element-->By.xpath: //input[@placeholder='Password']
22:39:00.197 INFO  manager.ListenerWD -- After find element-->By.xpath: //input[@placeholder='Password']
22:39:00.199 INFO  manager.ListenerWD -- Location of element-->input
22:39:00.204 INFO  manager.ListenerWD -- Before click element-->inputtext -->
22:39:00.227 INFO  manager.ListenerWD -- After click element-->input
22:39:00.240 INFO  manager.ListenerWD -- sendKeys -->
22:39:00.242 INFO  manager.ListenerWD -- sendKeys -->input
22:39:00.255 INFO  manager.ListenerWD -- sendKeys -->
22:39:00.256 INFO  manager.ListenerWD -- sendKeys -->input
22:39:00.270 INFO  manager.ListenerWD -- sendKeys -->
22:39:00.272 INFO  manager.ListenerWD -- sendKeys -->input
22:39:00.284 INFO  manager.ListenerWD -- Before find element-->By.xpath: //button[text()='Login']
22:39:00.292 INFO  manager.ListenerWD -- After find element-->By.xpath: //button[text()='Login']
22:39:00.293 INFO  manager.ListenerWD -- Location of element-->button
22:39:00.299 INFO  manager.ListenerWD -- Before click element-->buttontext -->Login
22:39:00.636 INFO  tests.TestBase -- Assert check is element button 'Sign out' present
22:39:00.637 INFO  manager.TestNGListener -- Success test -->loginSuccessModel
22:39:00.637 INFO  tests.TestBase -- ==============================================
22:39:00.639 INFO  tests.TestBase -- Name of method (test) -->loginSuccessModel
22:39:00.646 INFO  manager.ListenerWD -- Before find element-->By.xpath: //button[text()='Sign Out']
22:39:00.654 INFO  manager.ListenerWD -- After find element-->By.xpath: //button[text()='Sign Out']
22:39:00.657 INFO  manager.ListenerWD -- Location of element-->button
22:39:00.661 INFO  manager.ListenerWD -- Before click element-->buttontext -->Sign Out
22:39:00.688 INFO  tests.TestBase -- Before method finished logout
22:39:00.690 INFO  manager.TestNGListener -- Start test -->loginSuccessModel
22:39:00.691 INFO  tests.TestBase -- Test data---> User{email='sonya@gmail.com', password='Ss12345$'}
22:39:00.691 INFO  manager.ListenerWD -- Before find element-->By.cssSelector: a[href='/login']
22:39:00.699 INFO  manager.ListenerWD -- After find element-->By.cssSelector: a[href='/login']
22:39:00.701 INFO  manager.ListenerWD -- Location of element-->a
22:39:00.708 INFO  manager.ListenerWD -- Before click element-->atext -->LOGIN
22:39:00.733 INFO  manager.ListenerWD -- After click element-->a
22:39:00.733 INFO  manager.HelperBase -- Open form by ckick on button with locator a[href='/login']
22:39:00.734 INFO  manager.ListenerWD -- Before find element-->By.name: email
22:39:00.744 INFO  manager.ListenerWD -- After find element-->By.name: email
22:39:00.747 INFO  manager.ListenerWD -- Location of element-->input
22:39:00.753 INFO  manager.ListenerWD -- Before click element-->inputtext -->
22:39:00.797 INFO  manager.ListenerWD -- After click element-->input
22:39:00.813 INFO  manager.ListenerWD -- sendKeys -->
22:39:00.815 INFO  manager.ListenerWD -- sendKeys -->input
22:39:00.828 INFO  manager.ListenerWD -- sendKeys -->
22:39:00.831 INFO  manager.ListenerWD -- sendKeys -->input
22:39:00.845 INFO  manager.ListenerWD -- sendKeys -->
22:39:00.848 INFO  manager.ListenerWD -- sendKeys -->input
22:39:00.862 INFO  manager.ListenerWD -- Before find element-->By.xpath: //input[@placeholder='Password']
22:39:00.870 INFO  manager.ListenerWD -- After find element-->By.xpath: //input[@placeholder='Password']
22:39:00.872 INFO  manager.ListenerWD -- Location of element-->input
22:39:00.877 INFO  manager.ListenerWD -- Before click element-->inputtext -->
22:39:00.904 INFO  manager.ListenerWD -- After click element-->input
22:39:00.917 INFO  manager.ListenerWD -- sendKeys -->
22:39:00.919 INFO  manager.ListenerWD -- sendKeys -->input
22:39:00.933 INFO  manager.ListenerWD -- sendKeys -->
22:39:00.935 INFO  manager.ListenerWD -- sendKeys -->input
22:39:00.949 INFO  manager.ListenerWD -- sendKeys -->
22:39:00.951 INFO  manager.ListenerWD -- sendKeys -->input
22:39:00.963 INFO  manager.ListenerWD -- Before find element-->By.xpath: //button[text()='Login']
22:39:00.970 INFO  manager.ListenerWD -- After find element-->By.xpath: //button[text()='Login']
22:39:00.972 INFO  manager.ListenerWD -- Location of element-->button
22:39:00.978 INFO  manager.ListenerWD -- Before click element-->buttontext -->Login
22:39:01.384 INFO  tests.TestBase -- Assert check is element button 'Sign out' present
22:39:01.385 INFO  manager.TestNGListener -- Success test -->loginSuccessModel
22:39:01.385 INFO  tests.TestBase -- ==============================================
22:39:01.386 INFO  tests.TestBase -- Name of method (test) -->loginSuccessModelDPF
22:39:01.397 INFO  manager.ListenerWD -- Before find element-->By.xpath: //button[text()='Sign Out']
22:39:01.405 INFO  manager.ListenerWD -- After find element-->By.xpath: //button[text()='Sign Out']
22:39:01.408 INFO  manager.ListenerWD -- Location of element-->button
22:39:01.413 INFO  manager.ListenerWD -- Before click element-->buttontext -->Sign Out
22:39:01.440 INFO  tests.TestBase -- Before method finished logout
22:39:01.441 INFO  manager.TestNGListener -- Start test -->loginSuccessModelDPF
22:39:01.442 INFO  tests.TestBase -- Test data---> User{email='lolik@gmail.com', password='Lolik123!'}
22:39:01.442 INFO  manager.ListenerWD -- Before find element-->By.cssSelector: a[href='/login']
22:39:01.449 INFO  manager.ListenerWD -- After find element-->By.cssSelector: a[href='/login']
22:39:01.451 INFO  manager.ListenerWD -- Location of element-->a
22:39:01.456 INFO  manager.ListenerWD -- Before click element-->atext -->LOGIN
22:39:01.478 INFO  manager.ListenerWD -- After click element-->a
22:39:01.478 INFO  manager.HelperBase -- Open form by ckick on button with locator a[href='/login']
22:39:01.478 INFO  manager.ListenerWD -- Before find element-->By.name: email
22:39:01.484 INFO  manager.ListenerWD -- After find element-->By.name: email
22:39:01.487 INFO  manager.ListenerWD -- Location of element-->input
22:39:01.492 INFO  manager.ListenerWD -- Before click element-->inputtext -->
22:39:01.523 INFO  manager.ListenerWD -- After click element-->input
22:39:01.536 INFO  manager.ListenerWD -- sendKeys -->
22:39:01.538 INFO  manager.ListenerWD -- sendKeys -->input
22:39:01.551 INFO  manager.ListenerWD -- sendKeys -->
22:39:01.552 INFO  manager.ListenerWD -- sendKeys -->input
22:39:01.565 INFO  manager.ListenerWD -- sendKeys -->
22:39:01.568 INFO  manager.ListenerWD -- sendKeys -->input
22:39:01.580 INFO  manager.ListenerWD -- Before find element-->By.xpath: //input[@placeholder='Password']
22:39:01.588 INFO  manager.ListenerWD -- After find element-->By.xpath: //input[@placeholder='Password']
22:39:01.589 INFO  manager.ListenerWD -- Location of element-->input
22:39:01.595 INFO  manager.ListenerWD -- Before click element-->inputtext -->
22:39:01.617 INFO  manager.ListenerWD -- After click element-->input
22:39:01.630 INFO  manager.ListenerWD -- sendKeys -->
22:39:01.631 INFO  manager.ListenerWD -- sendKeys -->input
22:39:01.645 INFO  manager.ListenerWD -- sendKeys -->
22:39:01.647 INFO  manager.ListenerWD -- sendKeys -->input
22:39:01.661 INFO  manager.ListenerWD -- sendKeys -->
22:39:01.662 INFO  manager.ListenerWD -- sendKeys -->input
22:39:01.674 INFO  manager.ListenerWD -- Before find element-->By.xpath: //button[text()='Login']
22:39:01.682 INFO  manager.ListenerWD -- After find element-->By.xpath: //button[text()='Login']
22:39:01.684 INFO  manager.ListenerWD -- Location of element-->button
22:39:01.692 INFO  manager.ListenerWD -- Before click element-->buttontext -->Login
22:39:02.044 INFO  tests.TestBase -- Assert check is element button 'Sign out' present
22:39:02.046 INFO  manager.TestNGListener -- Success test -->loginSuccessModelDPF
22:39:02.046 INFO  tests.TestBase -- ==============================================
22:39:02.048 INFO  tests.TestBase -- Name of method (test) -->loginSuccessModelDPF
22:39:02.061 INFO  manager.ListenerWD -- Before find element-->By.xpath: //button[text()='Sign Out']
22:39:02.071 INFO  manager.ListenerWD -- After find element-->By.xpath: //button[text()='Sign Out']
22:39:02.074 INFO  manager.ListenerWD -- Location of element-->button
22:39:02.079 INFO  manager.ListenerWD -- Before click element-->buttontext -->Sign Out
22:39:02.106 INFO  tests.TestBase -- Before method finished logout
22:39:02.107 INFO  manager.TestNGListener -- Start test -->loginSuccessModelDPF
22:39:02.108 INFO  tests.TestBase -- Test data---> User{email='sonya@gmail.com', password='Ss12345$'}
22:39:02.108 INFO  manager.ListenerWD -- Before find element-->By.cssSelector: a[href='/login']
22:39:02.115 INFO  manager.ListenerWD -- After find element-->By.cssSelector: a[href='/login']
22:39:02.117 INFO  manager.ListenerWD -- Location of element-->a
22:39:02.121 INFO  manager.ListenerWD -- Before click element-->atext -->LOGIN
22:39:02.145 INFO  manager.ListenerWD -- After click element-->a
22:39:02.145 INFO  manager.HelperBase -- Open form by ckick on button with locator a[href='/login']
22:39:02.145 INFO  manager.ListenerWD -- Before find element-->By.name: email
22:39:02.151 INFO  manager.ListenerWD -- After find element-->By.name: email
22:39:02.153 INFO  manager.ListenerWD -- Location of element-->input
22:39:02.159 INFO  manager.ListenerWD -- Before click element-->inputtext -->
22:39:02.189 INFO  manager.ListenerWD -- After click element-->input
22:39:02.205 INFO  manager.ListenerWD -- sendKeys -->
22:39:02.207 INFO  manager.ListenerWD -- sendKeys -->input
22:39:02.221 INFO  manager.ListenerWD -- sendKeys -->
22:39:02.223 INFO  manager.ListenerWD -- sendKeys -->input
22:39:02.237 INFO  manager.ListenerWD -- sendKeys -->
22:39:02.239 INFO  manager.ListenerWD -- sendKeys -->input
22:39:02.255 INFO  manager.ListenerWD -- Before find element-->By.xpath: //input[@placeholder='Password']
22:39:02.262 INFO  manager.ListenerWD -- After find element-->By.xpath: //input[@placeholder='Password']
22:39:02.264 INFO  manager.ListenerWD -- Location of element-->input
22:39:02.270 INFO  manager.ListenerWD -- Before click element-->inputtext -->
22:39:02.292 INFO  manager.ListenerWD -- After click element-->input
22:39:02.305 INFO  manager.ListenerWD -- sendKeys -->
22:39:02.307 INFO  manager.ListenerWD -- sendKeys -->input
22:39:02.320 INFO  manager.ListenerWD -- sendKeys -->
22:39:02.322 INFO  manager.ListenerWD -- sendKeys -->input
22:39:02.336 INFO  manager.ListenerWD -- sendKeys -->
22:39:02.338 INFO  manager.ListenerWD -- sendKeys -->input
22:39:02.349 INFO  manager.ListenerWD -- Before find element-->By.xpath: //button[text()='Login']
22:39:02.356 INFO  manager.ListenerWD -- After find element-->By.xpath: //button[text()='Login']
22:39:02.359 INFO  manager.ListenerWD -- Location of element-->button
22:39:02.363 INFO  manager.ListenerWD -- Before click element-->buttontext -->Login
22:39:02.708 INFO  tests.TestBase -- Assert check is element button 'Sign out' present
22:39:02.712 INFO  manager.TestNGListener -- Success test -->loginSuccessModelDPF
22:39:02.712 INFO  tests.TestBase -- ==============================================
22:39:02.713 INFO  tests.TestBase -- Name of method (test) -->loginSuccessModelDPF
22:39:02.723 INFO  manager.ListenerWD -- Before find element-->By.xpath: //button[text()='Sign Out']
22:39:02.732 INFO  manager.ListenerWD -- After find element-->By.xpath: //button[text()='Sign Out']
22:39:02.734 INFO  manager.ListenerWD -- Location of element-->button
22:39:02.740 INFO  manager.ListenerWD -- Before click element-->buttontext -->Sign Out
22:39:02.766 INFO  tests.TestBase -- Before method finished logout
22:39:02.767 INFO  manager.TestNGListener -- Start test -->loginSuccessModelDPF
22:39:02.769 INFO  tests.TestBase -- Test data---> User{email='lolik@gmail.com', password='Lolik123!'}
22:39:02.769 INFO  manager.ListenerWD -- Before find element-->By.cssSelector: a[href='/login']
22:39:02.777 INFO  manager.ListenerWD -- After find element-->By.cssSelector: a[href='/login']
22:39:02.779 INFO  manager.ListenerWD -- Location of element-->a
22:39:02.783 INFO  manager.ListenerWD -- Before click element-->atext -->LOGIN
22:39:02.806 INFO  manager.ListenerWD -- After click element-->a
22:39:02.806 INFO  manager.HelperBase -- Open form by ckick on button with locator a[href='/login']
22:39:02.806 INFO  manager.ListenerWD -- Before find element-->By.name: email
22:39:02.814 INFO  manager.ListenerWD -- After find element-->By.name: email
22:39:02.815 INFO  manager.ListenerWD -- Location of element-->input
22:39:02.820 INFO  manager.ListenerWD -- Before click element-->inputtext -->
22:39:02.850 INFO  manager.ListenerWD -- After click element-->input
22:39:02.864 INFO  manager.ListenerWD -- sendKeys -->
22:39:02.866 INFO  manager.ListenerWD -- sendKeys -->input
22:39:02.879 INFO  manager.ListenerWD -- sendKeys -->
22:39:02.881 INFO  manager.ListenerWD -- sendKeys -->input
22:39:02.894 INFO  manager.ListenerWD -- sendKeys -->
22:39:02.896 INFO  manager.ListenerWD -- sendKeys -->input
22:39:02.910 INFO  manager.ListenerWD -- Before find element-->By.xpath: //input[@placeholder='Password']
22:39:02.918 INFO  manager.ListenerWD -- After find element-->By.xpath: //input[@placeholder='Password']
22:39:02.920 INFO  manager.ListenerWD -- Location of element-->input
22:39:02.925 INFO  manager.ListenerWD -- Before click element-->inputtext -->
22:39:02.948 INFO  manager.ListenerWD -- After click element-->input
22:39:02.962 INFO  manager.ListenerWD -- sendKeys -->
22:39:02.964 INFO  manager.ListenerWD -- sendKeys -->input
22:39:02.977 INFO  manager.ListenerWD -- sendKeys -->
22:39:02.979 INFO  manager.ListenerWD -- sendKeys -->input
22:39:02.993 INFO  manager.ListenerWD -- sendKeys -->
22:39:02.995 INFO  manager.ListenerWD -- sendKeys -->input
22:39:03.006 INFO  manager.ListenerWD -- Before find element-->By.xpath: //button[text()='Login']
22:39:03.014 INFO  manager.ListenerWD -- After find element-->By.xpath: //button[text()='Login']
22:39:03.016 INFO  manager.ListenerWD -- Location of element-->button
22:39:03.020 INFO  manager.ListenerWD -- Before click element-->buttontext -->Login
22:39:03.366 INFO  tests.TestBase -- Assert check is element button 'Sign out' present
22:39:03.367 INFO  manager.TestNGListener -- Success test -->loginSuccessModelDPF
22:39:03.368 INFO  tests.TestBase -- ==============================================
22:39:03.368 INFO  tests.TestBase -- Name of method (test) -->loginUnregisteredUser
22:39:03.377 INFO  manager.ListenerWD -- Before find element-->By.xpath: //button[text()='Sign Out']
22:39:03.383 INFO  manager.ListenerWD -- After find element-->By.xpath: //button[text()='Sign Out']
22:39:03.387 INFO  manager.ListenerWD -- Location of element-->button
22:39:03.393 INFO  manager.ListenerWD -- Before click element-->buttontext -->Sign Out
22:39:03.421 INFO  tests.TestBase -- Before method finished logout
22:39:03.422 INFO  manager.TestNGListener -- Start test -->loginUnregisteredUser
22:39:03.424 INFO  tests.TestBase -- Test data --> email:'loli_k@mail.ru & password: Lolik123!
22:39:03.424 INFO  manager.ListenerWD -- Before find element-->By.cssSelector: a[href='/login']
22:39:03.431 INFO  manager.ListenerWD -- After find element-->By.cssSelector: a[href='/login']
22:39:03.434 INFO  manager.ListenerWD -- Location of element-->a
22:39:03.438 INFO  manager.ListenerWD -- Before click element-->atext -->LOGIN
22:39:03.460 INFO  manager.ListenerWD -- After click element-->a
22:39:03.460 INFO  manager.HelperBase -- Open form by ckick on button with locator a[href='/login']
22:39:03.460 INFO  manager.ListenerWD -- Before find element-->By.name: email
22:39:03.467 INFO  manager.ListenerWD -- After find element-->By.name: email
22:39:03.469 INFO  manager.ListenerWD -- Location of element-->input
22:39:03.474 INFO  manager.ListenerWD -- Before click element-->inputtext -->
22:39:03.504 INFO  manager.ListenerWD -- After click element-->input
22:39:03.518 INFO  manager.ListenerWD -- sendKeys -->
22:39:03.520 INFO  manager.ListenerWD -- sendKeys -->input
22:39:03.532 INFO  manager.ListenerWD -- sendKeys -->
22:39:03.534 INFO  manager.ListenerWD -- sendKeys -->input
22:39:03.547 INFO  manager.ListenerWD -- sendKeys -->
22:39:03.549 INFO  manager.ListenerWD -- sendKeys -->input
22:39:03.563 INFO  manager.HelperBase -- type in input with locator By.name("email") 
22:39:03.563 INFO  manager.ListenerWD -- Before find element-->By.xpath: //input[@placeholder='Password']
22:39:03.570 INFO  manager.ListenerWD -- After find element-->By.xpath: //input[@placeholder='Password']
22:39:03.572 INFO  manager.ListenerWD -- Location of element-->input
22:39:03.577 INFO  manager.ListenerWD -- Before click element-->inputtext -->
22:39:03.604 INFO  manager.ListenerWD -- After click element-->input
22:39:03.616 INFO  manager.ListenerWD -- sendKeys -->
22:39:03.618 INFO  manager.ListenerWD -- sendKeys -->input
22:39:03.632 INFO  manager.ListenerWD -- sendKeys -->
22:39:03.636 INFO  manager.ListenerWD -- sendKeys -->input
22:39:03.663 INFO  manager.ListenerWD -- sendKeys -->
22:39:03.665 INFO  manager.ListenerWD -- sendKeys -->input
22:39:03.678 INFO  manager.ListenerWD -- Before find element-->By.xpath: //button[text()='Login']
22:39:03.686 INFO  manager.ListenerWD -- After find element-->By.xpath: //button[text()='Login']
22:39:03.688 INFO  manager.ListenerWD -- Location of element-->button
22:39:03.693 INFO  manager.ListenerWD -- Before click element-->buttontext -->Login
22:39:03.721 INFO  manager.ListenerWD -- Huston, we have a problem!
22:39:03.721 INFO  manager.ListenerWD -- Failed method:alert
22:39:03.721 INFO  manager.ListenerWD -- **********************
22:39:03.721 INFO  manager.ListenerWD -- Arguments:null
22:39:03.721 INFO  manager.ListenerWD -- **********************
22:39:03.721 INFO  manager.ListenerWD -- Exception:NoAlertPresentException
22:39:03.721 INFO  manager.ListenerWD -- **********************
22:39:03.721 INFO  manager.ListenerWD -- Messageno such alert
  (Session info: chrome=149.0.7827.103)
Build info: version: '4.26.0', revision: '8ccf0219d7'
System info: os.name: 'Windows 11', os.arch: 'amd64', os.version: '10.0', java.version: '21.0.10'
Driver info: org.openqa.selenium.chrome.ChromeDriver
Command: [b9302f8f39212b12f28aa2b6458028f6, getAlertText {}]
Capabilities {acceptInsecureCerts: false, browserName: chrome, browserVersion: 149.0.7827.103, chrome: {chromedriverVersion: 149.0.7827.55 (3188f8a607ae..., userDataDir: C:\Users\Nina\AppData\Local...}, fedcm:accounts: true, goog:chromeOptions: {debuggerAddress: localhost:53203}, goog:processID: 17216, networkConnectionEnabled: false, pageLoadStrategy: normal, platformName: windows, proxy: Proxy(), se:cdp: ws://localhost:53203/devtoo..., se:cdpVersion: 149.0.7827.103, setWindowRect: true, strictFileInteractability: false, timeouts: {implicit: 0, pageLoad: 300000, script: 30000}, unhandledPromptBehavior: dismiss and notify, webauthn:extension:credBlob: true, webauthn:extension:largeBlob: true, webauthn:extension:minPinLength: true, webauthn:extension:prf: true, webauthn:virtualAuthenticators: true}
Session ID: b9302f8f39212b12f28aa2b6458028f6
22:39:03.721 INFO  manager.ListenerWD -- **********************
22:39:03.721 INFO  manager.ListenerWD -- Screen with error is --->src/test/screenshots/screen_1101.png
22:39:04.235 INFO  tests.TestBase -- Assert check is alert present with error test 'Wrong email or password' 
22:39:04.236 INFO  manager.TestNGListener -- Success test -->loginUnregisteredUser
22:39:04.236 INFO  tests.TestBase -- ==============================================
22:39:04.237 INFO  tests.TestBase -- Name of method (test) -->loginWrongEmail
22:39:09.244 INFO  manager.TestNGListener -- Start test -->loginWrongEmail
22:39:09.245 INFO  tests.TestBase -- Test data --> email:'lolikgmail.com & password: Lolik123!
22:39:09.246 INFO  manager.ListenerWD -- Before find element-->By.cssSelector: a[href='/login']
22:39:09.252 INFO  manager.ListenerWD -- After find element-->By.cssSelector: a[href='/login']
22:39:09.254 INFO  manager.ListenerWD -- Location of element-->a
22:39:09.259 INFO  manager.ListenerWD -- Before click element-->atext -->LOGIN
22:39:09.288 INFO  manager.ListenerWD -- After click element-->a
22:39:09.288 INFO  manager.HelperBase -- Open form by ckick on button with locator a[href='/login']
22:39:09.288 INFO  manager.ListenerWD -- Before find element-->By.name: email
22:39:09.296 INFO  manager.ListenerWD -- After find element-->By.name: email
22:39:09.298 INFO  manager.ListenerWD -- Location of element-->input
22:39:09.303 INFO  manager.ListenerWD -- Before click element-->inputtext -->
22:39:09.327 INFO  manager.ListenerWD -- After click element-->input
22:39:09.341 INFO  manager.ListenerWD -- sendKeys -->
22:39:09.343 INFO  manager.ListenerWD -- sendKeys -->input
22:39:09.364 INFO  manager.ListenerWD -- sendKeys -->
22:39:09.365 INFO  manager.ListenerWD -- sendKeys -->input
22:39:09.378 INFO  manager.ListenerWD -- sendKeys -->
22:39:09.380 INFO  manager.ListenerWD -- sendKeys -->input
22:39:09.394 INFO  manager.HelperBase -- type in input with locator By.name("email") 
22:39:09.394 INFO  manager.ListenerWD -- Before find element-->By.xpath: //input[@placeholder='Password']
22:39:09.401 INFO  manager.ListenerWD -- After find element-->By.xpath: //input[@placeholder='Password']
22:39:09.403 INFO  manager.ListenerWD -- Location of element-->input
22:39:09.408 INFO  manager.ListenerWD -- Before click element-->inputtext -->
22:39:09.432 INFO  manager.ListenerWD -- After click element-->input
22:39:09.445 INFO  manager.ListenerWD -- sendKeys -->
22:39:09.447 INFO  manager.ListenerWD -- sendKeys -->input
22:39:09.467 INFO  manager.ListenerWD -- sendKeys -->
22:39:09.469 INFO  manager.ListenerWD -- sendKeys -->input
22:39:09.482 INFO  manager.ListenerWD -- sendKeys -->
22:39:09.484 INFO  manager.ListenerWD -- sendKeys -->input
22:39:09.496 INFO  manager.ListenerWD -- Before find element-->By.xpath: //button[text()='Login']
22:39:09.503 INFO  manager.ListenerWD -- After find element-->By.xpath: //button[text()='Login']
22:39:09.505 INFO  manager.ListenerWD -- Location of element-->button
22:39:09.510 INFO  manager.ListenerWD -- Before click element-->buttontext -->Login
22:39:09.537 INFO  manager.ListenerWD -- Huston, we have a problem!
22:39:09.537 INFO  manager.ListenerWD -- Failed method:alert
22:39:09.537 INFO  manager.ListenerWD -- **********************
22:39:09.537 INFO  manager.ListenerWD -- Arguments:null
22:39:09.537 INFO  manager.ListenerWD -- **********************
22:39:09.537 INFO  manager.ListenerWD -- Exception:NoAlertPresentException
22:39:09.537 INFO  manager.ListenerWD -- **********************
22:39:09.537 INFO  manager.ListenerWD -- Messageno such alert
  (Session info: chrome=149.0.7827.103)
Build info: version: '4.26.0', revision: '8ccf0219d7'
System info: os.name: 'Windows 11', os.arch: 'amd64', os.version: '10.0', java.version: '21.0.10'
Driver info: org.openqa.selenium.chrome.ChromeDriver
Command: [b9302f8f39212b12f28aa2b6458028f6, getAlertText {}]
Capabilities {acceptInsecureCerts: false, browserName: chrome, browserVersion: 149.0.7827.103, chrome: {chromedriverVersion: 149.0.7827.55 (3188f8a607ae..., userDataDir: C:\Users\Nina\AppData\Local...}, fedcm:accounts: true, goog:chromeOptions: {debuggerAddress: localhost:53203}, goog:processID: 17216, networkConnectionEnabled: false, pageLoadStrategy: normal, platformName: windows, proxy: Proxy(), se:cdp: ws://localhost:53203/devtoo..., se:cdpVersion: 149.0.7827.103, setWindowRect: true, strictFileInteractability: false, timeouts: {implicit: 0, pageLoad: 300000, script: 30000}, unhandledPromptBehavior: dismiss and notify, webauthn:extension:credBlob: true, webauthn:extension:largeBlob: true, webauthn:extension:minPinLength: true, webauthn:extension:prf: true, webauthn:virtualAuthenticators: true}
Session ID: b9302f8f39212b12f28aa2b6458028f6
22:39:09.537 INFO  manager.ListenerWD -- **********************
22:39:09.537 INFO  manager.ListenerWD -- Screen with error is --->src/test/screenshots/screen_1066.png
22:39:10.058 INFO  tests.TestBase -- Assert check is alert present with error test 'Wrong email or password' 
22:39:10.059 INFO  manager.TestNGListener -- Success test -->loginWrongEmail
22:39:10.059 INFO  tests.TestBase -- ==============================================
22:39:10.060 INFO  tests.TestBase -- Name of method (test) -->loginWrongPassword
22:39:15.077 INFO  manager.TestNGListener -- Start test -->loginWrongPassword
22:39:15.079 INFO  tests.TestBase -- Test data --> email:'lolik@gmail.com & password: Lolik123
22:39:15.079 INFO  manager.ListenerWD -- Before find element-->By.cssSelector: a[href='/login']
22:39:15.087 INFO  manager.ListenerWD -- After find element-->By.cssSelector: a[href='/login']
22:39:15.090 INFO  manager.ListenerWD -- Location of element-->a
22:39:15.096 INFO  manager.ListenerWD -- Before click element-->atext -->LOGIN
22:39:15.124 INFO  manager.ListenerWD -- After click element-->a
22:39:15.124 INFO  manager.HelperBase -- Open form by ckick on button with locator a[href='/login']
22:39:15.124 INFO  manager.ListenerWD -- Before find element-->By.name: email
22:39:15.132 INFO  manager.ListenerWD -- After find element-->By.name: email
22:39:15.134 INFO  manager.ListenerWD -- Location of element-->input
22:39:15.140 INFO  manager.ListenerWD -- Before click element-->inputtext -->
22:39:15.167 INFO  manager.ListenerWD -- After click element-->input
22:39:15.181 INFO  manager.ListenerWD -- sendKeys -->
22:39:15.183 INFO  manager.ListenerWD -- sendKeys -->input
22:39:15.203 INFO  manager.ListenerWD -- sendKeys -->
22:39:15.205 INFO  manager.ListenerWD -- sendKeys -->input
22:39:15.219 INFO  manager.ListenerWD -- sendKeys -->
22:39:15.221 INFO  manager.ListenerWD -- sendKeys -->input
22:39:15.234 INFO  manager.HelperBase -- type in input with locator By.name("email") 
22:39:15.234 INFO  manager.ListenerWD -- Before find element-->By.xpath: //input[@placeholder='Password']
22:39:15.241 INFO  manager.ListenerWD -- After find element-->By.xpath: //input[@placeholder='Password']
22:39:15.243 INFO  manager.ListenerWD -- Location of element-->input
22:39:15.248 INFO  manager.ListenerWD -- Before click element-->inputtext -->
22:39:15.270 INFO  manager.ListenerWD -- After click element-->input
22:39:15.282 INFO  manager.ListenerWD -- sendKeys -->
22:39:15.285 INFO  manager.ListenerWD -- sendKeys -->input
22:39:15.304 INFO  manager.ListenerWD -- sendKeys -->
22:39:15.306 INFO  manager.ListenerWD -- sendKeys -->input
22:39:15.319 INFO  manager.ListenerWD -- sendKeys -->
22:39:15.320 INFO  manager.ListenerWD -- sendKeys -->input
22:39:15.332 INFO  manager.ListenerWD -- Before find element-->By.xpath: //button[text()='Login']
22:39:15.338 INFO  manager.ListenerWD -- After find element-->By.xpath: //button[text()='Login']
22:39:15.340 INFO  manager.ListenerWD -- Location of element-->button
22:39:15.349 INFO  manager.ListenerWD -- Before click element-->buttontext -->Login
22:39:15.375 INFO  manager.ListenerWD -- Huston, we have a problem!
22:39:15.375 INFO  manager.ListenerWD -- Failed method:alert
22:39:15.375 INFO  manager.ListenerWD -- **********************
22:39:15.375 INFO  manager.ListenerWD -- Arguments:null
22:39:15.375 INFO  manager.ListenerWD -- **********************
22:39:15.375 INFO  manager.ListenerWD -- Exception:NoAlertPresentException
22:39:15.375 INFO  manager.ListenerWD -- **********************
22:39:15.375 INFO  manager.ListenerWD -- Messageno such alert
  (Session info: chrome=149.0.7827.103)
Build info: version: '4.26.0', revision: '8ccf0219d7'
System info: os.name: 'Windows 11', os.arch: 'amd64', os.version: '10.0', java.version: '21.0.10'
Driver info: org.openqa.selenium.chrome.ChromeDriver
Command: [b9302f8f39212b12f28aa2b6458028f6, getAlertText {}]
Capabilities {acceptInsecureCerts: false, browserName: chrome, browserVersion: 149.0.7827.103, chrome: {chromedriverVersion: 149.0.7827.55 (3188f8a607ae..., userDataDir: C:\Users\Nina\AppData\Local...}, fedcm:accounts: true, goog:chromeOptions: {debuggerAddress: localhost:53203}, goog:processID: 17216, networkConnectionEnabled: false, pageLoadStrategy: normal, platformName: windows, proxy: Proxy(), se:cdp: ws://localhost:53203/devtoo..., se:cdpVersion: 149.0.7827.103, setWindowRect: true, strictFileInteractability: false, timeouts: {implicit: 0, pageLoad: 300000, script: 30000}, unhandledPromptBehavior: dismiss and notify, webauthn:extension:credBlob: true, webauthn:extension:largeBlob: true, webauthn:extension:minPinLength: true, webauthn:extension:prf: true, webauthn:virtualAuthenticators: true}
Session ID: b9302f8f39212b12f28aa2b6458028f6
22:39:15.375 INFO  manager.ListenerWD -- **********************
22:39:15.375 INFO  manager.ListenerWD -- Screen with error is --->src/test/screenshots/screen_1300.png
22:39:15.900 INFO  tests.TestBase -- Assert check is alert present with error test 'Wrong email or password' 
22:39:15.902 INFO  manager.TestNGListener -- Success test -->loginWrongPassword
22:39:15.903 INFO  tests.TestBase -- ==============================================
22:39:15.903 INFO  tests.TestBase -- Name of method (test) -->registrationExistsUser
22:39:20.970 INFO  manager.TestNGListener -- Start test -->registrationExistsUser
22:39:20.972 INFO  tests.TestBase -- Test data --> email:'margo@gmail.com & password: Mmar123456$
22:39:20.972 INFO  manager.ListenerWD -- Before find element-->By.cssSelector: a[href='/login']
22:39:20.980 INFO  manager.ListenerWD -- After find element-->By.cssSelector: a[href='/login']
22:39:20.982 INFO  manager.ListenerWD -- Location of element-->a
22:39:20.988 INFO  manager.ListenerWD -- Before click element-->atext -->LOGIN
22:39:21.011 INFO  manager.ListenerWD -- After click element-->a
22:39:21.011 INFO  manager.HelperBase -- Open form by ckick on button with locator a[href='/login']
22:39:21.011 INFO  manager.ListenerWD -- Before find element-->By.name: email
22:39:21.018 INFO  manager.ListenerWD -- After find element-->By.name: email
22:39:21.021 INFO  manager.ListenerWD -- Location of element-->input
22:39:21.026 INFO  manager.ListenerWD -- Before click element-->inputtext -->
22:39:21.047 INFO  manager.ListenerWD -- After click element-->input
22:39:21.064 INFO  manager.ListenerWD -- sendKeys -->
22:39:21.066 INFO  manager.ListenerWD -- sendKeys -->input
22:39:21.086 INFO  manager.ListenerWD -- sendKeys -->
22:39:21.088 INFO  manager.ListenerWD -- sendKeys -->input
22:39:21.101 INFO  manager.ListenerWD -- sendKeys -->
22:39:21.103 INFO  manager.ListenerWD -- sendKeys -->input
22:39:21.116 INFO  manager.ListenerWD -- Before find element-->By.xpath: //input[@placeholder='Password']
22:39:21.122 INFO  manager.ListenerWD -- After find element-->By.xpath: //input[@placeholder='Password']
22:39:21.124 INFO  manager.ListenerWD -- Location of element-->input
22:39:21.129 INFO  manager.ListenerWD -- Before click element-->inputtext -->
22:39:21.160 INFO  manager.ListenerWD -- After click element-->input
22:39:21.176 INFO  manager.ListenerWD -- sendKeys -->
22:39:21.179 INFO  manager.ListenerWD -- sendKeys -->input
22:39:21.205 INFO  manager.ListenerWD -- sendKeys -->
22:39:21.207 INFO  manager.ListenerWD -- sendKeys -->input
22:39:21.221 INFO  manager.ListenerWD -- sendKeys -->
22:39:21.223 INFO  manager.ListenerWD -- sendKeys -->input
22:39:21.235 INFO  manager.ListenerWD -- Before find element-->By.xpath: //button[text()='Registration']
22:39:21.243 INFO  manager.ListenerWD -- After find element-->By.xpath: //button[text()='Registration']
22:39:21.246 INFO  manager.ListenerWD -- Location of element-->button
22:39:21.250 INFO  manager.ListenerWD -- Before click element-->buttontext -->Registration
22:39:21.279 INFO  manager.ListenerWD -- Huston, we have a problem!
22:39:21.279 INFO  manager.ListenerWD -- Failed method:alert
22:39:21.279 INFO  manager.ListenerWD -- **********************
22:39:21.279 INFO  manager.ListenerWD -- Arguments:null
22:39:21.279 INFO  manager.ListenerWD -- **********************
22:39:21.279 INFO  manager.ListenerWD -- Exception:NoAlertPresentException
22:39:21.279 INFO  manager.ListenerWD -- **********************
22:39:21.279 INFO  manager.ListenerWD -- Messageno such alert
  (Session info: chrome=149.0.7827.103)
Build info: version: '4.26.0', revision: '8ccf0219d7'
System info: os.name: 'Windows 11', os.arch: 'amd64', os.version: '10.0', java.version: '21.0.10'
Driver info: org.openqa.selenium.chrome.ChromeDriver
Command: [b9302f8f39212b12f28aa2b6458028f6, getAlertText {}]
Capabilities {acceptInsecureCerts: false, browserName: chrome, browserVersion: 149.0.7827.103, chrome: {chromedriverVersion: 149.0.7827.55 (3188f8a607ae..., userDataDir: C:\Users\Nina\AppData\Local...}, fedcm:accounts: true, goog:chromeOptions: {debuggerAddress: localhost:53203}, goog:processID: 17216, networkConnectionEnabled: false, pageLoadStrategy: normal, platformName: windows, proxy: Proxy(), se:cdp: ws://localhost:53203/devtoo..., se:cdpVersion: 149.0.7827.103, setWindowRect: true, strictFileInteractability: false, timeouts: {implicit: 0, pageLoad: 300000, script: 30000}, unhandledPromptBehavior: dismiss and notify, webauthn:extension:credBlob: true, webauthn:extension:largeBlob: true, webauthn:extension:minPinLength: true, webauthn:extension:prf: true, webauthn:virtualAuthenticators: true}
Session ID: b9302f8f39212b12f28aa2b6458028f6
22:39:21.279 INFO  manager.ListenerWD -- **********************
22:39:21.279 INFO  manager.ListenerWD -- Screen with error is --->src/test/screenshots/screen_1284.png
22:39:21.792 INFO  manager.ListenerWD -- Huston, we have a problem!
22:39:21.792 INFO  manager.ListenerWD -- Failed method:alert
22:39:21.792 INFO  manager.ListenerWD -- **********************
22:39:21.792 INFO  manager.ListenerWD -- Arguments:null
22:39:21.792 INFO  manager.ListenerWD -- **********************
22:39:21.792 INFO  manager.ListenerWD -- Exception:NoAlertPresentException
22:39:21.792 INFO  manager.ListenerWD -- **********************
22:39:21.792 INFO  manager.ListenerWD -- Messageno such alert
  (Session info: chrome=149.0.7827.103)
Build info: version: '4.26.0', revision: '8ccf0219d7'
System info: os.name: 'Windows 11', os.arch: 'amd64', os.version: '10.0', java.version: '21.0.10'
Driver info: org.openqa.selenium.chrome.ChromeDriver
Command: [b9302f8f39212b12f28aa2b6458028f6, getAlertText {}]
Capabilities {acceptInsecureCerts: false, browserName: chrome, browserVersion: 149.0.7827.103, chrome: {chromedriverVersion: 149.0.7827.55 (3188f8a607ae..., userDataDir: C:\Users\Nina\AppData\Local...}, fedcm:accounts: true, goog:chromeOptions: {debuggerAddress: localhost:53203}, goog:processID: 17216, networkConnectionEnabled: false, pageLoadStrategy: normal, platformName: windows, proxy: Proxy(), se:cdp: ws://localhost:53203/devtoo..., se:cdpVersion: 149.0.7827.103, setWindowRect: true, strictFileInteractability: false, timeouts: {implicit: 0, pageLoad: 300000, script: 30000}, unhandledPromptBehavior: dismiss and notify, webauthn:extension:credBlob: true, webauthn:extension:largeBlob: true, webauthn:extension:minPinLength: true, webauthn:extension:prf: true, webauthn:virtualAuthenticators: true}
Session ID: b9302f8f39212b12f28aa2b6458028f6
22:39:21.792 INFO  manager.ListenerWD -- **********************
22:39:21.792 INFO  manager.ListenerWD -- Screen with error is --->src/test/screenshots/screen_1846.png
22:39:22.316 INFO  tests.TestBase -- Assert check is alert present with error test 'User already exist' 
22:39:22.318 INFO  manager.TestNGListener -- Success test -->registrationExistsUser
22:39:22.318 INFO  tests.TestBase -- ==============================================
22:39:22.319 INFO  tests.TestBase -- Name of method (test) -->registrationSuccess
22:39:27.324 INFO  manager.TestNGListener -- Start test -->registrationSuccess
22:39:27.326 INFO  tests.TestBase -- Start test with name 'registrationSuccess'
22:39:27.326 INFO  tests.TestBase -- Test data --> email:'mert1495@gmail.com & password: Mert123456!
22:39:27.326 INFO  manager.ListenerWD -- Before find element-->By.cssSelector: a[href='/login']
22:39:27.332 INFO  manager.ListenerWD -- After find element-->By.cssSelector: a[href='/login']
22:39:27.334 INFO  manager.ListenerWD -- Location of element-->a
22:39:27.339 INFO  manager.ListenerWD -- Before click element-->atext -->LOGIN
22:39:27.361 INFO  manager.ListenerWD -- After click element-->a
22:39:27.361 INFO  manager.HelperBase -- Open form by ckick on button with locator a[href='/login']
22:39:27.361 INFO  manager.ListenerWD -- Before find element-->By.name: email
22:39:27.368 INFO  manager.ListenerWD -- After find element-->By.name: email
22:39:27.371 INFO  manager.ListenerWD -- Location of element-->input
22:39:27.376 INFO  manager.ListenerWD -- Before click element-->inputtext -->
22:39:27.398 INFO  manager.ListenerWD -- After click element-->input
22:39:27.412 INFO  manager.ListenerWD -- sendKeys -->
22:39:27.415 INFO  manager.ListenerWD -- sendKeys -->input
22:39:27.434 INFO  manager.ListenerWD -- sendKeys -->
22:39:27.435 INFO  manager.ListenerWD -- sendKeys -->input
22:39:27.448 INFO  manager.ListenerWD -- sendKeys -->
22:39:27.449 INFO  manager.ListenerWD -- sendKeys -->input
22:39:27.464 INFO  manager.ListenerWD -- Before find element-->By.xpath: //input[@placeholder='Password']
22:39:27.471 INFO  manager.ListenerWD -- After find element-->By.xpath: //input[@placeholder='Password']
22:39:27.473 INFO  manager.ListenerWD -- Location of element-->input
22:39:27.478 INFO  manager.ListenerWD -- Before click element-->inputtext -->
22:39:27.500 INFO  manager.ListenerWD -- After click element-->input
22:39:27.512 INFO  manager.ListenerWD -- sendKeys -->
22:39:27.515 INFO  manager.ListenerWD -- sendKeys -->input
22:39:27.533 INFO  manager.ListenerWD -- sendKeys -->
22:39:27.535 INFO  manager.ListenerWD -- sendKeys -->input
22:39:27.550 INFO  manager.ListenerWD -- sendKeys -->
22:39:27.552 INFO  manager.ListenerWD -- sendKeys -->input
22:39:27.564 INFO  manager.ListenerWD -- Before find element-->By.xpath: //button[text()='Registration']
22:39:27.571 INFO  manager.ListenerWD -- After find element-->By.xpath: //button[text()='Registration']
22:39:27.573 INFO  manager.ListenerWD -- Location of element-->button
22:39:27.578 INFO  manager.ListenerWD -- Before click element-->buttontext -->Registration
22:39:27.978 INFO  tests.TestBase -- Assert check is element button 'Sign out' present
22:39:27.978 INFO  manager.ListenerWD -- Before find element-->By.cssSelector: .contact-page_message__2qafk>h1
22:39:28.188 INFO  manager.ListenerWD -- After find element-->By.cssSelector: .contact-page_message__2qafk>h1
22:39:28.193 INFO  manager.ListenerWD -- Location of element-->h1
22:39:28.200 INFO  tests.TestBase -- Assert check is message 'No contacts here'
22:39:28.200 INFO  manager.TestNGListener -- Success test -->registrationSuccess
22:39:28.200 INFO  tests.TestBase -- ==============================================
22:39:28.201 INFO  tests.TestBase -- Name of method (test) -->wrongEmailRegistration
22:39:28.212 INFO  manager.ListenerWD -- Before find element-->By.xpath: //button[text()='Sign Out']
22:39:28.221 INFO  manager.ListenerWD -- After find element-->By.xpath: //button[text()='Sign Out']
22:39:28.224 INFO  manager.ListenerWD -- Location of element-->button
22:39:28.232 INFO  manager.ListenerWD -- Before click element-->buttontext -->Sign Out
22:39:28.265 INFO  tests.TestBase -- Before method finished logout
22:39:28.266 INFO  manager.TestNGListener -- Start test -->wrongEmailRegistration
22:39:28.267 INFO  tests.TestBase -- Test data --> email:'mertgmail.com & password: Mert123456!
22:39:28.267 INFO  manager.ListenerWD -- Before find element-->By.cssSelector: a[href='/login']
22:39:28.276 INFO  manager.ListenerWD -- After find element-->By.cssSelector: a[href='/login']
22:39:28.279 INFO  manager.ListenerWD -- Location of element-->a
22:39:28.284 INFO  manager.ListenerWD -- Before click element-->atext -->LOGIN
22:39:28.306 INFO  manager.ListenerWD -- After click element-->a
22:39:28.306 INFO  manager.HelperBase -- Open form by ckick on button with locator a[href='/login']
22:39:28.306 INFO  manager.ListenerWD -- Before find element-->By.name: email
22:39:28.313 INFO  manager.ListenerWD -- After find element-->By.name: email
22:39:28.315 INFO  manager.ListenerWD -- Location of element-->input
22:39:28.320 INFO  manager.ListenerWD -- Before click element-->inputtext -->
22:39:28.354 INFO  manager.ListenerWD -- After click element-->input
22:39:28.368 INFO  manager.ListenerWD -- sendKeys -->
22:39:28.370 INFO  manager.ListenerWD -- sendKeys -->input
22:39:28.384 INFO  manager.ListenerWD -- sendKeys -->
22:39:28.386 INFO  manager.ListenerWD -- sendKeys -->input
22:39:28.399 INFO  manager.ListenerWD -- sendKeys -->
22:39:28.402 INFO  manager.ListenerWD -- sendKeys -->input
22:39:28.415 INFO  manager.ListenerWD -- Before find element-->By.xpath: //input[@placeholder='Password']
22:39:28.422 INFO  manager.ListenerWD -- After find element-->By.xpath: //input[@placeholder='Password']
22:39:28.424 INFO  manager.ListenerWD -- Location of element-->input
22:39:28.429 INFO  manager.ListenerWD -- Before click element-->inputtext -->
22:39:28.452 INFO  manager.ListenerWD -- After click element-->input
22:39:28.465 INFO  manager.ListenerWD -- sendKeys -->
22:39:28.466 INFO  manager.ListenerWD -- sendKeys -->input
22:39:28.480 INFO  manager.ListenerWD -- sendKeys -->
22:39:28.482 INFO  manager.ListenerWD -- sendKeys -->input
22:39:28.498 INFO  manager.ListenerWD -- sendKeys -->
22:39:28.504 INFO  manager.ListenerWD -- sendKeys -->input
22:39:28.527 INFO  manager.ListenerWD -- Before find element-->By.xpath: //button[text()='Registration']
22:39:28.538 INFO  manager.ListenerWD -- After find element-->By.xpath: //button[text()='Registration']
22:39:28.543 INFO  manager.ListenerWD -- Location of element-->button
22:39:28.551 INFO  manager.ListenerWD -- Before click element-->buttontext -->Registration
22:39:28.594 INFO  manager.ListenerWD -- Huston, we have a problem!
22:39:28.594 INFO  manager.ListenerWD -- Failed method:alert
22:39:28.594 INFO  manager.ListenerWD -- **********************
22:39:28.594 INFO  manager.ListenerWD -- Arguments:null
22:39:28.594 INFO  manager.ListenerWD -- **********************
22:39:28.594 INFO  manager.ListenerWD -- Exception:NoAlertPresentException
22:39:28.594 INFO  manager.ListenerWD -- **********************
22:39:28.594 INFO  manager.ListenerWD -- Messageno such alert
  (Session info: chrome=149.0.7827.103)
Build info: version: '4.26.0', revision: '8ccf0219d7'
System info: os.name: 'Windows 11', os.arch: 'amd64', os.version: '10.0', java.version: '21.0.10'
Driver info: org.openqa.selenium.chrome.ChromeDriver
Command: [b9302f8f39212b12f28aa2b6458028f6, getAlertText {}]
Capabilities {acceptInsecureCerts: false, browserName: chrome, browserVersion: 149.0.7827.103, chrome: {chromedriverVersion: 149.0.7827.55 (3188f8a607ae..., userDataDir: C:\Users\Nina\AppData\Local...}, fedcm:accounts: true, goog:chromeOptions: {debuggerAddress: localhost:53203}, goog:processID: 17216, networkConnectionEnabled: false, pageLoadStrategy: normal, platformName: windows, proxy: Proxy(), se:cdp: ws://localhost:53203/devtoo..., se:cdpVersion: 149.0.7827.103, setWindowRect: true, strictFileInteractability: false, timeouts: {implicit: 0, pageLoad: 300000, script: 30000}, unhandledPromptBehavior: dismiss and notify, webauthn:extension:credBlob: true, webauthn:extension:largeBlob: true, webauthn:extension:minPinLength: true, webauthn:extension:prf: true, webauthn:virtualAuthenticators: true}
Session ID: b9302f8f39212b12f28aa2b6458028f6
22:39:28.594 INFO  manager.ListenerWD -- **********************
22:39:28.594 INFO  manager.ListenerWD -- Screen with error is --->src/test/screenshots/screen_1118.png
22:39:29.106 INFO  tests.TestBase -- Assert check is alert present with error test 'Wrong email or password' 
22:39:29.106 INFO  manager.ListenerWD -- Before find element-->By.xpath: //*[text()='Registration failed with code 400']
22:39:29.120 INFO  manager.ListenerWD -- After find element-->By.xpath: //*[text()='Registration failed with code 400']
22:39:29.123 INFO  manager.ListenerWD -- Location of element-->div
22:39:29.125 INFO  manager.TestNGListener -- Success test -->wrongEmailRegistration
22:39:29.125 INFO  tests.TestBase -- ==============================================
22:39:29.126 INFO  tests.TestBase -- Name of method (test) -->wrongPasswordRegistration
22:39:34.187 INFO  manager.TestNGListener -- Start test -->wrongPasswordRegistration
22:39:34.187 INFO  tests.TestBase -- Test data --> email:'mert@gmail.com & password: Mert123456
22:39:34.187 INFO  manager.ListenerWD -- Before find element-->By.cssSelector: a[href='/login']
22:39:34.194 INFO  manager.ListenerWD -- After find element-->By.cssSelector: a[href='/login']
22:39:34.198 INFO  manager.ListenerWD -- Location of element-->a
22:39:34.204 INFO  manager.ListenerWD -- Before click element-->atext -->LOGIN
22:39:34.230 INFO  manager.ListenerWD -- After click element-->a
22:39:34.230 INFO  manager.HelperBase -- Open form by ckick on button with locator a[href='/login']
22:39:34.230 INFO  manager.ListenerWD -- Before find element-->By.name: email
22:39:34.237 INFO  manager.ListenerWD -- After find element-->By.name: email
22:39:34.240 INFO  manager.ListenerWD -- Location of element-->input
22:39:34.245 INFO  manager.ListenerWD -- Before click element-->inputtext -->
22:39:34.272 INFO  manager.ListenerWD -- After click element-->input
22:39:34.286 INFO  manager.ListenerWD -- sendKeys -->
22:39:34.288 INFO  manager.ListenerWD -- sendKeys -->input
22:39:34.308 INFO  manager.ListenerWD -- sendKeys -->
22:39:34.311 INFO  manager.ListenerWD -- sendKeys -->input
22:39:34.323 INFO  manager.ListenerWD -- sendKeys -->
22:39:34.326 INFO  manager.ListenerWD -- sendKeys -->input
22:39:34.339 INFO  manager.ListenerWD -- Before find element-->By.xpath: //input[@placeholder='Password']
22:39:34.347 INFO  manager.ListenerWD -- After find element-->By.xpath: //input[@placeholder='Password']
22:39:34.349 INFO  manager.ListenerWD -- Location of element-->input
22:39:34.354 INFO  manager.ListenerWD -- Before click element-->inputtext -->
22:39:34.386 INFO  manager.ListenerWD -- After click element-->input
22:39:34.401 INFO  manager.ListenerWD -- sendKeys -->
22:39:34.404 INFO  manager.ListenerWD -- sendKeys -->input
22:39:34.429 INFO  manager.ListenerWD -- sendKeys -->
22:39:34.432 INFO  manager.ListenerWD -- sendKeys -->input
22:39:34.446 INFO  manager.ListenerWD -- sendKeys -->
22:39:34.448 INFO  manager.ListenerWD -- sendKeys -->input
22:39:34.460 INFO  manager.ListenerWD -- Before find element-->By.xpath: //button[text()='Registration']
22:39:34.467 INFO  manager.ListenerWD -- After find element-->By.xpath: //button[text()='Registration']
22:39:34.469 INFO  manager.ListenerWD -- Location of element-->button
22:39:34.473 INFO  manager.ListenerWD -- Before click element-->buttontext -->Registration
22:39:34.500 INFO  manager.ListenerWD -- Huston, we have a problem!
22:39:34.500 INFO  manager.ListenerWD -- Failed method:alert
22:39:34.500 INFO  manager.ListenerWD -- **********************
22:39:34.500 INFO  manager.ListenerWD -- Arguments:null
22:39:34.500 INFO  manager.ListenerWD -- **********************
22:39:34.500 INFO  manager.ListenerWD -- Exception:NoAlertPresentException
22:39:34.500 INFO  manager.ListenerWD -- **********************
22:39:34.500 INFO  manager.ListenerWD -- Messageno such alert
  (Session info: chrome=149.0.7827.103)
Build info: version: '4.26.0', revision: '8ccf0219d7'
System info: os.name: 'Windows 11', os.arch: 'amd64', os.version: '10.0', java.version: '21.0.10'
Driver info: org.openqa.selenium.chrome.ChromeDriver
Command: [b9302f8f39212b12f28aa2b6458028f6, getAlertText {}]
Capabilities {acceptInsecureCerts: false, browserName: chrome, browserVersion: 149.0.7827.103, chrome: {chromedriverVersion: 149.0.7827.55 (3188f8a607ae..., userDataDir: C:\Users\Nina\AppData\Local...}, fedcm:accounts: true, goog:chromeOptions: {debuggerAddress: localhost:53203}, goog:processID: 17216, networkConnectionEnabled: false, pageLoadStrategy: normal, platformName: windows, proxy: Proxy(), se:cdp: ws://localhost:53203/devtoo..., se:cdpVersion: 149.0.7827.103, setWindowRect: true, strictFileInteractability: false, timeouts: {implicit: 0, pageLoad: 300000, script: 30000}, unhandledPromptBehavior: dismiss and notify, webauthn:extension:credBlob: true, webauthn:extension:largeBlob: true, webauthn:extension:minPinLength: true, webauthn:extension:prf: true, webauthn:virtualAuthenticators: true}
Session ID: b9302f8f39212b12f28aa2b6458028f6
22:39:34.500 INFO  manager.ListenerWD -- **********************
22:39:34.500 INFO  manager.ListenerWD -- Screen with error is --->src/test/screenshots/screen_1891.png
22:39:35.023 INFO  tests.TestBase -- Assert check is alert present with error test 'Wrong email or password' 
22:39:35.023 INFO  manager.ListenerWD -- Before find element-->By.xpath: //*[text()='Registration failed with code 400']
22:39:35.031 INFO  manager.ListenerWD -- After find element-->By.xpath: //*[text()='Registration failed with code 400']
22:39:35.034 INFO  manager.ListenerWD -- Location of element-->div
22:39:35.035 INFO  manager.TestNGListener -- Success test -->wrongPasswordRegistration
22:39:35.035 INFO  tests.TestBase -- ==============================================
22:39:35.035 INFO  tests.TestBase -- Name of method (test) -->removeAllContacts
22:39:40.095 INFO  manager.ListenerWD -- Before find element-->By.cssSelector: a[href='/login']
22:39:40.101 INFO  manager.ListenerWD -- After find element-->By.cssSelector: a[href='/login']
22:39:40.103 INFO  manager.ListenerWD -- Location of element-->a
22:39:40.109 INFO  manager.ListenerWD -- Before click element-->atext -->LOGIN
22:39:40.137 INFO  manager.ListenerWD -- After click element-->a
22:39:40.137 INFO  manager.HelperBase -- Open form by ckick on button with locator a[href='/login']
22:39:40.137 INFO  manager.ListenerWD -- Before find element-->By.name: email
22:39:40.145 INFO  manager.ListenerWD -- After find element-->By.name: email
22:39:40.147 INFO  manager.ListenerWD -- Location of element-->input
22:39:40.157 INFO  manager.ListenerWD -- Before click element-->inputtext -->
22:39:40.180 INFO  manager.ListenerWD -- After click element-->input
22:39:40.195 INFO  manager.ListenerWD -- sendKeys -->
22:39:40.199 INFO  manager.ListenerWD -- sendKeys -->input
22:39:40.220 INFO  manager.ListenerWD -- sendKeys -->
22:39:40.222 INFO  manager.ListenerWD -- sendKeys -->input
22:39:40.235 INFO  manager.ListenerWD -- sendKeys -->
22:39:40.237 INFO  manager.ListenerWD -- sendKeys -->input
22:39:40.253 INFO  manager.ListenerWD -- Before find element-->By.xpath: //input[@placeholder='Password']
22:39:40.260 INFO  manager.ListenerWD -- After find element-->By.xpath: //input[@placeholder='Password']
22:39:40.263 INFO  manager.ListenerWD -- Location of element-->input
22:39:40.268 INFO  manager.ListenerWD -- Before click element-->inputtext -->
22:39:40.291 INFO  manager.ListenerWD -- After click element-->input
22:39:40.304 INFO  manager.ListenerWD -- sendKeys -->
22:39:40.306 INFO  manager.ListenerWD -- sendKeys -->input
22:39:40.328 INFO  manager.ListenerWD -- sendKeys -->
22:39:40.330 INFO  manager.ListenerWD -- sendKeys -->input
22:39:40.345 INFO  manager.ListenerWD -- sendKeys -->
22:39:40.347 INFO  manager.ListenerWD -- sendKeys -->input
22:39:40.360 INFO  manager.ListenerWD -- Before find element-->By.xpath: //button[text()='Login']
22:39:40.368 INFO  manager.ListenerWD -- After find element-->By.xpath: //button[text()='Login']
22:39:40.371 INFO  manager.ListenerWD -- Location of element-->button
22:39:40.376 INFO  manager.ListenerWD -- Before click element-->buttontext -->Login
22:39:41.047 INFO  manager.TestNGListener -- Start test -->removeAllContacts
22:39:41.067 INFO  manager.ListenerWD -- Before find element-->By.cssSelector: .contact-item_card__2SOIM
22:39:41.076 INFO  manager.ListenerWD -- After find element-->By.cssSelector: .contact-item_card__2SOIM
22:39:41.078 INFO  manager.ListenerWD -- Location of element-->div
22:39:41.084 INFO  manager.ListenerWD -- Before click element-->divtext -->Harry
555667771394
22:39:41.111 INFO  manager.ListenerWD -- After click element-->div
22:39:41.111 INFO  manager.ListenerWD -- Before find element-->By.xpath: //button[text()='Remove']
22:39:41.119 INFO  manager.ListenerWD -- After find element-->By.xpath: //button[text()='Remove']
22:39:41.122 INFO  manager.ListenerWD -- Location of element-->button
22:39:41.127 INFO  manager.ListenerWD -- Before click element-->buttontext -->Remove
22:39:41.149 INFO  manager.ListenerWD -- After click element-->button
22:39:42.176 INFO  manager.ListenerWD -- Before find element-->By.cssSelector: .contact-item_card__2SOIM
22:39:42.183 INFO  manager.ListenerWD -- After find element-->By.cssSelector: .contact-item_card__2SOIM
22:39:42.186 INFO  manager.ListenerWD -- Location of element-->div
22:39:42.190 INFO  manager.ListenerWD -- Before click element-->divtext -->Harry
555667771020
22:39:42.215 INFO  manager.ListenerWD -- After click element-->div
22:39:42.215 INFO  manager.ListenerWD -- Before find element-->By.xpath: //button[text()='Remove']
22:39:42.223 INFO  manager.ListenerWD -- After find element-->By.xpath: //button[text()='Remove']
22:39:42.225 INFO  manager.ListenerWD -- Location of element-->button
22:39:42.230 INFO  manager.ListenerWD -- Before click element-->buttontext -->Remove
22:39:42.250 INFO  manager.ListenerWD -- After click element-->button
22:39:43.263 INFO  manager.ListenerWD -- Before find element-->By.cssSelector: .contact-item_card__2SOIM
22:39:43.271 INFO  manager.ListenerWD -- After find element-->By.cssSelector: .contact-item_card__2SOIM
22:39:43.274 INFO  manager.ListenerWD -- Location of element-->div
22:39:43.280 INFO  manager.ListenerWD -- Before click element-->divtext -->Tony
34343434246
22:39:43.306 INFO  manager.ListenerWD -- After click element-->div
22:39:43.306 INFO  manager.ListenerWD -- Before find element-->By.xpath: //button[text()='Remove']
22:39:43.313 INFO  manager.ListenerWD -- After find element-->By.xpath: //button[text()='Remove']
22:39:43.315 INFO  manager.ListenerWD -- Location of element-->button
22:39:43.320 INFO  manager.ListenerWD -- Before click element-->buttontext -->Remove
22:39:43.340 INFO  manager.ListenerWD -- After click element-->button
22:39:44.352 INFO  manager.ListenerWD -- Before find element-->By.cssSelector: .contact-item_card__2SOIM
22:39:44.358 INFO  manager.ListenerWD -- After find element-->By.cssSelector: .contact-item_card__2SOIM
22:39:44.361 INFO  manager.ListenerWD -- Location of element-->div
22:39:44.367 INFO  manager.ListenerWD -- Before click element-->divtext -->Tony
6555652654
22:39:44.392 INFO  manager.ListenerWD -- After click element-->div
22:39:44.392 INFO  manager.ListenerWD -- Before find element-->By.xpath: //button[text()='Remove']
22:39:44.399 INFO  manager.ListenerWD -- After find element-->By.xpath: //button[text()='Remove']
22:39:44.401 INFO  manager.ListenerWD -- Location of element-->button
22:39:44.407 INFO  manager.ListenerWD -- Before click element-->buttontext -->Remove
22:39:44.428 INFO  manager.ListenerWD -- After click element-->button
22:39:45.449 INFO  manager.ListenerWD -- Before find element-->By.cssSelector: .contact-item_card__2SOIM
22:39:45.458 INFO  manager.ListenerWD -- After find element-->By.cssSelector: .contact-item_card__2SOIM
22:39:45.461 INFO  manager.ListenerWD -- Location of element-->div
22:39:45.466 INFO  manager.ListenerWD -- Before click element-->divtext -->TonyReq2328
343434342328
22:39:45.493 INFO  manager.ListenerWD -- After click element-->div
22:39:45.493 INFO  manager.ListenerWD -- Before find element-->By.xpath: //button[text()='Remove']
22:39:45.500 INFO  manager.ListenerWD -- After find element-->By.xpath: //button[text()='Remove']
22:39:45.502 INFO  manager.ListenerWD -- Location of element-->button
22:39:45.508 INFO  manager.ListenerWD -- Before click element-->buttontext -->Remove
22:39:45.529 INFO  manager.ListenerWD -- After click element-->button
22:39:51.547 INFO  manager.ListenerWD -- Before find element-->By.cssSelector: .contact-page_message__2qafk>h1
22:39:51.554 INFO  manager.ListenerWD -- After find element-->By.cssSelector: .contact-page_message__2qafk>h1
22:39:51.556 INFO  manager.ListenerWD -- Location of element-->h1
22:39:51.561 INFO  manager.TestNGListener -- Success test -->removeAllContacts
22:39:51.561 INFO  tests.TestBase -- ==============================================
22:39:51.562 INFO  tests.TestBase -- Name of method (test) -->removeFirstContact
22:39:56.628 INFO  manager.ListenerWD -- Before find element-->By.cssSelector: a[href='/add']
22:39:56.638 INFO  manager.ListenerWD -- After find element-->By.cssSelector: a[href='/add']
22:39:56.641 INFO  manager.ListenerWD -- Location of element-->a
22:39:56.648 INFO  manager.ListenerWD -- Before click element-->atext -->ADD
22:39:56.686 INFO  manager.ListenerWD -- After click element-->a
22:39:56.686 INFO  manager.ListenerWD -- Before find element-->By.cssSelector: [placeholder='Name']
22:39:56.698 INFO  manager.ListenerWD -- After find element-->By.cssSelector: [placeholder='Name']
22:39:56.701 INFO  manager.ListenerWD -- Location of element-->input
22:39:56.705 INFO  manager.ListenerWD -- Before click element-->inputtext -->
22:39:56.733 INFO  manager.ListenerWD -- After click element-->input
22:39:56.746 INFO  manager.ListenerWD -- sendKeys -->
22:39:56.748 INFO  manager.ListenerWD -- sendKeys -->input
22:39:56.762 INFO  manager.ListenerWD -- sendKeys -->
22:39:56.764 INFO  manager.ListenerWD -- sendKeys -->input
22:39:56.778 INFO  manager.ListenerWD -- sendKeys -->
22:39:56.780 INFO  manager.ListenerWD -- sendKeys -->input
22:39:56.790 INFO  manager.ListenerWD -- Before find element-->By.cssSelector: [placeholder='Last Name']
22:39:56.799 INFO  manager.ListenerWD -- After find element-->By.cssSelector: [placeholder='Last Name']
22:39:56.802 INFO  manager.ListenerWD -- Location of element-->input
22:39:56.806 INFO  manager.ListenerWD -- Before click element-->inputtext -->
22:39:56.832 INFO  manager.ListenerWD -- After click element-->input
22:39:56.845 INFO  manager.ListenerWD -- sendKeys -->
22:39:56.847 INFO  manager.ListenerWD -- sendKeys -->input
22:39:56.860 INFO  manager.ListenerWD -- sendKeys -->
22:39:56.863 INFO  manager.ListenerWD -- sendKeys -->input
22:39:56.877 INFO  manager.ListenerWD -- sendKeys -->
22:39:56.879 INFO  manager.ListenerWD -- sendKeys -->input
22:39:56.891 INFO  manager.ListenerWD -- Before find element-->By.cssSelector: [placeholder='Phone']
22:39:56.903 INFO  manager.ListenerWD -- After find element-->By.cssSelector: [placeholder='Phone']
22:39:56.905 INFO  manager.ListenerWD -- Location of element-->input
22:39:56.909 INFO  manager.ListenerWD -- Before click element-->inputtext -->
22:39:56.933 INFO  manager.ListenerWD -- After click element-->input
22:39:56.946 INFO  manager.ListenerWD -- sendKeys -->
22:39:56.948 INFO  manager.ListenerWD -- sendKeys -->input
22:39:56.961 INFO  manager.ListenerWD -- sendKeys -->
22:39:56.964 INFO  manager.ListenerWD -- sendKeys -->input
22:39:56.977 INFO  manager.ListenerWD -- sendKeys -->
22:39:56.979 INFO  manager.ListenerWD -- sendKeys -->input
22:39:56.991 INFO  manager.ListenerWD -- Before find element-->By.cssSelector: [placeholder='email']
22:39:57.002 INFO  manager.ListenerWD -- After find element-->By.cssSelector: [placeholder='email']
22:39:57.004 INFO  manager.ListenerWD -- Location of element-->input
22:39:57.009 INFO  manager.ListenerWD -- Before click element-->inputtext -->
22:39:57.033 INFO  manager.ListenerWD -- After click element-->input
22:39:57.046 INFO  manager.ListenerWD -- sendKeys -->
22:39:57.048 INFO  manager.ListenerWD -- sendKeys -->input
22:39:57.061 INFO  manager.ListenerWD -- sendKeys -->
22:39:57.063 INFO  manager.ListenerWD -- sendKeys -->input
22:39:57.076 INFO  manager.ListenerWD -- sendKeys -->
22:39:57.078 INFO  manager.ListenerWD -- sendKeys -->input
22:39:57.092 INFO  manager.ListenerWD -- Before find element-->By.cssSelector: [placeholder='Address']
22:39:57.101 INFO  manager.ListenerWD -- After find element-->By.cssSelector: [placeholder='Address']
22:39:57.103 INFO  manager.ListenerWD -- Location of element-->input
22:39:57.107 INFO  manager.ListenerWD -- Before click element-->inputtext -->
22:39:57.131 INFO  manager.ListenerWD -- After click element-->input
22:39:57.144 INFO  manager.ListenerWD -- sendKeys -->
22:39:57.146 INFO  manager.ListenerWD -- sendKeys -->input
22:39:57.159 INFO  manager.ListenerWD -- sendKeys -->
22:39:57.161 INFO  manager.ListenerWD -- sendKeys -->input
22:39:57.174 INFO  manager.ListenerWD -- sendKeys -->
22:39:57.176 INFO  manager.ListenerWD -- sendKeys -->input
22:39:57.187 INFO  manager.ListenerWD -- Before find element-->By.cssSelector: [placeholder = 'description']
22:39:57.195 INFO  manager.ListenerWD -- After find element-->By.cssSelector: [placeholder = 'description']
22:39:57.197 INFO  manager.ListenerWD -- Location of element-->input
22:39:57.202 INFO  manager.ListenerWD -- Before click element-->inputtext -->
22:39:57.227 INFO  manager.ListenerWD -- After click element-->input
22:39:57.240 INFO  manager.ListenerWD -- sendKeys -->
22:39:57.242 INFO  manager.ListenerWD -- sendKeys -->input
22:39:57.255 INFO  manager.ListenerWD -- sendKeys -->
22:39:57.256 INFO  manager.ListenerWD -- sendKeys -->input
22:39:57.270 INFO  manager.ListenerWD -- sendKeys -->
22:39:57.272 INFO  manager.ListenerWD -- sendKeys -->input
22:39:57.282 INFO  manager.ListenerWD -- Before find element-->By.cssSelector: .add_form__2rsm2>button
22:39:57.291 INFO  manager.ListenerWD -- After find element-->By.cssSelector: .add_form__2rsm2>button
22:39:57.293 INFO  manager.ListenerWD -- Location of element-->button
22:39:57.297 INFO  manager.ListenerWD -- Before click element-->buttontext -->Save
22:39:57.320 INFO  manager.ListenerWD -- After click element-->button
22:39:57.830 INFO  manager.ListenerWD -- Before find element-->By.cssSelector: a[href='/add']
22:39:57.839 INFO  manager.ListenerWD -- After find element-->By.cssSelector: a[href='/add']
22:39:57.841 INFO  manager.ListenerWD -- Location of element-->a
22:39:57.847 INFO  manager.ListenerWD -- Before click element-->atext -->ADD
22:39:57.876 INFO  manager.ListenerWD -- After click element-->a
22:39:57.876 INFO  manager.ListenerWD -- Before find element-->By.cssSelector: [placeholder='Name']
22:39:57.884 INFO  manager.ListenerWD -- After find element-->By.cssSelector: [placeholder='Name']
22:39:57.887 INFO  manager.ListenerWD -- Location of element-->input
22:39:57.891 INFO  manager.ListenerWD -- Before click element-->inputtext -->
22:39:57.918 INFO  manager.ListenerWD -- After click element-->input
22:39:57.931 INFO  manager.ListenerWD -- sendKeys -->
22:39:57.933 INFO  manager.ListenerWD -- sendKeys -->input
22:39:57.946 INFO  manager.ListenerWD -- sendKeys -->
22:39:57.948 INFO  manager.ListenerWD -- sendKeys -->input
22:39:57.963 INFO  manager.ListenerWD -- sendKeys -->
22:39:57.965 INFO  manager.ListenerWD -- sendKeys -->input
22:39:57.977 INFO  manager.ListenerWD -- Before find element-->By.cssSelector: [placeholder='Last Name']
22:39:57.984 INFO  manager.ListenerWD -- After find element-->By.cssSelector: [placeholder='Last Name']
22:39:57.986 INFO  manager.ListenerWD -- Location of element-->input
22:39:57.991 INFO  manager.ListenerWD -- Before click element-->inputtext -->
22:39:58.016 INFO  manager.ListenerWD -- After click element-->input
22:39:58.028 INFO  manager.ListenerWD -- sendKeys -->
22:39:58.030 INFO  manager.ListenerWD -- sendKeys -->input
22:39:58.044 INFO  manager.ListenerWD -- sendKeys -->
22:39:58.046 INFO  manager.ListenerWD -- sendKeys -->input
22:39:58.060 INFO  manager.ListenerWD -- sendKeys -->
22:39:58.062 INFO  manager.ListenerWD -- sendKeys -->input
22:39:58.075 INFO  manager.ListenerWD -- Before find element-->By.cssSelector: [placeholder='Phone']
22:39:58.082 INFO  manager.ListenerWD -- After find element-->By.cssSelector: [placeholder='Phone']
22:39:58.084 INFO  manager.ListenerWD -- Location of element-->input
22:39:58.090 INFO  manager.ListenerWD -- Before click element-->inputtext -->
22:39:58.117 INFO  manager.ListenerWD -- After click element-->input
22:39:58.131 INFO  manager.ListenerWD -- sendKeys -->
22:39:58.133 INFO  manager.ListenerWD -- sendKeys -->input
22:39:58.149 INFO  manager.ListenerWD -- sendKeys -->
22:39:58.151 INFO  manager.ListenerWD -- sendKeys -->input
22:39:58.164 INFO  manager.ListenerWD -- sendKeys -->
22:39:58.166 INFO  manager.ListenerWD -- sendKeys -->input
22:39:58.178 INFO  manager.ListenerWD -- Before find element-->By.cssSelector: [placeholder='email']
22:39:58.184 INFO  manager.ListenerWD -- After find element-->By.cssSelector: [placeholder='email']
22:39:58.186 INFO  manager.ListenerWD -- Location of element-->input
22:39:58.192 INFO  manager.ListenerWD -- Before click element-->inputtext -->
22:39:58.216 INFO  manager.ListenerWD -- After click element-->input
22:39:58.230 INFO  manager.ListenerWD -- sendKeys -->
22:39:58.232 INFO  manager.ListenerWD -- sendKeys -->input
22:39:58.247 INFO  manager.ListenerWD -- sendKeys -->
22:39:58.249 INFO  manager.ListenerWD -- sendKeys -->input
22:39:58.263 INFO  manager.ListenerWD -- sendKeys -->
22:39:58.265 INFO  manager.ListenerWD -- sendKeys -->input
22:39:58.279 INFO  manager.ListenerWD -- Before find element-->By.cssSelector: [placeholder='Address']
22:39:58.286 INFO  manager.ListenerWD -- After find element-->By.cssSelector: [placeholder='Address']
22:39:58.288 INFO  manager.ListenerWD -- Location of element-->input
22:39:58.295 INFO  manager.ListenerWD -- Before click element-->inputtext -->
22:39:58.320 INFO  manager.ListenerWD -- After click element-->input
22:39:58.334 INFO  manager.ListenerWD -- sendKeys -->
22:39:58.336 INFO  manager.ListenerWD -- sendKeys -->input
22:39:58.351 INFO  manager.ListenerWD -- sendKeys -->
22:39:58.353 INFO  manager.ListenerWD -- sendKeys -->input
22:39:58.369 INFO  manager.ListenerWD -- sendKeys -->
22:39:58.371 INFO  manager.ListenerWD -- sendKeys -->input
22:39:58.383 INFO  manager.ListenerWD -- Before find element-->By.cssSelector: [placeholder = 'description']
22:39:58.390 INFO  manager.ListenerWD -- After find element-->By.cssSelector: [placeholder = 'description']
22:39:58.392 INFO  manager.ListenerWD -- Location of element-->input
22:39:58.398 INFO  manager.ListenerWD -- Before click element-->inputtext -->
22:39:58.420 INFO  manager.ListenerWD -- After click element-->input
22:39:58.432 INFO  manager.ListenerWD -- sendKeys -->
22:39:58.435 INFO  manager.ListenerWD -- sendKeys -->input
22:39:58.448 INFO  manager.ListenerWD -- sendKeys -->
22:39:58.450 INFO  manager.ListenerWD -- sendKeys -->input
22:39:58.464 INFO  manager.ListenerWD -- sendKeys -->
22:39:58.466 INFO  manager.ListenerWD -- sendKeys -->input
22:39:58.477 INFO  manager.ListenerWD -- Before find element-->By.cssSelector: .add_form__2rsm2>button
22:39:58.483 INFO  manager.ListenerWD -- After find element-->By.cssSelector: .add_form__2rsm2>button
22:39:58.485 INFO  manager.ListenerWD -- Location of element-->button
22:39:58.491 INFO  manager.ListenerWD -- Before click element-->buttontext -->Save
22:39:58.511 INFO  manager.ListenerWD -- After click element-->button
22:39:59.014 INFO  manager.ListenerWD -- Before find element-->By.cssSelector: a[href='/add']
22:39:59.022 INFO  manager.ListenerWD -- After find element-->By.cssSelector: a[href='/add']
22:39:59.023 INFO  manager.ListenerWD -- Location of element-->a
22:39:59.029 INFO  manager.ListenerWD -- Before click element-->atext -->ADD
22:39:59.057 INFO  manager.ListenerWD -- After click element-->a
22:39:59.057 INFO  manager.ListenerWD -- Before find element-->By.cssSelector: [placeholder='Name']
22:39:59.066 INFO  manager.ListenerWD -- After find element-->By.cssSelector: [placeholder='Name']
22:39:59.069 INFO  manager.ListenerWD -- Location of element-->input
22:39:59.075 INFO  manager.ListenerWD -- Before click element-->inputtext -->
22:39:59.107 INFO  manager.ListenerWD -- After click element-->input
22:39:59.123 INFO  manager.ListenerWD -- sendKeys -->
22:39:59.126 INFO  manager.ListenerWD -- sendKeys -->input
22:39:59.144 INFO  manager.ListenerWD -- sendKeys -->
22:39:59.147 INFO  manager.ListenerWD -- sendKeys -->input
22:39:59.162 INFO  manager.ListenerWD -- sendKeys -->
22:39:59.164 INFO  manager.ListenerWD -- sendKeys -->input
22:39:59.176 INFO  manager.ListenerWD -- Before find element-->By.cssSelector: [placeholder='Last Name']
22:39:59.182 INFO  manager.ListenerWD -- After find element-->By.cssSelector: [placeholder='Last Name']
22:39:59.185 INFO  manager.ListenerWD -- Location of element-->input
22:39:59.190 INFO  manager.ListenerWD -- Before click element-->inputtext -->
22:39:59.215 INFO  manager.ListenerWD -- After click element-->input
22:39:59.228 INFO  manager.ListenerWD -- sendKeys -->
22:39:59.230 INFO  manager.ListenerWD -- sendKeys -->input
22:39:59.244 INFO  manager.ListenerWD -- sendKeys -->
22:39:59.246 INFO  manager.ListenerWD -- sendKeys -->input
22:39:59.261 INFO  manager.ListenerWD -- sendKeys -->
22:39:59.263 INFO  manager.ListenerWD -- sendKeys -->input
22:39:59.274 INFO  manager.ListenerWD -- Before find element-->By.cssSelector: [placeholder='Phone']
22:39:59.282 INFO  manager.ListenerWD -- After find element-->By.cssSelector: [placeholder='Phone']
22:39:59.284 INFO  manager.ListenerWD -- Location of element-->input
22:39:59.289 INFO  manager.ListenerWD -- Before click element-->inputtext -->
22:39:59.313 INFO  manager.ListenerWD -- After click element-->input
22:39:59.327 INFO  manager.ListenerWD -- sendKeys -->
22:39:59.329 INFO  manager.ListenerWD -- sendKeys -->input
22:39:59.343 INFO  manager.ListenerWD -- sendKeys -->
22:39:59.346 INFO  manager.ListenerWD -- sendKeys -->input
22:39:59.361 INFO  manager.ListenerWD -- sendKeys -->
22:39:59.363 INFO  manager.ListenerWD -- sendKeys -->input
22:39:59.377 INFO  manager.ListenerWD -- Before find element-->By.cssSelector: [placeholder='email']
22:39:59.386 INFO  manager.ListenerWD -- After find element-->By.cssSelector: [placeholder='email']
22:39:59.389 INFO  manager.ListenerWD -- Location of element-->input
22:39:59.394 INFO  manager.ListenerWD -- Before click element-->inputtext -->
22:39:59.419 INFO  manager.ListenerWD -- After click element-->input
22:39:59.433 INFO  manager.ListenerWD -- sendKeys -->
22:39:59.435 INFO  manager.ListenerWD -- sendKeys -->input
22:39:59.448 INFO  manager.ListenerWD -- sendKeys -->
22:39:59.450 INFO  manager.ListenerWD -- sendKeys -->input
22:39:59.465 INFO  manager.ListenerWD -- sendKeys -->
22:39:59.467 INFO  manager.ListenerWD -- sendKeys -->input
22:39:59.481 INFO  manager.ListenerWD -- Before find element-->By.cssSelector: [placeholder='Address']
22:39:59.488 INFO  manager.ListenerWD -- After find element-->By.cssSelector: [placeholder='Address']
22:39:59.490 INFO  manager.ListenerWD -- Location of element-->input
22:39:59.494 INFO  manager.ListenerWD -- Before click element-->inputtext -->
22:39:59.517 INFO  manager.ListenerWD -- After click element-->input
22:39:59.529 INFO  manager.ListenerWD -- sendKeys -->
22:39:59.531 INFO  manager.ListenerWD -- sendKeys -->input
22:39:59.543 INFO  manager.ListenerWD -- sendKeys -->
22:39:59.546 INFO  manager.ListenerWD -- sendKeys -->input
22:39:59.557 INFO  manager.ListenerWD -- sendKeys -->
22:39:59.560 INFO  manager.ListenerWD -- sendKeys -->input
22:39:59.571 INFO  manager.ListenerWD -- Before find element-->By.cssSelector: [placeholder = 'description']
22:39:59.577 INFO  manager.ListenerWD -- After find element-->By.cssSelector: [placeholder = 'description']
22:39:59.579 INFO  manager.ListenerWD -- Location of element-->input
22:39:59.584 INFO  manager.ListenerWD -- Before click element-->inputtext -->
22:39:59.606 INFO  manager.ListenerWD -- After click element-->input
22:39:59.618 INFO  manager.ListenerWD -- sendKeys -->
22:39:59.621 INFO  manager.ListenerWD -- sendKeys -->input
22:39:59.633 INFO  manager.ListenerWD -- sendKeys -->
22:39:59.635 INFO  manager.ListenerWD -- sendKeys -->input
22:39:59.650 INFO  manager.ListenerWD -- sendKeys -->
22:39:59.651 INFO  manager.ListenerWD -- sendKeys -->input
22:39:59.664 INFO  manager.ListenerWD -- Before find element-->By.cssSelector: .add_form__2rsm2>button
22:39:59.670 INFO  manager.ListenerWD -- After find element-->By.cssSelector: .add_form__2rsm2>button
22:39:59.672 INFO  manager.ListenerWD -- Location of element-->button
22:39:59.678 INFO  manager.ListenerWD -- Before click element-->buttontext -->Save
22:39:59.702 INFO  manager.ListenerWD -- After click element-->button
22:40:00.214 INFO  manager.TestNGListener -- Start test -->removeFirstContact
22:40:00.416 INFO  manager.HelperBase -- Number of Contacts before remove is-->3
22:40:00.416 INFO  manager.ListenerWD -- Before find element-->By.cssSelector: .contact-item_card__2SOIM
22:40:00.425 INFO  manager.ListenerWD -- After find element-->By.cssSelector: .contact-item_card__2SOIM
22:40:00.428 INFO  manager.ListenerWD -- Location of element-->div
22:40:00.435 INFO  manager.ListenerWD -- Before click element-->divtext -->Harry
555667771029
22:40:00.460 INFO  manager.ListenerWD -- After click element-->div
22:40:00.460 INFO  manager.ListenerWD -- Before find element-->By.xpath: //button[text()='Remove']
22:40:00.467 INFO  manager.ListenerWD -- After find element-->By.xpath: //button[text()='Remove']
22:40:00.469 INFO  manager.ListenerWD -- Location of element-->button
22:40:00.473 INFO  manager.ListenerWD -- Before click element-->buttontext -->Remove
22:40:00.494 INFO  manager.ListenerWD -- After click element-->button
22:40:01.505 INFO  manager.HelperBase -- Number of Contacts after remove is-->2
22:40:01.506 INFO  manager.TestNGListener -- Success test -->removeFirstContact
22:40:01.506 INFO  tests.TestBase -- ==============================================
22:40:01.510 INFO  manager.TestNGListener -- Stop testing  on date-->Thu Jun 11 22:40:01 IDT 2026
