23:02:44.350 INFO  manager.ApplicationManager -- Default Chrome Browser
23:02:44.731 INFO  manager.ListenerWD -- Navigate to -->https://telranedu.web.app/
23:02:45.598 INFO  manager.ApplicationManager -- The link --->https://telranedu.web.app/home
23:02:45.647 INFO  tests.TestBase -- test data---> email: lolik@gmail.com & password: Lolik123!
23:02:50.706 INFO  manager.ListenerWD -- Before find element-->By.cssSelector: a[href='/login']
23:02:50.833 INFO  manager.ListenerWD -- After find element-->By.cssSelector: a[href='/login']
23:02:50.833 INFO  manager.ListenerWD -- Location of element-->a
23:02:50.848 INFO  manager.ListenerWD -- Before click element-->atext -->LOGIN
23:02:50.897 INFO  manager.ListenerWD -- After click element-->a
23:02:50.897 INFO  manager.HelperBase -- Open form by ckick on button with locator a[href='/login']
23:02:50.898 INFO  manager.ListenerWD -- Before find element-->By.name: email
23:02:50.967 INFO  manager.ListenerWD -- After find element-->By.name: email
23:02:50.976 INFO  manager.ListenerWD -- Location of element-->input
23:02:51.015 INFO  manager.ListenerWD -- Before click element-->inputtext -->
23:02:51.057 INFO  manager.ListenerWD -- After click element-->input
23:02:51.076 INFO  manager.ListenerWD -- sendKeys -->
23:02:51.091 INFO  manager.ListenerWD -- sendKeys -->input
23:02:51.117 INFO  manager.ListenerWD -- sendKeys -->
23:02:51.121 INFO  manager.ListenerWD -- sendKeys -->input
23:02:51.139 INFO  manager.ListenerWD -- sendKeys -->
23:02:51.141 INFO  manager.ListenerWD -- sendKeys -->input
23:02:51.163 INFO  manager.ListenerWD -- Before find element-->By.xpath: //input[@placeholder='Password']
23:02:51.179 INFO  manager.ListenerWD -- After find element-->By.xpath: //input[@placeholder='Password']
23:02:51.226 INFO  manager.ListenerWD -- Location of element-->input
23:02:51.242 INFO  manager.ListenerWD -- Before click element-->inputtext -->
23:02:51.276 INFO  manager.ListenerWD -- After click element-->input
23:02:51.289 INFO  manager.ListenerWD -- sendKeys -->
23:02:51.295 INFO  manager.ListenerWD -- sendKeys -->input
23:02:51.311 INFO  manager.ListenerWD -- sendKeys -->
23:02:51.314 INFO  manager.ListenerWD -- sendKeys -->input
23:02:51.331 INFO  manager.ListenerWD -- sendKeys -->
23:02:51.338 INFO  manager.ListenerWD -- sendKeys -->input
23:02:51.353 INFO  manager.ListenerWD -- Before find element-->By.xpath: //button[text()='Login']
23:02:51.458 INFO  manager.ListenerWD -- After find element-->By.xpath: //button[text()='Login']
23:02:51.469 INFO  manager.ListenerWD -- Location of element-->button
23:02:51.476 INFO  manager.ListenerWD -- Before click element-->buttontext -->Login
23:02:51.509 INFO  tests.TestBase -- User logged in successfully
23:02:51.552 INFO  tests.TestBase -- Name of method (test) -->addNewContactEmptyAddress
23:02:51.917 INFO  tests.TestBase -- Test data --> name: Tony, lastName:Molly, phone: 343434342323, email: molly@gmail.com, address: , description: empty address
23:02:51.917 INFO  manager.ListenerWD -- Before find element-->By.cssSelector: a[href='/add']
23:02:53.126 INFO  manager.ListenerWD -- After find element-->By.cssSelector: a[href='/add']
23:02:53.129 INFO  manager.ListenerWD -- Location of element-->a
23:02:53.137 INFO  manager.ListenerWD -- Before click element-->atext -->ADD
23:02:53.176 INFO  manager.ListenerWD -- After click element-->a
23:02:53.176 INFO  manager.ListenerWD -- Before find element-->By.cssSelector: [placeholder='Name']
23:02:53.185 INFO  manager.ListenerWD -- After find element-->By.cssSelector: [placeholder='Name']
23:02:53.201 INFO  manager.ListenerWD -- Location of element-->input
23:02:53.222 INFO  manager.ListenerWD -- Before click element-->inputtext -->
23:02:53.257 INFO  manager.ListenerWD -- After click element-->input
23:02:53.281 INFO  manager.ListenerWD -- sendKeys -->
23:02:53.283 INFO  manager.ListenerWD -- sendKeys -->input
23:02:53.299 INFO  manager.ListenerWD -- sendKeys -->
23:02:53.301 INFO  manager.ListenerWD -- sendKeys -->input
23:02:53.318 INFO  manager.ListenerWD -- sendKeys -->
23:02:53.320 INFO  manager.ListenerWD -- sendKeys -->input
23:02:53.332 INFO  manager.ListenerWD -- Before find element-->By.cssSelector: [placeholder='Last Name']
23:02:53.380 INFO  manager.ListenerWD -- After find element-->By.cssSelector: [placeholder='Last Name']
23:02:53.428 INFO  manager.ListenerWD -- Location of element-->input
23:02:53.444 INFO  manager.ListenerWD -- Before click element-->inputtext -->
23:02:53.487 INFO  manager.ListenerWD -- After click element-->input
23:02:53.500 INFO  manager.ListenerWD -- sendKeys -->
23:02:53.500 INFO  manager.ListenerWD -- sendKeys -->input
23:02:53.522 INFO  manager.ListenerWD -- sendKeys -->
23:02:53.530 INFO  manager.ListenerWD -- sendKeys -->input
23:02:53.560 INFO  manager.ListenerWD -- sendKeys -->
23:02:53.562 INFO  manager.ListenerWD -- sendKeys -->input
23:02:53.574 INFO  manager.ListenerWD -- Before find element-->By.cssSelector: [placeholder='Phone']
23:02:53.607 INFO  manager.ListenerWD -- After find element-->By.cssSelector: [placeholder='Phone']
23:02:53.639 INFO  manager.ListenerWD -- Location of element-->input
23:02:53.655 INFO  manager.ListenerWD -- Before click element-->inputtext -->
23:02:53.779 INFO  manager.ListenerWD -- After click element-->input
23:02:53.799 INFO  manager.ListenerWD -- sendKeys -->
23:02:53.813 INFO  manager.ListenerWD -- sendKeys -->input
23:02:53.841 INFO  manager.ListenerWD -- sendKeys -->
23:02:53.845 INFO  manager.ListenerWD -- sendKeys -->input
23:02:53.859 INFO  manager.ListenerWD -- sendKeys -->
23:02:53.863 INFO  manager.ListenerWD -- sendKeys -->input
23:02:53.877 INFO  manager.ListenerWD -- Before find element-->By.cssSelector: [placeholder='email']
23:02:53.895 INFO  manager.ListenerWD -- After find element-->By.cssSelector: [placeholder='email']
23:02:53.898 INFO  manager.ListenerWD -- Location of element-->input
23:02:53.906 INFO  manager.ListenerWD -- Before click element-->inputtext -->
23:02:53.934 INFO  manager.ListenerWD -- After click element-->input
23:02:53.948 INFO  manager.ListenerWD -- sendKeys -->
23:02:53.948 INFO  manager.ListenerWD -- sendKeys -->input
23:02:53.968 INFO  manager.ListenerWD -- sendKeys -->
23:02:53.972 INFO  manager.ListenerWD -- sendKeys -->input
23:02:53.987 INFO  manager.ListenerWD -- sendKeys -->
23:02:53.989 INFO  manager.ListenerWD -- sendKeys -->input
23:02:54.058 INFO  manager.ListenerWD -- Before find element-->By.cssSelector: [placeholder='Address']
23:02:54.076 INFO  manager.ListenerWD -- After find element-->By.cssSelector: [placeholder='Address']
23:02:54.091 INFO  manager.ListenerWD -- Location of element-->input
23:02:54.107 INFO  manager.ListenerWD -- Before click element-->inputtext -->
23:02:54.185 INFO  manager.ListenerWD -- After click element-->input
23:02:54.216 INFO  manager.ListenerWD -- sendKeys -->
23:02:54.216 INFO  manager.ListenerWD -- sendKeys -->input
23:02:54.239 INFO  manager.ListenerWD -- sendKeys -->
23:02:54.242 INFO  manager.ListenerWD -- sendKeys -->input
23:02:54.254 INFO  manager.ListenerWD -- sendKeys -->
23:02:54.258 INFO  manager.ListenerWD -- sendKeys -->input
23:02:54.268 INFO  manager.ListenerWD -- Before find element-->By.cssSelector: [placeholder = 'description']
23:02:54.278 INFO  manager.ListenerWD -- After find element-->By.cssSelector: [placeholder = 'description']
23:02:54.286 INFO  manager.ListenerWD -- Location of element-->input
23:02:54.301 INFO  manager.ListenerWD -- Before click element-->inputtext -->
23:02:54.332 INFO  manager.ListenerWD -- After click element-->input
23:02:54.342 INFO  manager.ListenerWD -- sendKeys -->
23:02:54.342 INFO  manager.ListenerWD -- sendKeys -->input
23:02:54.367 INFO  manager.ListenerWD -- sendKeys -->
23:02:54.372 INFO  manager.ListenerWD -- sendKeys -->input
23:02:54.403 INFO  manager.ListenerWD -- sendKeys -->
23:02:54.407 INFO  manager.ListenerWD -- sendKeys -->input
23:02:54.433 INFO  manager.ListenerWD -- Before find element-->By.cssSelector: .add_form__2rsm2>button
23:02:54.483 INFO  manager.ListenerWD -- After find element-->By.cssSelector: .add_form__2rsm2>button
23:02:54.483 INFO  manager.ListenerWD -- Location of element-->button
23:02:54.500 INFO  manager.ListenerWD -- Before click element-->buttontext -->Save
23:02:54.558 INFO  manager.ListenerWD -- After click element-->button
23:02:54.600 INFO  tests.TestBase -- Assert check Add button is active
23:02:54.630 INFO  tests.TestBase -- ==============================================
23:02:54.646 INFO  tests.TestBase -- Name of method (test) -->addNewContactEmptyLastName
23:02:54.652 INFO  tests.TestBase -- Test data --> name: Tony , lastName:, phone: 343434342323,email: molly@gmail.com, address: Haifa, description: empty last name
23:02:54.652 INFO  manager.ListenerWD -- Before find element-->By.cssSelector: a[href='/add']
23:02:54.678 INFO  manager.ListenerWD -- After find element-->By.cssSelector: a[href='/add']
23:02:54.694 INFO  manager.ListenerWD -- Location of element-->a
23:02:54.710 INFO  manager.ListenerWD -- Before click element-->atext -->ADD
23:02:54.774 INFO  manager.ListenerWD -- After click element-->a
23:02:54.775 INFO  manager.ListenerWD -- Before find element-->By.cssSelector: [placeholder='Name']
23:02:54.857 INFO  manager.ListenerWD -- After find element-->By.cssSelector: [placeholder='Name']
23:02:54.878 INFO  manager.ListenerWD -- Location of element-->input
23:02:54.914 INFO  manager.ListenerWD -- Before click element-->inputtext -->
23:02:54.957 INFO  manager.ListenerWD -- After click element-->input
23:02:54.974 INFO  manager.ListenerWD -- sendKeys -->
23:02:54.980 INFO  manager.ListenerWD -- sendKeys -->input
23:02:55.010 INFO  manager.ListenerWD -- sendKeys -->
23:02:55.014 INFO  manager.ListenerWD -- sendKeys -->input
23:02:55.029 INFO  manager.ListenerWD -- sendKeys -->
23:02:55.031 INFO  manager.ListenerWD -- sendKeys -->input
23:02:55.045 INFO  manager.ListenerWD -- Before find element-->By.cssSelector: [placeholder='Last Name']
23:02:55.061 INFO  manager.ListenerWD -- After find element-->By.cssSelector: [placeholder='Last Name']
23:02:55.076 INFO  manager.ListenerWD -- Location of element-->input
23:02:55.081 INFO  manager.ListenerWD -- Before click element-->inputtext -->
23:02:55.123 INFO  manager.ListenerWD -- After click element-->input
23:02:55.148 INFO  manager.ListenerWD -- sendKeys -->
23:02:55.158 INFO  manager.ListenerWD -- sendKeys -->input
23:02:55.193 INFO  manager.ListenerWD -- sendKeys -->
23:02:55.195 INFO  manager.ListenerWD -- sendKeys -->input
23:02:55.210 INFO  manager.ListenerWD -- sendKeys -->
23:02:55.212 INFO  manager.ListenerWD -- sendKeys -->input
23:02:55.221 INFO  manager.ListenerWD -- Before find element-->By.cssSelector: [placeholder='Phone']
23:02:55.253 INFO  manager.ListenerWD -- After find element-->By.cssSelector: [placeholder='Phone']
23:02:55.253 INFO  manager.ListenerWD -- Location of element-->input
23:02:55.264 INFO  manager.ListenerWD -- Before click element-->inputtext -->
23:02:55.291 INFO  manager.ListenerWD -- After click element-->input
23:02:55.305 INFO  manager.ListenerWD -- sendKeys -->
23:02:55.308 INFO  manager.ListenerWD -- sendKeys -->input
23:02:55.332 INFO  manager.ListenerWD -- sendKeys -->
23:02:55.333 INFO  manager.ListenerWD -- sendKeys -->input
23:02:55.349 INFO  manager.ListenerWD -- sendKeys -->
23:02:55.350 INFO  manager.ListenerWD -- sendKeys -->input
23:02:55.367 INFO  manager.ListenerWD -- Before find element-->By.cssSelector: [placeholder='email']
23:02:55.454 INFO  manager.ListenerWD -- After find element-->By.cssSelector: [placeholder='email']
23:02:55.486 INFO  manager.ListenerWD -- Location of element-->input
23:02:55.517 INFO  manager.ListenerWD -- Before click element-->inputtext -->
23:02:55.560 INFO  manager.ListenerWD -- After click element-->input
23:02:55.576 INFO  manager.ListenerWD -- sendKeys -->
23:02:55.579 INFO  manager.ListenerWD -- sendKeys -->input
23:02:55.603 INFO  manager.ListenerWD -- sendKeys -->
23:02:55.604 INFO  manager.ListenerWD -- sendKeys -->input
23:02:55.622 INFO  manager.ListenerWD -- sendKeys -->
23:02:55.624 INFO  manager.ListenerWD -- sendKeys -->input
23:02:55.639 INFO  manager.ListenerWD -- Before find element-->By.cssSelector: [placeholder='Address']
23:02:55.650 INFO  manager.ListenerWD -- After find element-->By.cssSelector: [placeholder='Address']
23:02:55.705 INFO  manager.ListenerWD -- Location of element-->input
23:02:55.753 INFO  manager.ListenerWD -- Before click element-->inputtext -->
23:02:56.005 INFO  manager.ListenerWD -- After click element-->input
23:02:56.031 INFO  manager.ListenerWD -- sendKeys -->
23:02:56.031 INFO  manager.ListenerWD -- sendKeys -->input
23:02:56.060 INFO  manager.ListenerWD -- sendKeys -->
23:02:56.063 INFO  manager.ListenerWD -- sendKeys -->input
23:02:56.078 INFO  manager.ListenerWD -- sendKeys -->
23:02:56.081 INFO  manager.ListenerWD -- sendKeys -->input
23:02:56.094 INFO  manager.ListenerWD -- Before find element-->By.cssSelector: [placeholder = 'description']
23:02:56.104 INFO  manager.ListenerWD -- After find element-->By.cssSelector: [placeholder = 'description']
23:02:56.112 INFO  manager.ListenerWD -- Location of element-->input
23:02:56.159 INFO  manager.ListenerWD -- Before click element-->inputtext -->
23:02:56.271 INFO  manager.ListenerWD -- After click element-->input
23:02:56.306 INFO  manager.ListenerWD -- sendKeys -->
23:02:56.338 INFO  manager.ListenerWD -- sendKeys -->input
23:02:56.393 INFO  manager.ListenerWD -- sendKeys -->
23:02:56.395 INFO  manager.ListenerWD -- sendKeys -->input
23:02:56.411 INFO  manager.ListenerWD -- sendKeys -->
23:02:56.421 INFO  manager.ListenerWD -- sendKeys -->input
23:02:56.464 INFO  manager.ListenerWD -- Before find element-->By.cssSelector: .add_form__2rsm2>button
23:02:56.502 INFO  manager.ListenerWD -- After find element-->By.cssSelector: .add_form__2rsm2>button
23:02:56.503 INFO  manager.ListenerWD -- Location of element-->button
23:02:56.503 INFO  manager.ListenerWD -- Before click element-->buttontext -->Save
23:02:56.558 INFO  manager.ListenerWD -- After click element-->button
23:02:56.582 INFO  tests.TestBase -- Assert check Add button is active
23:02:56.582 INFO  tests.TestBase -- ==============================================
23:02:56.598 INFO  tests.TestBase -- Name of method (test) -->addNewContactEmptyName
23:02:56.602 INFO  tests.TestBase -- Test data --> name: , lastName:Molly, phone: 343434342323,email: molly@gmail.com, address: Haifa, description: empty name
23:02:56.602 INFO  manager.ListenerWD -- Before find element-->By.cssSelector: a[href='/add']
23:02:56.629 INFO  manager.ListenerWD -- After find element-->By.cssSelector: a[href='/add']
23:02:56.645 INFO  manager.ListenerWD -- Location of element-->a
23:02:56.661 INFO  manager.ListenerWD -- Before click element-->atext -->ADD
23:02:56.734 INFO  manager.ListenerWD -- After click element-->a
23:02:56.735 INFO  manager.ListenerWD -- Before find element-->By.cssSelector: [placeholder='Name']
23:02:56.749 INFO  manager.ListenerWD -- After find element-->By.cssSelector: [placeholder='Name']
23:02:56.765 INFO  manager.ListenerWD -- Location of element-->input
23:02:56.765 INFO  manager.ListenerWD -- Before click element-->inputtext -->
23:02:56.816 INFO  manager.ListenerWD -- After click element-->input
23:02:56.852 INFO  manager.ListenerWD -- sendKeys -->
23:02:56.870 INFO  manager.ListenerWD -- sendKeys -->input
23:02:56.905 INFO  manager.ListenerWD -- sendKeys -->
23:02:56.908 INFO  manager.ListenerWD -- sendKeys -->input
23:02:56.926 INFO  manager.ListenerWD -- sendKeys -->
23:02:56.928 INFO  manager.ListenerWD -- sendKeys -->input
23:02:56.936 INFO  manager.ListenerWD -- Before find element-->By.cssSelector: [placeholder='Last Name']
23:02:56.936 INFO  manager.ListenerWD -- After find element-->By.cssSelector: [placeholder='Last Name']
23:02:56.952 INFO  manager.ListenerWD -- Location of element-->input
23:02:56.959 INFO  manager.ListenerWD -- Before click element-->inputtext -->
23:02:56.987 INFO  manager.ListenerWD -- After click element-->input
23:02:57.002 INFO  manager.ListenerWD -- sendKeys -->
23:02:57.004 INFO  manager.ListenerWD -- sendKeys -->input
23:02:57.018 INFO  manager.ListenerWD -- sendKeys -->
23:02:57.020 INFO  manager.ListenerWD -- sendKeys -->input
23:02:57.035 INFO  manager.ListenerWD -- sendKeys -->
23:02:57.037 INFO  manager.ListenerWD -- sendKeys -->input
23:02:57.050 INFO  manager.ListenerWD -- Before find element-->By.cssSelector: [placeholder='Phone']
23:02:57.059 INFO  manager.ListenerWD -- After find element-->By.cssSelector: [placeholder='Phone']
23:02:57.063 INFO  manager.ListenerWD -- Location of element-->input
23:02:57.064 INFO  manager.ListenerWD -- Before click element-->inputtext -->
23:02:57.094 INFO  manager.ListenerWD -- After click element-->input
23:02:57.106 INFO  manager.ListenerWD -- sendKeys -->
23:02:57.113 INFO  manager.ListenerWD -- sendKeys -->input
23:02:57.154 INFO  manager.ListenerWD -- sendKeys -->
23:02:57.155 INFO  manager.ListenerWD -- sendKeys -->input
23:02:57.173 INFO  manager.ListenerWD -- sendKeys -->
23:02:57.173 INFO  manager.ListenerWD -- sendKeys -->input
23:02:57.191 INFO  manager.ListenerWD -- Before find element-->By.cssSelector: [placeholder='email']
23:02:57.200 INFO  manager.ListenerWD -- After find element-->By.cssSelector: [placeholder='email']
23:02:57.204 INFO  manager.ListenerWD -- Location of element-->input
23:02:57.218 INFO  manager.ListenerWD -- Before click element-->inputtext -->
23:02:57.268 INFO  manager.ListenerWD -- After click element-->input
23:02:57.296 INFO  manager.ListenerWD -- sendKeys -->
23:02:57.301 INFO  manager.ListenerWD -- sendKeys -->input
23:02:57.330 INFO  manager.ListenerWD -- sendKeys -->
23:02:57.338 INFO  manager.ListenerWD -- sendKeys -->input
23:02:57.360 INFO  manager.ListenerWD -- sendKeys -->
23:02:57.364 INFO  manager.ListenerWD -- sendKeys -->input
23:02:57.383 INFO  manager.ListenerWD -- Before find element-->By.cssSelector: [placeholder='Address']
23:02:57.426 INFO  manager.ListenerWD -- After find element-->By.cssSelector: [placeholder='Address']
23:02:57.426 INFO  manager.ListenerWD -- Location of element-->input
23:02:57.446 INFO  manager.ListenerWD -- Before click element-->inputtext -->
23:02:57.482 INFO  manager.ListenerWD -- After click element-->input
23:02:57.494 INFO  manager.ListenerWD -- sendKeys -->
23:02:57.499 INFO  manager.ListenerWD -- sendKeys -->input
23:02:57.523 INFO  manager.ListenerWD -- sendKeys -->
23:02:57.524 INFO  manager.ListenerWD -- sendKeys -->input
23:02:57.540 INFO  manager.ListenerWD -- sendKeys -->
23:02:57.542 INFO  manager.ListenerWD -- sendKeys -->input
23:02:57.554 INFO  manager.ListenerWD -- Before find element-->By.cssSelector: [placeholder = 'description']
23:02:57.596 INFO  manager.ListenerWD -- After find element-->By.cssSelector: [placeholder = 'description']
23:02:57.703 INFO  manager.ListenerWD -- Location of element-->input
23:02:57.735 INFO  manager.ListenerWD -- Before click element-->inputtext -->
23:02:57.789 INFO  manager.ListenerWD -- After click element-->input
23:02:57.813 INFO  manager.ListenerWD -- sendKeys -->
23:02:57.817 INFO  manager.ListenerWD -- sendKeys -->input
23:02:57.851 INFO  manager.ListenerWD -- sendKeys -->
23:02:57.858 INFO  manager.ListenerWD -- sendKeys -->input
23:02:57.881 INFO  manager.ListenerWD -- sendKeys -->
23:02:57.883 INFO  manager.ListenerWD -- sendKeys -->input
23:02:57.900 INFO  manager.ListenerWD -- Before find element-->By.cssSelector: .add_form__2rsm2>button
23:02:57.912 INFO  manager.ListenerWD -- After find element-->By.cssSelector: .add_form__2rsm2>button
23:02:57.952 INFO  manager.ListenerWD -- Location of element-->button
23:02:57.982 INFO  manager.ListenerWD -- Before click element-->buttontext -->Save
23:02:58.016 INFO  manager.ListenerWD -- After click element-->button
23:02:58.030 INFO  tests.TestBase -- Assert check Add button is active
23:02:58.035 INFO  tests.TestBase -- ==============================================
23:02:58.068 INFO  tests.TestBase -- Name of method (test) -->addNewContactSuccessAllFields
23:02:58.082 INFO  manager.ListenerWD -- Before find element-->By.cssSelector: a[href='/add']
23:02:58.105 INFO  manager.ListenerWD -- After find element-->By.cssSelector: a[href='/add']
23:02:58.118 INFO  manager.ListenerWD -- Location of element-->a
23:02:58.138 INFO  manager.ListenerWD -- Before click element-->atext -->ADD
23:02:58.201 INFO  manager.ListenerWD -- After click element-->a
23:02:58.201 INFO  manager.ListenerWD -- Before find element-->By.cssSelector: [placeholder='Name']
23:02:58.212 INFO  manager.ListenerWD -- After find element-->By.cssSelector: [placeholder='Name']
23:02:58.228 INFO  manager.ListenerWD -- Location of element-->input
23:02:58.244 INFO  manager.ListenerWD -- Before click element-->inputtext -->
23:02:58.373 INFO  manager.ListenerWD -- After click element-->input
23:02:58.442 INFO  manager.ListenerWD -- sendKeys -->
23:02:58.445 INFO  manager.ListenerWD -- sendKeys -->input
23:02:58.458 INFO  manager.ListenerWD -- sendKeys -->
23:02:58.460 INFO  manager.ListenerWD -- sendKeys -->input
23:02:58.475 INFO  manager.ListenerWD -- sendKeys -->
23:02:58.479 INFO  manager.ListenerWD -- sendKeys -->input
23:02:58.493 INFO  manager.ListenerWD -- Before find element-->By.cssSelector: [placeholder='Last Name']
23:02:58.502 INFO  manager.ListenerWD -- After find element-->By.cssSelector: [placeholder='Last Name']
23:02:58.505 INFO  manager.ListenerWD -- Location of element-->input
23:02:58.517 INFO  manager.ListenerWD -- Before click element-->inputtext -->
23:02:58.548 INFO  manager.ListenerWD -- After click element-->input
23:02:58.560 INFO  manager.ListenerWD -- sendKeys -->
23:02:58.560 INFO  manager.ListenerWD -- sendKeys -->input
23:02:58.585 INFO  manager.ListenerWD -- sendKeys -->
23:02:58.585 INFO  manager.ListenerWD -- sendKeys -->input
23:02:58.600 INFO  manager.ListenerWD -- sendKeys -->
23:02:58.603 INFO  manager.ListenerWD -- sendKeys -->input
23:02:58.615 INFO  manager.ListenerWD -- Before find element-->By.cssSelector: [placeholder='Phone']
23:02:58.624 INFO  manager.ListenerWD -- After find element-->By.cssSelector: [placeholder='Phone']
23:02:58.628 INFO  manager.ListenerWD -- Location of element-->input
23:02:58.633 INFO  manager.ListenerWD -- Before click element-->inputtext -->
23:02:58.658 INFO  manager.ListenerWD -- After click element-->input
23:02:58.669 INFO  manager.ListenerWD -- sendKeys -->
23:02:58.675 INFO  manager.ListenerWD -- sendKeys -->input
23:02:58.694 INFO  manager.ListenerWD -- sendKeys -->
23:02:58.699 INFO  manager.ListenerWD -- sendKeys -->input
23:02:58.717 INFO  manager.ListenerWD -- sendKeys -->
23:02:58.720 INFO  manager.ListenerWD -- sendKeys -->input
23:02:58.766 INFO  manager.ListenerWD -- Before find element-->By.cssSelector: [placeholder='email']
23:02:58.797 INFO  manager.ListenerWD -- After find element-->By.cssSelector: [placeholder='email']
23:02:58.816 INFO  manager.ListenerWD -- Location of element-->input
23:02:58.833 INFO  manager.ListenerWD -- Before click element-->inputtext -->
23:02:58.875 INFO  manager.ListenerWD -- After click element-->input
23:02:58.889 INFO  manager.ListenerWD -- sendKeys -->
23:02:58.894 INFO  manager.ListenerWD -- sendKeys -->input
23:02:58.917 INFO  manager.ListenerWD -- sendKeys -->
23:02:58.920 INFO  manager.ListenerWD -- sendKeys -->input
23:02:58.930 INFO  manager.ListenerWD -- sendKeys -->
23:02:58.930 INFO  manager.ListenerWD -- sendKeys -->input
23:02:58.949 INFO  manager.ListenerWD -- Before find element-->By.cssSelector: [placeholder='Address']
23:02:58.960 INFO  manager.ListenerWD -- After find element-->By.cssSelector: [placeholder='Address']
23:02:58.962 INFO  manager.ListenerWD -- Location of element-->input
23:02:58.967 INFO  manager.ListenerWD -- Before click element-->inputtext -->
23:02:59.030 INFO  manager.ListenerWD -- After click element-->input
23:02:59.058 INFO  manager.ListenerWD -- sendKeys -->
23:02:59.062 INFO  manager.ListenerWD -- sendKeys -->input
23:02:59.100 INFO  manager.ListenerWD -- sendKeys -->
23:02:59.105 INFO  manager.ListenerWD -- sendKeys -->input
23:02:59.130 INFO  manager.ListenerWD -- sendKeys -->
23:02:59.135 INFO  manager.ListenerWD -- sendKeys -->input
23:02:59.155 INFO  manager.ListenerWD -- Before find element-->By.cssSelector: [placeholder = 'description']
23:02:59.175 INFO  manager.ListenerWD -- After find element-->By.cssSelector: [placeholder = 'description']
23:02:59.175 INFO  manager.ListenerWD -- Location of element-->input
23:02:59.198 INFO  manager.ListenerWD -- Before click element-->inputtext -->
23:02:59.244 INFO  manager.ListenerWD -- After click element-->input
23:02:59.272 INFO  manager.ListenerWD -- sendKeys -->
23:02:59.278 INFO  manager.ListenerWD -- sendKeys -->input
23:02:59.318 INFO  manager.ListenerWD -- sendKeys -->
23:02:59.324 INFO  manager.ListenerWD -- sendKeys -->input
23:02:59.365 INFO  manager.ListenerWD -- sendKeys -->
23:02:59.376 INFO  manager.ListenerWD -- sendKeys -->input
23:02:59.667 INFO  manager.ListenerWD -- Before find element-->By.cssSelector: .add_form__2rsm2>button
23:02:59.731 INFO  manager.ListenerWD -- After find element-->By.cssSelector: .add_form__2rsm2>button
23:02:59.731 INFO  manager.ListenerWD -- Location of element-->button
23:02:59.753 INFO  manager.ListenerWD -- Before click element-->buttontext -->Save
23:02:59.774 INFO  manager.ListenerWD -- After click element-->button
23:03:00.546 INFO  tests.TestBase -- Assert check is add contact by name
23:03:00.625 INFO  tests.TestBase -- Assert check is add contact by phone
23:03:00.625 INFO  tests.TestBase -- ==============================================
23:03:00.641 INFO  tests.TestBase -- Name of method (test) -->addNewContactSuccessAllFields
23:03:00.641 INFO  manager.ListenerWD -- Before find element-->By.cssSelector: a[href='/add']
23:03:00.673 INFO  manager.ListenerWD -- After find element-->By.cssSelector: a[href='/add']
23:03:00.689 INFO  manager.ListenerWD -- Location of element-->a
23:03:00.721 INFO  manager.ListenerWD -- Before click element-->atext -->ADD
23:03:00.770 INFO  manager.ListenerWD -- After click element-->a
23:03:00.770 INFO  manager.ListenerWD -- Before find element-->By.cssSelector: [placeholder='Name']
23:03:00.784 INFO  manager.ListenerWD -- After find element-->By.cssSelector: [placeholder='Name']
23:03:00.800 INFO  manager.ListenerWD -- Location of element-->input
23:03:00.807 INFO  manager.ListenerWD -- Before click element-->inputtext -->
23:03:00.872 INFO  manager.ListenerWD -- After click element-->input
23:03:00.912 INFO  manager.ListenerWD -- sendKeys -->
23:03:00.917 INFO  manager.ListenerWD -- sendKeys -->input
23:03:00.980 INFO  manager.ListenerWD -- sendKeys -->
23:03:00.984 INFO  manager.ListenerWD -- sendKeys -->input
23:03:01.005 INFO  manager.ListenerWD -- sendKeys -->
23:03:01.010 INFO  manager.ListenerWD -- sendKeys -->input
23:03:01.027 INFO  manager.ListenerWD -- Before find element-->By.cssSelector: [placeholder='Last Name']
23:03:01.048 INFO  manager.ListenerWD -- After find element-->By.cssSelector: [placeholder='Last Name']
23:03:01.051 INFO  manager.ListenerWD -- Location of element-->input
23:03:01.051 INFO  manager.ListenerWD -- Before click element-->inputtext -->
23:03:01.100 INFO  manager.ListenerWD -- After click element-->input
23:03:01.113 INFO  manager.ListenerWD -- sendKeys -->
23:03:01.113 INFO  manager.ListenerWD -- sendKeys -->input
23:03:01.131 INFO  manager.ListenerWD -- sendKeys -->
23:03:01.137 INFO  manager.ListenerWD -- sendKeys -->input
23:03:01.160 INFO  manager.ListenerWD -- sendKeys -->
23:03:01.168 INFO  manager.ListenerWD -- sendKeys -->input
23:03:01.210 INFO  manager.ListenerWD -- Before find element-->By.cssSelector: [placeholder='Phone']
23:03:01.233 INFO  manager.ListenerWD -- After find element-->By.cssSelector: [placeholder='Phone']
23:03:01.233 INFO  manager.ListenerWD -- Location of element-->input
23:03:01.249 INFO  manager.ListenerWD -- Before click element-->inputtext -->
23:03:01.298 INFO  manager.ListenerWD -- After click element-->input
23:03:01.318 INFO  manager.ListenerWD -- sendKeys -->
23:03:01.318 INFO  manager.ListenerWD -- sendKeys -->input
23:03:01.348 INFO  manager.ListenerWD -- sendKeys -->
23:03:01.353 INFO  manager.ListenerWD -- sendKeys -->input
23:03:01.376 INFO  manager.ListenerWD -- sendKeys -->
23:03:01.379 INFO  manager.ListenerWD -- sendKeys -->input
23:03:01.401 INFO  manager.ListenerWD -- Before find element-->By.cssSelector: [placeholder='email']
23:03:01.421 INFO  manager.ListenerWD -- After find element-->By.cssSelector: [placeholder='email']
23:03:01.427 INFO  manager.ListenerWD -- Location of element-->input
23:03:01.427 INFO  manager.ListenerWD -- Before click element-->inputtext -->
23:03:01.506 INFO  manager.ListenerWD -- After click element-->input
23:03:01.524 INFO  manager.ListenerWD -- sendKeys -->
23:03:01.540 INFO  manager.ListenerWD -- sendKeys -->input
23:03:01.564 INFO  manager.ListenerWD -- sendKeys -->
23:03:01.568 INFO  manager.ListenerWD -- sendKeys -->input
23:03:01.592 INFO  manager.ListenerWD -- sendKeys -->
23:03:01.597 INFO  manager.ListenerWD -- sendKeys -->input
23:03:01.615 INFO  manager.ListenerWD -- Before find element-->By.cssSelector: [placeholder='Address']
23:03:01.628 INFO  manager.ListenerWD -- After find element-->By.cssSelector: [placeholder='Address']
23:03:01.680 INFO  manager.ListenerWD -- Location of element-->input
23:03:01.707 INFO  manager.ListenerWD -- Before click element-->inputtext -->
23:03:01.757 INFO  manager.ListenerWD -- After click element-->input
23:03:01.771 INFO  manager.ListenerWD -- sendKeys -->
23:03:01.772 INFO  manager.ListenerWD -- sendKeys -->input
23:03:01.788 INFO  manager.ListenerWD -- sendKeys -->
23:03:01.790 INFO  manager.ListenerWD -- sendKeys -->input
23:03:01.807 INFO  manager.ListenerWD -- sendKeys -->
23:03:01.812 INFO  manager.ListenerWD -- sendKeys -->input
23:03:01.823 INFO  manager.ListenerWD -- Before find element-->By.cssSelector: [placeholder = 'description']
23:03:01.844 INFO  manager.ListenerWD -- After find element-->By.cssSelector: [placeholder = 'description']
23:03:01.845 INFO  manager.ListenerWD -- Location of element-->input
23:03:01.845 INFO  manager.ListenerWD -- Before click element-->inputtext -->
23:03:01.912 INFO  manager.ListenerWD -- After click element-->input
23:03:01.923 INFO  manager.ListenerWD -- sendKeys -->
23:03:01.923 INFO  manager.ListenerWD -- sendKeys -->input
23:03:01.942 INFO  manager.ListenerWD -- sendKeys -->
23:03:01.944 INFO  manager.ListenerWD -- sendKeys -->input
23:03:02.133 INFO  manager.ListenerWD -- Before find element-->By.cssSelector: .add_form__2rsm2>button
23:03:02.149 INFO  manager.ListenerWD -- After find element-->By.cssSelector: .add_form__2rsm2>button
23:03:02.149 INFO  manager.ListenerWD -- Location of element-->button
23:03:02.161 INFO  manager.ListenerWD -- Before click element-->buttontext -->Save
23:03:02.185 INFO  manager.ListenerWD -- After click element-->button
23:03:02.814 INFO  tests.TestBase -- Assert check is add contact by name
23:03:02.926 INFO  tests.TestBase -- Assert check is add contact by phone
23:03:02.926 INFO  tests.TestBase -- ==============================================
23:03:02.941 INFO  tests.TestBase -- Name of method (test) -->addNewContactSuccessRequiredFields
23:03:02.941 INFO  tests.TestBase -- Test data --> name: Tony, lastName:Molly, phone: 34343434182email: molly182@gmail.com, address: Haifa
23:03:02.941 INFO  manager.ListenerWD -- Before find element-->By.cssSelector: a[href='/add']
23:03:02.965 INFO  manager.ListenerWD -- After find element-->By.cssSelector: a[href='/add']
23:03:02.973 INFO  manager.ListenerWD -- Location of element-->a
23:03:02.973 INFO  manager.ListenerWD -- Before click element-->atext -->ADD
23:03:03.023 INFO  manager.ListenerWD -- After click element-->a
23:03:03.023 INFO  manager.ListenerWD -- Before find element-->By.cssSelector: [placeholder='Name']
23:03:03.035 INFO  manager.ListenerWD -- After find element-->By.cssSelector: [placeholder='Name']
23:03:03.038 INFO  manager.ListenerWD -- Location of element-->input
23:03:03.038 INFO  manager.ListenerWD -- Before click element-->inputtext -->
23:03:03.073 INFO  manager.ListenerWD -- After click element-->input
23:03:03.081 INFO  manager.ListenerWD -- sendKeys -->
23:03:03.081 INFO  manager.ListenerWD -- sendKeys -->input
23:03:03.104 INFO  manager.ListenerWD -- sendKeys -->
23:03:03.106 INFO  manager.ListenerWD -- sendKeys -->input
23:03:03.117 INFO  manager.ListenerWD -- sendKeys -->
23:03:03.117 INFO  manager.ListenerWD -- sendKeys -->input
23:03:03.136 INFO  manager.ListenerWD -- Before find element-->By.cssSelector: [placeholder='Last Name']
23:03:03.146 INFO  manager.ListenerWD -- After find element-->By.cssSelector: [placeholder='Last Name']
23:03:03.149 INFO  manager.ListenerWD -- Location of element-->input
23:03:03.153 INFO  manager.ListenerWD -- Before click element-->inputtext -->
23:03:03.181 INFO  manager.ListenerWD -- After click element-->input
23:03:03.206 INFO  manager.ListenerWD -- sendKeys -->
23:03:03.208 INFO  manager.ListenerWD -- sendKeys -->input
23:03:03.226 INFO  manager.ListenerWD -- sendKeys -->
23:03:03.228 INFO  manager.ListenerWD -- sendKeys -->input
23:03:03.240 INFO  manager.ListenerWD -- sendKeys -->
23:03:03.240 INFO  manager.ListenerWD -- sendKeys -->input
23:03:03.253 INFO  manager.ListenerWD -- Before find element-->By.cssSelector: [placeholder='Phone']
23:03:03.262 INFO  manager.ListenerWD -- After find element-->By.cssSelector: [placeholder='Phone']
23:03:03.265 INFO  manager.ListenerWD -- Location of element-->input
23:03:03.270 INFO  manager.ListenerWD -- Before click element-->inputtext -->
23:03:03.293 INFO  manager.ListenerWD -- After click element-->input
23:03:03.305 INFO  manager.ListenerWD -- sendKeys -->
23:03:03.308 INFO  manager.ListenerWD -- sendKeys -->input
23:03:03.325 INFO  manager.ListenerWD -- sendKeys -->
23:03:03.326 INFO  manager.ListenerWD -- sendKeys -->input
23:03:03.336 INFO  manager.ListenerWD -- sendKeys -->
23:03:03.342 INFO  manager.ListenerWD -- sendKeys -->input
23:03:03.354 INFO  manager.ListenerWD -- Before find element-->By.cssSelector: [placeholder='email']
23:03:03.366 INFO  manager.ListenerWD -- After find element-->By.cssSelector: [placeholder='email']
23:03:03.369 INFO  manager.ListenerWD -- Location of element-->input
23:03:03.373 INFO  manager.ListenerWD -- Before click element-->inputtext -->
23:03:03.398 INFO  manager.ListenerWD -- After click element-->input
23:03:03.408 INFO  manager.ListenerWD -- sendKeys -->
23:03:03.408 INFO  manager.ListenerWD -- sendKeys -->input
23:03:03.436 INFO  manager.ListenerWD -- sendKeys -->
23:03:03.437 INFO  manager.ListenerWD -- sendKeys -->input
23:03:03.451 INFO  manager.ListenerWD -- sendKeys -->
23:03:03.453 INFO  manager.ListenerWD -- sendKeys -->input
23:03:03.475 INFO  manager.ListenerWD -- Before find element-->By.cssSelector: [placeholder='Address']
23:03:03.487 INFO  manager.ListenerWD -- After find element-->By.cssSelector: [placeholder='Address']
23:03:03.494 INFO  manager.ListenerWD -- Location of element-->input
23:03:03.499 INFO  manager.ListenerWD -- Before click element-->inputtext -->
23:03:03.527 INFO  manager.ListenerWD -- After click element-->input
23:03:03.542 INFO  manager.ListenerWD -- sendKeys -->
23:03:03.542 INFO  manager.ListenerWD -- sendKeys -->input
23:03:03.560 INFO  manager.ListenerWD -- sendKeys -->
23:03:03.563 INFO  manager.ListenerWD -- sendKeys -->input
23:03:03.572 INFO  manager.ListenerWD -- sendKeys -->
23:03:03.577 INFO  manager.ListenerWD -- sendKeys -->input
23:03:03.587 INFO  manager.ListenerWD -- Before find element-->By.cssSelector: [placeholder = 'description']
23:03:03.609 INFO  manager.ListenerWD -- After find element-->By.cssSelector: [placeholder = 'description']
23:03:03.629 INFO  manager.ListenerWD -- Location of element-->input
23:03:03.656 INFO  manager.ListenerWD -- Before click element-->inputtext -->
23:03:03.691 INFO  manager.ListenerWD -- After click element-->input
23:03:03.699 INFO  manager.ListenerWD -- sendKeys -->
23:03:03.708 INFO  manager.ListenerWD -- sendKeys -->input
23:03:03.719 INFO  manager.ListenerWD -- sendKeys -->
23:03:03.724 INFO  manager.ListenerWD -- sendKeys -->input
23:03:03.735 INFO  manager.ListenerWD -- Before find element-->By.cssSelector: .add_form__2rsm2>button
23:03:03.742 INFO  manager.ListenerWD -- After find element-->By.cssSelector: .add_form__2rsm2>button
23:03:03.746 INFO  manager.ListenerWD -- Location of element-->button
23:03:03.753 INFO  manager.ListenerWD -- Before click element-->buttontext -->Save
23:03:03.785 INFO  manager.ListenerWD -- After click element-->button
23:03:04.655 INFO  tests.TestBase -- Assert check is add contact by name
23:03:04.831 INFO  tests.TestBase -- Assert check is add contact by phone
23:03:04.831 INFO  tests.TestBase -- ==============================================
23:03:04.831 INFO  tests.TestBase -- Name of method (test) -->addNewContactWrongEmail
23:03:04.831 INFO  tests.TestBase -- Test data --> name: Tony, lastName:Molly, phone: 343434342323, email: mollygmail.com, address: Haifa, description: wrong email
23:03:04.831 INFO  manager.ListenerWD -- Before find element-->By.cssSelector: a[href='/add']
23:03:04.879 INFO  manager.ListenerWD -- After find element-->By.cssSelector: a[href='/add']
23:03:04.886 INFO  manager.ListenerWD -- Location of element-->a
23:03:04.895 INFO  manager.ListenerWD -- Before click element-->atext -->ADD
23:03:04.929 INFO  manager.ListenerWD -- After click element-->a
23:03:04.929 INFO  manager.ListenerWD -- Before find element-->By.cssSelector: [placeholder='Name']
23:03:04.942 INFO  manager.ListenerWD -- After find element-->By.cssSelector: [placeholder='Name']
23:03:04.942 INFO  manager.ListenerWD -- Location of element-->input
23:03:04.958 INFO  manager.ListenerWD -- Before click element-->inputtext -->
23:03:05.002 INFO  manager.ListenerWD -- After click element-->input
23:03:05.014 INFO  manager.ListenerWD -- sendKeys -->
23:03:05.030 INFO  manager.ListenerWD -- sendKeys -->input
23:03:05.046 INFO  manager.ListenerWD -- sendKeys -->
23:03:05.051 INFO  manager.ListenerWD -- sendKeys -->input
23:03:05.062 INFO  manager.ListenerWD -- sendKeys -->
23:03:05.062 INFO  manager.ListenerWD -- sendKeys -->input
23:03:05.076 INFO  manager.ListenerWD -- Before find element-->By.cssSelector: [placeholder='Last Name']
23:03:05.093 INFO  manager.ListenerWD -- After find element-->By.cssSelector: [placeholder='Last Name']
23:03:05.093 INFO  manager.ListenerWD -- Location of element-->input
23:03:05.093 INFO  manager.ListenerWD -- Before click element-->inputtext -->
23:03:05.124 INFO  manager.ListenerWD -- After click element-->input
23:03:05.141 INFO  manager.ListenerWD -- sendKeys -->
23:03:05.141 INFO  manager.ListenerWD -- sendKeys -->input
23:03:05.156 INFO  manager.ListenerWD -- sendKeys -->
23:03:05.158 INFO  manager.ListenerWD -- sendKeys -->input
23:03:05.190 INFO  manager.ListenerWD -- sendKeys -->
23:03:05.190 INFO  manager.ListenerWD -- sendKeys -->input
23:03:05.211 INFO  manager.ListenerWD -- Before find element-->By.cssSelector: [placeholder='Phone']
23:03:05.220 INFO  manager.ListenerWD -- After find element-->By.cssSelector: [placeholder='Phone']
23:03:05.223 INFO  manager.ListenerWD -- Location of element-->input
23:03:05.226 INFO  manager.ListenerWD -- Before click element-->inputtext -->
23:03:05.250 INFO  manager.ListenerWD -- After click element-->input
23:03:05.263 INFO  manager.ListenerWD -- sendKeys -->
23:03:05.263 INFO  manager.ListenerWD -- sendKeys -->input
23:03:05.280 INFO  manager.ListenerWD -- sendKeys -->
23:03:05.281 INFO  manager.ListenerWD -- sendKeys -->input
23:03:05.328 INFO  manager.ListenerWD -- sendKeys -->
23:03:05.335 INFO  manager.ListenerWD -- sendKeys -->input
23:03:05.363 INFO  manager.ListenerWD -- Before find element-->By.cssSelector: [placeholder='email']
23:03:05.372 INFO  manager.ListenerWD -- After find element-->By.cssSelector: [placeholder='email']
23:03:05.374 INFO  manager.ListenerWD -- Location of element-->input
23:03:05.380 INFO  manager.ListenerWD -- Before click element-->inputtext -->
23:03:05.414 INFO  manager.ListenerWD -- After click element-->input
23:03:05.476 INFO  manager.ListenerWD -- sendKeys -->
23:03:05.476 INFO  manager.ListenerWD -- sendKeys -->input
23:03:05.518 INFO  manager.ListenerWD -- sendKeys -->
23:03:05.522 INFO  manager.ListenerWD -- sendKeys -->input
23:03:05.545 INFO  manager.ListenerWD -- sendKeys -->
23:03:05.549 INFO  manager.ListenerWD -- sendKeys -->input
23:03:05.569 INFO  manager.ListenerWD -- Before find element-->By.cssSelector: [placeholder='Address']
23:03:05.588 INFO  manager.ListenerWD -- After find element-->By.cssSelector: [placeholder='Address']
23:03:05.593 INFO  manager.ListenerWD -- Location of element-->input
23:03:05.596 INFO  manager.ListenerWD -- Before click element-->inputtext -->
23:03:05.663 INFO  manager.ListenerWD -- After click element-->input
23:03:05.675 INFO  manager.ListenerWD -- sendKeys -->
23:03:05.675 INFO  manager.ListenerWD -- sendKeys -->input
23:03:05.712 INFO  manager.ListenerWD -- sendKeys -->
23:03:05.716 INFO  manager.ListenerWD -- sendKeys -->input
23:03:05.744 INFO  manager.ListenerWD -- sendKeys -->
23:03:05.748 INFO  manager.ListenerWD -- sendKeys -->input
23:03:05.784 INFO  manager.ListenerWD -- Before find element-->By.cssSelector: [placeholder = 'description']
23:03:05.812 INFO  manager.ListenerWD -- After find element-->By.cssSelector: [placeholder = 'description']
23:03:05.824 INFO  manager.ListenerWD -- Location of element-->input
23:03:05.831 INFO  manager.ListenerWD -- Before click element-->inputtext -->
23:03:05.882 INFO  manager.ListenerWD -- After click element-->input
23:03:05.893 INFO  manager.ListenerWD -- sendKeys -->
23:03:05.909 INFO  manager.ListenerWD -- sendKeys -->input
23:03:05.934 INFO  manager.ListenerWD -- sendKeys -->
23:03:05.937 INFO  manager.ListenerWD -- sendKeys -->input
23:03:05.965 INFO  manager.ListenerWD -- sendKeys -->
23:03:05.971 INFO  manager.ListenerWD -- sendKeys -->input
23:03:05.990 INFO  manager.ListenerWD -- Before find element-->By.cssSelector: .add_form__2rsm2>button
23:03:06.011 INFO  manager.ListenerWD -- After find element-->By.cssSelector: .add_form__2rsm2>button
23:03:06.014 INFO  manager.ListenerWD -- Location of element-->button
23:03:06.014 INFO  manager.ListenerWD -- Before click element-->buttontext -->Save
23:03:06.064 INFO  manager.ListenerWD -- After click element-->button
23:03:06.074 INFO  tests.TestBase -- Assert check Add button is active
23:03:06.090 INFO  manager.ListenerWD -- Huston, we have a problem!
23:03:06.090 INFO  manager.ListenerWD -- Failed method:alert
23:03:06.090 INFO  manager.ListenerWD -- **********************
23:03:06.090 INFO  manager.ListenerWD -- Arguments:null
23:03:06.090 INFO  manager.ListenerWD -- **********************
23:03:06.090 INFO  manager.ListenerWD -- Exception:NoAlertPresentException
23:03:06.090 INFO  manager.ListenerWD -- **********************
23:03:06.090 INFO  manager.ListenerWD -- Messageno such alert
  (Session info: chrome=149.0.7827.103)
Build info: version: '4.26.0', revision: '8ccf0219d7'
System info: os.name: 'Windows 11', os.arch: 'amd64', os.version: '10.0', java.version: '21.0.10'
Driver info: org.openqa.selenium.chrome.ChromeDriver
Command: [00ae028b4a24fdcb51059faa45f79eb9, getAlertText {}]
Capabilities {acceptInsecureCerts: false, browserName: chrome, browserVersion: 149.0.7827.103, chrome: {chromedriverVersion: 149.0.7827.55 (3188f8a607ae..., userDataDir: C:\Users\Nina\AppData\Local...}, fedcm:accounts: true, goog:chromeOptions: {debuggerAddress: localhost:49795}, goog:processID: 23572, networkConnectionEnabled: false, pageLoadStrategy: normal, platformName: windows, proxy: Proxy(), se:cdp: ws://localhost:49795/devtoo..., se:cdpVersion: 149.0.7827.103, setWindowRect: true, strictFileInteractability: false, timeouts: {implicit: 0, pageLoad: 300000, script: 30000}, unhandledPromptBehavior: dismiss and notify, webauthn:extension:credBlob: true, webauthn:extension:largeBlob: true, webauthn:extension:minPinLength: true, webauthn:extension:prf: true, webauthn:virtualAuthenticators: true}
Session ID: 00ae028b4a24fdcb51059faa45f79eb9
23:03:06.105 INFO  manager.ListenerWD -- **********************
23:03:06.105 INFO  manager.ListenerWD -- Screen with error is --->src/test/screenshots/screen_1486.png
23:03:06.649 INFO  tests.TestBase -- Assert check is alert present with error test 'Email not valid' 
23:03:06.652 INFO  tests.TestBase -- ==============================================
23:03:06.655 INFO  tests.TestBase -- Name of method (test) -->addNewContactWrongPhone
23:03:06.659 INFO  tests.TestBase -- Test data --> name: Tony, lastName:Molly, phone: , email: molly@gmail.com, address: Haifa, description: empty phone
23:03:06.659 INFO  manager.ListenerWD -- Before find element-->By.cssSelector: a[href='/add']
23:03:06.699 INFO  manager.ListenerWD -- After find element-->By.cssSelector: a[href='/add']
23:03:06.735 INFO  manager.ListenerWD -- Location of element-->a
23:03:06.760 INFO  manager.ListenerWD -- Before click element-->atext -->ADD
23:03:06.814 INFO  manager.ListenerWD -- After click element-->a
23:03:06.814 INFO  manager.ListenerWD -- Before find element-->By.cssSelector: [placeholder='Name']
23:03:06.826 INFO  manager.ListenerWD -- After find element-->By.cssSelector: [placeholder='Name']
23:03:06.838 INFO  manager.ListenerWD -- Location of element-->input
23:03:06.850 INFO  manager.ListenerWD -- Before click element-->inputtext -->
23:03:06.894 INFO  manager.ListenerWD -- After click element-->input
23:03:06.905 INFO  manager.ListenerWD -- sendKeys -->
23:03:06.905 INFO  manager.ListenerWD -- sendKeys -->input
23:03:06.935 INFO  manager.ListenerWD -- sendKeys -->
23:03:06.938 INFO  manager.ListenerWD -- sendKeys -->input
23:03:06.948 INFO  manager.ListenerWD -- sendKeys -->
23:03:06.953 INFO  manager.ListenerWD -- sendKeys -->input
23:03:06.963 INFO  manager.ListenerWD -- Before find element-->By.cssSelector: [placeholder='Last Name']
23:03:06.972 INFO  manager.ListenerWD -- After find element-->By.cssSelector: [placeholder='Last Name']
23:03:06.975 INFO  manager.ListenerWD -- Location of element-->input
23:03:06.979 INFO  manager.ListenerWD -- Before click element-->inputtext -->
23:03:07.003 INFO  manager.ListenerWD -- After click element-->input
23:03:07.016 INFO  manager.ListenerWD -- sendKeys -->
23:03:07.022 INFO  manager.ListenerWD -- sendKeys -->input
23:03:07.044 INFO  manager.ListenerWD -- sendKeys -->
23:03:07.045 INFO  manager.ListenerWD -- sendKeys -->input
23:03:07.056 INFO  manager.ListenerWD -- sendKeys -->
23:03:07.056 INFO  manager.ListenerWD -- sendKeys -->input
23:03:07.096 INFO  manager.ListenerWD -- Before find element-->By.cssSelector: [placeholder='Phone']
23:03:07.107 INFO  manager.ListenerWD -- After find element-->By.cssSelector: [placeholder='Phone']
23:03:07.110 INFO  manager.ListenerWD -- Location of element-->input
23:03:07.116 INFO  manager.ListenerWD -- Before click element-->inputtext -->
23:03:07.195 INFO  manager.ListenerWD -- After click element-->input
23:03:07.250 INFO  manager.ListenerWD -- sendKeys -->
23:03:07.254 INFO  manager.ListenerWD -- sendKeys -->input
23:03:07.294 INFO  manager.ListenerWD -- sendKeys -->
23:03:07.298 INFO  manager.ListenerWD -- sendKeys -->input
23:03:07.324 INFO  manager.ListenerWD -- sendKeys -->
23:03:07.327 INFO  manager.ListenerWD -- sendKeys -->input
23:03:07.344 INFO  manager.ListenerWD -- Before find element-->By.cssSelector: [placeholder='email']
23:03:07.366 INFO  manager.ListenerWD -- After find element-->By.cssSelector: [placeholder='email']
23:03:07.366 INFO  manager.ListenerWD -- Location of element-->input
23:03:07.382 INFO  manager.ListenerWD -- Before click element-->inputtext -->
23:03:07.434 INFO  manager.ListenerWD -- After click element-->input
23:03:07.461 INFO  manager.ListenerWD -- sendKeys -->
23:03:07.463 INFO  manager.ListenerWD -- sendKeys -->input
23:03:07.513 INFO  manager.ListenerWD -- sendKeys -->
23:03:07.518 INFO  manager.ListenerWD -- sendKeys -->input
23:03:07.563 INFO  manager.ListenerWD -- sendKeys -->
23:03:07.567 INFO  manager.ListenerWD -- sendKeys -->input
23:03:07.584 INFO  manager.ListenerWD -- Before find element-->By.cssSelector: [placeholder='Address']
23:03:07.617 INFO  manager.ListenerWD -- After find element-->By.cssSelector: [placeholder='Address']
23:03:07.623 INFO  manager.ListenerWD -- Location of element-->input
23:03:07.623 INFO  manager.ListenerWD -- Before click element-->inputtext -->
23:03:07.681 INFO  manager.ListenerWD -- After click element-->input
23:03:07.743 INFO  manager.ListenerWD -- sendKeys -->
23:03:07.748 INFO  manager.ListenerWD -- sendKeys -->input
23:03:07.821 INFO  manager.ListenerWD -- sendKeys -->
23:03:07.822 INFO  manager.ListenerWD -- sendKeys -->input
23:03:07.832 INFO  manager.ListenerWD -- sendKeys -->
23:03:07.832 INFO  manager.ListenerWD -- sendKeys -->input
23:03:07.847 INFO  manager.ListenerWD -- Before find element-->By.cssSelector: [placeholder = 'description']
23:03:07.857 INFO  manager.ListenerWD -- After find element-->By.cssSelector: [placeholder = 'description']
23:03:07.860 INFO  manager.ListenerWD -- Location of element-->input
23:03:07.865 INFO  manager.ListenerWD -- Before click element-->inputtext -->
23:03:07.888 INFO  manager.ListenerWD -- After click element-->input
23:03:07.899 INFO  manager.ListenerWD -- sendKeys -->
23:03:07.904 INFO  manager.ListenerWD -- sendKeys -->input
23:03:07.930 INFO  manager.ListenerWD -- sendKeys -->
23:03:07.932 INFO  manager.ListenerWD -- sendKeys -->input
23:03:07.951 INFO  manager.ListenerWD -- sendKeys -->
23:03:07.953 INFO  manager.ListenerWD -- sendKeys -->input
23:03:07.966 INFO  manager.ListenerWD -- Before find element-->By.cssSelector: .add_form__2rsm2>button
23:03:07.972 INFO  manager.ListenerWD -- After find element-->By.cssSelector: .add_form__2rsm2>button
23:03:07.972 INFO  manager.ListenerWD -- Location of element-->button
23:03:07.982 INFO  manager.ListenerWD -- Before click element-->buttontext -->Save
23:03:08.002 INFO  manager.ListenerWD -- After click element-->button
23:03:08.008 INFO  manager.ListenerWD -- Huston, we have a problem!
23:03:08.009 INFO  manager.ListenerWD -- Failed method:alert
23:03:08.009 INFO  manager.ListenerWD -- **********************
23:03:08.009 INFO  manager.ListenerWD -- Arguments:null
23:03:08.009 INFO  manager.ListenerWD -- **********************
23:03:08.009 INFO  manager.ListenerWD -- Exception:NoAlertPresentException
23:03:08.009 INFO  manager.ListenerWD -- **********************
23:03:08.009 INFO  manager.ListenerWD -- Messageno such alert
  (Session info: chrome=149.0.7827.103)
Build info: version: '4.26.0', revision: '8ccf0219d7'
System info: os.name: 'Windows 11', os.arch: 'amd64', os.version: '10.0', java.version: '21.0.10'
Driver info: org.openqa.selenium.chrome.ChromeDriver
Command: [00ae028b4a24fdcb51059faa45f79eb9, getAlertText {}]
Capabilities {acceptInsecureCerts: false, browserName: chrome, browserVersion: 149.0.7827.103, chrome: {chromedriverVersion: 149.0.7827.55 (3188f8a607ae..., userDataDir: C:\Users\Nina\AppData\Local...}, fedcm:accounts: true, goog:chromeOptions: {debuggerAddress: localhost:49795}, goog:processID: 23572, networkConnectionEnabled: false, pageLoadStrategy: normal, platformName: windows, proxy: Proxy(), se:cdp: ws://localhost:49795/devtoo..., se:cdpVersion: 149.0.7827.103, setWindowRect: true, strictFileInteractability: false, timeouts: {implicit: 0, pageLoad: 300000, script: 30000}, unhandledPromptBehavior: dismiss and notify, webauthn:extension:credBlob: true, webauthn:extension:largeBlob: true, webauthn:extension:minPinLength: true, webauthn:extension:prf: true, webauthn:virtualAuthenticators: true}
Session ID: 00ae028b4a24fdcb51059faa45f79eb9
23:03:08.009 INFO  manager.ListenerWD -- **********************
23:03:08.009 INFO  manager.ListenerWD -- Screen with error is --->src/test/screenshots/screen_1203.png
23:03:08.532 INFO  tests.TestBase -- Assert check is alert present with error test 'Phone not valid' 
23:03:08.547 INFO  tests.TestBase -- Assert check Add button is active
23:03:08.554 INFO  tests.TestBase -- ==============================================
23:03:08.560 INFO  tests.TestBase -- Name of method (test) -->addNewContactWrongPhone
23:03:08.560 INFO  tests.TestBase -- Test data --> name: Tony, lastName:Molly, phone: , email: molly@gmail.com, address: Haifa, description: empty phone
23:03:08.560 INFO  manager.ListenerWD -- Before find element-->By.cssSelector: a[href='/add']
23:03:08.584 INFO  manager.ListenerWD -- After find element-->By.cssSelector: a[href='/add']
23:03:08.596 INFO  manager.ListenerWD -- Location of element-->a
23:03:08.608 INFO  manager.ListenerWD -- Before click element-->atext -->ADD
23:03:08.660 INFO  manager.ListenerWD -- After click element-->a
23:03:08.660 INFO  manager.ListenerWD -- Before find element-->By.cssSelector: [placeholder='Name']
23:03:08.670 INFO  manager.ListenerWD -- After find element-->By.cssSelector: [placeholder='Name']
23:03:08.672 INFO  manager.ListenerWD -- Location of element-->input
23:03:08.686 INFO  manager.ListenerWD -- Before click element-->inputtext -->
23:03:08.714 INFO  manager.ListenerWD -- After click element-->input
23:03:08.728 INFO  manager.ListenerWD -- sendKeys -->
23:03:08.731 INFO  manager.ListenerWD -- sendKeys -->input
23:03:08.749 INFO  manager.ListenerWD -- sendKeys -->
23:03:08.753 INFO  manager.ListenerWD -- sendKeys -->input
23:03:08.765 INFO  manager.ListenerWD -- sendKeys -->
23:03:08.765 INFO  manager.ListenerWD -- sendKeys -->input
23:03:08.778 INFO  manager.ListenerWD -- Before find element-->By.cssSelector: [placeholder='Last Name']
23:03:08.786 INFO  manager.ListenerWD -- After find element-->By.cssSelector: [placeholder='Last Name']
23:03:08.789 INFO  manager.ListenerWD -- Location of element-->input
23:03:08.794 INFO  manager.ListenerWD -- Before click element-->inputtext -->
23:03:08.815 INFO  manager.ListenerWD -- After click element-->input
23:03:08.826 INFO  manager.ListenerWD -- sendKeys -->
23:03:08.832 INFO  manager.ListenerWD -- sendKeys -->input
23:03:08.857 INFO  manager.ListenerWD -- sendKeys -->
23:03:08.861 INFO  manager.ListenerWD -- sendKeys -->input
23:03:08.883 INFO  manager.ListenerWD -- sendKeys -->
23:03:08.885 INFO  manager.ListenerWD -- sendKeys -->input
23:03:08.895 INFO  manager.ListenerWD -- Before find element-->By.cssSelector: [placeholder='Phone']
23:03:08.907 INFO  manager.ListenerWD -- After find element-->By.cssSelector: [placeholder='Phone']
23:03:08.910 INFO  manager.ListenerWD -- Location of element-->input
23:03:08.920 INFO  manager.ListenerWD -- Before click element-->inputtext -->
23:03:08.966 INFO  manager.ListenerWD -- After click element-->input
23:03:08.985 INFO  manager.ListenerWD -- sendKeys -->
23:03:08.989 INFO  manager.ListenerWD -- sendKeys -->input
23:03:09.022 INFO  manager.ListenerWD -- sendKeys -->
23:03:09.026 INFO  manager.ListenerWD -- sendKeys -->input
23:03:09.047 INFO  manager.ListenerWD -- sendKeys -->
23:03:09.051 INFO  manager.ListenerWD -- sendKeys -->input
23:03:09.075 INFO  manager.ListenerWD -- Before find element-->By.cssSelector: [placeholder='email']
23:03:09.091 INFO  manager.ListenerWD -- After find element-->By.cssSelector: [placeholder='email']
23:03:09.096 INFO  manager.ListenerWD -- Location of element-->input
23:03:09.098 INFO  manager.ListenerWD -- Before click element-->inputtext -->
23:03:09.140 INFO  manager.ListenerWD -- After click element-->input
23:03:09.158 INFO  manager.ListenerWD -- sendKeys -->
23:03:09.162 INFO  manager.ListenerWD -- sendKeys -->input
23:03:09.183 INFO  manager.ListenerWD -- sendKeys -->
23:03:09.183 INFO  manager.ListenerWD -- sendKeys -->input
23:03:09.214 INFO  manager.ListenerWD -- sendKeys -->
23:03:09.219 INFO  manager.ListenerWD -- sendKeys -->input
23:03:09.238 INFO  manager.ListenerWD -- Before find element-->By.cssSelector: [placeholder='Address']
23:03:09.253 INFO  manager.ListenerWD -- After find element-->By.cssSelector: [placeholder='Address']
23:03:09.256 INFO  manager.ListenerWD -- Location of element-->input
23:03:09.256 INFO  manager.ListenerWD -- Before click element-->inputtext -->
23:03:09.322 INFO  manager.ListenerWD -- After click element-->input
23:03:09.335 INFO  manager.ListenerWD -- sendKeys -->
23:03:09.335 INFO  manager.ListenerWD -- sendKeys -->input
23:03:09.358 INFO  manager.ListenerWD -- sendKeys -->
23:03:09.359 INFO  manager.ListenerWD -- sendKeys -->input
23:03:09.374 INFO  manager.ListenerWD -- sendKeys -->
23:03:09.376 INFO  manager.ListenerWD -- sendKeys -->input
23:03:09.383 INFO  manager.ListenerWD -- Before find element-->By.cssSelector: [placeholder = 'description']
23:03:09.395 INFO  manager.ListenerWD -- After find element-->By.cssSelector: [placeholder = 'description']
23:03:09.487 INFO  manager.ListenerWD -- Location of element-->input
23:03:09.504 INFO  manager.ListenerWD -- Before click element-->inputtext -->
23:03:09.559 INFO  manager.ListenerWD -- After click element-->input
23:03:09.586 INFO  manager.ListenerWD -- sendKeys -->
23:03:09.589 INFO  manager.ListenerWD -- sendKeys -->input
23:03:09.635 INFO  manager.ListenerWD -- sendKeys -->
23:03:09.639 INFO  manager.ListenerWD -- sendKeys -->input
23:03:09.663 INFO  manager.ListenerWD -- sendKeys -->
23:03:09.663 INFO  manager.ListenerWD -- sendKeys -->input
23:03:09.680 INFO  manager.ListenerWD -- Before find element-->By.cssSelector: .add_form__2rsm2>button
23:03:09.688 INFO  manager.ListenerWD -- After find element-->By.cssSelector: .add_form__2rsm2>button
23:03:09.691 INFO  manager.ListenerWD -- Location of element-->button
23:03:09.696 INFO  manager.ListenerWD -- Before click element-->buttontext -->Save
23:03:09.716 INFO  manager.ListenerWD -- After click element-->button
23:03:09.721 INFO  manager.ListenerWD -- Huston, we have a problem!
23:03:09.721 INFO  manager.ListenerWD -- Failed method:alert
23:03:09.721 INFO  manager.ListenerWD -- **********************
23:03:09.721 INFO  manager.ListenerWD -- Arguments:null
23:03:09.721 INFO  manager.ListenerWD -- **********************
23:03:09.721 INFO  manager.ListenerWD -- Exception:NoAlertPresentException
23:03:09.721 INFO  manager.ListenerWD -- **********************
23:03:09.721 INFO  manager.ListenerWD -- Messageno such alert
  (Session info: chrome=149.0.7827.103)
Build info: version: '4.26.0', revision: '8ccf0219d7'
System info: os.name: 'Windows 11', os.arch: 'amd64', os.version: '10.0', java.version: '21.0.10'
Driver info: org.openqa.selenium.chrome.ChromeDriver
Command: [00ae028b4a24fdcb51059faa45f79eb9, getAlertText {}]
Capabilities {acceptInsecureCerts: false, browserName: chrome, browserVersion: 149.0.7827.103, chrome: {chromedriverVersion: 149.0.7827.55 (3188f8a607ae..., userDataDir: C:\Users\Nina\AppData\Local...}, fedcm:accounts: true, goog:chromeOptions: {debuggerAddress: localhost:49795}, goog:processID: 23572, networkConnectionEnabled: false, pageLoadStrategy: normal, platformName: windows, proxy: Proxy(), se:cdp: ws://localhost:49795/devtoo..., se:cdpVersion: 149.0.7827.103, setWindowRect: true, strictFileInteractability: false, timeouts: {implicit: 0, pageLoad: 300000, script: 30000}, unhandledPromptBehavior: dismiss and notify, webauthn:extension:credBlob: true, webauthn:extension:largeBlob: true, webauthn:extension:minPinLength: true, webauthn:extension:prf: true, webauthn:virtualAuthenticators: true}
Session ID: 00ae028b4a24fdcb51059faa45f79eb9
23:03:09.721 INFO  manager.ListenerWD -- **********************
23:03:09.721 INFO  manager.ListenerWD -- Screen with error is --->src/test/screenshots/screen_1253.png
23:03:10.273 INFO  tests.TestBase -- Assert check is alert present with error test 'Phone not valid' 
23:03:10.293 INFO  tests.TestBase -- Assert check Add button is active
23:03:10.299 INFO  tests.TestBase -- ==============================================
23:03:10.304 INFO  tests.TestBase -- Name of method (test) -->addNewContactWrongPhone
23:03:10.305 INFO  tests.TestBase -- Test data --> name: Tony, lastName:Molly, phone: , email: molly@gmail.com, address: Haifa, description: empty phone
23:03:10.305 INFO  manager.ListenerWD -- Before find element-->By.cssSelector: a[href='/add']
23:03:10.329 INFO  manager.ListenerWD -- After find element-->By.cssSelector: a[href='/add']
23:03:10.341 INFO  manager.ListenerWD -- Location of element-->a
23:03:10.359 INFO  manager.ListenerWD -- Before click element-->atext -->ADD
23:03:10.388 INFO  manager.ListenerWD -- After click element-->a
23:03:10.388 INFO  manager.ListenerWD -- Before find element-->By.cssSelector: [placeholder='Name']
23:03:10.408 INFO  manager.ListenerWD -- After find element-->By.cssSelector: [placeholder='Name']
23:03:10.424 INFO  manager.ListenerWD -- Location of element-->input
23:03:10.457 INFO  manager.ListenerWD -- Before click element-->inputtext -->
23:03:10.507 INFO  manager.ListenerWD -- After click element-->input
23:03:10.522 INFO  manager.ListenerWD -- sendKeys -->
23:03:10.525 INFO  manager.ListenerWD -- sendKeys -->input
23:03:10.547 INFO  manager.ListenerWD -- sendKeys -->
23:03:10.549 INFO  manager.ListenerWD -- sendKeys -->input
23:03:10.562 INFO  manager.ListenerWD -- sendKeys -->
23:03:10.563 INFO  manager.ListenerWD -- sendKeys -->input
23:03:10.583 INFO  manager.ListenerWD -- Before find element-->By.cssSelector: [placeholder='Last Name']
23:03:10.601 INFO  manager.ListenerWD -- After find element-->By.cssSelector: [placeholder='Last Name']
23:03:10.601 INFO  manager.ListenerWD -- Location of element-->input
23:03:10.633 INFO  manager.ListenerWD -- Before click element-->inputtext -->
23:03:10.664 INFO  manager.ListenerWD -- After click element-->input
23:03:10.674 INFO  manager.ListenerWD -- sendKeys -->
23:03:10.674 INFO  manager.ListenerWD -- sendKeys -->input
23:03:10.699 INFO  manager.ListenerWD -- sendKeys -->
23:03:10.699 INFO  manager.ListenerWD -- sendKeys -->input
23:03:10.717 INFO  manager.ListenerWD -- sendKeys -->
23:03:10.717 INFO  manager.ListenerWD -- sendKeys -->input
23:03:10.730 INFO  manager.ListenerWD -- Before find element-->By.cssSelector: [placeholder='Phone']
23:03:10.735 INFO  manager.ListenerWD -- After find element-->By.cssSelector: [placeholder='Phone']
23:03:10.744 INFO  manager.ListenerWD -- Location of element-->input
23:03:10.749 INFO  manager.ListenerWD -- Before click element-->inputtext -->
23:03:10.771 INFO  manager.ListenerWD -- After click element-->input
23:03:10.783 INFO  manager.ListenerWD -- sendKeys -->
23:03:10.783 INFO  manager.ListenerWD -- sendKeys -->input
23:03:10.801 INFO  manager.ListenerWD -- sendKeys -->
23:03:10.808 INFO  manager.ListenerWD -- sendKeys -->input
23:03:10.822 INFO  manager.ListenerWD -- sendKeys -->
23:03:10.824 INFO  manager.ListenerWD -- sendKeys -->input
23:03:10.839 INFO  manager.ListenerWD -- Before find element-->By.cssSelector: [placeholder='email']
23:03:10.850 INFO  manager.ListenerWD -- After find element-->By.cssSelector: [placeholder='email']
23:03:10.852 INFO  manager.ListenerWD -- Location of element-->input
23:03:10.856 INFO  manager.ListenerWD -- Before click element-->inputtext -->
23:03:10.880 INFO  manager.ListenerWD -- After click element-->input
23:03:10.893 INFO  manager.ListenerWD -- sendKeys -->
23:03:10.895 INFO  manager.ListenerWD -- sendKeys -->input
23:03:10.910 INFO  manager.ListenerWD -- sendKeys -->
23:03:10.917 INFO  manager.ListenerWD -- sendKeys -->input
23:03:10.932 INFO  manager.ListenerWD -- sendKeys -->
23:03:10.933 INFO  manager.ListenerWD -- sendKeys -->input
23:03:10.947 INFO  manager.ListenerWD -- Before find element-->By.cssSelector: [placeholder='Address']
23:03:10.956 INFO  manager.ListenerWD -- After find element-->By.cssSelector: [placeholder='Address']
23:03:10.958 INFO  manager.ListenerWD -- Location of element-->input
23:03:10.965 INFO  manager.ListenerWD -- Before click element-->inputtext -->
23:03:10.989 INFO  manager.ListenerWD -- After click element-->input
23:03:11.002 INFO  manager.ListenerWD -- sendKeys -->
23:03:11.007 INFO  manager.ListenerWD -- sendKeys -->input
23:03:11.026 INFO  manager.ListenerWD -- sendKeys -->
23:03:11.026 INFO  manager.ListenerWD -- sendKeys -->input
23:03:11.050 INFO  manager.ListenerWD -- sendKeys -->
23:03:11.051 INFO  manager.ListenerWD -- sendKeys -->input
23:03:11.062 INFO  manager.ListenerWD -- Before find element-->By.cssSelector: [placeholder = 'description']
23:03:11.086 INFO  manager.ListenerWD -- After find element-->By.cssSelector: [placeholder = 'description']
23:03:11.086 INFO  manager.ListenerWD -- Location of element-->input
23:03:11.134 INFO  manager.ListenerWD -- Before click element-->inputtext -->
23:03:11.185 INFO  manager.ListenerWD -- After click element-->input
23:03:11.201 INFO  manager.ListenerWD -- sendKeys -->
23:03:11.203 INFO  manager.ListenerWD -- sendKeys -->input
23:03:11.236 INFO  manager.ListenerWD -- sendKeys -->
23:03:11.254 INFO  manager.ListenerWD -- sendKeys -->input
23:03:11.338 INFO  manager.ListenerWD -- sendKeys -->
23:03:11.341 INFO  manager.ListenerWD -- sendKeys -->input
23:03:11.426 INFO  manager.ListenerWD -- Before find element-->By.cssSelector: .add_form__2rsm2>button
23:03:11.456 INFO  manager.ListenerWD -- After find element-->By.cssSelector: .add_form__2rsm2>button
23:03:11.472 INFO  manager.ListenerWD -- Location of element-->button
23:03:11.520 INFO  manager.ListenerWD -- Before click element-->buttontext -->Save
23:03:11.548 INFO  manager.ListenerWD -- After click element-->button
23:03:11.574 INFO  manager.ListenerWD -- Huston, we have a problem!
23:03:11.574 INFO  manager.ListenerWD -- Failed method:alert
23:03:11.574 INFO  manager.ListenerWD -- **********************
23:03:11.574 INFO  manager.ListenerWD -- Arguments:null
23:03:11.574 INFO  manager.ListenerWD -- **********************
23:03:11.574 INFO  manager.ListenerWD -- Exception:NoAlertPresentException
23:03:11.574 INFO  manager.ListenerWD -- **********************
23:03:11.574 INFO  manager.ListenerWD -- Messageno such alert
  (Session info: chrome=149.0.7827.103)
Build info: version: '4.26.0', revision: '8ccf0219d7'
System info: os.name: 'Windows 11', os.arch: 'amd64', os.version: '10.0', java.version: '21.0.10'
Driver info: org.openqa.selenium.chrome.ChromeDriver
Command: [00ae028b4a24fdcb51059faa45f79eb9, getAlertText {}]
Capabilities {acceptInsecureCerts: false, browserName: chrome, browserVersion: 149.0.7827.103, chrome: {chromedriverVersion: 149.0.7827.55 (3188f8a607ae..., userDataDir: C:\Users\Nina\AppData\Local...}, fedcm:accounts: true, goog:chromeOptions: {debuggerAddress: localhost:49795}, goog:processID: 23572, networkConnectionEnabled: false, pageLoadStrategy: normal, platformName: windows, proxy: Proxy(), se:cdp: ws://localhost:49795/devtoo..., se:cdpVersion: 149.0.7827.103, setWindowRect: true, strictFileInteractability: false, timeouts: {implicit: 0, pageLoad: 300000, script: 30000}, unhandledPromptBehavior: dismiss and notify, webauthn:extension:credBlob: true, webauthn:extension:largeBlob: true, webauthn:extension:minPinLength: true, webauthn:extension:prf: true, webauthn:virtualAuthenticators: true}
Session ID: 00ae028b4a24fdcb51059faa45f79eb9
23:03:11.574 INFO  manager.ListenerWD -- **********************
23:03:11.574 INFO  manager.ListenerWD -- Screen with error is --->src/test/screenshots/screen_1244.png
23:03:12.132 INFO  tests.TestBase -- Assert check is alert present with error test 'Phone not valid' 
23:03:12.147 INFO  tests.TestBase -- Assert check Add button is active
23:03:12.147 INFO  tests.TestBase -- ==============================================
23:03:12.147 INFO  tests.TestBase -- Name of method (test) -->addNewContactWrongPhone
23:03:12.147 INFO  tests.TestBase -- Test data --> name: Tony, lastName:Molly, phone: , email: molly@gmail.com, address: Haifa, description: empty phone
23:03:12.147 INFO  manager.ListenerWD -- Before find element-->By.cssSelector: a[href='/add']
23:03:12.195 INFO  manager.ListenerWD -- After find element-->By.cssSelector: a[href='/add']
23:03:12.201 INFO  manager.ListenerWD -- Location of element-->a
23:03:12.201 INFO  manager.ListenerWD -- Before click element-->atext -->ADD
23:03:12.240 INFO  manager.ListenerWD -- After click element-->a
23:03:12.240 INFO  manager.ListenerWD -- Before find element-->By.cssSelector: [placeholder='Name']
23:03:12.247 INFO  manager.ListenerWD -- After find element-->By.cssSelector: [placeholder='Name']
23:03:12.249 INFO  manager.ListenerWD -- Location of element-->input
23:03:12.249 INFO  manager.ListenerWD -- Before click element-->inputtext -->
23:03:12.371 INFO  manager.ListenerWD -- After click element-->input
23:03:12.463 INFO  manager.ListenerWD -- sendKeys -->
23:03:12.467 INFO  manager.ListenerWD -- sendKeys -->input
23:03:12.515 INFO  manager.ListenerWD -- sendKeys -->
23:03:12.520 INFO  manager.ListenerWD -- sendKeys -->input
23:03:12.545 INFO  manager.ListenerWD -- sendKeys -->
23:03:12.548 INFO  manager.ListenerWD -- sendKeys -->input
23:03:12.560 INFO  manager.ListenerWD -- Before find element-->By.cssSelector: [placeholder='Last Name']
23:03:12.565 INFO  manager.ListenerWD -- After find element-->By.cssSelector: [placeholder='Last Name']
23:03:12.571 INFO  manager.ListenerWD -- Location of element-->input
23:03:12.576 INFO  manager.ListenerWD -- Before click element-->inputtext -->
23:03:12.597 INFO  manager.ListenerWD -- After click element-->input
23:03:12.613 INFO  manager.ListenerWD -- sendKeys -->
23:03:12.619 INFO  manager.ListenerWD -- sendKeys -->input
23:03:12.638 INFO  manager.ListenerWD -- sendKeys -->
23:03:12.638 INFO  manager.ListenerWD -- sendKeys -->input
23:03:12.655 INFO  manager.ListenerWD -- sendKeys -->
23:03:12.656 INFO  manager.ListenerWD -- sendKeys -->input
23:03:12.668 INFO  manager.ListenerWD -- Before find element-->By.cssSelector: [placeholder='Phone']
23:03:12.675 INFO  manager.ListenerWD -- After find element-->By.cssSelector: [placeholder='Phone']
23:03:12.680 INFO  manager.ListenerWD -- Location of element-->input
23:03:12.686 INFO  manager.ListenerWD -- Before click element-->inputtext -->
23:03:12.707 INFO  manager.ListenerWD -- After click element-->input
23:03:12.722 INFO  manager.ListenerWD -- sendKeys -->
23:03:12.724 INFO  manager.ListenerWD -- sendKeys -->input
23:03:12.744 INFO  manager.ListenerWD -- sendKeys -->
23:03:12.747 INFO  manager.ListenerWD -- sendKeys -->input
23:03:12.762 INFO  manager.ListenerWD -- sendKeys -->
23:03:12.763 INFO  manager.ListenerWD -- sendKeys -->input
23:03:12.771 INFO  manager.ListenerWD -- Before find element-->By.cssSelector: [placeholder='email']
23:03:12.771 INFO  manager.ListenerWD -- After find element-->By.cssSelector: [placeholder='email']
23:03:12.771 INFO  manager.ListenerWD -- Location of element-->input
23:03:12.771 INFO  manager.ListenerWD -- Before click element-->inputtext -->
23:03:12.813 INFO  manager.ListenerWD -- After click element-->input
23:03:12.826 INFO  manager.ListenerWD -- sendKeys -->
23:03:12.826 INFO  manager.ListenerWD -- sendKeys -->input
23:03:12.844 INFO  manager.ListenerWD -- sendKeys -->
23:03:12.850 INFO  manager.ListenerWD -- sendKeys -->input
23:03:12.864 INFO  manager.ListenerWD -- sendKeys -->
23:03:12.866 INFO  manager.ListenerWD -- sendKeys -->input
23:03:12.880 INFO  manager.ListenerWD -- Before find element-->By.cssSelector: [placeholder='Address']
23:03:12.901 INFO  manager.ListenerWD -- After find element-->By.cssSelector: [placeholder='Address']
23:03:13.063 INFO  manager.ListenerWD -- Location of element-->input
23:03:13.221 INFO  manager.ListenerWD -- Before click element-->inputtext -->
23:03:13.261 INFO  manager.ListenerWD -- After click element-->input
23:03:13.274 INFO  manager.ListenerWD -- sendKeys -->
23:03:13.274 INFO  manager.ListenerWD -- sendKeys -->input
23:03:13.292 INFO  manager.ListenerWD -- sendKeys -->
23:03:13.299 INFO  manager.ListenerWD -- sendKeys -->input
23:03:13.312 INFO  manager.ListenerWD -- sendKeys -->
23:03:13.313 INFO  manager.ListenerWD -- sendKeys -->input
23:03:13.325 INFO  manager.ListenerWD -- Before find element-->By.cssSelector: [placeholder = 'description']
23:03:13.331 INFO  manager.ListenerWD -- After find element-->By.cssSelector: [placeholder = 'description']
23:03:13.337 INFO  manager.ListenerWD -- Location of element-->input
23:03:13.341 INFO  manager.ListenerWD -- Before click element-->inputtext -->
23:03:13.367 INFO  manager.ListenerWD -- After click element-->input
23:03:13.378 INFO  manager.ListenerWD -- sendKeys -->
23:03:13.383 INFO  manager.ListenerWD -- sendKeys -->input
23:03:13.401 INFO  manager.ListenerWD -- sendKeys -->
23:03:13.401 INFO  manager.ListenerWD -- sendKeys -->input
23:03:13.419 INFO  manager.ListenerWD -- sendKeys -->
23:03:13.420 INFO  manager.ListenerWD -- sendKeys -->input
23:03:13.436 INFO  manager.ListenerWD -- Before find element-->By.cssSelector: .add_form__2rsm2>button
23:03:13.453 INFO  manager.ListenerWD -- After find element-->By.cssSelector: .add_form__2rsm2>button
23:03:13.456 INFO  manager.ListenerWD -- Location of element-->button
23:03:13.463 INFO  manager.ListenerWD -- Before click element-->buttontext -->Save
23:03:13.486 INFO  manager.ListenerWD -- After click element-->button
23:03:13.490 INFO  manager.ListenerWD -- Huston, we have a problem!
23:03:13.490 INFO  manager.ListenerWD -- Failed method:alert
23:03:13.490 INFO  manager.ListenerWD -- **********************
23:03:13.490 INFO  manager.ListenerWD -- Arguments:null
23:03:13.490 INFO  manager.ListenerWD -- **********************
23:03:13.490 INFO  manager.ListenerWD -- Exception:NoAlertPresentException
23:03:13.490 INFO  manager.ListenerWD -- **********************
23:03:13.490 INFO  manager.ListenerWD -- Messageno such alert
  (Session info: chrome=149.0.7827.103)
Build info: version: '4.26.0', revision: '8ccf0219d7'
System info: os.name: 'Windows 11', os.arch: 'amd64', os.version: '10.0', java.version: '21.0.10'
Driver info: org.openqa.selenium.chrome.ChromeDriver
Command: [00ae028b4a24fdcb51059faa45f79eb9, getAlertText {}]
Capabilities {acceptInsecureCerts: false, browserName: chrome, browserVersion: 149.0.7827.103, chrome: {chromedriverVersion: 149.0.7827.55 (3188f8a607ae..., userDataDir: C:\Users\Nina\AppData\Local...}, fedcm:accounts: true, goog:chromeOptions: {debuggerAddress: localhost:49795}, goog:processID: 23572, networkConnectionEnabled: false, pageLoadStrategy: normal, platformName: windows, proxy: Proxy(), se:cdp: ws://localhost:49795/devtoo..., se:cdpVersion: 149.0.7827.103, setWindowRect: true, strictFileInteractability: false, timeouts: {implicit: 0, pageLoad: 300000, script: 30000}, unhandledPromptBehavior: dismiss and notify, webauthn:extension:credBlob: true, webauthn:extension:largeBlob: true, webauthn:extension:minPinLength: true, webauthn:extension:prf: true, webauthn:virtualAuthenticators: true}
Session ID: 00ae028b4a24fdcb51059faa45f79eb9
23:03:13.490 INFO  manager.ListenerWD -- **********************
23:03:13.490 INFO  manager.ListenerWD -- Screen with error is --->src/test/screenshots/screen_1894.png
23:03:14.025 INFO  tests.TestBase -- Assert check is alert present with error test 'Phone not valid' 
23:03:14.062 INFO  tests.TestBase -- Assert check Add button is active
23:03:14.062 INFO  tests.TestBase -- ==============================================
23:03:14.069 INFO  tests.TestBase -- Name of method (test) -->addNewContactWrongPhone
23:03:14.069 INFO  tests.TestBase -- Test data --> name: Tony, lastName:Molly, phone: , email: molly@gmail.com, address: Haifa, description: empty phone
23:03:14.069 INFO  manager.ListenerWD -- Before find element-->By.cssSelector: a[href='/add']
23:03:14.093 INFO  manager.ListenerWD -- After find element-->By.cssSelector: a[href='/add']
23:03:14.105 INFO  manager.ListenerWD -- Location of element-->a
23:03:14.117 INFO  manager.ListenerWD -- Before click element-->atext -->ADD
23:03:14.165 INFO  manager.ListenerWD -- After click element-->a
23:03:14.166 INFO  manager.ListenerWD -- Before find element-->By.cssSelector: [placeholder='Name']
23:03:14.183 INFO  manager.ListenerWD -- After find element-->By.cssSelector: [placeholder='Name']
23:03:14.195 INFO  manager.ListenerWD -- Location of element-->input
23:03:14.214 INFO  manager.ListenerWD -- Before click element-->inputtext -->
23:03:14.274 INFO  manager.ListenerWD -- After click element-->input
23:03:14.301 INFO  manager.ListenerWD -- sendKeys -->
23:03:14.306 INFO  manager.ListenerWD -- sendKeys -->input
23:03:14.364 INFO  manager.ListenerWD -- sendKeys -->
23:03:14.364 INFO  manager.ListenerWD -- sendKeys -->input
23:03:14.393 INFO  manager.ListenerWD -- sendKeys -->
23:03:14.398 INFO  manager.ListenerWD -- sendKeys -->input
23:03:14.415 INFO  manager.ListenerWD -- Before find element-->By.cssSelector: [placeholder='Last Name']
23:03:14.435 INFO  manager.ListenerWD -- After find element-->By.cssSelector: [placeholder='Last Name']
23:03:14.438 INFO  manager.ListenerWD -- Location of element-->input
23:03:14.438 INFO  manager.ListenerWD -- Before click element-->inputtext -->
23:03:14.507 INFO  manager.ListenerWD -- After click element-->input
23:03:14.522 INFO  manager.ListenerWD -- sendKeys -->
23:03:14.530 INFO  manager.ListenerWD -- sendKeys -->input
23:03:14.559 INFO  manager.ListenerWD -- sendKeys -->
23:03:14.566 INFO  manager.ListenerWD -- sendKeys -->input
23:03:14.586 INFO  manager.ListenerWD -- sendKeys -->
23:03:14.588 INFO  manager.ListenerWD -- sendKeys -->input
23:03:14.599 INFO  manager.ListenerWD -- Before find element-->By.cssSelector: [placeholder='Phone']
23:03:14.608 INFO  manager.ListenerWD -- After find element-->By.cssSelector: [placeholder='Phone']
23:03:14.611 INFO  manager.ListenerWD -- Location of element-->input
23:03:14.614 INFO  manager.ListenerWD -- Before click element-->inputtext -->
23:03:14.637 INFO  manager.ListenerWD -- After click element-->input
23:03:14.650 INFO  manager.ListenerWD -- sendKeys -->
23:03:14.650 INFO  manager.ListenerWD -- sendKeys -->input
23:03:14.667 INFO  manager.ListenerWD -- sendKeys -->
23:03:14.669 INFO  manager.ListenerWD -- sendKeys -->input
23:03:14.680 INFO  manager.ListenerWD -- sendKeys -->
23:03:14.680 INFO  manager.ListenerWD -- sendKeys -->input
23:03:14.698 INFO  manager.ListenerWD -- Before find element-->By.cssSelector: [placeholder='email']
23:03:14.705 INFO  manager.ListenerWD -- After find element-->By.cssSelector: [placeholder='email']
23:03:14.710 INFO  manager.ListenerWD -- Location of element-->input
23:03:14.714 INFO  manager.ListenerWD -- Before click element-->inputtext -->
23:03:14.747 INFO  manager.ListenerWD -- After click element-->input
23:03:14.759 INFO  manager.ListenerWD -- sendKeys -->
23:03:14.759 INFO  manager.ListenerWD -- sendKeys -->input
23:03:14.777 INFO  manager.ListenerWD -- sendKeys -->
23:03:14.783 INFO  manager.ListenerWD -- sendKeys -->input
23:03:14.798 INFO  manager.ListenerWD -- sendKeys -->
23:03:14.799 INFO  manager.ListenerWD -- sendKeys -->input
23:03:14.807 INFO  manager.ListenerWD -- Before find element-->By.cssSelector: [placeholder='Address']
23:03:14.820 INFO  manager.ListenerWD -- After find element-->By.cssSelector: [placeholder='Address']
23:03:14.823 INFO  manager.ListenerWD -- Location of element-->input
23:03:14.828 INFO  manager.ListenerWD -- Before click element-->inputtext -->
23:03:14.850 INFO  manager.ListenerWD -- After click element-->input
23:03:14.866 INFO  manager.ListenerWD -- sendKeys -->
23:03:14.868 INFO  manager.ListenerWD -- sendKeys -->input
23:03:14.886 INFO  manager.ListenerWD -- sendKeys -->
23:03:14.892 INFO  manager.ListenerWD -- sendKeys -->input
23:03:14.904 INFO  manager.ListenerWD -- sendKeys -->
23:03:14.904 INFO  manager.ListenerWD -- sendKeys -->input
23:03:14.922 INFO  manager.ListenerWD -- Before find element-->By.cssSelector: [placeholder = 'description']
23:03:14.946 INFO  manager.ListenerWD -- After find element-->By.cssSelector: [placeholder = 'description']
23:03:14.970 INFO  manager.ListenerWD -- Location of element-->input
23:03:14.989 INFO  manager.ListenerWD -- Before click element-->inputtext -->
23:03:15.025 INFO  manager.ListenerWD -- After click element-->input
23:03:15.038 INFO  manager.ListenerWD -- sendKeys -->
23:03:15.054 INFO  manager.ListenerWD -- sendKeys -->input
23:03:15.079 INFO  manager.ListenerWD -- sendKeys -->
23:03:15.082 INFO  manager.ListenerWD -- sendKeys -->input
23:03:15.092 INFO  manager.ListenerWD -- sendKeys -->
23:03:15.092 INFO  manager.ListenerWD -- sendKeys -->input
23:03:15.108 INFO  manager.ListenerWD -- Before find element-->By.cssSelector: .add_form__2rsm2>button
23:03:15.116 INFO  manager.ListenerWD -- After find element-->By.cssSelector: .add_form__2rsm2>button
23:03:15.118 INFO  manager.ListenerWD -- Location of element-->button
23:03:15.124 INFO  manager.ListenerWD -- Before click element-->buttontext -->Save
23:03:15.153 INFO  manager.ListenerWD -- After click element-->button
23:03:15.160 INFO  manager.ListenerWD -- Huston, we have a problem!
23:03:15.160 INFO  manager.ListenerWD -- Failed method:alert
23:03:15.160 INFO  manager.ListenerWD -- **********************
23:03:15.160 INFO  manager.ListenerWD -- Arguments:null
23:03:15.160 INFO  manager.ListenerWD -- **********************
23:03:15.160 INFO  manager.ListenerWD -- Exception:NoAlertPresentException
23:03:15.160 INFO  manager.ListenerWD -- **********************
23:03:15.160 INFO  manager.ListenerWD -- Messageno such alert
  (Session info: chrome=149.0.7827.103)
Build info: version: '4.26.0', revision: '8ccf0219d7'
System info: os.name: 'Windows 11', os.arch: 'amd64', os.version: '10.0', java.version: '21.0.10'
Driver info: org.openqa.selenium.chrome.ChromeDriver
Command: [00ae028b4a24fdcb51059faa45f79eb9, getAlertText {}]
Capabilities {acceptInsecureCerts: false, browserName: chrome, browserVersion: 149.0.7827.103, chrome: {chromedriverVersion: 149.0.7827.55 (3188f8a607ae..., userDataDir: C:\Users\Nina\AppData\Local...}, fedcm:accounts: true, goog:chromeOptions: {debuggerAddress: localhost:49795}, goog:processID: 23572, networkConnectionEnabled: false, pageLoadStrategy: normal, platformName: windows, proxy: Proxy(), se:cdp: ws://localhost:49795/devtoo..., se:cdpVersion: 149.0.7827.103, setWindowRect: true, strictFileInteractability: false, timeouts: {implicit: 0, pageLoad: 300000, script: 30000}, unhandledPromptBehavior: dismiss and notify, webauthn:extension:credBlob: true, webauthn:extension:largeBlob: true, webauthn:extension:minPinLength: true, webauthn:extension:prf: true, webauthn:virtualAuthenticators: true}
Session ID: 00ae028b4a24fdcb51059faa45f79eb9
23:03:15.160 INFO  manager.ListenerWD -- **********************
23:03:15.160 INFO  manager.ListenerWD -- Screen with error is --->src/test/screenshots/screen_1924.png
23:03:15.693 INFO  tests.TestBase -- Assert check is alert present with error test 'Phone not valid' 
23:03:15.717 INFO  tests.TestBase -- Assert check Add button is active
23:03:15.722 INFO  tests.TestBase -- ==============================================
23:03:15.729 INFO  tests.TestBase -- Name of method (test) -->loginSuccess
23:03:15.759 INFO  manager.ListenerWD -- Before find element-->By.xpath: //button[text()='Sign Out']
23:03:15.783 INFO  manager.ListenerWD -- After find element-->By.xpath: //button[text()='Sign Out']
23:03:15.789 INFO  manager.ListenerWD -- Location of element-->button
23:03:15.795 INFO  manager.ListenerWD -- Before click element-->buttontext -->Sign Out
23:03:15.827 INFO  tests.TestBase -- Before method finished logout
23:03:15.831 INFO  tests.TestBase -- Start test with name 'loginSuccess'
23:03:15.831 INFO  tests.TestBase -- Test data ---> email: lolik@gmail.com & password: Lolik123!
23:03:15.831 INFO  manager.ListenerWD -- Before find element-->By.cssSelector: a[href='/login']
23:03:15.847 INFO  manager.ListenerWD -- After find element-->By.cssSelector: a[href='/login']
23:03:15.847 INFO  manager.ListenerWD -- Location of element-->a
23:03:15.847 INFO  manager.ListenerWD -- Before click element-->atext -->LOGIN
23:03:15.946 INFO  manager.ListenerWD -- After click element-->a
23:03:15.946 INFO  manager.HelperBase -- Open form by ckick on button with locator a[href='/login']
23:03:15.946 INFO  manager.ListenerWD -- Before find element-->By.name: email
23:03:15.961 INFO  manager.ListenerWD -- After find element-->By.name: email
23:03:15.966 INFO  manager.ListenerWD -- Location of element-->input
23:03:15.970 INFO  manager.ListenerWD -- Before click element-->inputtext -->
23:03:16.004 INFO  manager.ListenerWD -- After click element-->input
23:03:16.019 INFO  manager.ListenerWD -- sendKeys -->
23:03:16.021 INFO  manager.ListenerWD -- sendKeys -->input
23:03:16.035 INFO  manager.ListenerWD -- sendKeys -->
23:03:16.036 INFO  manager.ListenerWD -- sendKeys -->input
23:03:16.051 INFO  manager.ListenerWD -- sendKeys -->
23:03:16.053 INFO  manager.ListenerWD -- sendKeys -->input
23:03:16.070 INFO  manager.HelperBase -- type in input with locator By.name("email") 
23:03:16.070 INFO  manager.ListenerWD -- Before find element-->By.xpath: //input[@placeholder='Password']
23:03:16.085 INFO  manager.ListenerWD -- After find element-->By.xpath: //input[@placeholder='Password']
23:03:16.099 INFO  manager.ListenerWD -- Location of element-->input
23:03:16.117 INFO  manager.ListenerWD -- Before click element-->inputtext -->
23:03:16.143 INFO  manager.ListenerWD -- After click element-->input
23:03:16.156 INFO  manager.ListenerWD -- sendKeys -->
23:03:16.158 INFO  manager.ListenerWD -- sendKeys -->input
23:03:16.172 INFO  manager.ListenerWD -- sendKeys -->
23:03:16.174 INFO  manager.ListenerWD -- sendKeys -->input
23:03:16.185 INFO  manager.ListenerWD -- sendKeys -->
23:03:16.189 INFO  manager.ListenerWD -- sendKeys -->input
23:03:16.201 INFO  manager.ListenerWD -- Before find element-->By.xpath: //button[text()='Login']
23:03:16.225 INFO  manager.ListenerWD -- After find element-->By.xpath: //button[text()='Login']
23:03:16.225 INFO  manager.ListenerWD -- Location of element-->button
23:03:16.231 INFO  manager.ListenerWD -- Before click element-->buttontext -->Login
23:03:16.664 INFO  tests.TestBase -- Assert check is element button 'Sign out' present
23:03:16.666 INFO  tests.TestBase -- ==============================================
23:03:16.666 INFO  tests.TestBase -- Name of method (test) -->loginSuccess
23:03:16.694 INFO  manager.ListenerWD -- Before find element-->By.xpath: //button[text()='Sign Out']
23:03:16.744 INFO  manager.ListenerWD -- After find element-->By.xpath: //button[text()='Sign Out']
23:03:16.756 INFO  manager.ListenerWD -- Location of element-->button
23:03:16.758 INFO  manager.ListenerWD -- Before click element-->buttontext -->Sign Out
23:03:16.821 INFO  tests.TestBase -- Before method finished logout
23:03:16.827 INFO  tests.TestBase -- Start test with name 'loginSuccess'
23:03:16.827 INFO  tests.TestBase -- Test data ---> email: sonya@gmail.com & password: Ss12345$
23:03:16.828 INFO  manager.ListenerWD -- Before find element-->By.cssSelector: a[href='/login']
23:03:16.848 INFO  manager.ListenerWD -- After find element-->By.cssSelector: a[href='/login']
23:03:16.864 INFO  manager.ListenerWD -- Location of element-->a
23:03:16.930 INFO  manager.ListenerWD -- Before click element-->atext -->LOGIN
23:03:17.086 INFO  manager.ListenerWD -- After click element-->a
23:03:17.086 INFO  manager.HelperBase -- Open form by ckick on button with locator a[href='/login']
23:03:17.086 INFO  manager.ListenerWD -- Before find element-->By.name: email
23:03:17.117 INFO  manager.ListenerWD -- After find element-->By.name: email
23:03:17.148 INFO  manager.ListenerWD -- Location of element-->input
23:03:17.180 INFO  manager.ListenerWD -- Before click element-->inputtext -->
23:03:17.261 INFO  manager.ListenerWD -- After click element-->input
23:03:17.277 INFO  manager.ListenerWD -- sendKeys -->
23:03:17.278 INFO  manager.ListenerWD -- sendKeys -->input
23:03:17.291 INFO  manager.ListenerWD -- sendKeys -->
23:03:17.294 INFO  manager.ListenerWD -- sendKeys -->input
23:03:17.305 INFO  manager.ListenerWD -- sendKeys -->
23:03:17.310 INFO  manager.ListenerWD -- sendKeys -->input
23:03:17.334 INFO  manager.HelperBase -- type in input with locator By.name("email") 
23:03:17.334 INFO  manager.ListenerWD -- Before find element-->By.xpath: //input[@placeholder='Password']
23:03:17.352 INFO  manager.ListenerWD -- After find element-->By.xpath: //input[@placeholder='Password']
23:03:17.352 INFO  manager.ListenerWD -- Location of element-->input
23:03:17.364 INFO  manager.ListenerWD -- Before click element-->inputtext -->
23:03:17.384 INFO  manager.ListenerWD -- After click element-->input
23:03:17.398 INFO  manager.ListenerWD -- sendKeys -->
23:03:17.400 INFO  manager.ListenerWD -- sendKeys -->input
23:03:17.414 INFO  manager.ListenerWD -- sendKeys -->
23:03:17.415 INFO  manager.ListenerWD -- sendKeys -->input
23:03:17.425 INFO  manager.ListenerWD -- sendKeys -->
23:03:17.431 INFO  manager.ListenerWD -- sendKeys -->input
23:03:17.442 INFO  manager.ListenerWD -- Before find element-->By.xpath: //button[text()='Login']
23:03:17.452 INFO  manager.ListenerWD -- After find element-->By.xpath: //button[text()='Login']
23:03:17.461 INFO  manager.ListenerWD -- Location of element-->button
23:03:17.499 INFO  manager.ListenerWD -- Before click element-->buttontext -->Login
23:03:17.996 INFO  tests.TestBase -- Assert check is element button 'Sign out' present
23:03:18.000 INFO  tests.TestBase -- ==============================================
23:03:18.001 INFO  tests.TestBase -- Name of method (test) -->loginSuccess
23:03:18.048 INFO  manager.ListenerWD -- Before find element-->By.xpath: //button[text()='Sign Out']
23:03:18.061 INFO  manager.ListenerWD -- After find element-->By.xpath: //button[text()='Sign Out']
23:03:18.065 INFO  manager.ListenerWD -- Location of element-->button
23:03:18.065 INFO  manager.ListenerWD -- Before click element-->buttontext -->Sign Out
23:03:18.097 INFO  tests.TestBase -- Before method finished logout
23:03:18.100 INFO  tests.TestBase -- Start test with name 'loginSuccess'
23:03:18.100 INFO  tests.TestBase -- Test data ---> email: art276@art.com & password: $Art1$2$3456789
23:03:18.100 INFO  manager.ListenerWD -- Before find element-->By.cssSelector: a[href='/login']
23:03:18.157 INFO  manager.ListenerWD -- After find element-->By.cssSelector: a[href='/login']
23:03:18.184 INFO  manager.ListenerWD -- Location of element-->a
23:03:18.223 INFO  manager.ListenerWD -- Before click element-->atext -->LOGIN
23:03:18.258 INFO  manager.ListenerWD -- After click element-->a
23:03:18.258 INFO  manager.HelperBase -- Open form by ckick on button with locator a[href='/login']
23:03:18.258 INFO  manager.ListenerWD -- Before find element-->By.name: email
23:03:18.272 INFO  manager.ListenerWD -- After find element-->By.name: email
23:03:18.276 INFO  manager.ListenerWD -- Location of element-->input
23:03:18.290 INFO  manager.ListenerWD -- Before click element-->inputtext -->
23:03:18.334 INFO  manager.ListenerWD -- After click element-->input
23:03:18.347 INFO  manager.ListenerWD -- sendKeys -->
23:03:18.349 INFO  manager.ListenerWD -- sendKeys -->input
23:03:18.364 INFO  manager.ListenerWD -- sendKeys -->
23:03:18.366 INFO  manager.ListenerWD -- sendKeys -->input
23:03:18.376 INFO  manager.ListenerWD -- sendKeys -->
23:03:18.376 INFO  manager.ListenerWD -- sendKeys -->input
23:03:18.395 INFO  manager.HelperBase -- type in input with locator By.name("email") 
23:03:18.395 INFO  manager.ListenerWD -- Before find element-->By.xpath: //input[@placeholder='Password']
23:03:18.403 INFO  manager.ListenerWD -- After find element-->By.xpath: //input[@placeholder='Password']
23:03:18.405 INFO  manager.ListenerWD -- Location of element-->input
23:03:18.411 INFO  manager.ListenerWD -- Before click element-->inputtext -->
23:03:18.431 INFO  manager.ListenerWD -- After click element-->input
23:03:18.448 INFO  manager.ListenerWD -- sendKeys -->
23:03:18.449 INFO  manager.ListenerWD -- sendKeys -->input
23:03:18.462 INFO  manager.ListenerWD -- sendKeys -->
23:03:18.464 INFO  manager.ListenerWD -- sendKeys -->input
23:03:18.481 INFO  manager.ListenerWD -- sendKeys -->
23:03:18.487 INFO  manager.ListenerWD -- sendKeys -->input
23:03:18.498 INFO  manager.ListenerWD -- Before find element-->By.xpath: //button[text()='Login']
23:03:18.510 INFO  manager.ListenerWD -- After find element-->By.xpath: //button[text()='Login']
23:03:18.513 INFO  manager.ListenerWD -- Location of element-->button
23:03:18.518 INFO  manager.ListenerWD -- Before click element-->buttontext -->Login
23:03:18.871 INFO  tests.TestBase -- Assert check is element button 'Sign out' present
23:03:18.871 INFO  tests.TestBase -- ==============================================
23:03:18.871 INFO  tests.TestBase -- Name of method (test) -->loginSuccess1
23:03:18.919 INFO  manager.ListenerWD -- Before find element-->By.xpath: //button[text()='Sign Out']
23:03:18.935 INFO  manager.ListenerWD -- After find element-->By.xpath: //button[text()='Sign Out']
23:03:18.944 INFO  manager.ListenerWD -- Location of element-->button
23:03:18.967 INFO  manager.ListenerWD -- Before click element-->buttontext -->Sign Out
23:03:19.059 INFO  tests.TestBase -- Before method finished logout
23:03:19.063 INFO  manager.ListenerWD -- Before find element-->By.cssSelector: a[href='/login']
23:03:19.089 INFO  manager.ListenerWD -- After find element-->By.cssSelector: a[href='/login']
23:03:19.105 INFO  manager.ListenerWD -- Location of element-->a
23:03:19.150 INFO  manager.ListenerWD -- Before click element-->atext -->LOGIN
23:03:19.238 INFO  manager.ListenerWD -- After click element-->a
23:03:19.238 INFO  manager.HelperBase -- Open form by ckick on button with locator a[href='/login']
23:03:19.238 INFO  manager.ListenerWD -- Before find element-->By.name: email
23:03:19.245 INFO  manager.ListenerWD -- After find element-->By.name: email
23:03:19.248 INFO  manager.ListenerWD -- Location of element-->input
23:03:19.254 INFO  manager.ListenerWD -- Before click element-->inputtext -->
23:03:19.286 INFO  manager.ListenerWD -- After click element-->input
23:03:19.298 INFO  manager.ListenerWD -- sendKeys -->
23:03:19.301 INFO  manager.ListenerWD -- sendKeys -->input
23:03:19.315 INFO  manager.ListenerWD -- sendKeys -->
23:03:19.317 INFO  manager.ListenerWD -- sendKeys -->input
23:03:19.334 INFO  manager.ListenerWD -- sendKeys -->
23:03:19.336 INFO  manager.ListenerWD -- sendKeys -->input
23:03:19.347 INFO  manager.ListenerWD -- Before find element-->By.xpath: //input[@placeholder='Password']
23:03:19.358 INFO  manager.ListenerWD -- After find element-->By.xpath: //input[@placeholder='Password']
23:03:19.361 INFO  manager.ListenerWD -- Location of element-->input
23:03:19.370 INFO  manager.ListenerWD -- Before click element-->inputtext -->
23:03:19.406 INFO  manager.ListenerWD -- After click element-->input
23:03:19.418 INFO  manager.ListenerWD -- sendKeys -->
23:03:19.418 INFO  manager.ListenerWD -- sendKeys -->input
23:03:19.432 INFO  manager.ListenerWD -- sendKeys -->
23:03:19.438 INFO  manager.ListenerWD -- sendKeys -->input
23:03:19.449 INFO  manager.ListenerWD -- sendKeys -->
23:03:19.449 INFO  manager.ListenerWD -- sendKeys -->input
23:03:19.465 INFO  manager.ListenerWD -- Before find element-->By.xpath: //button[text()='Login']
23:03:19.473 INFO  manager.ListenerWD -- After find element-->By.xpath: //button[text()='Login']
23:03:19.476 INFO  manager.ListenerWD -- Location of element-->button
23:03:19.480 INFO  manager.ListenerWD -- Before click element-->buttontext -->Login
23:03:19.789 INFO  tests.TestBase -- ==============================================
23:03:19.790 INFO  tests.TestBase -- Name of method (test) -->loginSuccessModel
23:03:19.846 INFO  manager.ListenerWD -- Before find element-->By.xpath: //button[text()='Sign Out']
23:03:19.869 INFO  manager.ListenerWD -- After find element-->By.xpath: //button[text()='Sign Out']
23:03:19.901 INFO  manager.ListenerWD -- Location of element-->button
23:03:19.942 INFO  manager.ListenerWD -- Before click element-->buttontext -->Sign Out
23:03:20.021 INFO  tests.TestBase -- Before method finished logout
23:03:20.025 INFO  tests.TestBase -- Test data---> User{email='lolik@gmail.com', password='Lolik123!'}
23:03:20.025 INFO  manager.ListenerWD -- Before find element-->By.cssSelector: a[href='/login']
23:03:20.046 INFO  manager.ListenerWD -- After find element-->By.cssSelector: a[href='/login']
23:03:20.073 INFO  manager.ListenerWD -- Location of element-->a
23:03:20.205 INFO  manager.ListenerWD -- Before click element-->atext -->LOGIN
23:03:20.253 INFO  manager.ListenerWD -- After click element-->a
23:03:20.253 INFO  manager.HelperBase -- Open form by ckick on button with locator a[href='/login']
23:03:20.253 INFO  manager.ListenerWD -- Before find element-->By.name: email
23:03:20.262 INFO  manager.ListenerWD -- After find element-->By.name: email
23:03:20.277 INFO  manager.ListenerWD -- Location of element-->input
23:03:20.293 INFO  manager.ListenerWD -- Before click element-->inputtext -->
23:03:20.349 INFO  manager.ListenerWD -- After click element-->input
23:03:20.363 INFO  manager.ListenerWD -- sendKeys -->
23:03:20.364 INFO  manager.ListenerWD -- sendKeys -->input
23:03:20.378 INFO  manager.ListenerWD -- sendKeys -->
23:03:20.380 INFO  manager.ListenerWD -- sendKeys -->input
23:03:20.396 INFO  manager.ListenerWD -- sendKeys -->
23:03:20.397 INFO  manager.ListenerWD -- sendKeys -->input
23:03:20.419 INFO  manager.ListenerWD -- Before find element-->By.xpath: //input[@placeholder='Password']
23:03:20.455 INFO  manager.ListenerWD -- After find element-->By.xpath: //input[@placeholder='Password']
23:03:20.467 INFO  manager.ListenerWD -- Location of element-->input
23:03:20.480 INFO  manager.ListenerWD -- Before click element-->inputtext -->
23:03:20.529 INFO  manager.ListenerWD -- After click element-->input
23:03:20.547 INFO  manager.ListenerWD -- sendKeys -->
23:03:20.552 INFO  manager.ListenerWD -- sendKeys -->input
23:03:20.602 INFO  manager.ListenerWD -- sendKeys -->
23:03:20.608 INFO  manager.ListenerWD -- sendKeys -->input
23:03:20.646 INFO  manager.ListenerWD -- sendKeys -->
23:03:20.651 INFO  manager.ListenerWD -- sendKeys -->input
23:03:20.667 INFO  manager.ListenerWD -- Before find element-->By.xpath: //button[text()='Login']
23:03:20.679 INFO  manager.ListenerWD -- After find element-->By.xpath: //button[text()='Login']
23:03:20.682 INFO  manager.ListenerWD -- Location of element-->button
23:03:20.690 INFO  manager.ListenerWD -- Before click element-->buttontext -->Login
23:03:21.013 INFO  tests.TestBase -- Assert check is element button 'Sign out' present
23:03:21.029 INFO  tests.TestBase -- ==============================================
23:03:21.029 INFO  tests.TestBase -- Name of method (test) -->loginSuccessModel
23:03:21.048 INFO  manager.ListenerWD -- Before find element-->By.xpath: //button[text()='Sign Out']
23:03:21.076 INFO  manager.ListenerWD -- After find element-->By.xpath: //button[text()='Sign Out']
23:03:21.076 INFO  manager.ListenerWD -- Location of element-->button
23:03:21.086 INFO  manager.ListenerWD -- Before click element-->buttontext -->Sign Out
23:03:21.114 INFO  tests.TestBase -- Before method finished logout
23:03:21.118 INFO  tests.TestBase -- Test data---> User{email='sonya@gmail.com', password='Ss12345$'}
23:03:21.118 INFO  manager.ListenerWD -- Before find element-->By.cssSelector: a[href='/login']
23:03:21.128 INFO  manager.ListenerWD -- After find element-->By.cssSelector: a[href='/login']
23:03:21.160 INFO  manager.ListenerWD -- Location of element-->a
23:03:21.288 INFO  manager.ListenerWD -- Before click element-->atext -->LOGIN
23:03:21.348 INFO  manager.ListenerWD -- After click element-->a
23:03:21.348 INFO  manager.HelperBase -- Open form by ckick on button with locator a[href='/login']
23:03:21.348 INFO  manager.ListenerWD -- Before find element-->By.name: email
23:03:21.369 INFO  manager.ListenerWD -- After find element-->By.name: email
23:03:21.369 INFO  manager.ListenerWD -- Location of element-->input
23:03:21.384 INFO  manager.ListenerWD -- Before click element-->inputtext -->
23:03:21.444 INFO  manager.ListenerWD -- After click element-->input
23:03:21.457 INFO  manager.ListenerWD -- sendKeys -->
23:03:21.459 INFO  manager.ListenerWD -- sendKeys -->input
23:03:21.477 INFO  manager.ListenerWD -- sendKeys -->
23:03:21.479 INFO  manager.ListenerWD -- sendKeys -->input
23:03:21.495 INFO  manager.ListenerWD -- sendKeys -->
23:03:21.497 INFO  manager.ListenerWD -- sendKeys -->input
23:03:21.511 INFO  manager.ListenerWD -- Before find element-->By.xpath: //input[@placeholder='Password']
23:03:21.521 INFO  manager.ListenerWD -- After find element-->By.xpath: //input[@placeholder='Password']
23:03:21.524 INFO  manager.ListenerWD -- Location of element-->input
23:03:21.528 INFO  manager.ListenerWD -- Before click element-->inputtext -->
23:03:21.552 INFO  manager.ListenerWD -- After click element-->input
23:03:21.564 INFO  manager.ListenerWD -- sendKeys -->
23:03:21.564 INFO  manager.ListenerWD -- sendKeys -->input
23:03:21.577 INFO  manager.ListenerWD -- sendKeys -->
23:03:21.582 INFO  manager.ListenerWD -- sendKeys -->input
23:03:21.594 INFO  manager.ListenerWD -- sendKeys -->
23:03:21.594 INFO  manager.ListenerWD -- sendKeys -->input
23:03:21.609 INFO  manager.ListenerWD -- Before find element-->By.xpath: //button[text()='Login']
23:03:21.613 INFO  manager.ListenerWD -- After find element-->By.xpath: //button[text()='Login']
23:03:21.619 INFO  manager.ListenerWD -- Location of element-->button
23:03:21.625 INFO  manager.ListenerWD -- Before click element-->buttontext -->Login
23:03:21.941 INFO  tests.TestBase -- Assert check is element button 'Sign out' present
23:03:21.941 INFO  tests.TestBase -- ==============================================
23:03:21.944 INFO  tests.TestBase -- Name of method (test) -->loginSuccessModelDPF
23:03:21.988 INFO  manager.ListenerWD -- Before find element-->By.xpath: //button[text()='Sign Out']
23:03:22.002 INFO  manager.ListenerWD -- After find element-->By.xpath: //button[text()='Sign Out']
23:03:22.002 INFO  manager.ListenerWD -- Location of element-->button
23:03:22.002 INFO  manager.ListenerWD -- Before click element-->buttontext -->Sign Out
23:03:22.038 INFO  tests.TestBase -- Before method finished logout
23:03:22.043 INFO  tests.TestBase -- Test data---> User{email='lolik@gmail.com', password='Lolik123!'}
23:03:22.044 INFO  manager.ListenerWD -- Before find element-->By.cssSelector: a[href='/login']
23:03:22.049 INFO  manager.ListenerWD -- After find element-->By.cssSelector: a[href='/login']
23:03:22.049 INFO  manager.ListenerWD -- Location of element-->a
23:03:22.049 INFO  manager.ListenerWD -- Before click element-->atext -->LOGIN
23:03:22.081 INFO  manager.ListenerWD -- After click element-->a
23:03:22.081 INFO  manager.HelperBase -- Open form by ckick on button with locator a[href='/login']
23:03:22.081 INFO  manager.ListenerWD -- Before find element-->By.name: email
23:03:22.088 INFO  manager.ListenerWD -- After find element-->By.name: email
23:03:22.091 INFO  manager.ListenerWD -- Location of element-->input
23:03:22.095 INFO  manager.ListenerWD -- Before click element-->inputtext -->
23:03:22.128 INFO  manager.ListenerWD -- After click element-->input
23:03:22.149 INFO  manager.ListenerWD -- sendKeys -->
23:03:22.163 INFO  manager.ListenerWD -- sendKeys -->input
23:03:22.177 INFO  manager.ListenerWD -- sendKeys -->
23:03:22.180 INFO  manager.ListenerWD -- sendKeys -->input
23:03:22.189 INFO  manager.ListenerWD -- sendKeys -->
23:03:22.196 INFO  manager.ListenerWD -- sendKeys -->input
23:03:22.213 INFO  manager.ListenerWD -- Before find element-->By.xpath: //input[@placeholder='Password']
23:03:22.243 INFO  manager.ListenerWD -- After find element-->By.xpath: //input[@placeholder='Password']
23:03:22.250 INFO  manager.ListenerWD -- Location of element-->input
23:03:22.261 INFO  manager.ListenerWD -- Before click element-->inputtext -->
23:03:22.309 INFO  manager.ListenerWD -- After click element-->input
23:03:22.333 INFO  manager.ListenerWD -- sendKeys -->
23:03:22.333 INFO  manager.ListenerWD -- sendKeys -->input
23:03:22.363 INFO  manager.ListenerWD -- sendKeys -->
23:03:22.368 INFO  manager.ListenerWD -- sendKeys -->input
23:03:22.414 INFO  manager.ListenerWD -- sendKeys -->
23:03:22.414 INFO  manager.ListenerWD -- sendKeys -->input
23:03:22.436 INFO  manager.ListenerWD -- Before find element-->By.xpath: //button[text()='Login']
23:03:22.452 INFO  manager.ListenerWD -- After find element-->By.xpath: //button[text()='Login']
23:03:22.456 INFO  manager.ListenerWD -- Location of element-->button
23:03:22.461 INFO  manager.ListenerWD -- Before click element-->buttontext -->Login
23:03:22.825 INFO  tests.TestBase -- Assert check is element button 'Sign out' present
23:03:22.825 INFO  tests.TestBase -- ==============================================
23:03:22.841 INFO  tests.TestBase -- Name of method (test) -->loginSuccessModelDPF
23:03:22.857 INFO  manager.ListenerWD -- Before find element-->By.xpath: //button[text()='Sign Out']
23:03:22.889 INFO  manager.ListenerWD -- After find element-->By.xpath: //button[text()='Sign Out']
23:03:22.889 INFO  manager.ListenerWD -- Location of element-->button
23:03:22.905 INFO  manager.ListenerWD -- Before click element-->buttontext -->Sign Out
23:03:22.941 INFO  tests.TestBase -- Before method finished logout
23:03:22.948 INFO  tests.TestBase -- Test data---> User{email='sonya@gmail.com', password='Ss12345$'}
23:03:22.948 INFO  manager.ListenerWD -- Before find element-->By.cssSelector: a[href='/login']
23:03:22.968 INFO  manager.ListenerWD -- After find element-->By.cssSelector: a[href='/login']
23:03:22.968 INFO  manager.ListenerWD -- Location of element-->a
23:03:22.984 INFO  manager.ListenerWD -- Before click element-->atext -->LOGIN
23:03:23.011 INFO  manager.ListenerWD -- After click element-->a
23:03:23.011 INFO  manager.HelperBase -- Open form by ckick on button with locator a[href='/login']
23:03:23.011 INFO  manager.ListenerWD -- Before find element-->By.name: email
23:03:23.018 INFO  manager.ListenerWD -- After find element-->By.name: email
23:03:23.021 INFO  manager.ListenerWD -- Location of element-->input
23:03:23.025 INFO  manager.ListenerWD -- Before click element-->inputtext -->
23:03:23.061 INFO  manager.ListenerWD -- After click element-->input
23:03:23.073 INFO  manager.ListenerWD -- sendKeys -->
23:03:23.073 INFO  manager.ListenerWD -- sendKeys -->input
23:03:23.097 INFO  manager.ListenerWD -- sendKeys -->
23:03:23.099 INFO  manager.ListenerWD -- sendKeys -->input
23:03:23.110 INFO  manager.ListenerWD -- sendKeys -->
23:03:23.115 INFO  manager.ListenerWD -- sendKeys -->input
23:03:23.135 INFO  manager.ListenerWD -- Before find element-->By.xpath: //input[@placeholder='Password']
23:03:23.147 INFO  manager.ListenerWD -- After find element-->By.xpath: //input[@placeholder='Password']
23:03:23.151 INFO  manager.ListenerWD -- Location of element-->input
23:03:23.156 INFO  manager.ListenerWD -- Before click element-->inputtext -->
23:03:23.189 INFO  manager.ListenerWD -- After click element-->input
23:03:23.205 INFO  manager.ListenerWD -- sendKeys -->
23:03:23.208 INFO  manager.ListenerWD -- sendKeys -->input
23:03:23.224 INFO  manager.ListenerWD -- sendKeys -->
23:03:23.227 INFO  manager.ListenerWD -- sendKeys -->input
23:03:23.237 INFO  manager.ListenerWD -- sendKeys -->
23:03:23.242 INFO  manager.ListenerWD -- sendKeys -->input
23:03:23.254 INFO  manager.ListenerWD -- Before find element-->By.xpath: //button[text()='Login']
23:03:23.262 INFO  manager.ListenerWD -- After find element-->By.xpath: //button[text()='Login']
23:03:23.264 INFO  manager.ListenerWD -- Location of element-->button
23:03:23.269 INFO  manager.ListenerWD -- Before click element-->buttontext -->Login
23:03:23.615 INFO  tests.TestBase -- Assert check is element button 'Sign out' present
23:03:23.643 INFO  tests.TestBase -- ==============================================
23:03:23.643 INFO  tests.TestBase -- Name of method (test) -->loginSuccessModelDPF
23:03:23.675 INFO  manager.ListenerWD -- Before find element-->By.xpath: //button[text()='Sign Out']
23:03:23.706 INFO  manager.ListenerWD -- After find element-->By.xpath: //button[text()='Sign Out']
23:03:23.722 INFO  manager.ListenerWD -- Location of element-->button
23:03:23.747 INFO  manager.ListenerWD -- Before click element-->buttontext -->Sign Out
23:03:23.806 INFO  tests.TestBase -- Before method finished logout
23:03:23.809 INFO  tests.TestBase -- Test data---> User{email='lolik@gmail.com', password='Lolik123!'}
23:03:23.809 INFO  manager.ListenerWD -- Before find element-->By.cssSelector: a[href='/login']
23:03:23.818 INFO  manager.ListenerWD -- After find element-->By.cssSelector: a[href='/login']
23:03:23.818 INFO  manager.ListenerWD -- Location of element-->a
23:03:23.852 INFO  manager.ListenerWD -- Before click element-->atext -->LOGIN
23:03:23.929 INFO  manager.ListenerWD -- After click element-->a
23:03:23.929 INFO  manager.HelperBase -- Open form by ckick on button with locator a[href='/login']
23:03:23.930 INFO  manager.ListenerWD -- Before find element-->By.name: email
23:03:23.942 INFO  manager.ListenerWD -- After find element-->By.name: email
23:03:23.947 INFO  manager.ListenerWD -- Location of element-->input
23:03:23.956 INFO  manager.ListenerWD -- Before click element-->inputtext -->
23:03:24.004 INFO  manager.ListenerWD -- After click element-->input
23:03:24.027 INFO  manager.ListenerWD -- sendKeys -->
23:03:24.032 INFO  manager.ListenerWD -- sendKeys -->input
23:03:24.054 INFO  manager.ListenerWD -- sendKeys -->
23:03:24.057 INFO  manager.ListenerWD -- sendKeys -->input
23:03:24.095 INFO  manager.ListenerWD -- sendKeys -->
23:03:24.098 INFO  manager.ListenerWD -- sendKeys -->input
23:03:24.112 INFO  manager.ListenerWD -- Before find element-->By.xpath: //input[@placeholder='Password']
23:03:24.120 INFO  manager.ListenerWD -- After find element-->By.xpath: //input[@placeholder='Password']
23:03:24.123 INFO  manager.ListenerWD -- Location of element-->input
23:03:24.128 INFO  manager.ListenerWD -- Before click element-->inputtext -->
23:03:24.152 INFO  manager.ListenerWD -- After click element-->input
23:03:24.165 INFO  manager.ListenerWD -- sendKeys -->
23:03:24.167 INFO  manager.ListenerWD -- sendKeys -->input
23:03:24.182 INFO  manager.ListenerWD -- sendKeys -->
23:03:24.184 INFO  manager.ListenerWD -- sendKeys -->input
23:03:24.198 INFO  manager.ListenerWD -- sendKeys -->
23:03:24.200 INFO  manager.ListenerWD -- sendKeys -->input
23:03:24.212 INFO  manager.ListenerWD -- Before find element-->By.xpath: //button[text()='Login']
23:03:24.222 INFO  manager.ListenerWD -- After find element-->By.xpath: //button[text()='Login']
23:03:24.225 INFO  manager.ListenerWD -- Location of element-->button
23:03:24.230 INFO  manager.ListenerWD -- Before click element-->buttontext -->Login
23:03:24.572 INFO  tests.TestBase -- Assert check is element button 'Sign out' present
23:03:24.572 INFO  tests.TestBase -- ==============================================
23:03:24.585 INFO  tests.TestBase -- Name of method (test) -->loginUnregisteredUser
23:03:24.632 INFO  manager.ListenerWD -- Before find element-->By.xpath: //button[text()='Sign Out']
23:03:24.654 INFO  manager.ListenerWD -- After find element-->By.xpath: //button[text()='Sign Out']
23:03:24.664 INFO  manager.ListenerWD -- Location of element-->button
23:03:24.712 INFO  manager.ListenerWD -- Before click element-->buttontext -->Sign Out
23:03:24.750 INFO  tests.TestBase -- Before method finished logout
23:03:24.753 INFO  tests.TestBase -- Test data --> email:'loli_k@mail.ru & password: Lolik123!
23:03:24.753 INFO  manager.ListenerWD -- Before find element-->By.cssSelector: a[href='/login']
23:03:24.764 INFO  manager.ListenerWD -- After find element-->By.cssSelector: a[href='/login']
23:03:24.764 INFO  manager.ListenerWD -- Location of element-->a
23:03:24.780 INFO  manager.ListenerWD -- Before click element-->atext -->LOGIN
23:03:24.803 INFO  manager.ListenerWD -- After click element-->a
23:03:24.803 INFO  manager.HelperBase -- Open form by ckick on button with locator a[href='/login']
23:03:24.803 INFO  manager.ListenerWD -- Before find element-->By.name: email
23:03:24.811 INFO  manager.ListenerWD -- After find element-->By.name: email
23:03:24.824 INFO  manager.ListenerWD -- Location of element-->input
23:03:24.824 INFO  manager.ListenerWD -- Before click element-->inputtext -->
23:03:24.863 INFO  manager.ListenerWD -- After click element-->input
23:03:24.876 INFO  manager.ListenerWD -- sendKeys -->
23:03:24.877 INFO  manager.ListenerWD -- sendKeys -->input
23:03:24.891 INFO  manager.ListenerWD -- sendKeys -->
23:03:24.892 INFO  manager.ListenerWD -- sendKeys -->input
23:03:24.904 INFO  manager.ListenerWD -- sendKeys -->
23:03:24.909 INFO  manager.ListenerWD -- sendKeys -->input
23:03:24.928 INFO  manager.HelperBase -- type in input with locator By.name("email") 
23:03:24.928 INFO  manager.ListenerWD -- Before find element-->By.xpath: //input[@placeholder='Password']
23:03:24.941 INFO  manager.ListenerWD -- After find element-->By.xpath: //input[@placeholder='Password']
23:03:24.958 INFO  manager.ListenerWD -- Location of element-->input
23:03:24.982 INFO  manager.ListenerWD -- Before click element-->inputtext -->
23:03:25.015 INFO  manager.ListenerWD -- After click element-->input
23:03:25.025 INFO  manager.ListenerWD -- sendKeys -->
23:03:25.025 INFO  manager.ListenerWD -- sendKeys -->input
23:03:25.042 INFO  manager.ListenerWD -- sendKeys -->
23:03:25.043 INFO  manager.ListenerWD -- sendKeys -->input
23:03:25.055 INFO  manager.ListenerWD -- sendKeys -->
23:03:25.055 INFO  manager.ListenerWD -- sendKeys -->input
23:03:25.071 INFO  manager.ListenerWD -- Before find element-->By.xpath: //button[text()='Login']
23:03:25.097 INFO  manager.ListenerWD -- After find element-->By.xpath: //button[text()='Login']
23:03:25.097 INFO  manager.ListenerWD -- Location of element-->button
23:03:25.104 INFO  manager.ListenerWD -- Before click element-->buttontext -->Login
23:03:25.135 INFO  manager.ListenerWD -- Huston, we have a problem!
23:03:25.135 INFO  manager.ListenerWD -- Failed method:alert
23:03:25.135 INFO  manager.ListenerWD -- **********************
23:03:25.135 INFO  manager.ListenerWD -- Arguments:null
23:03:25.135 INFO  manager.ListenerWD -- **********************
23:03:25.135 INFO  manager.ListenerWD -- Exception:NoAlertPresentException
23:03:25.135 INFO  manager.ListenerWD -- **********************
23:03:25.135 INFO  manager.ListenerWD -- Messageno such alert
  (Session info: chrome=149.0.7827.103)
Build info: version: '4.26.0', revision: '8ccf0219d7'
System info: os.name: 'Windows 11', os.arch: 'amd64', os.version: '10.0', java.version: '21.0.10'
Driver info: org.openqa.selenium.chrome.ChromeDriver
Command: [00ae028b4a24fdcb51059faa45f79eb9, getAlertText {}]
Capabilities {acceptInsecureCerts: false, browserName: chrome, browserVersion: 149.0.7827.103, chrome: {chromedriverVersion: 149.0.7827.55 (3188f8a607ae..., userDataDir: C:\Users\Nina\AppData\Local...}, fedcm:accounts: true, goog:chromeOptions: {debuggerAddress: localhost:49795}, goog:processID: 23572, networkConnectionEnabled: false, pageLoadStrategy: normal, platformName: windows, proxy: Proxy(), se:cdp: ws://localhost:49795/devtoo..., se:cdpVersion: 149.0.7827.103, setWindowRect: true, strictFileInteractability: false, timeouts: {implicit: 0, pageLoad: 300000, script: 30000}, unhandledPromptBehavior: dismiss and notify, webauthn:extension:credBlob: true, webauthn:extension:largeBlob: true, webauthn:extension:minPinLength: true, webauthn:extension:prf: true, webauthn:virtualAuthenticators: true}
Session ID: 00ae028b4a24fdcb51059faa45f79eb9
23:03:25.135 INFO  manager.ListenerWD -- **********************
23:03:25.135 INFO  manager.ListenerWD -- Screen with error is --->src/test/screenshots/screen_1884.png
23:03:25.676 INFO  tests.TestBase -- Assert check is alert present with error test 'Wrong email or password' 
23:03:25.677 INFO  tests.TestBase -- ==============================================
23:03:25.680 INFO  tests.TestBase -- Name of method (test) -->loginWrongEmail
23:03:30.714 INFO  tests.TestBase -- Test data --> email:'lolikgmail.com & password: Lolik123!
23:03:30.714 INFO  manager.ListenerWD -- Before find element-->By.cssSelector: a[href='/login']
23:03:30.716 INFO  manager.ListenerWD -- After find element-->By.cssSelector: a[href='/login']
23:03:30.732 INFO  manager.ListenerWD -- Location of element-->a
23:03:30.732 INFO  manager.ListenerWD -- Before click element-->atext -->LOGIN
23:03:30.766 INFO  manager.ListenerWD -- After click element-->a
23:03:30.766 INFO  manager.HelperBase -- Open form by ckick on button with locator a[href='/login']
23:03:30.766 INFO  manager.ListenerWD -- Before find element-->By.name: email
23:03:30.774 INFO  manager.ListenerWD -- After find element-->By.name: email
23:03:30.776 INFO  manager.ListenerWD -- Location of element-->input
23:03:30.781 INFO  manager.ListenerWD -- Before click element-->inputtext -->
23:03:30.807 INFO  manager.ListenerWD -- After click element-->input
23:03:30.821 INFO  manager.ListenerWD -- sendKeys -->
23:03:30.823 INFO  manager.ListenerWD -- sendKeys -->input
23:03:30.854 INFO  manager.ListenerWD -- sendKeys -->
23:03:30.854 INFO  manager.ListenerWD -- sendKeys -->input
23:03:30.870 INFO  manager.ListenerWD -- sendKeys -->
23:03:30.873 INFO  manager.ListenerWD -- sendKeys -->input
23:03:30.885 INFO  manager.HelperBase -- type in input with locator By.name("email") 
23:03:30.885 INFO  manager.ListenerWD -- Before find element-->By.xpath: //input[@placeholder='Password']
23:03:30.892 INFO  manager.ListenerWD -- After find element-->By.xpath: //input[@placeholder='Password']
23:03:30.896 INFO  manager.ListenerWD -- Location of element-->input
23:03:30.901 INFO  manager.ListenerWD -- Before click element-->inputtext -->
23:03:30.922 INFO  manager.ListenerWD -- After click element-->input
23:03:30.937 INFO  manager.ListenerWD -- sendKeys -->
23:03:30.939 INFO  manager.ListenerWD -- sendKeys -->input
23:03:30.958 INFO  manager.ListenerWD -- sendKeys -->
23:03:30.958 INFO  manager.ListenerWD -- sendKeys -->input
23:03:30.973 INFO  manager.ListenerWD -- sendKeys -->
23:03:30.975 INFO  manager.ListenerWD -- sendKeys -->input
23:03:30.988 INFO  manager.ListenerWD -- Before find element-->By.xpath: //button[text()='Login']
23:03:30.996 INFO  manager.ListenerWD -- After find element-->By.xpath: //button[text()='Login']
23:03:30.998 INFO  manager.ListenerWD -- Location of element-->button
23:03:31.003 INFO  manager.ListenerWD -- Before click element-->buttontext -->Login
23:03:31.031 INFO  manager.ListenerWD -- Huston, we have a problem!
23:03:31.031 INFO  manager.ListenerWD -- Failed method:alert
23:03:31.031 INFO  manager.ListenerWD -- **********************
23:03:31.031 INFO  manager.ListenerWD -- Arguments:null
23:03:31.031 INFO  manager.ListenerWD -- **********************
23:03:31.031 INFO  manager.ListenerWD -- Exception:NoAlertPresentException
23:03:31.031 INFO  manager.ListenerWD -- **********************
23:03:31.031 INFO  manager.ListenerWD -- Messageno such alert
  (Session info: chrome=149.0.7827.103)
Build info: version: '4.26.0', revision: '8ccf0219d7'
System info: os.name: 'Windows 11', os.arch: 'amd64', os.version: '10.0', java.version: '21.0.10'
Driver info: org.openqa.selenium.chrome.ChromeDriver
Command: [00ae028b4a24fdcb51059faa45f79eb9, getAlertText {}]
Capabilities {acceptInsecureCerts: false, browserName: chrome, browserVersion: 149.0.7827.103, chrome: {chromedriverVersion: 149.0.7827.55 (3188f8a607ae..., userDataDir: C:\Users\Nina\AppData\Local...}, fedcm:accounts: true, goog:chromeOptions: {debuggerAddress: localhost:49795}, goog:processID: 23572, networkConnectionEnabled: false, pageLoadStrategy: normal, platformName: windows, proxy: Proxy(), se:cdp: ws://localhost:49795/devtoo..., se:cdpVersion: 149.0.7827.103, setWindowRect: true, strictFileInteractability: false, timeouts: {implicit: 0, pageLoad: 300000, script: 30000}, unhandledPromptBehavior: dismiss and notify, webauthn:extension:credBlob: true, webauthn:extension:largeBlob: true, webauthn:extension:minPinLength: true, webauthn:extension:prf: true, webauthn:virtualAuthenticators: true}
Session ID: 00ae028b4a24fdcb51059faa45f79eb9
23:03:31.031 INFO  manager.ListenerWD -- **********************
23:03:31.031 INFO  manager.ListenerWD -- Screen with error is --->src/test/screenshots/screen_1538.png
23:03:31.537 INFO  manager.ListenerWD -- Huston, we have a problem!
23:03:31.537 INFO  manager.ListenerWD -- Failed method:alert
23:03:31.537 INFO  manager.ListenerWD -- **********************
23:03:31.537 INFO  manager.ListenerWD -- Arguments:null
23:03:31.537 INFO  manager.ListenerWD -- **********************
23:03:31.537 INFO  manager.ListenerWD -- Exception:NoAlertPresentException
23:03:31.537 INFO  manager.ListenerWD -- **********************
23:03:31.537 INFO  manager.ListenerWD -- Messageno such alert
  (Session info: chrome=149.0.7827.103)
Build info: version: '4.26.0', revision: '8ccf0219d7'
System info: os.name: 'Windows 11', os.arch: 'amd64', os.version: '10.0', java.version: '21.0.10'
Driver info: org.openqa.selenium.chrome.ChromeDriver
Command: [00ae028b4a24fdcb51059faa45f79eb9, getAlertText {}]
Capabilities {acceptInsecureCerts: false, browserName: chrome, browserVersion: 149.0.7827.103, chrome: {chromedriverVersion: 149.0.7827.55 (3188f8a607ae..., userDataDir: C:\Users\Nina\AppData\Local...}, fedcm:accounts: true, goog:chromeOptions: {debuggerAddress: localhost:49795}, goog:processID: 23572, networkConnectionEnabled: false, pageLoadStrategy: normal, platformName: windows, proxy: Proxy(), se:cdp: ws://localhost:49795/devtoo..., se:cdpVersion: 149.0.7827.103, setWindowRect: true, strictFileInteractability: false, timeouts: {implicit: 0, pageLoad: 300000, script: 30000}, unhandledPromptBehavior: dismiss and notify, webauthn:extension:credBlob: true, webauthn:extension:largeBlob: true, webauthn:extension:minPinLength: true, webauthn:extension:prf: true, webauthn:virtualAuthenticators: true}
Session ID: 00ae028b4a24fdcb51059faa45f79eb9
23:03:31.537 INFO  manager.ListenerWD -- **********************
23:03:31.537 INFO  manager.ListenerWD -- Screen with error is --->src/test/screenshots/screen_1076.png
23:03:32.084 INFO  tests.TestBase -- Assert check is alert present with error test 'Wrong email or password' 
23:03:32.087 INFO  tests.TestBase -- ==============================================
23:03:32.091 INFO  tests.TestBase -- Name of method (test) -->loginWrongPassword
23:03:37.132 INFO  tests.TestBase -- Test data --> email:'lolik@gmail.com & password: Lolik123
23:03:37.132 INFO  manager.ListenerWD -- Before find element-->By.cssSelector: a[href='/login']
23:03:37.186 INFO  manager.ListenerWD -- After find element-->By.cssSelector: a[href='/login']
23:03:37.188 INFO  manager.ListenerWD -- Location of element-->a
23:03:37.202 INFO  manager.ListenerWD -- Before click element-->atext -->LOGIN
23:03:37.238 INFO  manager.ListenerWD -- After click element-->a
23:03:37.240 INFO  manager.HelperBase -- Open form by ckick on button with locator a[href='/login']
23:03:37.240 INFO  manager.ListenerWD -- Before find element-->By.name: email
23:03:37.254 INFO  manager.ListenerWD -- After find element-->By.name: email
23:03:37.270 INFO  manager.ListenerWD -- Location of element-->input
23:03:37.294 INFO  manager.ListenerWD -- Before click element-->inputtext -->
23:03:37.355 INFO  manager.ListenerWD -- After click element-->input
23:03:37.374 INFO  manager.ListenerWD -- sendKeys -->
23:03:37.379 INFO  manager.ListenerWD -- sendKeys -->input
23:03:37.412 INFO  manager.ListenerWD -- sendKeys -->
23:03:37.415 INFO  manager.ListenerWD -- sendKeys -->input
23:03:37.449 INFO  manager.ListenerWD -- sendKeys -->
23:03:37.449 INFO  manager.ListenerWD -- sendKeys -->input
23:03:37.475 INFO  manager.HelperBase -- type in input with locator By.name("email") 
23:03:37.475 INFO  manager.ListenerWD -- Before find element-->By.xpath: //input[@placeholder='Password']
23:03:37.484 INFO  manager.ListenerWD -- After find element-->By.xpath: //input[@placeholder='Password']
23:03:37.493 INFO  manager.ListenerWD -- Location of element-->input
23:03:37.500 INFO  manager.ListenerWD -- Before click element-->inputtext -->
23:03:37.540 INFO  manager.ListenerWD -- After click element-->input
23:03:37.562 INFO  manager.ListenerWD -- sendKeys -->
23:03:37.572 INFO  manager.ListenerWD -- sendKeys -->input
23:03:37.636 INFO  manager.ListenerWD -- sendKeys -->
23:03:37.639 INFO  manager.ListenerWD -- sendKeys -->input
23:03:37.661 INFO  manager.ListenerWD -- sendKeys -->
23:03:37.667 INFO  manager.ListenerWD -- sendKeys -->input
23:03:37.679 INFO  manager.ListenerWD -- Before find element-->By.xpath: //button[text()='Login']
23:03:37.693 INFO  manager.ListenerWD -- After find element-->By.xpath: //button[text()='Login']
23:03:37.697 INFO  manager.ListenerWD -- Location of element-->button
23:03:37.702 INFO  manager.ListenerWD -- Before click element-->buttontext -->Login
23:03:37.768 INFO  manager.ListenerWD -- Huston, we have a problem!
23:03:37.768 INFO  manager.ListenerWD -- Failed method:alert
23:03:37.768 INFO  manager.ListenerWD -- **********************
23:03:37.768 INFO  manager.ListenerWD -- Arguments:null
23:03:37.768 INFO  manager.ListenerWD -- **********************
23:03:37.768 INFO  manager.ListenerWD -- Exception:NoAlertPresentException
23:03:37.769 INFO  manager.ListenerWD -- **********************
23:03:37.769 INFO  manager.ListenerWD -- Messageno such alert
  (Session info: chrome=149.0.7827.103)
Build info: version: '4.26.0', revision: '8ccf0219d7'
System info: os.name: 'Windows 11', os.arch: 'amd64', os.version: '10.0', java.version: '21.0.10'
Driver info: org.openqa.selenium.chrome.ChromeDriver
Command: [00ae028b4a24fdcb51059faa45f79eb9, getAlertText {}]
Capabilities {acceptInsecureCerts: false, browserName: chrome, browserVersion: 149.0.7827.103, chrome: {chromedriverVersion: 149.0.7827.55 (3188f8a607ae..., userDataDir: C:\Users\Nina\AppData\Local...}, fedcm:accounts: true, goog:chromeOptions: {debuggerAddress: localhost:49795}, goog:processID: 23572, networkConnectionEnabled: false, pageLoadStrategy: normal, platformName: windows, proxy: Proxy(), se:cdp: ws://localhost:49795/devtoo..., se:cdpVersion: 149.0.7827.103, setWindowRect: true, strictFileInteractability: false, timeouts: {implicit: 0, pageLoad: 300000, script: 30000}, unhandledPromptBehavior: dismiss and notify, webauthn:extension:credBlob: true, webauthn:extension:largeBlob: true, webauthn:extension:minPinLength: true, webauthn:extension:prf: true, webauthn:virtualAuthenticators: true}
Session ID: 00ae028b4a24fdcb51059faa45f79eb9
23:03:37.769 INFO  manager.ListenerWD -- **********************
23:03:37.769 INFO  manager.ListenerWD -- Screen with error is --->src/test/screenshots/screen_1129.png
23:03:38.291 INFO  tests.TestBase -- Assert check is alert present with error test 'Wrong email or password' 
23:03:38.292 INFO  tests.TestBase -- ==============================================
23:03:38.293 INFO  tests.TestBase -- Name of method (test) -->registrationExistsUser
23:03:43.315 INFO  tests.TestBase -- Test data --> email:'margo@gmail.com & password: Mmar123456$
23:03:43.315 INFO  manager.ListenerWD -- Before find element-->By.cssSelector: a[href='/login']
23:03:43.325 INFO  manager.ListenerWD -- After find element-->By.cssSelector: a[href='/login']
23:03:43.329 INFO  manager.ListenerWD -- Location of element-->a
23:03:43.354 INFO  manager.ListenerWD -- Before click element-->atext -->LOGIN
23:03:43.379 INFO  manager.ListenerWD -- After click element-->a
23:03:43.379 INFO  manager.HelperBase -- Open form by ckick on button with locator a[href='/login']
23:03:43.379 INFO  manager.ListenerWD -- Before find element-->By.name: email
23:03:43.387 INFO  manager.ListenerWD -- After find element-->By.name: email
23:03:43.393 INFO  manager.ListenerWD -- Location of element-->input
23:03:43.409 INFO  manager.ListenerWD -- Before click element-->inputtext -->
23:03:43.436 INFO  manager.ListenerWD -- After click element-->input
23:03:43.447 INFO  manager.ListenerWD -- sendKeys -->
23:03:43.447 INFO  manager.ListenerWD -- sendKeys -->input
23:03:43.472 INFO  manager.ListenerWD -- sendKeys -->
23:03:43.477 INFO  manager.ListenerWD -- sendKeys -->input
23:03:43.489 INFO  manager.ListenerWD -- sendKeys -->
23:03:43.489 INFO  manager.ListenerWD -- sendKeys -->input
23:03:43.507 INFO  manager.ListenerWD -- Before find element-->By.xpath: //input[@placeholder='Password']
23:03:43.520 INFO  manager.ListenerWD -- After find element-->By.xpath: //input[@placeholder='Password']
23:03:43.524 INFO  manager.ListenerWD -- Location of element-->input
23:03:43.529 INFO  manager.ListenerWD -- Before click element-->inputtext -->
23:03:43.552 INFO  manager.ListenerWD -- After click element-->input
23:03:43.562 INFO  manager.ListenerWD -- sendKeys -->
23:03:43.562 INFO  manager.ListenerWD -- sendKeys -->input
23:03:43.586 INFO  manager.ListenerWD -- sendKeys -->
23:03:43.586 INFO  manager.ListenerWD -- sendKeys -->input
23:03:43.599 INFO  manager.ListenerWD -- sendKeys -->
23:03:43.599 INFO  manager.ListenerWD -- sendKeys -->input
23:03:43.617 INFO  manager.ListenerWD -- Before find element-->By.xpath: //button[text()='Registration']
23:03:43.641 INFO  manager.ListenerWD -- After find element-->By.xpath: //button[text()='Registration']
23:03:43.657 INFO  manager.ListenerWD -- Location of element-->button
23:03:43.672 INFO  manager.ListenerWD -- Before click element-->buttontext -->Registration
23:03:43.738 INFO  manager.ListenerWD -- Huston, we have a problem!
23:03:43.738 INFO  manager.ListenerWD -- Failed method:alert
23:03:43.738 INFO  manager.ListenerWD -- **********************
23:03:43.738 INFO  manager.ListenerWD -- Arguments:null
23:03:43.738 INFO  manager.ListenerWD -- **********************
23:03:43.738 INFO  manager.ListenerWD -- Exception:NoAlertPresentException
23:03:43.738 INFO  manager.ListenerWD -- **********************
23:03:43.738 INFO  manager.ListenerWD -- Messageno such alert
  (Session info: chrome=149.0.7827.103)
Build info: version: '4.26.0', revision: '8ccf0219d7'
System info: os.name: 'Windows 11', os.arch: 'amd64', os.version: '10.0', java.version: '21.0.10'
Driver info: org.openqa.selenium.chrome.ChromeDriver
Command: [00ae028b4a24fdcb51059faa45f79eb9, getAlertText {}]
Capabilities {acceptInsecureCerts: false, browserName: chrome, browserVersion: 149.0.7827.103, chrome: {chromedriverVersion: 149.0.7827.55 (3188f8a607ae..., userDataDir: C:\Users\Nina\AppData\Local...}, fedcm:accounts: true, goog:chromeOptions: {debuggerAddress: localhost:49795}, goog:processID: 23572, networkConnectionEnabled: false, pageLoadStrategy: normal, platformName: windows, proxy: Proxy(), se:cdp: ws://localhost:49795/devtoo..., se:cdpVersion: 149.0.7827.103, setWindowRect: true, strictFileInteractability: false, timeouts: {implicit: 0, pageLoad: 300000, script: 30000}, unhandledPromptBehavior: dismiss and notify, webauthn:extension:credBlob: true, webauthn:extension:largeBlob: true, webauthn:extension:minPinLength: true, webauthn:extension:prf: true, webauthn:virtualAuthenticators: true}
Session ID: 00ae028b4a24fdcb51059faa45f79eb9
23:03:43.738 INFO  manager.ListenerWD -- **********************
23:03:43.738 INFO  manager.ListenerWD -- Screen with error is --->src/test/screenshots/screen_1139.png
23:03:44.271 INFO  tests.TestBase -- Assert check is alert present with error test 'User already exist' 
23:03:44.274 INFO  tests.TestBase -- ==============================================
23:03:44.277 INFO  tests.TestBase -- Name of method (test) -->registrationSuccess
23:03:49.301 INFO  tests.TestBase -- Start test with name 'registrationSuccess'
23:03:49.301 INFO  tests.TestBase -- Test data --> email:'mert1920@gmail.com & password: Mert123456!
23:03:49.301 INFO  manager.ListenerWD -- Before find element-->By.cssSelector: a[href='/login']
23:03:49.309 INFO  manager.ListenerWD -- After find element-->By.cssSelector: a[href='/login']
23:03:49.317 INFO  manager.ListenerWD -- Location of element-->a
23:03:49.317 INFO  manager.ListenerWD -- Before click element-->atext -->LOGIN
23:03:49.354 INFO  manager.ListenerWD -- After click element-->a
23:03:49.354 INFO  manager.HelperBase -- Open form by ckick on button with locator a[href='/login']
23:03:49.355 INFO  manager.ListenerWD -- Before find element-->By.name: email
23:03:49.362 INFO  manager.ListenerWD -- After find element-->By.name: email
23:03:49.363 INFO  manager.ListenerWD -- Location of element-->input
23:03:49.368 INFO  manager.ListenerWD -- Before click element-->inputtext -->
23:03:49.394 INFO  manager.ListenerWD -- After click element-->input
23:03:49.409 INFO  manager.ListenerWD -- sendKeys -->
23:03:49.410 INFO  manager.ListenerWD -- sendKeys -->input
23:03:49.429 INFO  manager.ListenerWD -- sendKeys -->
23:03:49.435 INFO  manager.ListenerWD -- sendKeys -->input
23:03:49.446 INFO  manager.ListenerWD -- sendKeys -->
23:03:49.446 INFO  manager.ListenerWD -- sendKeys -->input
23:03:49.471 INFO  manager.ListenerWD -- Before find element-->By.xpath: //input[@placeholder='Password']
23:03:49.489 INFO  manager.ListenerWD -- After find element-->By.xpath: //input[@placeholder='Password']
23:03:49.489 INFO  manager.ListenerWD -- Location of element-->input
23:03:49.489 INFO  manager.ListenerWD -- Before click element-->inputtext -->
23:03:49.527 INFO  manager.ListenerWD -- After click element-->input
23:03:49.541 INFO  manager.ListenerWD -- sendKeys -->
23:03:49.545 INFO  manager.ListenerWD -- sendKeys -->input
23:03:49.567 INFO  manager.ListenerWD -- sendKeys -->
23:03:49.568 INFO  manager.ListenerWD -- sendKeys -->input
23:03:49.582 INFO  manager.ListenerWD -- sendKeys -->
23:03:49.585 INFO  manager.ListenerWD -- sendKeys -->input
23:03:49.641 INFO  manager.ListenerWD -- Before find element-->By.xpath: //button[text()='Registration']
23:03:49.661 INFO  manager.ListenerWD -- After find element-->By.xpath: //button[text()='Registration']
23:03:49.665 INFO  manager.ListenerWD -- Location of element-->button
23:03:49.665 INFO  manager.ListenerWD -- Before click element-->buttontext -->Registration
23:03:50.118 INFO  tests.TestBase -- Assert check is element button 'Sign out' present
23:03:50.118 INFO  manager.ListenerWD -- Before find element-->By.cssSelector: .contact-page_message__2qafk>h1
23:03:50.329 INFO  manager.ListenerWD -- After find element-->By.cssSelector: .contact-page_message__2qafk>h1
23:03:50.329 INFO  manager.ListenerWD -- Location of element-->h1
23:03:50.337 INFO  tests.TestBase -- Assert check is message 'No contacts here'
23:03:50.340 INFO  tests.TestBase -- ==============================================
23:03:50.340 INFO  tests.TestBase -- Name of method (test) -->wrongEmailRegistration
23:03:50.358 INFO  manager.ListenerWD -- Before find element-->By.xpath: //button[text()='Sign Out']
23:03:50.374 INFO  manager.ListenerWD -- After find element-->By.xpath: //button[text()='Sign Out']
23:03:50.389 INFO  manager.ListenerWD -- Location of element-->button
23:03:50.389 INFO  manager.ListenerWD -- Before click element-->buttontext -->Sign Out
23:03:50.422 INFO  tests.TestBase -- Before method finished logout
23:03:50.423 INFO  tests.TestBase -- Test data --> email:'mertgmail.com & password: Mert123456!
23:03:50.423 INFO  manager.ListenerWD -- Before find element-->By.cssSelector: a[href='/login']
23:03:50.566 INFO  manager.ListenerWD -- After find element-->By.cssSelector: a[href='/login']
23:03:50.576 INFO  manager.ListenerWD -- Location of element-->a
23:03:50.590 INFO  manager.ListenerWD -- Before click element-->atext -->LOGIN
23:03:50.632 INFO  manager.ListenerWD -- After click element-->a
23:03:50.633 INFO  manager.HelperBase -- Open form by ckick on button with locator a[href='/login']
23:03:50.633 INFO  manager.ListenerWD -- Before find element-->By.name: email
23:03:50.646 INFO  manager.ListenerWD -- After find element-->By.name: email
23:03:50.646 INFO  manager.ListenerWD -- Location of element-->input
23:03:50.662 INFO  manager.ListenerWD -- Before click element-->inputtext -->
23:03:50.756 INFO  manager.ListenerWD -- After click element-->input
23:03:50.768 INFO  manager.ListenerWD -- sendKeys -->
23:03:50.768 INFO  manager.ListenerWD -- sendKeys -->input
23:03:50.802 INFO  manager.ListenerWD -- sendKeys -->
23:03:50.806 INFO  manager.ListenerWD -- sendKeys -->input
23:03:50.829 INFO  manager.ListenerWD -- sendKeys -->
23:03:50.831 INFO  manager.ListenerWD -- sendKeys -->input
23:03:50.853 INFO  manager.ListenerWD -- Before find element-->By.xpath: //input[@placeholder='Password']
23:03:50.876 INFO  manager.ListenerWD -- After find element-->By.xpath: //input[@placeholder='Password']
23:03:50.882 INFO  manager.ListenerWD -- Location of element-->input
23:03:50.895 INFO  manager.ListenerWD -- Before click element-->inputtext -->
23:03:50.932 INFO  manager.ListenerWD -- After click element-->input
23:03:50.955 INFO  manager.ListenerWD -- sendKeys -->
23:03:50.955 INFO  manager.ListenerWD -- sendKeys -->input
23:03:50.984 INFO  manager.ListenerWD -- sendKeys -->
23:03:50.990 INFO  manager.ListenerWD -- sendKeys -->input
23:03:51.012 INFO  manager.ListenerWD -- sendKeys -->
23:03:51.016 INFO  manager.ListenerWD -- sendKeys -->input
23:03:51.037 INFO  manager.ListenerWD -- Before find element-->By.xpath: //button[text()='Registration']
23:03:51.051 INFO  manager.ListenerWD -- After find element-->By.xpath: //button[text()='Registration']
23:03:51.056 INFO  manager.ListenerWD -- Location of element-->button
23:03:51.063 INFO  manager.ListenerWD -- Before click element-->buttontext -->Registration
23:03:51.110 INFO  manager.ListenerWD -- Huston, we have a problem!
23:03:51.110 INFO  manager.ListenerWD -- Failed method:alert
23:03:51.110 INFO  manager.ListenerWD -- **********************
23:03:51.111 INFO  manager.ListenerWD -- Arguments:null
23:03:51.111 INFO  manager.ListenerWD -- **********************
23:03:51.111 INFO  manager.ListenerWD -- Exception:NoAlertPresentException
23:03:51.111 INFO  manager.ListenerWD -- **********************
23:03:51.111 INFO  manager.ListenerWD -- Messageno such alert
  (Session info: chrome=149.0.7827.103)
Build info: version: '4.26.0', revision: '8ccf0219d7'
System info: os.name: 'Windows 11', os.arch: 'amd64', os.version: '10.0', java.version: '21.0.10'
Driver info: org.openqa.selenium.chrome.ChromeDriver
Command: [00ae028b4a24fdcb51059faa45f79eb9, getAlertText {}]
Capabilities {acceptInsecureCerts: false, browserName: chrome, browserVersion: 149.0.7827.103, chrome: {chromedriverVersion: 149.0.7827.55 (3188f8a607ae..., userDataDir: C:\Users\Nina\AppData\Local...}, fedcm:accounts: true, goog:chromeOptions: {debuggerAddress: localhost:49795}, goog:processID: 23572, networkConnectionEnabled: false, pageLoadStrategy: normal, platformName: windows, proxy: Proxy(), se:cdp: ws://localhost:49795/devtoo..., se:cdpVersion: 149.0.7827.103, setWindowRect: true, strictFileInteractability: false, timeouts: {implicit: 0, pageLoad: 300000, script: 30000}, unhandledPromptBehavior: dismiss and notify, webauthn:extension:credBlob: true, webauthn:extension:largeBlob: true, webauthn:extension:minPinLength: true, webauthn:extension:prf: true, webauthn:virtualAuthenticators: true}
Session ID: 00ae028b4a24fdcb51059faa45f79eb9
23:03:51.111 INFO  manager.ListenerWD -- **********************
23:03:51.111 INFO  manager.ListenerWD -- Screen with error is --->src/test/screenshots/screen_1834.png
23:03:51.640 INFO  tests.TestBase -- Assert check is alert present with error test 'Wrong email or password' 
23:03:51.640 INFO  manager.ListenerWD -- Before find element-->By.xpath: //*[text()='Registration failed with code 400']
23:03:51.653 INFO  manager.ListenerWD -- After find element-->By.xpath: //*[text()='Registration failed with code 400']
23:03:51.653 INFO  manager.ListenerWD -- Location of element-->div
23:03:51.658 INFO  tests.TestBase -- ==============================================
23:03:51.658 INFO  tests.TestBase -- Name of method (test) -->wrongPasswordRegistration
23:03:56.675 INFO  tests.TestBase -- Test data --> email:'mert@gmail.com & password: Mert123456
23:03:56.675 INFO  manager.ListenerWD -- Before find element-->By.cssSelector: a[href='/login']
23:03:56.707 INFO  manager.ListenerWD -- After find element-->By.cssSelector: a[href='/login']
23:03:56.707 INFO  manager.ListenerWD -- Location of element-->a
23:03:56.723 INFO  manager.ListenerWD -- Before click element-->atext -->LOGIN
23:03:56.775 INFO  manager.ListenerWD -- After click element-->a
23:03:56.775 INFO  manager.HelperBase -- Open form by ckick on button with locator a[href='/login']
23:03:56.776 INFO  manager.ListenerWD -- Before find element-->By.name: email
23:03:56.788 INFO  manager.ListenerWD -- After find element-->By.name: email
23:03:56.794 INFO  manager.ListenerWD -- Location of element-->input
23:03:56.802 INFO  manager.ListenerWD -- Before click element-->inputtext -->
23:03:56.848 INFO  manager.ListenerWD -- After click element-->input
23:03:56.864 INFO  manager.ListenerWD -- sendKeys -->
23:03:56.872 INFO  manager.ListenerWD -- sendKeys -->input
23:03:56.901 INFO  manager.ListenerWD -- sendKeys -->
23:03:56.909 INFO  manager.ListenerWD -- sendKeys -->input
23:03:56.938 INFO  manager.ListenerWD -- sendKeys -->
23:03:56.944 INFO  manager.ListenerWD -- sendKeys -->input
23:03:56.967 INFO  manager.ListenerWD -- Before find element-->By.xpath: //input[@placeholder='Password']
23:03:56.987 INFO  manager.ListenerWD -- After find element-->By.xpath: //input[@placeholder='Password']
23:03:56.991 INFO  manager.ListenerWD -- Location of element-->input
23:03:56.991 INFO  manager.ListenerWD -- Before click element-->inputtext -->
23:03:57.049 INFO  manager.ListenerWD -- After click element-->input
23:03:57.076 INFO  manager.ListenerWD -- sendKeys -->
23:03:57.081 INFO  manager.ListenerWD -- sendKeys -->input
23:03:57.124 INFO  manager.ListenerWD -- sendKeys -->
23:03:57.129 INFO  manager.ListenerWD -- sendKeys -->input
23:03:57.152 INFO  manager.ListenerWD -- sendKeys -->
23:03:57.156 INFO  manager.ListenerWD -- sendKeys -->input
23:03:57.180 INFO  manager.ListenerWD -- Before find element-->By.xpath: //button[text()='Registration']
23:03:57.194 INFO  manager.ListenerWD -- After find element-->By.xpath: //button[text()='Registration']
23:03:57.200 INFO  manager.ListenerWD -- Location of element-->button
23:03:57.210 INFO  manager.ListenerWD -- Before click element-->buttontext -->Registration
23:03:57.251 INFO  manager.ListenerWD -- Huston, we have a problem!
23:03:57.251 INFO  manager.ListenerWD -- Failed method:alert
23:03:57.251 INFO  manager.ListenerWD -- **********************
23:03:57.251 INFO  manager.ListenerWD -- Arguments:null
23:03:57.251 INFO  manager.ListenerWD -- **********************
23:03:57.251 INFO  manager.ListenerWD -- Exception:NoAlertPresentException
23:03:57.251 INFO  manager.ListenerWD -- **********************
23:03:57.252 INFO  manager.ListenerWD -- Messageno such alert
  (Session info: chrome=149.0.7827.103)
Build info: version: '4.26.0', revision: '8ccf0219d7'
System info: os.name: 'Windows 11', os.arch: 'amd64', os.version: '10.0', java.version: '21.0.10'
Driver info: org.openqa.selenium.chrome.ChromeDriver
Command: [00ae028b4a24fdcb51059faa45f79eb9, getAlertText {}]
Capabilities {acceptInsecureCerts: false, browserName: chrome, browserVersion: 149.0.7827.103, chrome: {chromedriverVersion: 149.0.7827.55 (3188f8a607ae..., userDataDir: C:\Users\Nina\AppData\Local...}, fedcm:accounts: true, goog:chromeOptions: {debuggerAddress: localhost:49795}, goog:processID: 23572, networkConnectionEnabled: false, pageLoadStrategy: normal, platformName: windows, proxy: Proxy(), se:cdp: ws://localhost:49795/devtoo..., se:cdpVersion: 149.0.7827.103, setWindowRect: true, strictFileInteractability: false, timeouts: {implicit: 0, pageLoad: 300000, script: 30000}, unhandledPromptBehavior: dismiss and notify, webauthn:extension:credBlob: true, webauthn:extension:largeBlob: true, webauthn:extension:minPinLength: true, webauthn:extension:prf: true, webauthn:virtualAuthenticators: true}
Session ID: 00ae028b4a24fdcb51059faa45f79eb9
23:03:57.252 INFO  manager.ListenerWD -- **********************
23:03:57.252 INFO  manager.ListenerWD -- Screen with error is --->src/test/screenshots/screen_1425.png
23:03:57.784 INFO  tests.TestBase -- Assert check is alert present with error test 'Wrong email or password' 
23:03:57.784 INFO  manager.ListenerWD -- Before find element-->By.xpath: //*[text()='Registration failed with code 400']
23:03:57.797 INFO  manager.ListenerWD -- After find element-->By.xpath: //*[text()='Registration failed with code 400']
23:03:57.804 INFO  manager.ListenerWD -- Location of element-->div
23:03:57.804 INFO  tests.TestBase -- ==============================================
23:03:57.810 INFO  tests.TestBase -- Name of method (test) -->removeAllContacts
23:04:02.842 INFO  manager.ListenerWD -- Before find element-->By.cssSelector: a[href='/login']
23:04:02.866 INFO  manager.ListenerWD -- After find element-->By.cssSelector: a[href='/login']
23:04:02.874 INFO  manager.ListenerWD -- Location of element-->a
23:04:02.874 INFO  manager.ListenerWD -- Before click element-->atext -->LOGIN
23:04:02.931 INFO  manager.ListenerWD -- After click element-->a
23:04:02.931 INFO  manager.HelperBase -- Open form by ckick on button with locator a[href='/login']
23:04:02.931 INFO  manager.ListenerWD -- Before find element-->By.name: email
23:04:02.937 INFO  manager.ListenerWD -- After find element-->By.name: email
23:04:02.939 INFO  manager.ListenerWD -- Location of element-->input
23:04:02.943 INFO  manager.ListenerWD -- Before click element-->inputtext -->
23:04:02.969 INFO  manager.ListenerWD -- After click element-->input
23:04:02.981 INFO  manager.ListenerWD -- sendKeys -->
23:04:02.981 INFO  manager.ListenerWD -- sendKeys -->input
23:04:03.003 INFO  manager.ListenerWD -- sendKeys -->
23:04:03.003 INFO  manager.ListenerWD -- sendKeys -->input
23:04:03.019 INFO  manager.ListenerWD -- sendKeys -->
23:04:03.021 INFO  manager.ListenerWD -- sendKeys -->input
23:04:03.040 INFO  manager.ListenerWD -- Before find element-->By.xpath: //input[@placeholder='Password']
23:04:03.047 INFO  manager.ListenerWD -- After find element-->By.xpath: //input[@placeholder='Password']
23:04:03.053 INFO  manager.ListenerWD -- Location of element-->input
23:04:03.057 INFO  manager.ListenerWD -- Before click element-->inputtext -->
23:04:03.084 INFO  manager.ListenerWD -- After click element-->input
23:04:03.098 INFO  manager.ListenerWD -- sendKeys -->
23:04:03.099 INFO  manager.ListenerWD -- sendKeys -->input
23:04:03.120 INFO  manager.ListenerWD -- sendKeys -->
23:04:03.120 INFO  manager.ListenerWD -- sendKeys -->input
23:04:03.135 INFO  manager.ListenerWD -- sendKeys -->
23:04:03.136 INFO  manager.ListenerWD -- sendKeys -->input
23:04:03.149 INFO  manager.ListenerWD -- Before find element-->By.xpath: //button[text()='Login']
23:04:03.160 INFO  manager.ListenerWD -- After find element-->By.xpath: //button[text()='Login']
23:04:03.163 INFO  manager.ListenerWD -- Location of element-->button
23:04:03.167 INFO  manager.ListenerWD -- Before click element-->buttontext -->Login
23:04:03.914 INFO  manager.ListenerWD -- Before find element-->By.cssSelector: .contact-item_card__2SOIM
23:04:03.946 INFO  manager.ListenerWD -- After find element-->By.cssSelector: .contact-item_card__2SOIM
23:04:03.946 INFO  manager.ListenerWD -- Location of element-->div
23:04:03.967 INFO  manager.ListenerWD -- Before click element-->divtext -->Harry
555667771753
23:04:04.020 INFO  manager.ListenerWD -- After click element-->div
23:04:04.020 INFO  manager.ListenerWD -- Before find element-->By.xpath: //button[text()='Remove']
23:04:04.030 INFO  manager.ListenerWD -- After find element-->By.xpath: //button[text()='Remove']
23:04:04.032 INFO  manager.ListenerWD -- Location of element-->button
23:04:04.036 INFO  manager.ListenerWD -- Before click element-->buttontext -->Remove
23:04:04.057 INFO  manager.ListenerWD -- After click element-->button
23:04:05.100 INFO  manager.ListenerWD -- Before find element-->By.cssSelector: .contact-item_card__2SOIM
23:04:05.132 INFO  manager.ListenerWD -- After find element-->By.cssSelector: .contact-item_card__2SOIM
23:04:05.148 INFO  manager.ListenerWD -- Location of element-->div
23:04:05.160 INFO  manager.ListenerWD -- Before click element-->divtext -->Harry
555667771444
23:04:05.229 INFO  manager.ListenerWD -- After click element-->div
23:04:05.229 INFO  manager.ListenerWD -- Before find element-->By.xpath: //button[text()='Remove']
23:04:05.237 INFO  manager.ListenerWD -- After find element-->By.xpath: //button[text()='Remove']
23:04:05.245 INFO  manager.ListenerWD -- Location of element-->button
23:04:05.245 INFO  manager.ListenerWD -- Before click element-->buttontext -->Remove
23:04:05.271 INFO  manager.ListenerWD -- After click element-->button
23:04:06.312 INFO  manager.ListenerWD -- Before find element-->By.cssSelector: .contact-item_card__2SOIM
23:04:06.330 INFO  manager.ListenerWD -- After find element-->By.cssSelector: .contact-item_card__2SOIM
23:04:06.332 INFO  manager.ListenerWD -- Location of element-->div
23:04:06.335 INFO  manager.ListenerWD -- Before click element-->divtext -->Tony
34343434246
23:04:06.373 INFO  manager.ListenerWD -- After click element-->div
23:04:06.373 INFO  manager.ListenerWD -- Before find element-->By.xpath: //button[text()='Remove']
23:04:06.380 INFO  manager.ListenerWD -- After find element-->By.xpath: //button[text()='Remove']
23:04:06.382 INFO  manager.ListenerWD -- Location of element-->button
23:04:06.387 INFO  manager.ListenerWD -- Before click element-->buttontext -->Remove
23:04:06.412 INFO  manager.ListenerWD -- After click element-->button
23:04:07.449 INFO  manager.ListenerWD -- Before find element-->By.cssSelector: .contact-item_card__2SOIM
23:04:07.454 INFO  manager.ListenerWD -- After find element-->By.cssSelector: .contact-item_card__2SOIM
23:04:07.457 INFO  manager.ListenerWD -- Location of element-->div
23:04:07.463 INFO  manager.ListenerWD -- Before click element-->divtext -->Tony
6555652654
23:04:07.490 INFO  manager.ListenerWD -- After click element-->div
23:04:07.490 INFO  manager.ListenerWD -- Before find element-->By.xpath: //button[text()='Remove']
23:04:07.497 INFO  manager.ListenerWD -- After find element-->By.xpath: //button[text()='Remove']
23:04:07.500 INFO  manager.ListenerWD -- Location of element-->button
23:04:07.505 INFO  manager.ListenerWD -- Before click element-->buttontext -->Remove
23:04:07.524 INFO  manager.ListenerWD -- After click element-->button
23:04:08.549 INFO  manager.ListenerWD -- Before find element-->By.cssSelector: .contact-item_card__2SOIM
23:04:08.563 INFO  manager.ListenerWD -- After find element-->By.cssSelector: .contact-item_card__2SOIM
23:04:08.564 INFO  manager.ListenerWD -- Location of element-->div
23:04:08.564 INFO  manager.ListenerWD -- Before click element-->divtext -->TonyReq182
34343434182
23:04:08.599 INFO  manager.ListenerWD -- After click element-->div
23:04:08.599 INFO  manager.ListenerWD -- Before find element-->By.xpath: //button[text()='Remove']
23:04:08.608 INFO  manager.ListenerWD -- After find element-->By.xpath: //button[text()='Remove']
23:04:08.611 INFO  manager.ListenerWD -- Location of element-->button
23:04:08.614 INFO  manager.ListenerWD -- Before click element-->buttontext -->Remove
23:04:08.634 INFO  manager.ListenerWD -- After click element-->button
23:04:14.655 INFO  manager.ListenerWD -- Before find element-->By.cssSelector: .contact-page_message__2qafk>h1
23:04:14.675 INFO  manager.ListenerWD -- After find element-->By.cssSelector: .contact-page_message__2qafk>h1
23:04:14.675 INFO  manager.ListenerWD -- Location of element-->h1
23:04:14.675 INFO  tests.TestBase -- ==============================================
23:04:14.687 INFO  tests.TestBase -- Name of method (test) -->removeFirstContact
23:04:19.716 INFO  manager.ListenerWD -- Before find element-->By.cssSelector: a[href='/add']
23:04:19.743 INFO  manager.ListenerWD -- After find element-->By.cssSelector: a[href='/add']
23:04:19.759 INFO  manager.ListenerWD -- Location of element-->a
23:04:19.772 INFO  manager.ListenerWD -- Before click element-->atext -->ADD
23:04:19.808 INFO  manager.ListenerWD -- After click element-->a
23:04:19.808 INFO  manager.ListenerWD -- Before find element-->By.cssSelector: [placeholder='Name']
23:04:19.817 INFO  manager.ListenerWD -- After find element-->By.cssSelector: [placeholder='Name']
23:04:19.820 INFO  manager.ListenerWD -- Location of element-->input
23:04:19.825 INFO  manager.ListenerWD -- Before click element-->inputtext -->
23:04:19.852 INFO  manager.ListenerWD -- After click element-->input
23:04:19.861 INFO  manager.ListenerWD -- sendKeys -->
23:04:19.861 INFO  manager.ListenerWD -- sendKeys -->input
23:04:19.880 INFO  manager.ListenerWD -- sendKeys -->
23:04:19.882 INFO  manager.ListenerWD -- sendKeys -->input
23:04:19.895 INFO  manager.ListenerWD -- sendKeys -->
23:04:19.897 INFO  manager.ListenerWD -- sendKeys -->input
23:04:19.918 INFO  manager.ListenerWD -- Before find element-->By.cssSelector: [placeholder='Last Name']
23:04:19.930 INFO  manager.ListenerWD -- After find element-->By.cssSelector: [placeholder='Last Name']
23:04:19.932 INFO  manager.ListenerWD -- Location of element-->input
23:04:19.936 INFO  manager.ListenerWD -- Before click element-->inputtext -->
23:04:19.960 INFO  manager.ListenerWD -- After click element-->input
23:04:19.971 INFO  manager.ListenerWD -- sendKeys -->
23:04:19.971 INFO  manager.ListenerWD -- sendKeys -->input
23:04:19.986 INFO  manager.ListenerWD -- sendKeys -->
23:04:19.988 INFO  manager.ListenerWD -- sendKeys -->input
23:04:20.001 INFO  manager.ListenerWD -- sendKeys -->
23:04:20.003 INFO  manager.ListenerWD -- sendKeys -->input
23:04:20.014 INFO  manager.ListenerWD -- Before find element-->By.cssSelector: [placeholder='Phone']
23:04:20.024 INFO  manager.ListenerWD -- After find element-->By.cssSelector: [placeholder='Phone']
23:04:20.026 INFO  manager.ListenerWD -- Location of element-->input
23:04:20.030 INFO  manager.ListenerWD -- Before click element-->inputtext -->
23:04:20.050 INFO  manager.ListenerWD -- After click element-->input
23:04:20.066 INFO  manager.ListenerWD -- sendKeys -->
23:04:20.068 INFO  manager.ListenerWD -- sendKeys -->input
23:04:20.081 INFO  manager.ListenerWD -- sendKeys -->
23:04:20.082 INFO  manager.ListenerWD -- sendKeys -->input
23:04:20.092 INFO  manager.ListenerWD -- sendKeys -->
23:04:20.092 INFO  manager.ListenerWD -- sendKeys -->input
23:04:20.110 INFO  manager.ListenerWD -- Before find element-->By.cssSelector: [placeholder='email']
23:04:20.118 INFO  manager.ListenerWD -- After find element-->By.cssSelector: [placeholder='email']
23:04:20.121 INFO  manager.ListenerWD -- Location of element-->input
23:04:20.126 INFO  manager.ListenerWD -- Before click element-->inputtext -->
23:04:20.148 INFO  manager.ListenerWD -- After click element-->input
23:04:20.160 INFO  manager.ListenerWD -- sendKeys -->
23:04:20.162 INFO  manager.ListenerWD -- sendKeys -->input
23:04:20.183 INFO  manager.ListenerWD -- sendKeys -->
23:04:20.184 INFO  manager.ListenerWD -- sendKeys -->input
23:04:20.195 INFO  manager.ListenerWD -- sendKeys -->
23:04:20.195 INFO  manager.ListenerWD -- sendKeys -->input
23:04:20.213 INFO  manager.ListenerWD -- Before find element-->By.cssSelector: [placeholder='Address']
23:04:20.224 INFO  manager.ListenerWD -- After find element-->By.cssSelector: [placeholder='Address']
23:04:20.225 INFO  manager.ListenerWD -- Location of element-->input
23:04:20.231 INFO  manager.ListenerWD -- Before click element-->inputtext -->
23:04:20.252 INFO  manager.ListenerWD -- After click element-->input
23:04:20.267 INFO  manager.ListenerWD -- sendKeys -->
23:04:20.268 INFO  manager.ListenerWD -- sendKeys -->input
23:04:20.281 INFO  manager.ListenerWD -- sendKeys -->
23:04:20.283 INFO  manager.ListenerWD -- sendKeys -->input
23:04:20.293 INFO  manager.ListenerWD -- sendKeys -->
23:04:20.298 INFO  manager.ListenerWD -- sendKeys -->input
23:04:20.310 INFO  manager.ListenerWD -- Before find element-->By.cssSelector: [placeholder = 'description']
23:04:20.317 INFO  manager.ListenerWD -- After find element-->By.cssSelector: [placeholder = 'description']
23:04:20.320 INFO  manager.ListenerWD -- Location of element-->input
23:04:20.324 INFO  manager.ListenerWD -- Before click element-->inputtext -->
23:04:20.348 INFO  manager.ListenerWD -- After click element-->input
23:04:20.360 INFO  manager.ListenerWD -- sendKeys -->
23:04:20.360 INFO  manager.ListenerWD -- sendKeys -->input
23:04:20.374 INFO  manager.ListenerWD -- sendKeys -->
23:04:20.375 INFO  manager.ListenerWD -- sendKeys -->input
23:04:20.389 INFO  manager.ListenerWD -- sendKeys -->
23:04:20.390 INFO  manager.ListenerWD -- sendKeys -->input
23:04:20.401 INFO  manager.ListenerWD -- Before find element-->By.cssSelector: .add_form__2rsm2>button
23:04:20.410 INFO  manager.ListenerWD -- After find element-->By.cssSelector: .add_form__2rsm2>button
23:04:20.413 INFO  manager.ListenerWD -- Location of element-->button
23:04:20.417 INFO  manager.ListenerWD -- Before click element-->buttontext -->Save
23:04:20.440 INFO  manager.ListenerWD -- After click element-->button
23:04:20.955 INFO  manager.ListenerWD -- Before find element-->By.cssSelector: a[href='/add']
23:04:20.965 INFO  manager.ListenerWD -- After find element-->By.cssSelector: a[href='/add']
23:04:20.969 INFO  manager.ListenerWD -- Location of element-->a
23:04:20.971 INFO  manager.ListenerWD -- Before click element-->atext -->ADD
23:04:21.027 INFO  manager.ListenerWD -- After click element-->a
23:04:21.027 INFO  manager.ListenerWD -- Before find element-->By.cssSelector: [placeholder='Name']
23:04:21.038 INFO  manager.ListenerWD -- After find element-->By.cssSelector: [placeholder='Name']
23:04:21.038 INFO  manager.ListenerWD -- Location of element-->input
23:04:21.038 INFO  manager.ListenerWD -- Before click element-->inputtext -->
23:04:21.075 INFO  manager.ListenerWD -- After click element-->input
23:04:21.091 INFO  manager.ListenerWD -- sendKeys -->
23:04:21.092 INFO  manager.ListenerWD -- sendKeys -->input
23:04:21.106 INFO  manager.ListenerWD -- sendKeys -->
23:04:21.108 INFO  manager.ListenerWD -- sendKeys -->input
23:04:21.122 INFO  manager.ListenerWD -- sendKeys -->
23:04:21.124 INFO  manager.ListenerWD -- sendKeys -->input
23:04:21.134 INFO  manager.ListenerWD -- Before find element-->By.cssSelector: [placeholder='Last Name']
23:04:21.143 INFO  manager.ListenerWD -- After find element-->By.cssSelector: [placeholder='Last Name']
23:04:21.145 INFO  manager.ListenerWD -- Location of element-->input
23:04:21.150 INFO  manager.ListenerWD -- Before click element-->inputtext -->
23:04:21.173 INFO  manager.ListenerWD -- After click element-->input
23:04:21.193 INFO  manager.ListenerWD -- sendKeys -->
23:04:21.193 INFO  manager.ListenerWD -- sendKeys -->input
23:04:21.209 INFO  manager.ListenerWD -- sendKeys -->
23:04:21.214 INFO  manager.ListenerWD -- sendKeys -->input
23:04:21.226 INFO  manager.ListenerWD -- sendKeys -->
23:04:21.226 INFO  manager.ListenerWD -- sendKeys -->input
23:04:21.241 INFO  manager.ListenerWD -- Before find element-->By.cssSelector: [placeholder='Phone']
23:04:21.248 INFO  manager.ListenerWD -- After find element-->By.cssSelector: [placeholder='Phone']
23:04:21.282 INFO  manager.ListenerWD -- Location of element-->input
23:04:21.317 INFO  manager.ListenerWD -- Before click element-->inputtext -->
23:04:21.408 INFO  manager.ListenerWD -- After click element-->input
23:04:21.420 INFO  manager.ListenerWD -- sendKeys -->
23:04:21.420 INFO  manager.ListenerWD -- sendKeys -->input
23:04:21.435 INFO  manager.ListenerWD -- sendKeys -->
23:04:21.436 INFO  manager.ListenerWD -- sendKeys -->input
23:04:21.449 INFO  manager.ListenerWD -- sendKeys -->
23:04:21.451 INFO  manager.ListenerWD -- sendKeys -->input
23:04:21.462 INFO  manager.ListenerWD -- Before find element-->By.cssSelector: [placeholder='email']
23:04:21.478 INFO  manager.ListenerWD -- After find element-->By.cssSelector: [placeholder='email']
23:04:21.486 INFO  manager.ListenerWD -- Location of element-->input
23:04:21.486 INFO  manager.ListenerWD -- Before click element-->inputtext -->
23:04:21.524 INFO  manager.ListenerWD -- After click element-->input
23:04:21.535 INFO  manager.ListenerWD -- sendKeys -->
23:04:21.535 INFO  manager.ListenerWD -- sendKeys -->input
23:04:21.550 INFO  manager.ListenerWD -- sendKeys -->
23:04:21.551 INFO  manager.ListenerWD -- sendKeys -->input
23:04:21.566 INFO  manager.ListenerWD -- sendKeys -->
23:04:21.567 INFO  manager.ListenerWD -- sendKeys -->input
23:04:21.590 INFO  manager.ListenerWD -- Before find element-->By.cssSelector: [placeholder='Address']
23:04:21.597 INFO  manager.ListenerWD -- After find element-->By.cssSelector: [placeholder='Address']
23:04:21.599 INFO  manager.ListenerWD -- Location of element-->input
23:04:21.604 INFO  manager.ListenerWD -- Before click element-->inputtext -->
23:04:21.627 INFO  manager.ListenerWD -- After click element-->input
23:04:21.640 INFO  manager.ListenerWD -- sendKeys -->
23:04:21.642 INFO  manager.ListenerWD -- sendKeys -->input
23:04:21.655 INFO  manager.ListenerWD -- sendKeys -->
23:04:21.657 INFO  manager.ListenerWD -- sendKeys -->input
23:04:21.668 INFO  manager.ListenerWD -- sendKeys -->
23:04:21.668 INFO  manager.ListenerWD -- sendKeys -->input
23:04:21.686 INFO  manager.ListenerWD -- Before find element-->By.cssSelector: [placeholder = 'description']
23:04:21.698 INFO  manager.ListenerWD -- After find element-->By.cssSelector: [placeholder = 'description']
23:04:21.701 INFO  manager.ListenerWD -- Location of element-->input
23:04:21.705 INFO  manager.ListenerWD -- Before click element-->inputtext -->
23:04:21.732 INFO  manager.ListenerWD -- After click element-->input
23:04:21.742 INFO  manager.ListenerWD -- sendKeys -->
23:04:21.742 INFO  manager.ListenerWD -- sendKeys -->input
23:04:21.759 INFO  manager.ListenerWD -- sendKeys -->
23:04:21.762 INFO  manager.ListenerWD -- sendKeys -->input
23:04:21.775 INFO  manager.ListenerWD -- sendKeys -->
23:04:21.778 INFO  manager.ListenerWD -- sendKeys -->input
23:04:21.789 INFO  manager.ListenerWD -- Before find element-->By.cssSelector: .add_form__2rsm2>button
23:04:21.796 INFO  manager.ListenerWD -- After find element-->By.cssSelector: .add_form__2rsm2>button
23:04:21.798 INFO  manager.ListenerWD -- Location of element-->button
23:04:21.802 INFO  manager.ListenerWD -- Before click element-->buttontext -->Save
23:04:21.821 INFO  manager.ListenerWD -- After click element-->button
23:04:22.322 INFO  manager.ListenerWD -- Before find element-->By.cssSelector: a[href='/add']
23:04:22.338 INFO  manager.ListenerWD -- After find element-->By.cssSelector: a[href='/add']
23:04:22.338 INFO  manager.ListenerWD -- Location of element-->a
23:04:22.338 INFO  manager.ListenerWD -- Before click element-->atext -->ADD
23:04:22.371 INFO  manager.ListenerWD -- After click element-->a
23:04:22.371 INFO  manager.ListenerWD -- Before find element-->By.cssSelector: [placeholder='Name']
23:04:22.401 INFO  manager.ListenerWD -- After find element-->By.cssSelector: [placeholder='Name']
23:04:22.407 INFO  manager.ListenerWD -- Location of element-->input
23:04:22.408 INFO  manager.ListenerWD -- Before click element-->inputtext -->
23:04:22.454 INFO  manager.ListenerWD -- After click element-->input
23:04:22.468 INFO  manager.ListenerWD -- sendKeys -->
23:04:22.468 INFO  manager.ListenerWD -- sendKeys -->input
23:04:22.481 INFO  manager.ListenerWD -- sendKeys -->
23:04:22.487 INFO  manager.ListenerWD -- sendKeys -->input
23:04:22.501 INFO  manager.ListenerWD -- sendKeys -->
23:04:22.503 INFO  manager.ListenerWD -- sendKeys -->input
23:04:22.510 INFO  manager.ListenerWD -- Before find element-->By.cssSelector: [placeholder='Last Name']
23:04:22.520 INFO  manager.ListenerWD -- After find element-->By.cssSelector: [placeholder='Last Name']
23:04:22.523 INFO  manager.ListenerWD -- Location of element-->input
23:04:22.530 INFO  manager.ListenerWD -- Before click element-->inputtext -->
23:04:22.579 INFO  manager.ListenerWD -- After click element-->input
23:04:22.592 INFO  manager.ListenerWD -- sendKeys -->
23:04:22.593 INFO  manager.ListenerWD -- sendKeys -->input
23:04:22.607 INFO  manager.ListenerWD -- sendKeys -->
23:04:22.608 INFO  manager.ListenerWD -- sendKeys -->input
23:04:22.620 INFO  manager.ListenerWD -- sendKeys -->
23:04:22.620 INFO  manager.ListenerWD -- sendKeys -->input
23:04:22.634 INFO  manager.ListenerWD -- Before find element-->By.cssSelector: [placeholder='Phone']
23:04:22.638 INFO  manager.ListenerWD -- After find element-->By.cssSelector: [placeholder='Phone']
23:04:22.643 INFO  manager.ListenerWD -- Location of element-->input
23:04:22.648 INFO  manager.ListenerWD -- Before click element-->inputtext -->
23:04:22.674 INFO  manager.ListenerWD -- After click element-->input
23:04:22.720 INFO  manager.ListenerWD -- sendKeys -->
23:04:22.720 INFO  manager.ListenerWD -- sendKeys -->input
23:04:22.739 INFO  manager.ListenerWD -- sendKeys -->
23:04:22.739 INFO  manager.ListenerWD -- sendKeys -->input
23:04:22.765 INFO  manager.ListenerWD -- sendKeys -->
23:04:22.781 INFO  manager.ListenerWD -- sendKeys -->input
23:04:22.826 INFO  manager.ListenerWD -- Before find element-->By.cssSelector: [placeholder='email']
23:04:22.839 INFO  manager.ListenerWD -- After find element-->By.cssSelector: [placeholder='email']
23:04:22.844 INFO  manager.ListenerWD -- Location of element-->input
23:04:22.844 INFO  manager.ListenerWD -- Before click element-->inputtext -->
23:04:22.892 INFO  manager.ListenerWD -- After click element-->input
23:04:22.904 INFO  manager.ListenerWD -- sendKeys -->
23:04:22.904 INFO  manager.ListenerWD -- sendKeys -->input
23:04:22.931 INFO  manager.ListenerWD -- sendKeys -->
23:04:22.933 INFO  manager.ListenerWD -- sendKeys -->input
23:04:22.944 INFO  manager.ListenerWD -- sendKeys -->
23:04:22.946 INFO  manager.ListenerWD -- sendKeys -->input
23:04:22.961 INFO  manager.ListenerWD -- Before find element-->By.cssSelector: [placeholder='Address']
23:04:22.971 INFO  manager.ListenerWD -- After find element-->By.cssSelector: [placeholder='Address']
23:04:22.973 INFO  manager.ListenerWD -- Location of element-->input
23:04:22.978 INFO  manager.ListenerWD -- Before click element-->inputtext -->
23:04:22.996 INFO  manager.ListenerWD -- After click element-->input
23:04:23.012 INFO  manager.ListenerWD -- sendKeys -->
23:04:23.013 INFO  manager.ListenerWD -- sendKeys -->input
23:04:23.027 INFO  manager.ListenerWD -- sendKeys -->
23:04:23.029 INFO  manager.ListenerWD -- sendKeys -->input
23:04:23.038 INFO  manager.ListenerWD -- sendKeys -->
23:04:23.043 INFO  manager.ListenerWD -- sendKeys -->input
23:04:23.058 INFO  manager.ListenerWD -- Before find element-->By.cssSelector: [placeholder = 'description']
23:04:23.064 INFO  manager.ListenerWD -- After find element-->By.cssSelector: [placeholder = 'description']
23:04:23.064 INFO  manager.ListenerWD -- Location of element-->input
23:04:23.071 INFO  manager.ListenerWD -- Before click element-->inputtext -->
23:04:23.093 INFO  manager.ListenerWD -- After click element-->input
23:04:23.104 INFO  manager.ListenerWD -- sendKeys -->
23:04:23.104 INFO  manager.ListenerWD -- sendKeys -->input
23:04:23.122 INFO  manager.ListenerWD -- sendKeys -->
23:04:23.123 INFO  manager.ListenerWD -- sendKeys -->input
23:04:23.134 INFO  manager.ListenerWD -- sendKeys -->
23:04:23.134 INFO  manager.ListenerWD -- sendKeys -->input
23:04:23.150 INFO  manager.ListenerWD -- Before find element-->By.cssSelector: .add_form__2rsm2>button
23:04:23.157 INFO  manager.ListenerWD -- After find element-->By.cssSelector: .add_form__2rsm2>button
23:04:23.161 INFO  manager.ListenerWD -- Location of element-->button
23:04:23.187 INFO  manager.ListenerWD -- Before click element-->buttontext -->Save
23:04:23.226 INFO  manager.ListenerWD -- After click element-->button
23:04:23.839 INFO  manager.HelperBase -- Number of Contacts before remove is-->3
23:04:23.839 INFO  manager.ListenerWD -- Before find element-->By.cssSelector: .contact-item_card__2SOIM
23:04:23.857 INFO  manager.ListenerWD -- After find element-->By.cssSelector: .contact-item_card__2SOIM
23:04:23.859 INFO  manager.ListenerWD -- Location of element-->div
23:04:23.864 INFO  manager.ListenerWD -- Before click element-->divtext -->Harry
555667771728
23:04:23.892 INFO  manager.ListenerWD -- After click element-->div
23:04:23.892 INFO  manager.ListenerWD -- Before find element-->By.xpath: //button[text()='Remove']
23:04:23.899 INFO  manager.ListenerWD -- After find element-->By.xpath: //button[text()='Remove']
23:04:23.900 INFO  manager.ListenerWD -- Location of element-->button
23:04:23.907 INFO  manager.ListenerWD -- Before click element-->buttontext -->Remove
23:04:23.929 INFO  manager.ListenerWD -- After click element-->button
23:04:24.988 INFO  manager.HelperBase -- Number of Contacts after remove is-->2
23:04:25.004 INFO  tests.TestBase -- ==============================================
