23:24:18.314 INFO  manager.ApplicationManager -- All tests runs in EDGE Browser
23:24:19.140 INFO  manager.ListenerWD -- Navigate to -->https://telranedu.web.app/
23:24:19.917 INFO  manager.ApplicationManager -- The link --->https://telranedu.web.app/home
23:24:19.961 INFO  tests.TestBase -- test data---> email: lolik@gmail.com & password: Lolik123!
23:24:25.003 INFO  manager.ListenerWD -- Before find element-->By.cssSelector: a[href='/login']
23:24:25.083 INFO  manager.ListenerWD -- After find element-->By.cssSelector: a[href='/login']
23:24:25.099 INFO  manager.ListenerWD -- Location of element-->a
23:24:25.123 INFO  manager.ListenerWD -- Before click element-->atext -->LOGIN
23:24:25.166 INFO  manager.ListenerWD -- After click element-->a
23:24:25.166 INFO  manager.HelperBase -- Open form by ckick on button with locator a[href='/login']
23:24:25.168 INFO  manager.ListenerWD -- Before find element-->By.name: email
23:24:25.252 INFO  manager.ListenerWD -- After find element-->By.name: email
23:24:25.267 INFO  manager.ListenerWD -- Location of element-->input
23:24:25.282 INFO  manager.ListenerWD -- Before click element-->inputtext -->
23:24:25.316 INFO  manager.ListenerWD -- After click element-->input
23:24:25.342 INFO  manager.ListenerWD -- sendKeys -->
23:24:25.359 INFO  manager.ListenerWD -- sendKeys -->input
23:24:25.386 INFO  manager.ListenerWD -- sendKeys -->
23:24:25.389 INFO  manager.ListenerWD -- sendKeys -->input
23:24:25.406 INFO  manager.ListenerWD -- sendKeys -->
23:24:25.410 INFO  manager.ListenerWD -- sendKeys -->input
23:24:25.428 INFO  manager.ListenerWD -- Before find element-->By.xpath: //input[@placeholder='Password']
23:24:25.461 INFO  manager.ListenerWD -- After find element-->By.xpath: //input[@placeholder='Password']
23:24:25.477 INFO  manager.ListenerWD -- Location of element-->input
23:24:25.492 INFO  manager.ListenerWD -- Before click element-->inputtext -->
23:24:25.535 INFO  manager.ListenerWD -- After click element-->input
23:24:25.567 INFO  manager.ListenerWD -- sendKeys -->
23:24:25.583 INFO  manager.ListenerWD -- sendKeys -->input
23:24:25.626 INFO  manager.ListenerWD -- sendKeys -->
23:24:25.658 INFO  manager.ListenerWD -- sendKeys -->input
23:24:25.731 INFO  manager.ListenerWD -- sendKeys -->
23:24:25.751 INFO  manager.ListenerWD -- sendKeys -->input
23:24:25.784 INFO  manager.ListenerWD -- Before find element-->By.xpath: //button[text()='Login']
23:24:25.824 INFO  manager.ListenerWD -- After find element-->By.xpath: //button[text()='Login']
23:24:25.839 INFO  manager.ListenerWD -- Location of element-->button
23:24:25.852 INFO  manager.ListenerWD -- Before click element-->buttontext -->Login
23:24:25.917 INFO  tests.TestBase -- User logged in successfully
23:24:25.951 INFO  tests.TestBase -- Name of method (test) -->addNewContactEmptyAddress
23:24:26.234 INFO  tests.TestBase -- Test data --> name: Tony, lastName:Molly, phone: 343434342323, email: molly@gmail.com, address: , description: empty address
23:24:26.234 INFO  manager.ListenerWD -- Before find element-->By.cssSelector: a[href='/add']
23:24:27.510 INFO  manager.ListenerWD -- After find element-->By.cssSelector: a[href='/add']
23:24:27.526 INFO  manager.ListenerWD -- Location of element-->a
23:24:27.570 INFO  manager.ListenerWD -- Before click element-->atext -->ADD
23:24:27.636 INFO  manager.ListenerWD -- After click element-->a
23:24:27.636 INFO  manager.ListenerWD -- Before find element-->By.cssSelector: [placeholder='Name']
23:24:27.650 INFO  manager.ListenerWD -- After find element-->By.cssSelector: [placeholder='Name']
23:24:27.655 INFO  manager.ListenerWD -- Location of element-->input
23:24:27.658 INFO  manager.ListenerWD -- Before click element-->inputtext -->
23:24:27.691 INFO  manager.ListenerWD -- After click element-->input
23:24:27.711 INFO  manager.ListenerWD -- sendKeys -->
23:24:27.711 INFO  manager.ListenerWD -- sendKeys -->input
23:24:27.730 INFO  manager.ListenerWD -- sendKeys -->
23:24:27.732 INFO  manager.ListenerWD -- sendKeys -->input
23:24:27.748 INFO  manager.ListenerWD -- sendKeys -->
23:24:27.751 INFO  manager.ListenerWD -- sendKeys -->input
23:24:27.776 INFO  manager.ListenerWD -- Before find element-->By.cssSelector: [placeholder='Last Name']
23:24:27.843 INFO  manager.ListenerWD -- After find element-->By.cssSelector: [placeholder='Last Name']
23:24:27.859 INFO  manager.ListenerWD -- Location of element-->input
23:24:27.880 INFO  manager.ListenerWD -- Before click element-->inputtext -->
23:24:27.945 INFO  manager.ListenerWD -- After click element-->input
23:24:27.969 INFO  manager.ListenerWD -- sendKeys -->
23:24:27.969 INFO  manager.ListenerWD -- sendKeys -->input
23:24:28.017 INFO  manager.ListenerWD -- sendKeys -->
23:24:28.022 INFO  manager.ListenerWD -- sendKeys -->input
23:24:28.060 INFO  manager.ListenerWD -- sendKeys -->
23:24:28.064 INFO  manager.ListenerWD -- sendKeys -->input
23:24:28.086 INFO  manager.ListenerWD -- Before find element-->By.cssSelector: [placeholder='Phone']
23:24:28.136 INFO  manager.ListenerWD -- After find element-->By.cssSelector: [placeholder='Phone']
23:24:28.146 INFO  manager.ListenerWD -- Location of element-->input
23:24:28.167 INFO  manager.ListenerWD -- Before click element-->inputtext -->
23:24:28.253 INFO  manager.ListenerWD -- After click element-->input
23:24:28.272 INFO  manager.ListenerWD -- sendKeys -->
23:24:28.272 INFO  manager.ListenerWD -- sendKeys -->input
23:24:28.304 INFO  manager.ListenerWD -- sendKeys -->
23:24:28.306 INFO  manager.ListenerWD -- sendKeys -->input
23:24:28.323 INFO  manager.ListenerWD -- sendKeys -->
23:24:28.324 INFO  manager.ListenerWD -- sendKeys -->input
23:24:28.341 INFO  manager.ListenerWD -- Before find element-->By.cssSelector: [placeholder='email']
23:24:28.433 INFO  manager.ListenerWD -- After find element-->By.cssSelector: [placeholder='email']
23:24:28.449 INFO  manager.ListenerWD -- Location of element-->input
23:24:28.465 INFO  manager.ListenerWD -- Before click element-->inputtext -->
23:24:28.520 INFO  manager.ListenerWD -- After click element-->input
23:24:28.535 INFO  manager.ListenerWD -- sendKeys -->
23:24:28.536 INFO  manager.ListenerWD -- sendKeys -->input
23:24:28.548 INFO  manager.ListenerWD -- sendKeys -->
23:24:28.554 INFO  manager.ListenerWD -- sendKeys -->input
23:24:28.565 INFO  manager.ListenerWD -- sendKeys -->
23:24:28.573 INFO  manager.ListenerWD -- sendKeys -->input
23:24:28.590 INFO  manager.ListenerWD -- Before find element-->By.cssSelector: [placeholder='Address']
23:24:28.604 INFO  manager.ListenerWD -- After find element-->By.cssSelector: [placeholder='Address']
23:24:28.608 INFO  manager.ListenerWD -- Location of element-->input
23:24:28.608 INFO  manager.ListenerWD -- Before click element-->inputtext -->
23:24:28.654 INFO  manager.ListenerWD -- After click element-->input
23:24:28.668 INFO  manager.ListenerWD -- sendKeys -->
23:24:28.668 INFO  manager.ListenerWD -- sendKeys -->input
23:24:28.686 INFO  manager.ListenerWD -- sendKeys -->
23:24:28.689 INFO  manager.ListenerWD -- sendKeys -->input
23:24:28.704 INFO  manager.ListenerWD -- sendKeys -->
23:24:28.706 INFO  manager.ListenerWD -- sendKeys -->input
23:24:28.716 INFO  manager.ListenerWD -- Before find element-->By.cssSelector: [placeholder = 'description']
23:24:28.724 INFO  manager.ListenerWD -- After find element-->By.cssSelector: [placeholder = 'description']
23:24:28.765 INFO  manager.ListenerWD -- Location of element-->input
23:24:28.796 INFO  manager.ListenerWD -- Before click element-->inputtext -->
23:24:28.835 INFO  manager.ListenerWD -- After click element-->input
23:24:28.845 INFO  manager.ListenerWD -- sendKeys -->
23:24:28.851 INFO  manager.ListenerWD -- sendKeys -->input
23:24:28.866 INFO  manager.ListenerWD -- sendKeys -->
23:24:28.868 INFO  manager.ListenerWD -- sendKeys -->input
23:24:28.886 INFO  manager.ListenerWD -- sendKeys -->
23:24:28.888 INFO  manager.ListenerWD -- sendKeys -->input
23:24:28.912 INFO  manager.ListenerWD -- Before find element-->By.cssSelector: .add_form__2rsm2>button
23:24:28.944 INFO  manager.ListenerWD -- After find element-->By.cssSelector: .add_form__2rsm2>button
23:24:28.959 INFO  manager.ListenerWD -- Location of element-->button
23:24:28.960 INFO  manager.ListenerWD -- Before click element-->buttontext -->Save
23:24:29.026 INFO  manager.ListenerWD -- After click element-->button
23:24:29.070 INFO  tests.TestBase -- Assert check Add button is active
23:24:29.086 INFO  tests.TestBase -- ==============================================
23:24:29.102 INFO  tests.TestBase -- Name of method (test) -->addNewContactEmptyLastName
23:24:29.102 INFO  tests.TestBase -- Test data --> name: Tony , lastName:, phone: 343434342323,email: molly@gmail.com, address: Haifa, description: empty last name
23:24:29.102 INFO  manager.ListenerWD -- Before find element-->By.cssSelector: a[href='/add']
23:24:29.118 INFO  manager.ListenerWD -- After find element-->By.cssSelector: a[href='/add']
23:24:29.138 INFO  manager.ListenerWD -- Location of element-->a
23:24:29.150 INFO  manager.ListenerWD -- Before click element-->atext -->ADD
23:24:29.218 INFO  manager.ListenerWD -- After click element-->a
23:24:29.218 INFO  manager.ListenerWD -- Before find element-->By.cssSelector: [placeholder='Name']
23:24:29.248 INFO  manager.ListenerWD -- After find element-->By.cssSelector: [placeholder='Name']
23:24:29.259 INFO  manager.ListenerWD -- Location of element-->input
23:24:29.264 INFO  manager.ListenerWD -- Before click element-->inputtext -->
23:24:29.329 INFO  manager.ListenerWD -- After click element-->input
23:24:29.353 INFO  manager.ListenerWD -- sendKeys -->
23:24:29.362 INFO  manager.ListenerWD -- sendKeys -->input
23:24:29.407 INFO  manager.ListenerWD -- sendKeys -->
23:24:29.414 INFO  manager.ListenerWD -- sendKeys -->input
23:24:29.456 INFO  manager.ListenerWD -- sendKeys -->
23:24:29.459 INFO  manager.ListenerWD -- sendKeys -->input
23:24:29.486 INFO  manager.ListenerWD -- Before find element-->By.cssSelector: [placeholder='Last Name']
23:24:29.499 INFO  manager.ListenerWD -- After find element-->By.cssSelector: [placeholder='Last Name']
23:24:29.515 INFO  manager.ListenerWD -- Location of element-->input
23:24:29.546 INFO  manager.ListenerWD -- Before click element-->inputtext -->
23:24:29.601 INFO  manager.ListenerWD -- After click element-->input
23:24:29.630 INFO  manager.ListenerWD -- sendKeys -->
23:24:29.637 INFO  manager.ListenerWD -- sendKeys -->input
23:24:29.681 INFO  manager.ListenerWD -- sendKeys -->
23:24:29.686 INFO  manager.ListenerWD -- sendKeys -->input
23:24:29.712 INFO  manager.ListenerWD -- sendKeys -->
23:24:29.722 INFO  manager.ListenerWD -- sendKeys -->input
23:24:29.729 INFO  manager.ListenerWD -- Before find element-->By.cssSelector: [placeholder='Phone']
23:24:29.761 INFO  manager.ListenerWD -- After find element-->By.cssSelector: [placeholder='Phone']
23:24:29.777 INFO  manager.ListenerWD -- Location of element-->input
23:24:29.793 INFO  manager.ListenerWD -- Before click element-->inputtext -->
23:24:29.846 INFO  manager.ListenerWD -- After click element-->input
23:24:29.871 INFO  manager.ListenerWD -- sendKeys -->
23:24:29.876 INFO  manager.ListenerWD -- sendKeys -->input
23:24:29.911 INFO  manager.ListenerWD -- sendKeys -->
23:24:29.916 INFO  manager.ListenerWD -- sendKeys -->input
23:24:29.944 INFO  manager.ListenerWD -- sendKeys -->
23:24:29.947 INFO  manager.ListenerWD -- sendKeys -->input
23:24:29.972 INFO  manager.ListenerWD -- Before find element-->By.cssSelector: [placeholder='email']
23:24:29.995 INFO  manager.ListenerWD -- After find element-->By.cssSelector: [placeholder='email']
23:24:30.011 INFO  manager.ListenerWD -- Location of element-->input
23:24:30.027 INFO  manager.ListenerWD -- Before click element-->inputtext -->
23:24:30.086 INFO  manager.ListenerWD -- After click element-->input
23:24:30.120 INFO  manager.ListenerWD -- sendKeys -->
23:24:30.125 INFO  manager.ListenerWD -- sendKeys -->input
23:24:30.167 INFO  manager.ListenerWD -- sendKeys -->
23:24:30.178 INFO  manager.ListenerWD -- sendKeys -->input
23:24:30.210 INFO  manager.ListenerWD -- sendKeys -->
23:24:30.213 INFO  manager.ListenerWD -- sendKeys -->input
23:24:30.244 INFO  manager.ListenerWD -- Before find element-->By.cssSelector: [placeholder='Address']
23:24:30.268 INFO  manager.ListenerWD -- After find element-->By.cssSelector: [placeholder='Address']
23:24:30.284 INFO  manager.ListenerWD -- Location of element-->input
23:24:30.300 INFO  manager.ListenerWD -- Before click element-->inputtext -->
23:24:30.364 INFO  manager.ListenerWD -- After click element-->input
23:24:30.393 INFO  manager.ListenerWD -- sendKeys -->
23:24:30.393 INFO  manager.ListenerWD -- sendKeys -->input
23:24:30.438 INFO  manager.ListenerWD -- sendKeys -->
23:24:30.444 INFO  manager.ListenerWD -- sendKeys -->input
23:24:30.472 INFO  manager.ListenerWD -- sendKeys -->
23:24:30.476 INFO  manager.ListenerWD -- sendKeys -->input
23:24:30.495 INFO  manager.ListenerWD -- Before find element-->By.cssSelector: [placeholder = 'description']
23:24:30.511 INFO  manager.ListenerWD -- After find element-->By.cssSelector: [placeholder = 'description']
23:24:30.511 INFO  manager.ListenerWD -- Location of element-->input
23:24:30.527 INFO  manager.ListenerWD -- Before click element-->inputtext -->
23:24:30.609 INFO  manager.ListenerWD -- After click element-->input
23:24:30.648 INFO  manager.ListenerWD -- sendKeys -->
23:24:30.664 INFO  manager.ListenerWD -- sendKeys -->input
23:24:30.735 INFO  manager.ListenerWD -- sendKeys -->
23:24:30.751 INFO  manager.ListenerWD -- sendKeys -->input
23:24:30.779 INFO  manager.ListenerWD -- sendKeys -->
23:24:30.781 INFO  manager.ListenerWD -- sendKeys -->input
23:24:30.798 INFO  manager.ListenerWD -- Before find element-->By.cssSelector: .add_form__2rsm2>button
23:24:30.808 INFO  manager.ListenerWD -- After find element-->By.cssSelector: .add_form__2rsm2>button
23:24:30.822 INFO  manager.ListenerWD -- Location of element-->button
23:24:30.822 INFO  manager.ListenerWD -- Before click element-->buttontext -->Save
23:24:30.851 INFO  manager.ListenerWD -- After click element-->button
23:24:30.861 INFO  tests.TestBase -- Assert check Add button is active
23:24:30.862 INFO  tests.TestBase -- ==============================================
23:24:30.864 INFO  tests.TestBase -- Name of method (test) -->addNewContactEmptyName
23:24:30.866 INFO  tests.TestBase -- Test data --> name: , lastName:Molly, phone: 343434342323,email: molly@gmail.com, address: Haifa, description: empty name
23:24:30.866 INFO  manager.ListenerWD -- Before find element-->By.cssSelector: a[href='/add']
23:24:30.989 INFO  manager.ListenerWD -- After find element-->By.cssSelector: a[href='/add']
23:24:31.005 INFO  manager.ListenerWD -- Location of element-->a
23:24:31.050 INFO  manager.ListenerWD -- Before click element-->atext -->ADD
23:24:31.142 INFO  manager.ListenerWD -- After click element-->a
23:24:31.143 INFO  manager.ListenerWD -- Before find element-->By.cssSelector: [placeholder='Name']
23:24:31.163 INFO  manager.ListenerWD -- After find element-->By.cssSelector: [placeholder='Name']
23:24:31.178 INFO  manager.ListenerWD -- Location of element-->input
23:24:31.178 INFO  manager.ListenerWD -- Before click element-->inputtext -->
23:24:31.225 INFO  manager.ListenerWD -- After click element-->input
23:24:31.241 INFO  manager.ListenerWD -- sendKeys -->
23:24:31.244 INFO  manager.ListenerWD -- sendKeys -->input
23:24:31.269 INFO  manager.ListenerWD -- sendKeys -->
23:24:31.279 INFO  manager.ListenerWD -- sendKeys -->input
23:24:31.298 INFO  manager.ListenerWD -- sendKeys -->
23:24:31.300 INFO  manager.ListenerWD -- sendKeys -->input
23:24:31.310 INFO  manager.ListenerWD -- Before find element-->By.cssSelector: [placeholder='Last Name']
23:24:31.327 INFO  manager.ListenerWD -- After find element-->By.cssSelector: [placeholder='Last Name']
23:24:31.327 INFO  manager.ListenerWD -- Location of element-->input
23:24:31.343 INFO  manager.ListenerWD -- Before click element-->inputtext -->
23:24:31.370 INFO  manager.ListenerWD -- After click element-->input
23:24:31.377 INFO  manager.ListenerWD -- sendKeys -->
23:24:31.377 INFO  manager.ListenerWD -- sendKeys -->input
23:24:31.395 INFO  manager.ListenerWD -- sendKeys -->
23:24:31.401 INFO  manager.ListenerWD -- sendKeys -->input
23:24:31.415 INFO  manager.ListenerWD -- sendKeys -->
23:24:31.415 INFO  manager.ListenerWD -- sendKeys -->input
23:24:31.432 INFO  manager.ListenerWD -- Before find element-->By.cssSelector: [placeholder='Phone']
23:24:31.446 INFO  manager.ListenerWD -- After find element-->By.cssSelector: [placeholder='Phone']
23:24:31.460 INFO  manager.ListenerWD -- Location of element-->input
23:24:31.514 INFO  manager.ListenerWD -- Before click element-->inputtext -->
23:24:31.593 INFO  manager.ListenerWD -- After click element-->input
23:24:31.614 INFO  manager.ListenerWD -- sendKeys -->
23:24:31.624 INFO  manager.ListenerWD -- sendKeys -->input
23:24:31.655 INFO  manager.ListenerWD -- sendKeys -->
23:24:31.656 INFO  manager.ListenerWD -- sendKeys -->input
23:24:31.672 INFO  manager.ListenerWD -- sendKeys -->
23:24:31.674 INFO  manager.ListenerWD -- sendKeys -->input
23:24:31.687 INFO  manager.ListenerWD -- Before find element-->By.cssSelector: [placeholder='email']
23:24:31.701 INFO  manager.ListenerWD -- After find element-->By.cssSelector: [placeholder='email']
23:24:31.706 INFO  manager.ListenerWD -- Location of element-->input
23:24:31.711 INFO  manager.ListenerWD -- Before click element-->inputtext -->
23:24:31.750 INFO  manager.ListenerWD -- After click element-->input
23:24:31.790 INFO  manager.ListenerWD -- sendKeys -->
23:24:31.795 INFO  manager.ListenerWD -- sendKeys -->input
23:24:31.840 INFO  manager.ListenerWD -- sendKeys -->
23:24:31.844 INFO  manager.ListenerWD -- sendKeys -->input
23:24:31.862 INFO  manager.ListenerWD -- sendKeys -->
23:24:31.864 INFO  manager.ListenerWD -- sendKeys -->input
23:24:31.880 INFO  manager.ListenerWD -- Before find element-->By.cssSelector: [placeholder='Address']
23:24:31.914 INFO  manager.ListenerWD -- After find element-->By.cssSelector: [placeholder='Address']
23:24:31.914 INFO  manager.ListenerWD -- Location of element-->input
23:24:31.930 INFO  manager.ListenerWD -- Before click element-->inputtext -->
23:24:31.975 INFO  manager.ListenerWD -- After click element-->input
23:24:31.999 INFO  manager.ListenerWD -- sendKeys -->
23:24:32.001 INFO  manager.ListenerWD -- sendKeys -->input
23:24:32.042 INFO  manager.ListenerWD -- sendKeys -->
23:24:32.045 INFO  manager.ListenerWD -- sendKeys -->input
23:24:32.056 INFO  manager.ListenerWD -- sendKeys -->
23:24:32.062 INFO  manager.ListenerWD -- sendKeys -->input
23:24:32.076 INFO  manager.ListenerWD -- Before find element-->By.cssSelector: [placeholder = 'description']
23:24:32.086 INFO  manager.ListenerWD -- After find element-->By.cssSelector: [placeholder = 'description']
23:24:32.089 INFO  manager.ListenerWD -- Location of element-->input
23:24:32.093 INFO  manager.ListenerWD -- Before click element-->inputtext -->
23:24:32.124 INFO  manager.ListenerWD -- After click element-->input
23:24:32.135 INFO  manager.ListenerWD -- sendKeys -->
23:24:32.142 INFO  manager.ListenerWD -- sendKeys -->input
23:24:32.165 INFO  manager.ListenerWD -- sendKeys -->
23:24:32.167 INFO  manager.ListenerWD -- sendKeys -->input
23:24:32.177 INFO  manager.ListenerWD -- sendKeys -->
23:24:32.184 INFO  manager.ListenerWD -- sendKeys -->input
23:24:32.196 INFO  manager.ListenerWD -- Before find element-->By.cssSelector: .add_form__2rsm2>button
23:24:32.209 INFO  manager.ListenerWD -- After find element-->By.cssSelector: .add_form__2rsm2>button
23:24:32.211 INFO  manager.ListenerWD -- Location of element-->button
23:24:32.216 INFO  manager.ListenerWD -- Before click element-->buttontext -->Save
23:24:32.266 INFO  manager.ListenerWD -- After click element-->button
23:24:32.279 INFO  tests.TestBase -- Assert check Add button is active
23:24:32.281 INFO  tests.TestBase -- ==============================================
23:24:32.287 INFO  tests.TestBase -- Name of method (test) -->addNewContactSuccessAllFields
23:24:32.302 INFO  manager.ListenerWD -- Before find element-->By.cssSelector: a[href='/add']
23:24:32.334 INFO  manager.ListenerWD -- After find element-->By.cssSelector: a[href='/add']
23:24:32.350 INFO  manager.ListenerWD -- Location of element-->a
23:24:32.366 INFO  manager.ListenerWD -- Before click element-->atext -->ADD
23:24:32.469 INFO  manager.ListenerWD -- After click element-->a
23:24:32.469 INFO  manager.ListenerWD -- Before find element-->By.cssSelector: [placeholder='Name']
23:24:32.500 INFO  manager.ListenerWD -- After find element-->By.cssSelector: [placeholder='Name']
23:24:32.516 INFO  manager.ListenerWD -- Location of element-->input
23:24:32.516 INFO  manager.ListenerWD -- Before click element-->inputtext -->
23:24:32.553 INFO  manager.ListenerWD -- After click element-->input
23:24:32.566 INFO  manager.ListenerWD -- sendKeys -->
23:24:32.568 INFO  manager.ListenerWD -- sendKeys -->input
23:24:32.583 INFO  manager.ListenerWD -- sendKeys -->
23:24:32.585 INFO  manager.ListenerWD -- sendKeys -->input
23:24:32.600 INFO  manager.ListenerWD -- sendKeys -->
23:24:32.602 INFO  manager.ListenerWD -- sendKeys -->input
23:24:32.614 INFO  manager.ListenerWD -- Before find element-->By.cssSelector: [placeholder='Last Name']
23:24:32.638 INFO  manager.ListenerWD -- After find element-->By.cssSelector: [placeholder='Last Name']
23:24:32.638 INFO  manager.ListenerWD -- Location of element-->input
23:24:32.638 INFO  manager.ListenerWD -- Before click element-->inputtext -->
23:24:32.677 INFO  manager.ListenerWD -- After click element-->input
23:24:32.699 INFO  manager.ListenerWD -- sendKeys -->
23:24:32.704 INFO  manager.ListenerWD -- sendKeys -->input
23:24:32.723 INFO  manager.ListenerWD -- sendKeys -->
23:24:32.729 INFO  manager.ListenerWD -- sendKeys -->input
23:24:32.741 INFO  manager.ListenerWD -- sendKeys -->
23:24:32.741 INFO  manager.ListenerWD -- sendKeys -->input
23:24:32.762 INFO  manager.ListenerWD -- Before find element-->By.cssSelector: [placeholder='Phone']
23:24:32.772 INFO  manager.ListenerWD -- After find element-->By.cssSelector: [placeholder='Phone']
23:24:32.776 INFO  manager.ListenerWD -- Location of element-->input
23:24:32.777 INFO  manager.ListenerWD -- Before click element-->inputtext -->
23:24:32.815 INFO  manager.ListenerWD -- After click element-->input
23:24:32.845 INFO  manager.ListenerWD -- sendKeys -->
23:24:32.847 INFO  manager.ListenerWD -- sendKeys -->input
23:24:32.870 INFO  manager.ListenerWD -- sendKeys -->
23:24:32.874 INFO  manager.ListenerWD -- sendKeys -->input
23:24:32.892 INFO  manager.ListenerWD -- sendKeys -->
23:24:32.892 INFO  manager.ListenerWD -- sendKeys -->input
23:24:32.910 INFO  manager.ListenerWD -- Before find element-->By.cssSelector: [placeholder='email']
23:24:32.917 INFO  manager.ListenerWD -- After find element-->By.cssSelector: [placeholder='email']
23:24:32.921 INFO  manager.ListenerWD -- Location of element-->input
23:24:32.926 INFO  manager.ListenerWD -- Before click element-->inputtext -->
23:24:32.949 INFO  manager.ListenerWD -- After click element-->input
23:24:32.962 INFO  manager.ListenerWD -- sendKeys -->
23:24:32.965 INFO  manager.ListenerWD -- sendKeys -->input
23:24:32.983 INFO  manager.ListenerWD -- sendKeys -->
23:24:32.990 INFO  manager.ListenerWD -- sendKeys -->input
23:24:33.019 INFO  manager.ListenerWD -- sendKeys -->
23:24:33.020 INFO  manager.ListenerWD -- sendKeys -->input
23:24:33.063 INFO  manager.ListenerWD -- Before find element-->By.cssSelector: [placeholder='Address']
23:24:33.087 INFO  manager.ListenerWD -- After find element-->By.cssSelector: [placeholder='Address']
23:24:33.102 INFO  manager.ListenerWD -- Location of element-->input
23:24:33.119 INFO  manager.ListenerWD -- Before click element-->inputtext -->
23:24:33.190 INFO  manager.ListenerWD -- After click element-->input
23:24:33.226 INFO  manager.ListenerWD -- sendKeys -->
23:24:33.231 INFO  manager.ListenerWD -- sendKeys -->input
23:24:33.274 INFO  manager.ListenerWD -- sendKeys -->
23:24:33.283 INFO  manager.ListenerWD -- sendKeys -->input
23:24:33.317 INFO  manager.ListenerWD -- sendKeys -->
23:24:33.323 INFO  manager.ListenerWD -- sendKeys -->input
23:24:33.347 INFO  manager.ListenerWD -- Before find element-->By.cssSelector: [placeholder = 'description']
23:24:33.368 INFO  manager.ListenerWD -- After find element-->By.cssSelector: [placeholder = 'description']
23:24:33.371 INFO  manager.ListenerWD -- Location of element-->input
23:24:33.371 INFO  manager.ListenerWD -- Before click element-->inputtext -->
23:24:33.420 INFO  manager.ListenerWD -- After click element-->input
23:24:33.443 INFO  manager.ListenerWD -- sendKeys -->
23:24:33.447 INFO  manager.ListenerWD -- sendKeys -->input
23:24:33.483 INFO  manager.ListenerWD -- sendKeys -->
23:24:33.487 INFO  manager.ListenerWD -- sendKeys -->input
23:24:33.510 INFO  manager.ListenerWD -- sendKeys -->
23:24:33.511 INFO  manager.ListenerWD -- sendKeys -->input
23:24:33.839 INFO  manager.ListenerWD -- Before find element-->By.cssSelector: .add_form__2rsm2>button
23:24:33.864 INFO  manager.ListenerWD -- After find element-->By.cssSelector: .add_form__2rsm2>button
23:24:33.880 INFO  manager.ListenerWD -- Location of element-->button
23:24:33.880 INFO  manager.ListenerWD -- Before click element-->buttontext -->Save
23:24:33.916 INFO  manager.ListenerWD -- After click element-->button
23:24:34.438 INFO  tests.TestBase -- Assert check is add contact by name
23:24:34.533 INFO  tests.TestBase -- Assert check is add contact by phone
23:24:34.549 INFO  tests.TestBase -- ==============================================
23:24:34.549 INFO  tests.TestBase -- Name of method (test) -->addNewContactSuccessAllFields
23:24:34.549 INFO  manager.ListenerWD -- Before find element-->By.cssSelector: a[href='/add']
23:24:34.581 INFO  manager.ListenerWD -- After find element-->By.cssSelector: a[href='/add']
23:24:34.596 INFO  manager.ListenerWD -- Location of element-->a
23:24:34.609 INFO  manager.ListenerWD -- Before click element-->atext -->ADD
23:24:34.644 INFO  manager.ListenerWD -- After click element-->a
23:24:34.644 INFO  manager.ListenerWD -- Before find element-->By.cssSelector: [placeholder='Name']
23:24:34.653 INFO  manager.ListenerWD -- After find element-->By.cssSelector: [placeholder='Name']
23:24:34.656 INFO  manager.ListenerWD -- Location of element-->input
23:24:34.657 INFO  manager.ListenerWD -- Before click element-->inputtext -->
23:24:34.694 INFO  manager.ListenerWD -- After click element-->input
23:24:34.714 INFO  manager.ListenerWD -- sendKeys -->
23:24:34.714 INFO  manager.ListenerWD -- sendKeys -->input
23:24:34.739 INFO  manager.ListenerWD -- sendKeys -->
23:24:34.741 INFO  manager.ListenerWD -- sendKeys -->input
23:24:34.753 INFO  manager.ListenerWD -- sendKeys -->
23:24:34.753 INFO  manager.ListenerWD -- sendKeys -->input
23:24:34.769 INFO  manager.ListenerWD -- Before find element-->By.cssSelector: [placeholder='Last Name']
23:24:34.780 INFO  manager.ListenerWD -- After find element-->By.cssSelector: [placeholder='Last Name']
23:24:34.784 INFO  manager.ListenerWD -- Location of element-->input
23:24:34.789 INFO  manager.ListenerWD -- Before click element-->inputtext -->
23:24:34.892 INFO  manager.ListenerWD -- After click element-->input
23:24:34.904 INFO  manager.ListenerWD -- sendKeys -->
23:24:34.904 INFO  manager.ListenerWD -- sendKeys -->input
23:24:34.920 INFO  manager.ListenerWD -- sendKeys -->
23:24:34.921 INFO  manager.ListenerWD -- sendKeys -->input
23:24:34.936 INFO  manager.ListenerWD -- sendKeys -->
23:24:34.942 INFO  manager.ListenerWD -- sendKeys -->input
23:24:34.954 INFO  manager.ListenerWD -- Before find element-->By.cssSelector: [placeholder='Phone']
23:24:34.969 INFO  manager.ListenerWD -- After find element-->By.cssSelector: [placeholder='Phone']
23:24:35.057 INFO  manager.ListenerWD -- Location of element-->input
23:24:35.066 INFO  manager.ListenerWD -- Before click element-->inputtext -->
23:24:35.107 INFO  manager.ListenerWD -- After click element-->input
23:24:35.122 INFO  manager.ListenerWD -- sendKeys -->
23:24:35.123 INFO  manager.ListenerWD -- sendKeys -->input
23:24:35.147 INFO  manager.ListenerWD -- sendKeys -->
23:24:35.148 INFO  manager.ListenerWD -- sendKeys -->input
23:24:35.148 INFO  manager.ListenerWD -- sendKeys -->
23:24:35.165 INFO  manager.ListenerWD -- sendKeys -->input
23:24:35.180 INFO  manager.ListenerWD -- Before find element-->By.cssSelector: [placeholder='email']
23:24:35.190 INFO  manager.ListenerWD -- After find element-->By.cssSelector: [placeholder='email']
23:24:35.193 INFO  manager.ListenerWD -- Location of element-->input
23:24:35.197 INFO  manager.ListenerWD -- Before click element-->inputtext -->
23:24:35.227 INFO  manager.ListenerWD -- After click element-->input
23:24:35.238 INFO  manager.ListenerWD -- sendKeys -->
23:24:35.238 INFO  manager.ListenerWD -- sendKeys -->input
23:24:35.264 INFO  manager.ListenerWD -- sendKeys -->
23:24:35.266 INFO  manager.ListenerWD -- sendKeys -->input
23:24:35.280 INFO  manager.ListenerWD -- sendKeys -->
23:24:35.281 INFO  manager.ListenerWD -- sendKeys -->input
23:24:35.299 INFO  manager.ListenerWD -- Before find element-->By.cssSelector: [placeholder='Address']
23:24:35.305 INFO  manager.ListenerWD -- After find element-->By.cssSelector: [placeholder='Address']
23:24:35.310 INFO  manager.ListenerWD -- Location of element-->input
23:24:35.315 INFO  manager.ListenerWD -- Before click element-->inputtext -->
23:24:35.335 INFO  manager.ListenerWD -- After click element-->input
23:24:35.352 INFO  manager.ListenerWD -- sendKeys -->
23:24:35.354 INFO  manager.ListenerWD -- sendKeys -->input
23:24:35.371 INFO  manager.ListenerWD -- sendKeys -->
23:24:35.377 INFO  manager.ListenerWD -- sendKeys -->input
23:24:35.389 INFO  manager.ListenerWD -- sendKeys -->
23:24:35.389 INFO  manager.ListenerWD -- sendKeys -->input
23:24:35.403 INFO  manager.ListenerWD -- Before find element-->By.cssSelector: [placeholder = 'description']
23:24:35.411 INFO  manager.ListenerWD -- After find element-->By.cssSelector: [placeholder = 'description']
23:24:35.420 INFO  manager.ListenerWD -- Location of element-->input
23:24:35.435 INFO  manager.ListenerWD -- Before click element-->inputtext -->
23:24:35.469 INFO  manager.ListenerWD -- After click element-->input
23:24:35.480 INFO  manager.ListenerWD -- sendKeys -->
23:24:35.480 INFO  manager.ListenerWD -- sendKeys -->input
23:24:35.497 INFO  manager.ListenerWD -- sendKeys -->
23:24:35.498 INFO  manager.ListenerWD -- sendKeys -->input
23:24:35.707 INFO  manager.ListenerWD -- Before find element-->By.cssSelector: .add_form__2rsm2>button
23:24:35.743 INFO  manager.ListenerWD -- After find element-->By.cssSelector: .add_form__2rsm2>button
23:24:35.759 INFO  manager.ListenerWD -- Location of element-->button
23:24:35.775 INFO  manager.ListenerWD -- Before click element-->buttontext -->Save
23:24:35.828 INFO  manager.ListenerWD -- After click element-->button
23:24:36.629 INFO  tests.TestBase -- Assert check is add contact by name
23:24:36.782 INFO  tests.TestBase -- Assert check is add contact by phone
23:24:36.785 INFO  tests.TestBase -- ==============================================
23:24:36.788 INFO  tests.TestBase -- Name of method (test) -->addNewContactSuccessRequiredFields
23:24:36.804 INFO  tests.TestBase -- Test data --> name: Tony, lastName:Molly, phone: 343434341476email: molly1476@gmail.com, address: Haifa
23:24:36.804 INFO  manager.ListenerWD -- Before find element-->By.cssSelector: a[href='/add']
23:24:36.836 INFO  manager.ListenerWD -- After find element-->By.cssSelector: a[href='/add']
23:24:36.858 INFO  manager.ListenerWD -- Location of element-->a
23:24:36.869 INFO  manager.ListenerWD -- Before click element-->atext -->ADD
23:24:36.938 INFO  manager.ListenerWD -- After click element-->a
23:24:36.938 INFO  manager.ListenerWD -- Before find element-->By.cssSelector: [placeholder='Name']
23:24:36.962 INFO  manager.ListenerWD -- After find element-->By.cssSelector: [placeholder='Name']
23:24:36.969 INFO  manager.ListenerWD -- Location of element-->input
23:24:36.994 INFO  manager.ListenerWD -- Before click element-->inputtext -->
23:24:37.055 INFO  manager.ListenerWD -- After click element-->input
23:24:37.075 INFO  manager.ListenerWD -- sendKeys -->
23:24:37.078 INFO  manager.ListenerWD -- sendKeys -->input
23:24:37.102 INFO  manager.ListenerWD -- sendKeys -->
23:24:37.105 INFO  manager.ListenerWD -- sendKeys -->input
23:24:37.126 INFO  manager.ListenerWD -- sendKeys -->
23:24:37.129 INFO  manager.ListenerWD -- sendKeys -->input
23:24:37.153 INFO  manager.ListenerWD -- Before find element-->By.cssSelector: [placeholder='Last Name']
23:24:37.171 INFO  manager.ListenerWD -- After find element-->By.cssSelector: [placeholder='Last Name']
23:24:37.171 INFO  manager.ListenerWD -- Location of element-->input
23:24:37.203 INFO  manager.ListenerWD -- Before click element-->inputtext -->
23:24:37.255 INFO  manager.ListenerWD -- After click element-->input
23:24:37.269 INFO  manager.ListenerWD -- sendKeys -->
23:24:37.269 INFO  manager.ListenerWD -- sendKeys -->input
23:24:37.302 INFO  manager.ListenerWD -- sendKeys -->
23:24:37.306 INFO  manager.ListenerWD -- sendKeys -->input
23:24:37.317 INFO  manager.ListenerWD -- sendKeys -->
23:24:37.323 INFO  manager.ListenerWD -- sendKeys -->input
23:24:37.353 INFO  manager.ListenerWD -- Before find element-->By.cssSelector: [placeholder='Phone']
23:24:37.373 INFO  manager.ListenerWD -- After find element-->By.cssSelector: [placeholder='Phone']
23:24:37.377 INFO  manager.ListenerWD -- Location of element-->input
23:24:37.393 INFO  manager.ListenerWD -- Before click element-->inputtext -->
23:24:37.439 INFO  manager.ListenerWD -- After click element-->input
23:24:37.450 INFO  manager.ListenerWD -- sendKeys -->
23:24:37.450 INFO  manager.ListenerWD -- sendKeys -->input
23:24:37.480 INFO  manager.ListenerWD -- sendKeys -->
23:24:37.487 INFO  manager.ListenerWD -- sendKeys -->input
23:24:37.501 INFO  manager.ListenerWD -- sendKeys -->
23:24:37.504 INFO  manager.ListenerWD -- sendKeys -->input
23:24:37.517 INFO  manager.ListenerWD -- Before find element-->By.cssSelector: [placeholder='email']
23:24:37.530 INFO  manager.ListenerWD -- After find element-->By.cssSelector: [placeholder='email']
23:24:37.532 INFO  manager.ListenerWD -- Location of element-->input
23:24:37.539 INFO  manager.ListenerWD -- Before click element-->inputtext -->
23:24:37.565 INFO  manager.ListenerWD -- After click element-->input
23:24:37.577 INFO  manager.ListenerWD -- sendKeys -->
23:24:37.577 INFO  manager.ListenerWD -- sendKeys -->input
23:24:37.595 INFO  manager.ListenerWD -- sendKeys -->
23:24:37.598 INFO  manager.ListenerWD -- sendKeys -->input
23:24:37.608 INFO  manager.ListenerWD -- sendKeys -->
23:24:37.614 INFO  manager.ListenerWD -- sendKeys -->input
23:24:37.631 INFO  manager.ListenerWD -- Before find element-->By.cssSelector: [placeholder='Address']
23:24:37.642 INFO  manager.ListenerWD -- After find element-->By.cssSelector: [placeholder='Address']
23:24:37.644 INFO  manager.ListenerWD -- Location of element-->input
23:24:37.649 INFO  manager.ListenerWD -- Before click element-->inputtext -->
23:24:37.675 INFO  manager.ListenerWD -- After click element-->input
23:24:37.685 INFO  manager.ListenerWD -- sendKeys -->
23:24:37.685 INFO  manager.ListenerWD -- sendKeys -->input
23:24:37.705 INFO  manager.ListenerWD -- sendKeys -->
23:24:37.706 INFO  manager.ListenerWD -- sendKeys -->input
23:24:37.719 INFO  manager.ListenerWD -- sendKeys -->
23:24:37.722 INFO  manager.ListenerWD -- sendKeys -->input
23:24:37.734 INFO  manager.ListenerWD -- Before find element-->By.cssSelector: [placeholder = 'description']
23:24:37.786 INFO  manager.ListenerWD -- After find element-->By.cssSelector: [placeholder = 'description']
23:24:37.818 INFO  manager.ListenerWD -- Location of element-->input
23:24:37.818 INFO  manager.ListenerWD -- Before click element-->inputtext -->
23:24:37.861 INFO  manager.ListenerWD -- After click element-->input
23:24:37.874 INFO  manager.ListenerWD -- sendKeys -->
23:24:37.874 INFO  manager.ListenerWD -- sendKeys -->input
23:24:37.892 INFO  manager.ListenerWD -- sendKeys -->
23:24:37.893 INFO  manager.ListenerWD -- sendKeys -->input
23:24:37.904 INFO  manager.ListenerWD -- Before find element-->By.cssSelector: .add_form__2rsm2>button
23:24:37.914 INFO  manager.ListenerWD -- After find element-->By.cssSelector: .add_form__2rsm2>button
23:24:37.918 INFO  manager.ListenerWD -- Location of element-->button
23:24:37.923 INFO  manager.ListenerWD -- Before click element-->buttontext -->Save
23:24:37.946 INFO  manager.ListenerWD -- After click element-->button
23:24:38.615 INFO  tests.TestBase -- Assert check is add contact by name
23:24:38.726 INFO  tests.TestBase -- Assert check is add contact by phone
23:24:38.726 INFO  tests.TestBase -- ==============================================
23:24:38.741 INFO  tests.TestBase -- Name of method (test) -->addNewContactWrongEmail
23:24:38.741 INFO  tests.TestBase -- Test data --> name: Tony, lastName:Molly, phone: 343434342323, email: mollygmail.com, address: Haifa, description: wrong email
23:24:38.741 INFO  manager.ListenerWD -- Before find element-->By.cssSelector: a[href='/add']
23:24:38.757 INFO  manager.ListenerWD -- After find element-->By.cssSelector: a[href='/add']
23:24:38.773 INFO  manager.ListenerWD -- Location of element-->a
23:24:38.789 INFO  manager.ListenerWD -- Before click element-->atext -->ADD
23:24:38.856 INFO  manager.ListenerWD -- After click element-->a
23:24:38.856 INFO  manager.ListenerWD -- Before find element-->By.cssSelector: [placeholder='Name']
23:24:38.872 INFO  manager.ListenerWD -- After find element-->By.cssSelector: [placeholder='Name']
23:24:38.883 INFO  manager.ListenerWD -- Location of element-->input
23:24:38.899 INFO  manager.ListenerWD -- Before click element-->inputtext -->
23:24:38.940 INFO  manager.ListenerWD -- After click element-->input
23:24:38.959 INFO  manager.ListenerWD -- sendKeys -->
23:24:38.962 INFO  manager.ListenerWD -- sendKeys -->input
23:24:38.977 INFO  manager.ListenerWD -- sendKeys -->
23:24:38.979 INFO  manager.ListenerWD -- sendKeys -->input
23:24:38.990 INFO  manager.ListenerWD -- sendKeys -->
23:24:38.995 INFO  manager.ListenerWD -- sendKeys -->input
23:24:39.006 INFO  manager.ListenerWD -- Before find element-->By.cssSelector: [placeholder='Last Name']
23:24:39.016 INFO  manager.ListenerWD -- After find element-->By.cssSelector: [placeholder='Last Name']
23:24:39.019 INFO  manager.ListenerWD -- Location of element-->input
23:24:39.025 INFO  manager.ListenerWD -- Before click element-->inputtext -->
23:24:39.055 INFO  manager.ListenerWD -- After click element-->input
23:24:39.070 INFO  manager.ListenerWD -- sendKeys -->
23:24:39.072 INFO  manager.ListenerWD -- sendKeys -->input
23:24:39.088 INFO  manager.ListenerWD -- sendKeys -->
23:24:39.090 INFO  manager.ListenerWD -- sendKeys -->input
23:24:39.102 INFO  manager.ListenerWD -- sendKeys -->
23:24:39.104 INFO  manager.ListenerWD -- sendKeys -->input
23:24:39.116 INFO  manager.ListenerWD -- Before find element-->By.cssSelector: [placeholder='Phone']
23:24:39.125 INFO  manager.ListenerWD -- After find element-->By.cssSelector: [placeholder='Phone']
23:24:39.128 INFO  manager.ListenerWD -- Location of element-->input
23:24:39.133 INFO  manager.ListenerWD -- Before click element-->inputtext -->
23:24:39.155 INFO  manager.ListenerWD -- After click element-->input
23:24:39.168 INFO  manager.ListenerWD -- sendKeys -->
23:24:39.170 INFO  manager.ListenerWD -- sendKeys -->input
23:24:39.246 INFO  manager.ListenerWD -- sendKeys -->
23:24:39.248 INFO  manager.ListenerWD -- sendKeys -->input
23:24:39.261 INFO  manager.ListenerWD -- sendKeys -->
23:24:39.261 INFO  manager.ListenerWD -- sendKeys -->input
23:24:39.274 INFO  manager.ListenerWD -- Before find element-->By.cssSelector: [placeholder='email']
23:24:39.287 INFO  manager.ListenerWD -- After find element-->By.cssSelector: [placeholder='email']
23:24:39.289 INFO  manager.ListenerWD -- Location of element-->input
23:24:39.294 INFO  manager.ListenerWD -- Before click element-->inputtext -->
23:24:39.323 INFO  manager.ListenerWD -- After click element-->input
23:24:39.334 INFO  manager.ListenerWD -- sendKeys -->
23:24:39.334 INFO  manager.ListenerWD -- sendKeys -->input
23:24:39.349 INFO  manager.ListenerWD -- sendKeys -->
23:24:39.351 INFO  manager.ListenerWD -- sendKeys -->input
23:24:39.364 INFO  manager.ListenerWD -- sendKeys -->
23:24:39.366 INFO  manager.ListenerWD -- sendKeys -->input
23:24:39.383 INFO  manager.ListenerWD -- Before find element-->By.cssSelector: [placeholder='Address']
23:24:39.433 INFO  manager.ListenerWD -- After find element-->By.cssSelector: [placeholder='Address']
23:24:39.449 INFO  manager.ListenerWD -- Location of element-->input
23:24:39.529 INFO  manager.ListenerWD -- Before click element-->inputtext -->
23:24:39.567 INFO  manager.ListenerWD -- After click element-->input
23:24:39.577 INFO  manager.ListenerWD -- sendKeys -->
23:24:39.577 INFO  manager.ListenerWD -- sendKeys -->input
23:24:39.597 INFO  manager.ListenerWD -- sendKeys -->
23:24:39.598 INFO  manager.ListenerWD -- sendKeys -->input
23:24:39.607 INFO  manager.ListenerWD -- sendKeys -->
23:24:39.613 INFO  manager.ListenerWD -- sendKeys -->input
23:24:39.625 INFO  manager.ListenerWD -- Before find element-->By.cssSelector: [placeholder = 'description']
23:24:39.754 INFO  manager.ListenerWD -- After find element-->By.cssSelector: [placeholder = 'description']
23:24:39.786 INFO  manager.ListenerWD -- Location of element-->input
23:24:39.805 INFO  manager.ListenerWD -- Before click element-->inputtext -->
23:24:39.838 INFO  manager.ListenerWD -- After click element-->input
23:24:39.849 INFO  manager.ListenerWD -- sendKeys -->
23:24:39.849 INFO  manager.ListenerWD -- sendKeys -->input
23:24:39.862 INFO  manager.ListenerWD -- sendKeys -->
23:24:39.867 INFO  manager.ListenerWD -- sendKeys -->input
23:24:39.879 INFO  manager.ListenerWD -- sendKeys -->
23:24:39.879 INFO  manager.ListenerWD -- sendKeys -->input
23:24:39.893 INFO  manager.ListenerWD -- Before find element-->By.cssSelector: .add_form__2rsm2>button
23:24:39.906 INFO  manager.ListenerWD -- After find element-->By.cssSelector: .add_form__2rsm2>button
23:24:39.908 INFO  manager.ListenerWD -- Location of element-->button
23:24:39.913 INFO  manager.ListenerWD -- Before click element-->buttontext -->Save
23:24:39.934 INFO  manager.ListenerWD -- After click element-->button
23:24:39.944 INFO  tests.TestBase -- Assert check Add button is active
23:24:39.962 INFO  manager.ListenerWD -- Huston, we have a problem!
23:24:39.962 INFO  manager.ListenerWD -- Failed method:alert
23:24:39.962 INFO  manager.ListenerWD -- **********************
23:24:39.962 INFO  manager.ListenerWD -- Arguments:null
23:24:39.962 INFO  manager.ListenerWD -- **********************
23:24:39.962 INFO  manager.ListenerWD -- Exception:NoAlertPresentException
23:24:39.962 INFO  manager.ListenerWD -- **********************
23:24:39.962 INFO  manager.ListenerWD -- Messageno such alert
  (Session info: MicrosoftEdge=149.0.4022.62)
Build info: version: '4.26.0', revision: '8ccf0219d7'
System info: os.name: 'Windows 11', os.arch: 'amd64', os.version: '10.0', java.version: '21.0.10'
Driver info: org.openqa.selenium.edge.EdgeDriver
Command: [fd54b5f2745b22880d4c6f9353ba35f4, getAlertText {}]
Capabilities {acceptInsecureCerts: false, browserName: MicrosoftEdge, browserVersion: 149.0.4022.62, fedcm:accounts: true, goog:processID: 15296, ms:edgeOptions: {debuggerAddress: localhost:60873}, msedge: {msedgedriverVersion: 149.0.4022.62 (068a180137b0..., userDataDir: C:\Users\Nina\AppData\Local...}, networkConnectionEnabled: false, pageLoadStrategy: normal, platformName: windows, proxy: Proxy(), se:cdp: ws://localhost:60873/devtoo..., se:cdpVersion: 149.0.4022.62, setWindowRect: true, strictFileInteractability: false, timeouts: {implicit: 0, pageLoad: 300000, script: 30000}, unhandledPromptBehavior: dismiss and notify, webauthn:extension:credBlob: true, webauthn:extension:largeBlob: true, webauthn:extension:minPinLength: true, webauthn:extension:prf: true, webauthn:virtualAuthenticators: true}
Session ID: fd54b5f2745b22880d4c6f9353ba35f4
23:24:39.962 INFO  manager.ListenerWD -- **********************
23:24:39.962 INFO  manager.ListenerWD -- Screen with error is --->src/test/screenshots/screen_1252.png
23:24:40.520 INFO  tests.TestBase -- Assert check is alert present with error test 'Email not valid' 
23:24:40.523 INFO  tests.TestBase -- ==============================================
23:24:40.527 INFO  tests.TestBase -- Name of method (test) -->addNewContactWrongPhone
23:24:40.528 INFO  tests.TestBase -- Test data --> name: Tony, lastName:Molly, phone: , email: molly@gmail.com, address: Haifa, description: empty phone
23:24:40.530 INFO  manager.ListenerWD -- Before find element-->By.cssSelector: a[href='/add']
23:24:40.607 INFO  manager.ListenerWD -- After find element-->By.cssSelector: a[href='/add']
23:24:40.626 INFO  manager.ListenerWD -- Location of element-->a
23:24:40.668 INFO  manager.ListenerWD -- Before click element-->atext -->ADD
23:24:40.719 INFO  manager.ListenerWD -- After click element-->a
23:24:40.719 INFO  manager.ListenerWD -- Before find element-->By.cssSelector: [placeholder='Name']
23:24:40.728 INFO  manager.ListenerWD -- After find element-->By.cssSelector: [placeholder='Name']
23:24:40.730 INFO  manager.ListenerWD -- Location of element-->input
23:24:40.734 INFO  manager.ListenerWD -- Before click element-->inputtext -->
23:24:40.770 INFO  manager.ListenerWD -- After click element-->input
23:24:40.868 INFO  manager.ListenerWD -- sendKeys -->
23:24:40.868 INFO  manager.ListenerWD -- sendKeys -->input
23:24:40.892 INFO  manager.ListenerWD -- sendKeys -->
23:24:40.892 INFO  manager.ListenerWD -- sendKeys -->input
23:24:40.909 INFO  manager.ListenerWD -- sendKeys -->
23:24:40.910 INFO  manager.ListenerWD -- sendKeys -->input
23:24:40.924 INFO  manager.ListenerWD -- Before find element-->By.cssSelector: [placeholder='Last Name']
23:24:40.933 INFO  manager.ListenerWD -- After find element-->By.cssSelector: [placeholder='Last Name']
23:24:40.936 INFO  manager.ListenerWD -- Location of element-->input
23:24:40.940 INFO  manager.ListenerWD -- Before click element-->inputtext -->
23:24:40.965 INFO  manager.ListenerWD -- After click element-->input
23:24:40.977 INFO  manager.ListenerWD -- sendKeys -->
23:24:40.977 INFO  manager.ListenerWD -- sendKeys -->input
23:24:41.000 INFO  manager.ListenerWD -- sendKeys -->
23:24:41.001 INFO  manager.ListenerWD -- sendKeys -->input
23:24:41.016 INFO  manager.ListenerWD -- sendKeys -->
23:24:41.018 INFO  manager.ListenerWD -- sendKeys -->input
23:24:41.028 INFO  manager.ListenerWD -- Before find element-->By.cssSelector: [placeholder='Phone']
23:24:41.037 INFO  manager.ListenerWD -- After find element-->By.cssSelector: [placeholder='Phone']
23:24:41.039 INFO  manager.ListenerWD -- Location of element-->input
23:24:41.044 INFO  manager.ListenerWD -- Before click element-->inputtext -->
23:24:41.083 INFO  manager.ListenerWD -- After click element-->input
23:24:41.165 INFO  manager.ListenerWD -- sendKeys -->
23:24:41.186 INFO  manager.ListenerWD -- sendKeys -->input
23:24:41.220 INFO  manager.ListenerWD -- sendKeys -->
23:24:41.226 INFO  manager.ListenerWD -- sendKeys -->input
23:24:41.237 INFO  manager.ListenerWD -- sendKeys -->
23:24:41.237 INFO  manager.ListenerWD -- sendKeys -->input
23:24:41.251 INFO  manager.ListenerWD -- Before find element-->By.cssSelector: [placeholder='email']
23:24:41.256 INFO  manager.ListenerWD -- After find element-->By.cssSelector: [placeholder='email']
23:24:41.262 INFO  manager.ListenerWD -- Location of element-->input
23:24:41.268 INFO  manager.ListenerWD -- Before click element-->inputtext -->
23:24:41.291 INFO  manager.ListenerWD -- After click element-->input
23:24:41.304 INFO  manager.ListenerWD -- sendKeys -->
23:24:41.304 INFO  manager.ListenerWD -- sendKeys -->input
23:24:41.328 INFO  manager.ListenerWD -- sendKeys -->
23:24:41.328 INFO  manager.ListenerWD -- sendKeys -->input
23:24:41.340 INFO  manager.ListenerWD -- sendKeys -->
23:24:41.346 INFO  manager.ListenerWD -- sendKeys -->input
23:24:41.359 INFO  manager.ListenerWD -- Before find element-->By.cssSelector: [placeholder='Address']
23:24:41.370 INFO  manager.ListenerWD -- After find element-->By.cssSelector: [placeholder='Address']
23:24:41.377 INFO  manager.ListenerWD -- Location of element-->input
23:24:41.408 INFO  manager.ListenerWD -- Before click element-->inputtext -->
23:24:41.527 INFO  manager.ListenerWD -- After click element-->input
23:24:41.540 INFO  manager.ListenerWD -- sendKeys -->
23:24:41.540 INFO  manager.ListenerWD -- sendKeys -->input
23:24:41.559 INFO  manager.ListenerWD -- sendKeys -->
23:24:41.564 INFO  manager.ListenerWD -- sendKeys -->input
23:24:41.579 INFO  manager.ListenerWD -- sendKeys -->
23:24:41.581 INFO  manager.ListenerWD -- sendKeys -->input
23:24:41.594 INFO  manager.ListenerWD -- Before find element-->By.cssSelector: [placeholder = 'description']
23:24:41.611 INFO  manager.ListenerWD -- After find element-->By.cssSelector: [placeholder = 'description']
23:24:41.613 INFO  manager.ListenerWD -- Location of element-->input
23:24:41.613 INFO  manager.ListenerWD -- Before click element-->inputtext -->
23:24:41.642 INFO  manager.ListenerWD -- After click element-->input
23:24:41.658 INFO  manager.ListenerWD -- sendKeys -->
23:24:41.661 INFO  manager.ListenerWD -- sendKeys -->input
23:24:41.684 INFO  manager.ListenerWD -- sendKeys -->
23:24:41.685 INFO  manager.ListenerWD -- sendKeys -->input
23:24:41.700 INFO  manager.ListenerWD -- sendKeys -->
23:24:41.702 INFO  manager.ListenerWD -- sendKeys -->input
23:24:41.717 INFO  manager.ListenerWD -- Before find element-->By.cssSelector: .add_form__2rsm2>button
23:24:41.729 INFO  manager.ListenerWD -- After find element-->By.cssSelector: .add_form__2rsm2>button
23:24:41.731 INFO  manager.ListenerWD -- Location of element-->button
23:24:41.736 INFO  manager.ListenerWD -- Before click element-->buttontext -->Save
23:24:41.758 INFO  manager.ListenerWD -- After click element-->button
23:24:41.764 INFO  manager.ListenerWD -- Huston, we have a problem!
23:24:41.764 INFO  manager.ListenerWD -- Failed method:alert
23:24:41.764 INFO  manager.ListenerWD -- **********************
23:24:41.764 INFO  manager.ListenerWD -- Arguments:null
23:24:41.764 INFO  manager.ListenerWD -- **********************
23:24:41.764 INFO  manager.ListenerWD -- Exception:NoAlertPresentException
23:24:41.764 INFO  manager.ListenerWD -- **********************
23:24:41.764 INFO  manager.ListenerWD -- Messageno such alert
  (Session info: MicrosoftEdge=149.0.4022.62)
Build info: version: '4.26.0', revision: '8ccf0219d7'
System info: os.name: 'Windows 11', os.arch: 'amd64', os.version: '10.0', java.version: '21.0.10'
Driver info: org.openqa.selenium.edge.EdgeDriver
Command: [fd54b5f2745b22880d4c6f9353ba35f4, getAlertText {}]
Capabilities {acceptInsecureCerts: false, browserName: MicrosoftEdge, browserVersion: 149.0.4022.62, fedcm:accounts: true, goog:processID: 15296, ms:edgeOptions: {debuggerAddress: localhost:60873}, msedge: {msedgedriverVersion: 149.0.4022.62 (068a180137b0..., userDataDir: C:\Users\Nina\AppData\Local...}, networkConnectionEnabled: false, pageLoadStrategy: normal, platformName: windows, proxy: Proxy(), se:cdp: ws://localhost:60873/devtoo..., se:cdpVersion: 149.0.4022.62, setWindowRect: true, strictFileInteractability: false, timeouts: {implicit: 0, pageLoad: 300000, script: 30000}, unhandledPromptBehavior: dismiss and notify, webauthn:extension:credBlob: true, webauthn:extension:largeBlob: true, webauthn:extension:minPinLength: true, webauthn:extension:prf: true, webauthn:virtualAuthenticators: true}
Session ID: fd54b5f2745b22880d4c6f9353ba35f4
23:24:41.764 INFO  manager.ListenerWD -- **********************
23:24:41.764 INFO  manager.ListenerWD -- Screen with error is --->src/test/screenshots/screen_1393.png
23:24:42.309 INFO  tests.TestBase -- Assert check is alert present with error test 'Phone not valid' 
23:24:42.322 INFO  tests.TestBase -- Assert check Add button is active
23:24:42.329 INFO  tests.TestBase -- ==============================================
23:24:42.329 INFO  tests.TestBase -- Name of method (test) -->addNewContactWrongPhone
23:24:42.335 INFO  tests.TestBase -- Test data --> name: Tony, lastName:Molly, phone: , email: molly@gmail.com, address: Haifa, description: empty phone
23:24:42.335 INFO  manager.ListenerWD -- Before find element-->By.cssSelector: a[href='/add']
23:24:42.358 INFO  manager.ListenerWD -- After find element-->By.cssSelector: a[href='/add']
23:24:42.377 INFO  manager.ListenerWD -- Location of element-->a
23:24:42.419 INFO  manager.ListenerWD -- Before click element-->atext -->ADD
23:24:42.470 INFO  manager.ListenerWD -- After click element-->a
23:24:42.470 INFO  manager.ListenerWD -- Before find element-->By.cssSelector: [placeholder='Name']
23:24:42.491 INFO  manager.ListenerWD -- After find element-->By.cssSelector: [placeholder='Name']
23:24:42.509 INFO  manager.ListenerWD -- Location of element-->input
23:24:42.509 INFO  manager.ListenerWD -- Before click element-->inputtext -->
23:24:42.548 INFO  manager.ListenerWD -- After click element-->input
23:24:42.558 INFO  manager.ListenerWD -- sendKeys -->
23:24:42.564 INFO  manager.ListenerWD -- sendKeys -->input
23:24:42.582 INFO  manager.ListenerWD -- sendKeys -->
23:24:42.582 INFO  manager.ListenerWD -- sendKeys -->input
23:24:42.600 INFO  manager.ListenerWD -- sendKeys -->
23:24:42.600 INFO  manager.ListenerWD -- sendKeys -->input
23:24:42.613 INFO  manager.ListenerWD -- Before find element-->By.cssSelector: [placeholder='Last Name']
23:24:42.626 INFO  manager.ListenerWD -- After find element-->By.cssSelector: [placeholder='Last Name']
23:24:42.628 INFO  manager.ListenerWD -- Location of element-->input
23:24:42.653 INFO  manager.ListenerWD -- Before click element-->inputtext -->
23:24:42.675 INFO  manager.ListenerWD -- After click element-->input
23:24:42.692 INFO  manager.ListenerWD -- sendKeys -->
23:24:42.693 INFO  manager.ListenerWD -- sendKeys -->input
23:24:42.715 INFO  manager.ListenerWD -- sendKeys -->
23:24:42.717 INFO  manager.ListenerWD -- sendKeys -->input
23:24:42.733 INFO  manager.ListenerWD -- sendKeys -->
23:24:42.735 INFO  manager.ListenerWD -- sendKeys -->input
23:24:42.746 INFO  manager.ListenerWD -- Before find element-->By.cssSelector: [placeholder='Phone']
23:24:42.752 INFO  manager.ListenerWD -- After find element-->By.cssSelector: [placeholder='Phone']
23:24:42.770 INFO  manager.ListenerWD -- Location of element-->input
23:24:42.770 INFO  manager.ListenerWD -- Before click element-->inputtext -->
23:24:42.801 INFO  manager.ListenerWD -- After click element-->input
23:24:42.813 INFO  manager.ListenerWD -- sendKeys -->
23:24:42.813 INFO  manager.ListenerWD -- sendKeys -->input
23:24:42.846 INFO  manager.ListenerWD -- sendKeys -->
23:24:42.852 INFO  manager.ListenerWD -- sendKeys -->input
23:24:42.881 INFO  manager.ListenerWD -- sendKeys -->
23:24:42.885 INFO  manager.ListenerWD -- sendKeys -->input
23:24:42.938 INFO  manager.ListenerWD -- Before find element-->By.cssSelector: [placeholder='email']
23:24:42.952 INFO  manager.ListenerWD -- After find element-->By.cssSelector: [placeholder='email']
23:24:42.952 INFO  manager.ListenerWD -- Location of element-->input
23:24:42.968 INFO  manager.ListenerWD -- Before click element-->inputtext -->
23:24:43.018 INFO  manager.ListenerWD -- After click element-->input
23:24:43.039 INFO  manager.ListenerWD -- sendKeys -->
23:24:43.049 INFO  manager.ListenerWD -- sendKeys -->input
23:24:43.092 INFO  manager.ListenerWD -- sendKeys -->
23:24:43.097 INFO  manager.ListenerWD -- sendKeys -->input
23:24:43.126 INFO  manager.ListenerWD -- sendKeys -->
23:24:43.129 INFO  manager.ListenerWD -- sendKeys -->input
23:24:43.150 INFO  manager.ListenerWD -- Before find element-->By.cssSelector: [placeholder='Address']
23:24:43.169 INFO  manager.ListenerWD -- After find element-->By.cssSelector: [placeholder='Address']
23:24:43.172 INFO  manager.ListenerWD -- Location of element-->input
23:24:43.180 INFO  manager.ListenerWD -- Before click element-->inputtext -->
23:24:43.255 INFO  manager.ListenerWD -- After click element-->input
23:24:43.273 INFO  manager.ListenerWD -- sendKeys -->
23:24:43.273 INFO  manager.ListenerWD -- sendKeys -->input
23:24:43.304 INFO  manager.ListenerWD -- sendKeys -->
23:24:43.304 INFO  manager.ListenerWD -- sendKeys -->input
23:24:43.322 INFO  manager.ListenerWD -- sendKeys -->
23:24:43.322 INFO  manager.ListenerWD -- sendKeys -->input
23:24:43.336 INFO  manager.ListenerWD -- Before find element-->By.cssSelector: [placeholder = 'description']
23:24:43.346 INFO  manager.ListenerWD -- After find element-->By.cssSelector: [placeholder = 'description']
23:24:43.348 INFO  manager.ListenerWD -- Location of element-->input
23:24:43.354 INFO  manager.ListenerWD -- Before click element-->inputtext -->
23:24:43.380 INFO  manager.ListenerWD -- After click element-->input
23:24:43.407 INFO  manager.ListenerWD -- sendKeys -->
23:24:43.407 INFO  manager.ListenerWD -- sendKeys -->input
23:24:43.444 INFO  manager.ListenerWD -- sendKeys -->
23:24:43.444 INFO  manager.ListenerWD -- sendKeys -->input
23:24:43.467 INFO  manager.ListenerWD -- sendKeys -->
23:24:43.467 INFO  manager.ListenerWD -- sendKeys -->input
23:24:43.488 INFO  manager.ListenerWD -- Before find element-->By.cssSelector: .add_form__2rsm2>button
23:24:43.507 INFO  manager.ListenerWD -- After find element-->By.cssSelector: .add_form__2rsm2>button
23:24:43.511 INFO  manager.ListenerWD -- Location of element-->button
23:24:43.521 INFO  manager.ListenerWD -- Before click element-->buttontext -->Save
23:24:43.547 INFO  manager.ListenerWD -- After click element-->button
23:24:43.553 INFO  manager.ListenerWD -- Huston, we have a problem!
23:24:43.553 INFO  manager.ListenerWD -- Failed method:alert
23:24:43.553 INFO  manager.ListenerWD -- **********************
23:24:43.553 INFO  manager.ListenerWD -- Arguments:null
23:24:43.553 INFO  manager.ListenerWD -- **********************
23:24:43.553 INFO  manager.ListenerWD -- Exception:NoAlertPresentException
23:24:43.553 INFO  manager.ListenerWD -- **********************
23:24:43.553 INFO  manager.ListenerWD -- Messageno such alert
  (Session info: MicrosoftEdge=149.0.4022.62)
Build info: version: '4.26.0', revision: '8ccf0219d7'
System info: os.name: 'Windows 11', os.arch: 'amd64', os.version: '10.0', java.version: '21.0.10'
Driver info: org.openqa.selenium.edge.EdgeDriver
Command: [fd54b5f2745b22880d4c6f9353ba35f4, getAlertText {}]
Capabilities {acceptInsecureCerts: false, browserName: MicrosoftEdge, browserVersion: 149.0.4022.62, fedcm:accounts: true, goog:processID: 15296, ms:edgeOptions: {debuggerAddress: localhost:60873}, msedge: {msedgedriverVersion: 149.0.4022.62 (068a180137b0..., userDataDir: C:\Users\Nina\AppData\Local...}, networkConnectionEnabled: false, pageLoadStrategy: normal, platformName: windows, proxy: Proxy(), se:cdp: ws://localhost:60873/devtoo..., se:cdpVersion: 149.0.4022.62, setWindowRect: true, strictFileInteractability: false, timeouts: {implicit: 0, pageLoad: 300000, script: 30000}, unhandledPromptBehavior: dismiss and notify, webauthn:extension:credBlob: true, webauthn:extension:largeBlob: true, webauthn:extension:minPinLength: true, webauthn:extension:prf: true, webauthn:virtualAuthenticators: true}
Session ID: fd54b5f2745b22880d4c6f9353ba35f4
23:24:43.553 INFO  manager.ListenerWD -- **********************
23:24:43.553 INFO  manager.ListenerWD -- Screen with error is --->src/test/screenshots/screen_1114.png
23:24:44.078 INFO  tests.TestBase -- Assert check is alert present with error test 'Phone not valid' 
23:24:44.092 INFO  tests.TestBase -- Assert check Add button is active
23:24:44.093 INFO  tests.TestBase -- ==============================================
23:24:44.098 INFO  tests.TestBase -- Name of method (test) -->addNewContactWrongPhone
23:24:44.098 INFO  tests.TestBase -- Test data --> name: Tony, lastName:Molly, phone: , email: molly@gmail.com, address: Haifa, description: empty phone
23:24:44.098 INFO  manager.ListenerWD -- Before find element-->By.cssSelector: a[href='/add']
23:24:44.139 INFO  manager.ListenerWD -- After find element-->By.cssSelector: a[href='/add']
23:24:44.140 INFO  manager.ListenerWD -- Location of element-->a
23:24:44.148 INFO  manager.ListenerWD -- Before click element-->atext -->ADD
23:24:44.183 INFO  manager.ListenerWD -- After click element-->a
23:24:44.183 INFO  manager.ListenerWD -- Before find element-->By.cssSelector: [placeholder='Name']
23:24:44.190 INFO  manager.ListenerWD -- After find element-->By.cssSelector: [placeholder='Name']
23:24:44.192 INFO  manager.ListenerWD -- Location of element-->input
23:24:44.197 INFO  manager.ListenerWD -- Before click element-->inputtext -->
23:24:44.227 INFO  manager.ListenerWD -- After click element-->input
23:24:44.237 INFO  manager.ListenerWD -- sendKeys -->
23:24:44.244 INFO  manager.ListenerWD -- sendKeys -->input
23:24:44.267 INFO  manager.ListenerWD -- sendKeys -->
23:24:44.267 INFO  manager.ListenerWD -- sendKeys -->input
23:24:44.282 INFO  manager.ListenerWD -- sendKeys -->
23:24:44.285 INFO  manager.ListenerWD -- sendKeys -->input
23:24:44.298 INFO  manager.ListenerWD -- Before find element-->By.cssSelector: [placeholder='Last Name']
23:24:44.306 INFO  manager.ListenerWD -- After find element-->By.cssSelector: [placeholder='Last Name']
23:24:44.309 INFO  manager.ListenerWD -- Location of element-->input
23:24:44.314 INFO  manager.ListenerWD -- Before click element-->inputtext -->
23:24:44.336 INFO  manager.ListenerWD -- After click element-->input
23:24:44.352 INFO  manager.ListenerWD -- sendKeys -->
23:24:44.354 INFO  manager.ListenerWD -- sendKeys -->input
23:24:44.376 INFO  manager.ListenerWD -- sendKeys -->
23:24:44.378 INFO  manager.ListenerWD -- sendKeys -->input
23:24:44.388 INFO  manager.ListenerWD -- sendKeys -->
23:24:44.388 INFO  manager.ListenerWD -- sendKeys -->input
23:24:44.405 INFO  manager.ListenerWD -- Before find element-->By.cssSelector: [placeholder='Phone']
23:24:44.414 INFO  manager.ListenerWD -- After find element-->By.cssSelector: [placeholder='Phone']
23:24:44.418 INFO  manager.ListenerWD -- Location of element-->input
23:24:44.425 INFO  manager.ListenerWD -- Before click element-->inputtext -->
23:24:44.452 INFO  manager.ListenerWD -- After click element-->input
23:24:44.467 INFO  manager.ListenerWD -- sendKeys -->
23:24:44.467 INFO  manager.ListenerWD -- sendKeys -->input
23:24:44.491 INFO  manager.ListenerWD -- sendKeys -->
23:24:44.497 INFO  manager.ListenerWD -- sendKeys -->input
23:24:44.509 INFO  manager.ListenerWD -- sendKeys -->
23:24:44.509 INFO  manager.ListenerWD -- sendKeys -->input
23:24:44.534 INFO  manager.ListenerWD -- Before find element-->By.cssSelector: [placeholder='email']
23:24:44.545 INFO  manager.ListenerWD -- After find element-->By.cssSelector: [placeholder='email']
23:24:44.548 INFO  manager.ListenerWD -- Location of element-->input
23:24:44.552 INFO  manager.ListenerWD -- Before click element-->inputtext -->
23:24:44.577 INFO  manager.ListenerWD -- After click element-->input
23:24:44.588 INFO  manager.ListenerWD -- sendKeys -->
23:24:44.594 INFO  manager.ListenerWD -- sendKeys -->input
23:24:44.613 INFO  manager.ListenerWD -- sendKeys -->
23:24:44.613 INFO  manager.ListenerWD -- sendKeys -->input
23:24:44.649 INFO  manager.ListenerWD -- sendKeys -->
23:24:44.649 INFO  manager.ListenerWD -- sendKeys -->input
23:24:44.664 INFO  manager.ListenerWD -- Before find element-->By.cssSelector: [placeholder='Address']
23:24:44.674 INFO  manager.ListenerWD -- After find element-->By.cssSelector: [placeholder='Address']
23:24:44.674 INFO  manager.ListenerWD -- Location of element-->input
23:24:44.681 INFO  manager.ListenerWD -- Before click element-->inputtext -->
23:24:44.704 INFO  manager.ListenerWD -- After click element-->input
23:24:44.715 INFO  manager.ListenerWD -- sendKeys -->
23:24:44.715 INFO  manager.ListenerWD -- sendKeys -->input
23:24:44.740 INFO  manager.ListenerWD -- sendKeys -->
23:24:44.740 INFO  manager.ListenerWD -- sendKeys -->input
23:24:44.752 INFO  manager.ListenerWD -- sendKeys -->
23:24:44.759 INFO  manager.ListenerWD -- sendKeys -->input
23:24:44.770 INFO  manager.ListenerWD -- Before find element-->By.cssSelector: [placeholder = 'description']
23:24:44.780 INFO  manager.ListenerWD -- After find element-->By.cssSelector: [placeholder = 'description']
23:24:44.783 INFO  manager.ListenerWD -- Location of element-->input
23:24:44.844 INFO  manager.ListenerWD -- Before click element-->inputtext -->
23:24:44.990 INFO  manager.ListenerWD -- After click element-->input
23:24:45.000 INFO  manager.ListenerWD -- sendKeys -->
23:24:45.006 INFO  manager.ListenerWD -- sendKeys -->input
23:24:45.025 INFO  manager.ListenerWD -- sendKeys -->
23:24:45.025 INFO  manager.ListenerWD -- sendKeys -->input
23:24:45.043 INFO  manager.ListenerWD -- sendKeys -->
23:24:45.043 INFO  manager.ListenerWD -- sendKeys -->input
23:24:45.056 INFO  manager.ListenerWD -- Before find element-->By.cssSelector: .add_form__2rsm2>button
23:24:45.079 INFO  manager.ListenerWD -- After find element-->By.cssSelector: .add_form__2rsm2>button
23:24:45.095 INFO  manager.ListenerWD -- Location of element-->button
23:24:45.143 INFO  manager.ListenerWD -- Before click element-->buttontext -->Save
23:24:45.310 INFO  manager.ListenerWD -- After click element-->button
23:24:45.331 INFO  manager.ListenerWD -- Huston, we have a problem!
23:24:45.331 INFO  manager.ListenerWD -- Failed method:alert
23:24:45.331 INFO  manager.ListenerWD -- **********************
23:24:45.331 INFO  manager.ListenerWD -- Arguments:null
23:24:45.331 INFO  manager.ListenerWD -- **********************
23:24:45.331 INFO  manager.ListenerWD -- Exception:NoAlertPresentException
23:24:45.331 INFO  manager.ListenerWD -- **********************
23:24:45.331 INFO  manager.ListenerWD -- Messageno such alert
  (Session info: MicrosoftEdge=149.0.4022.62)
Build info: version: '4.26.0', revision: '8ccf0219d7'
System info: os.name: 'Windows 11', os.arch: 'amd64', os.version: '10.0', java.version: '21.0.10'
Driver info: org.openqa.selenium.edge.EdgeDriver
Command: [fd54b5f2745b22880d4c6f9353ba35f4, getAlertText {}]
Capabilities {acceptInsecureCerts: false, browserName: MicrosoftEdge, browserVersion: 149.0.4022.62, fedcm:accounts: true, goog:processID: 15296, ms:edgeOptions: {debuggerAddress: localhost:60873}, msedge: {msedgedriverVersion: 149.0.4022.62 (068a180137b0..., userDataDir: C:\Users\Nina\AppData\Local...}, networkConnectionEnabled: false, pageLoadStrategy: normal, platformName: windows, proxy: Proxy(), se:cdp: ws://localhost:60873/devtoo..., se:cdpVersion: 149.0.4022.62, setWindowRect: true, strictFileInteractability: false, timeouts: {implicit: 0, pageLoad: 300000, script: 30000}, unhandledPromptBehavior: dismiss and notify, webauthn:extension:credBlob: true, webauthn:extension:largeBlob: true, webauthn:extension:minPinLength: true, webauthn:extension:prf: true, webauthn:virtualAuthenticators: true}
Session ID: fd54b5f2745b22880d4c6f9353ba35f4
23:24:45.331 INFO  manager.ListenerWD -- **********************
23:24:45.331 INFO  manager.ListenerWD -- Screen with error is --->src/test/screenshots/screen_1892.png
23:24:45.894 INFO  tests.TestBase -- Assert check is alert present with error test 'Phone not valid' 
23:24:45.928 INFO  tests.TestBase -- Assert check Add button is active
23:24:45.934 INFO  tests.TestBase -- ==============================================
23:24:45.934 INFO  tests.TestBase -- Name of method (test) -->addNewContactWrongPhone
23:24:45.941 INFO  tests.TestBase -- Test data --> name: Tony, lastName:Molly, phone: , email: molly@gmail.com, address: Haifa, description: empty phone
23:24:45.941 INFO  manager.ListenerWD -- Before find element-->By.cssSelector: a[href='/add']
23:24:45.959 INFO  manager.ListenerWD -- After find element-->By.cssSelector: a[href='/add']
23:24:45.970 INFO  manager.ListenerWD -- Location of element-->a
23:24:45.989 INFO  manager.ListenerWD -- Before click element-->atext -->ADD
23:24:46.059 INFO  manager.ListenerWD -- After click element-->a
23:24:46.060 INFO  manager.ListenerWD -- Before find element-->By.cssSelector: [placeholder='Name']
23:24:46.079 INFO  manager.ListenerWD -- After find element-->By.cssSelector: [placeholder='Name']
23:24:46.087 INFO  manager.ListenerWD -- Location of element-->input
23:24:46.096 INFO  manager.ListenerWD -- Before click element-->inputtext -->
23:24:46.130 INFO  manager.ListenerWD -- After click element-->input
23:24:46.149 INFO  manager.ListenerWD -- sendKeys -->
23:24:46.151 INFO  manager.ListenerWD -- sendKeys -->input
23:24:46.171 INFO  manager.ListenerWD -- sendKeys -->
23:24:46.176 INFO  manager.ListenerWD -- sendKeys -->input
23:24:46.188 INFO  manager.ListenerWD -- sendKeys -->
23:24:46.188 INFO  manager.ListenerWD -- sendKeys -->input
23:24:46.203 INFO  manager.ListenerWD -- Before find element-->By.cssSelector: [placeholder='Last Name']
23:24:46.206 INFO  manager.ListenerWD -- After find element-->By.cssSelector: [placeholder='Last Name']
23:24:46.213 INFO  manager.ListenerWD -- Location of element-->input
23:24:46.218 INFO  manager.ListenerWD -- Before click element-->inputtext -->
23:24:46.242 INFO  manager.ListenerWD -- After click element-->input
23:24:46.255 INFO  manager.ListenerWD -- sendKeys -->
23:24:46.260 INFO  manager.ListenerWD -- sendKeys -->input
23:24:46.279 INFO  manager.ListenerWD -- sendKeys -->
23:24:46.284 INFO  manager.ListenerWD -- sendKeys -->input
23:24:46.296 INFO  manager.ListenerWD -- sendKeys -->
23:24:46.297 INFO  manager.ListenerWD -- sendKeys -->input
23:24:46.310 INFO  manager.ListenerWD -- Before find element-->By.cssSelector: [placeholder='Phone']
23:24:46.320 INFO  manager.ListenerWD -- After find element-->By.cssSelector: [placeholder='Phone']
23:24:46.486 INFO  manager.ListenerWD -- Location of element-->input
23:24:46.661 INFO  manager.ListenerWD -- Before click element-->inputtext -->
23:24:46.700 INFO  manager.ListenerWD -- After click element-->input
23:24:46.710 INFO  manager.ListenerWD -- sendKeys -->
23:24:46.716 INFO  manager.ListenerWD -- sendKeys -->input
23:24:46.734 INFO  manager.ListenerWD -- sendKeys -->
23:24:46.739 INFO  manager.ListenerWD -- sendKeys -->input
23:24:46.752 INFO  manager.ListenerWD -- sendKeys -->
23:24:46.752 INFO  manager.ListenerWD -- sendKeys -->input
23:24:46.763 INFO  manager.ListenerWD -- Before find element-->By.cssSelector: [placeholder='email']
23:24:46.771 INFO  manager.ListenerWD -- After find element-->By.cssSelector: [placeholder='email']
23:24:46.771 INFO  manager.ListenerWD -- Location of element-->input
23:24:46.771 INFO  manager.ListenerWD -- Before click element-->inputtext -->
23:24:46.804 INFO  manager.ListenerWD -- After click element-->input
23:24:46.818 INFO  manager.ListenerWD -- sendKeys -->
23:24:46.818 INFO  manager.ListenerWD -- sendKeys -->input
23:24:46.837 INFO  manager.ListenerWD -- sendKeys -->
23:24:46.843 INFO  manager.ListenerWD -- sendKeys -->input
23:24:46.858 INFO  manager.ListenerWD -- sendKeys -->
23:24:46.861 INFO  manager.ListenerWD -- sendKeys -->input
23:24:46.873 INFO  manager.ListenerWD -- Before find element-->By.cssSelector: [placeholder='Address']
23:24:46.879 INFO  manager.ListenerWD -- After find element-->By.cssSelector: [placeholder='Address']
23:24:46.886 INFO  manager.ListenerWD -- Location of element-->input
23:24:46.891 INFO  manager.ListenerWD -- Before click element-->inputtext -->
23:24:46.915 INFO  manager.ListenerWD -- After click element-->input
23:24:46.927 INFO  manager.ListenerWD -- sendKeys -->
23:24:46.927 INFO  manager.ListenerWD -- sendKeys -->input
23:24:46.952 INFO  manager.ListenerWD -- sendKeys -->
23:24:46.957 INFO  manager.ListenerWD -- sendKeys -->input
23:24:46.970 INFO  manager.ListenerWD -- sendKeys -->
23:24:46.970 INFO  manager.ListenerWD -- sendKeys -->input
23:24:46.985 INFO  manager.ListenerWD -- Before find element-->By.cssSelector: [placeholder = 'description']
23:24:46.994 INFO  manager.ListenerWD -- After find element-->By.cssSelector: [placeholder = 'description']
23:24:46.996 INFO  manager.ListenerWD -- Location of element-->input
23:24:47.001 INFO  manager.ListenerWD -- Before click element-->inputtext -->
23:24:47.025 INFO  manager.ListenerWD -- After click element-->input
23:24:47.036 INFO  manager.ListenerWD -- sendKeys -->
23:24:47.036 INFO  manager.ListenerWD -- sendKeys -->input
23:24:47.061 INFO  manager.ListenerWD -- sendKeys -->
23:24:47.061 INFO  manager.ListenerWD -- sendKeys -->input
23:24:47.073 INFO  manager.ListenerWD -- sendKeys -->
23:24:47.078 INFO  manager.ListenerWD -- sendKeys -->input
23:24:47.089 INFO  manager.ListenerWD -- Before find element-->By.cssSelector: .add_form__2rsm2>button
23:24:47.098 INFO  manager.ListenerWD -- After find element-->By.cssSelector: .add_form__2rsm2>button
23:24:47.100 INFO  manager.ListenerWD -- Location of element-->button
23:24:47.104 INFO  manager.ListenerWD -- Before click element-->buttontext -->Save
23:24:47.123 INFO  manager.ListenerWD -- After click element-->button
23:24:47.131 INFO  manager.ListenerWD -- Huston, we have a problem!
23:24:47.131 INFO  manager.ListenerWD -- Failed method:alert
23:24:47.131 INFO  manager.ListenerWD -- **********************
23:24:47.131 INFO  manager.ListenerWD -- Arguments:null
23:24:47.131 INFO  manager.ListenerWD -- **********************
23:24:47.131 INFO  manager.ListenerWD -- Exception:NoAlertPresentException
23:24:47.131 INFO  manager.ListenerWD -- **********************
23:24:47.131 INFO  manager.ListenerWD -- Messageno such alert
  (Session info: MicrosoftEdge=149.0.4022.62)
Build info: version: '4.26.0', revision: '8ccf0219d7'
System info: os.name: 'Windows 11', os.arch: 'amd64', os.version: '10.0', java.version: '21.0.10'
Driver info: org.openqa.selenium.edge.EdgeDriver
Command: [fd54b5f2745b22880d4c6f9353ba35f4, getAlertText {}]
Capabilities {acceptInsecureCerts: false, browserName: MicrosoftEdge, browserVersion: 149.0.4022.62, fedcm:accounts: true, goog:processID: 15296, ms:edgeOptions: {debuggerAddress: localhost:60873}, msedge: {msedgedriverVersion: 149.0.4022.62 (068a180137b0..., userDataDir: C:\Users\Nina\AppData\Local...}, networkConnectionEnabled: false, pageLoadStrategy: normal, platformName: windows, proxy: Proxy(), se:cdp: ws://localhost:60873/devtoo..., se:cdpVersion: 149.0.4022.62, setWindowRect: true, strictFileInteractability: false, timeouts: {implicit: 0, pageLoad: 300000, script: 30000}, unhandledPromptBehavior: dismiss and notify, webauthn:extension:credBlob: true, webauthn:extension:largeBlob: true, webauthn:extension:minPinLength: true, webauthn:extension:prf: true, webauthn:virtualAuthenticators: true}
Session ID: fd54b5f2745b22880d4c6f9353ba35f4
23:24:47.131 INFO  manager.ListenerWD -- **********************
23:24:47.131 INFO  manager.ListenerWD -- Screen with error is --->src/test/screenshots/screen_1988.png
23:24:47.668 INFO  tests.TestBase -- Assert check is alert present with error test 'Phone not valid' 
23:24:47.687 INFO  tests.TestBase -- Assert check Add button is active
23:24:47.692 INFO  tests.TestBase -- ==============================================
23:24:47.692 INFO  tests.TestBase -- Name of method (test) -->addNewContactWrongPhone
23:24:47.698 INFO  tests.TestBase -- Test data --> name: Tony, lastName:Molly, phone: , email: molly@gmail.com, address: Haifa, description: empty phone
23:24:47.698 INFO  manager.ListenerWD -- Before find element-->By.cssSelector: a[href='/add']
23:24:47.709 INFO  manager.ListenerWD -- After find element-->By.cssSelector: a[href='/add']
23:24:47.715 INFO  manager.ListenerWD -- Location of element-->a
23:24:47.721 INFO  manager.ListenerWD -- Before click element-->atext -->ADD
23:24:47.752 INFO  manager.ListenerWD -- After click element-->a
23:24:47.752 INFO  manager.ListenerWD -- Before find element-->By.cssSelector: [placeholder='Name']
23:24:47.760 INFO  manager.ListenerWD -- After find element-->By.cssSelector: [placeholder='Name']
23:24:47.763 INFO  manager.ListenerWD -- Location of element-->input
23:24:47.764 INFO  manager.ListenerWD -- Before click element-->inputtext -->
23:24:47.795 INFO  manager.ListenerWD -- After click element-->input
23:24:47.806 INFO  manager.ListenerWD -- sendKeys -->
23:24:47.813 INFO  manager.ListenerWD -- sendKeys -->input
23:24:47.837 INFO  manager.ListenerWD -- sendKeys -->
23:24:47.837 INFO  manager.ListenerWD -- sendKeys -->input
23:24:47.849 INFO  manager.ListenerWD -- sendKeys -->
23:24:47.855 INFO  manager.ListenerWD -- sendKeys -->input
23:24:47.868 INFO  manager.ListenerWD -- Before find element-->By.cssSelector: [placeholder='Last Name']
23:24:47.875 INFO  manager.ListenerWD -- After find element-->By.cssSelector: [placeholder='Last Name']
23:24:47.878 INFO  manager.ListenerWD -- Location of element-->input
23:24:47.884 INFO  manager.ListenerWD -- Before click element-->inputtext -->
23:24:47.912 INFO  manager.ListenerWD -- After click element-->input
23:24:47.922 INFO  manager.ListenerWD -- sendKeys -->
23:24:47.928 INFO  manager.ListenerWD -- sendKeys -->input
23:24:47.947 INFO  manager.ListenerWD -- sendKeys -->
23:24:47.952 INFO  manager.ListenerWD -- sendKeys -->input
23:24:47.964 INFO  manager.ListenerWD -- sendKeys -->
23:24:47.964 INFO  manager.ListenerWD -- sendKeys -->input
23:24:47.977 INFO  manager.ListenerWD -- Before find element-->By.cssSelector: [placeholder='Phone']
23:24:47.987 INFO  manager.ListenerWD -- After find element-->By.cssSelector: [placeholder='Phone']
23:24:47.989 INFO  manager.ListenerWD -- Location of element-->input
23:24:47.994 INFO  manager.ListenerWD -- Before click element-->inputtext -->
23:24:48.028 INFO  manager.ListenerWD -- After click element-->input
23:24:48.063 INFO  manager.ListenerWD -- sendKeys -->
23:24:48.087 INFO  manager.ListenerWD -- sendKeys -->input
23:24:48.119 INFO  manager.ListenerWD -- sendKeys -->
23:24:48.126 INFO  manager.ListenerWD -- sendKeys -->input
23:24:48.170 INFO  manager.ListenerWD -- sendKeys -->
23:24:48.202 INFO  manager.ListenerWD -- sendKeys -->input
23:24:48.264 INFO  manager.ListenerWD -- Before find element-->By.cssSelector: [placeholder='email']
23:24:48.280 INFO  manager.ListenerWD -- After find element-->By.cssSelector: [placeholder='email']
23:24:48.286 INFO  manager.ListenerWD -- Location of element-->input
23:24:48.291 INFO  manager.ListenerWD -- Before click element-->inputtext -->
23:24:48.354 INFO  manager.ListenerWD -- After click element-->input
23:24:48.380 INFO  manager.ListenerWD -- sendKeys -->
23:24:48.387 INFO  manager.ListenerWD -- sendKeys -->input
23:24:48.446 INFO  manager.ListenerWD -- sendKeys -->
23:24:48.449 INFO  manager.ListenerWD -- sendKeys -->input
23:24:48.470 INFO  manager.ListenerWD -- sendKeys -->
23:24:48.471 INFO  manager.ListenerWD -- sendKeys -->input
23:24:48.488 INFO  manager.ListenerWD -- Before find element-->By.cssSelector: [placeholder='Address']
23:24:48.497 INFO  manager.ListenerWD -- After find element-->By.cssSelector: [placeholder='Address']
23:24:48.499 INFO  manager.ListenerWD -- Location of element-->input
23:24:48.503 INFO  manager.ListenerWD -- Before click element-->inputtext -->
23:24:48.528 INFO  manager.ListenerWD -- After click element-->input
23:24:48.539 INFO  manager.ListenerWD -- sendKeys -->
23:24:48.545 INFO  manager.ListenerWD -- sendKeys -->input
23:24:48.564 INFO  manager.ListenerWD -- sendKeys -->
23:24:48.564 INFO  manager.ListenerWD -- sendKeys -->input
23:24:48.594 INFO  manager.ListenerWD -- sendKeys -->
23:24:48.600 INFO  manager.ListenerWD -- sendKeys -->input
23:24:48.632 INFO  manager.ListenerWD -- Before find element-->By.cssSelector: [placeholder = 'description']
23:24:48.640 INFO  manager.ListenerWD -- After find element-->By.cssSelector: [placeholder = 'description']
23:24:48.642 INFO  manager.ListenerWD -- Location of element-->input
23:24:48.676 INFO  manager.ListenerWD -- Before click element-->inputtext -->
23:24:48.725 INFO  manager.ListenerWD -- After click element-->input
23:24:48.754 INFO  manager.ListenerWD -- sendKeys -->
23:24:48.756 INFO  manager.ListenerWD -- sendKeys -->input
23:24:48.776 INFO  manager.ListenerWD -- sendKeys -->
23:24:48.777 INFO  manager.ListenerWD -- sendKeys -->input
23:24:48.789 INFO  manager.ListenerWD -- sendKeys -->
23:24:48.795 INFO  manager.ListenerWD -- sendKeys -->input
23:24:48.806 INFO  manager.ListenerWD -- Before find element-->By.cssSelector: .add_form__2rsm2>button
23:24:48.827 INFO  manager.ListenerWD -- After find element-->By.cssSelector: .add_form__2rsm2>button
23:24:48.846 INFO  manager.ListenerWD -- Location of element-->button
23:24:48.846 INFO  manager.ListenerWD -- Before click element-->buttontext -->Save
23:24:48.880 INFO  manager.ListenerWD -- After click element-->button
23:24:48.888 INFO  manager.ListenerWD -- Huston, we have a problem!
23:24:48.888 INFO  manager.ListenerWD -- Failed method:alert
23:24:48.888 INFO  manager.ListenerWD -- **********************
23:24:48.888 INFO  manager.ListenerWD -- Arguments:null
23:24:48.888 INFO  manager.ListenerWD -- **********************
23:24:48.888 INFO  manager.ListenerWD -- Exception:NoAlertPresentException
23:24:48.888 INFO  manager.ListenerWD -- **********************
23:24:48.888 INFO  manager.ListenerWD -- Messageno such alert
  (Session info: MicrosoftEdge=149.0.4022.62)
Build info: version: '4.26.0', revision: '8ccf0219d7'
System info: os.name: 'Windows 11', os.arch: 'amd64', os.version: '10.0', java.version: '21.0.10'
Driver info: org.openqa.selenium.edge.EdgeDriver
Command: [fd54b5f2745b22880d4c6f9353ba35f4, getAlertText {}]
Capabilities {acceptInsecureCerts: false, browserName: MicrosoftEdge, browserVersion: 149.0.4022.62, fedcm:accounts: true, goog:processID: 15296, ms:edgeOptions: {debuggerAddress: localhost:60873}, msedge: {msedgedriverVersion: 149.0.4022.62 (068a180137b0..., userDataDir: C:\Users\Nina\AppData\Local...}, networkConnectionEnabled: false, pageLoadStrategy: normal, platformName: windows, proxy: Proxy(), se:cdp: ws://localhost:60873/devtoo..., se:cdpVersion: 149.0.4022.62, setWindowRect: true, strictFileInteractability: false, timeouts: {implicit: 0, pageLoad: 300000, script: 30000}, unhandledPromptBehavior: dismiss and notify, webauthn:extension:credBlob: true, webauthn:extension:largeBlob: true, webauthn:extension:minPinLength: true, webauthn:extension:prf: true, webauthn:virtualAuthenticators: true}
Session ID: fd54b5f2745b22880d4c6f9353ba35f4
23:24:48.888 INFO  manager.ListenerWD -- **********************
23:24:48.888 INFO  manager.ListenerWD -- Screen with error is --->src/test/screenshots/screen_1647.png
23:24:49.417 INFO  tests.TestBase -- Assert check is alert present with error test 'Phone not valid' 
23:24:49.437 INFO  tests.TestBase -- Assert check Add button is active
23:24:49.449 INFO  tests.TestBase -- ==============================================
23:24:49.455 INFO  tests.TestBase -- Name of method (test) -->loginSuccess
23:24:49.491 INFO  manager.ListenerWD -- Before find element-->By.xpath: //button[text()='Sign Out']
23:24:49.503 INFO  manager.ListenerWD -- After find element-->By.xpath: //button[text()='Sign Out']
23:24:49.503 INFO  manager.ListenerWD -- Location of element-->button
23:24:49.527 INFO  manager.ListenerWD -- Before click element-->buttontext -->Sign Out
23:24:49.566 INFO  tests.TestBase -- Before method finished logout
23:24:49.576 INFO  tests.TestBase -- Start test with name 'loginSuccess'
23:24:49.576 INFO  tests.TestBase -- Test data ---> email: lolik@gmail.com & password: Lolik123!
23:24:49.576 INFO  manager.ListenerWD -- Before find element-->By.cssSelector: a[href='/login']
23:24:49.591 INFO  manager.ListenerWD -- After find element-->By.cssSelector: a[href='/login']
23:24:49.594 INFO  manager.ListenerWD -- Location of element-->a
23:24:49.600 INFO  manager.ListenerWD -- Before click element-->atext -->LOGIN
23:24:49.631 INFO  manager.ListenerWD -- After click element-->a
23:24:49.631 INFO  manager.HelperBase -- Open form by ckick on button with locator a[href='/login']
23:24:49.631 INFO  manager.ListenerWD -- Before find element-->By.name: email
23:24:49.639 INFO  manager.ListenerWD -- After find element-->By.name: email
23:24:49.642 INFO  manager.ListenerWD -- Location of element-->input
23:24:49.642 INFO  manager.ListenerWD -- Before click element-->inputtext -->
23:24:49.683 INFO  manager.ListenerWD -- After click element-->input
23:24:49.706 INFO  manager.ListenerWD -- sendKeys -->
23:24:49.706 INFO  manager.ListenerWD -- sendKeys -->input
23:24:49.724 INFO  manager.ListenerWD -- sendKeys -->
23:24:49.726 INFO  manager.ListenerWD -- sendKeys -->input
23:24:49.740 INFO  manager.ListenerWD -- sendKeys -->
23:24:49.744 INFO  manager.ListenerWD -- sendKeys -->input
23:24:49.758 INFO  manager.HelperBase -- type in input with locator By.name("email") 
23:24:49.758 INFO  manager.ListenerWD -- Before find element-->By.xpath: //input[@placeholder='Password']
23:24:49.773 INFO  manager.ListenerWD -- After find element-->By.xpath: //input[@placeholder='Password']
23:24:49.776 INFO  manager.ListenerWD -- Location of element-->input
23:24:49.781 INFO  manager.ListenerWD -- Before click element-->inputtext -->
23:24:49.808 INFO  manager.ListenerWD -- After click element-->input
23:24:49.818 INFO  manager.ListenerWD -- sendKeys -->
23:24:49.824 INFO  manager.ListenerWD -- sendKeys -->input
23:24:49.838 INFO  manager.ListenerWD -- sendKeys -->
23:24:49.839 INFO  manager.ListenerWD -- sendKeys -->input
23:24:49.854 INFO  manager.ListenerWD -- sendKeys -->
23:24:49.855 INFO  manager.ListenerWD -- sendKeys -->input
23:24:49.868 INFO  manager.ListenerWD -- Before find element-->By.xpath: //button[text()='Login']
23:24:49.882 INFO  manager.ListenerWD -- After find element-->By.xpath: //button[text()='Login']
23:24:49.883 INFO  manager.ListenerWD -- Location of element-->button
23:24:49.891 INFO  manager.ListenerWD -- Before click element-->buttontext -->Login
23:24:50.249 INFO  tests.TestBase -- Assert check is element button 'Sign out' present
23:24:50.252 INFO  tests.TestBase -- ==============================================
23:24:50.254 INFO  tests.TestBase -- Name of method (test) -->loginSuccess
23:24:50.290 INFO  manager.ListenerWD -- Before find element-->By.xpath: //button[text()='Sign Out']
23:24:50.301 INFO  manager.ListenerWD -- After find element-->By.xpath: //button[text()='Sign Out']
23:24:50.303 INFO  manager.ListenerWD -- Location of element-->button
23:24:50.303 INFO  manager.ListenerWD -- Before click element-->buttontext -->Sign Out
23:24:50.344 INFO  tests.TestBase -- Before method finished logout
23:24:50.348 INFO  tests.TestBase -- Start test with name 'loginSuccess'
23:24:50.349 INFO  tests.TestBase -- Test data ---> email: sonya@gmail.com & password: Ss12345$
23:24:50.349 INFO  manager.ListenerWD -- Before find element-->By.cssSelector: a[href='/login']
23:24:50.358 INFO  manager.ListenerWD -- After find element-->By.cssSelector: a[href='/login']
23:24:50.362 INFO  manager.ListenerWD -- Location of element-->a
23:24:50.369 INFO  manager.ListenerWD -- Before click element-->atext -->LOGIN
23:24:50.434 INFO  manager.ListenerWD -- After click element-->a
23:24:50.434 INFO  manager.HelperBase -- Open form by ckick on button with locator a[href='/login']
23:24:50.435 INFO  manager.ListenerWD -- Before find element-->By.name: email
23:24:50.448 INFO  manager.ListenerWD -- After find element-->By.name: email
23:24:50.448 INFO  manager.ListenerWD -- Location of element-->input
23:24:50.448 INFO  manager.ListenerWD -- Before click element-->inputtext -->
23:24:50.833 INFO  manager.ListenerWD -- After click element-->input
23:24:50.845 INFO  manager.ListenerWD -- sendKeys -->
23:24:50.846 INFO  manager.ListenerWD -- sendKeys -->input
23:24:50.860 INFO  manager.ListenerWD -- sendKeys -->
23:24:50.861 INFO  manager.ListenerWD -- sendKeys -->input
23:24:50.944 INFO  manager.ListenerWD -- sendKeys -->
23:24:50.946 INFO  manager.ListenerWD -- sendKeys -->input
23:24:50.966 INFO  manager.HelperBase -- type in input with locator By.name("email") 
23:24:50.966 INFO  manager.ListenerWD -- Before find element-->By.xpath: //input[@placeholder='Password']
23:24:50.978 INFO  manager.ListenerWD -- After find element-->By.xpath: //input[@placeholder='Password']
23:24:50.982 INFO  manager.ListenerWD -- Location of element-->input
23:24:50.986 INFO  manager.ListenerWD -- Before click element-->inputtext -->
23:24:51.011 INFO  manager.ListenerWD -- After click element-->input
23:24:51.024 INFO  manager.ListenerWD -- sendKeys -->
23:24:51.024 INFO  manager.ListenerWD -- sendKeys -->input
23:24:51.044 INFO  manager.ListenerWD -- sendKeys -->
23:24:51.045 INFO  manager.ListenerWD -- sendKeys -->input
23:24:51.060 INFO  manager.ListenerWD -- sendKeys -->
23:24:51.063 INFO  manager.ListenerWD -- sendKeys -->input
23:24:51.080 INFO  manager.ListenerWD -- Before find element-->By.xpath: //button[text()='Login']
23:24:51.096 INFO  manager.ListenerWD -- After find element-->By.xpath: //button[text()='Login']
23:24:51.108 INFO  manager.ListenerWD -- Location of element-->button
23:24:51.146 INFO  manager.ListenerWD -- Before click element-->buttontext -->Login
23:24:51.657 INFO  tests.TestBase -- Assert check is element button 'Sign out' present
23:24:51.660 INFO  tests.TestBase -- ==============================================
23:24:51.661 INFO  tests.TestBase -- Name of method (test) -->loginSuccess
23:24:51.705 INFO  manager.ListenerWD -- Before find element-->By.xpath: //button[text()='Sign Out']
23:24:51.722 INFO  manager.ListenerWD -- After find element-->By.xpath: //button[text()='Sign Out']
23:24:51.722 INFO  manager.ListenerWD -- Location of element-->button
23:24:51.722 INFO  manager.ListenerWD -- Before click element-->buttontext -->Sign Out
23:24:51.767 INFO  tests.TestBase -- Before method finished logout
23:24:51.769 INFO  tests.TestBase -- Start test with name 'loginSuccess'
23:24:51.769 INFO  tests.TestBase -- Test data ---> email: art276@art.com & password: $Art1$2$3456789
23:24:51.769 INFO  manager.ListenerWD -- Before find element-->By.cssSelector: a[href='/login']
23:24:51.776 INFO  manager.ListenerWD -- After find element-->By.cssSelector: a[href='/login']
23:24:51.791 INFO  manager.ListenerWD -- Location of element-->a
23:24:51.797 INFO  manager.ListenerWD -- Before click element-->atext -->LOGIN
23:24:51.824 INFO  manager.ListenerWD -- After click element-->a
23:24:51.824 INFO  manager.HelperBase -- Open form by ckick on button with locator a[href='/login']
23:24:51.824 INFO  manager.ListenerWD -- Before find element-->By.name: email
23:24:51.832 INFO  manager.ListenerWD -- After find element-->By.name: email
23:24:51.837 INFO  manager.ListenerWD -- Location of element-->input
23:24:51.867 INFO  manager.ListenerWD -- Before click element-->inputtext -->
23:24:51.948 INFO  manager.ListenerWD -- After click element-->input
23:24:51.971 INFO  manager.ListenerWD -- sendKeys -->
23:24:51.975 INFO  manager.ListenerWD -- sendKeys -->input
23:24:51.997 INFO  manager.ListenerWD -- sendKeys -->
23:24:52.004 INFO  manager.ListenerWD -- sendKeys -->input
23:24:52.037 INFO  manager.ListenerWD -- sendKeys -->
23:24:52.042 INFO  manager.ListenerWD -- sendKeys -->input
23:24:52.062 INFO  manager.HelperBase -- type in input with locator By.name("email") 
23:24:52.062 INFO  manager.ListenerWD -- Before find element-->By.xpath: //input[@placeholder='Password']
23:24:52.077 INFO  manager.ListenerWD -- After find element-->By.xpath: //input[@placeholder='Password']
23:24:52.082 INFO  manager.ListenerWD -- Location of element-->input
23:24:52.090 INFO  manager.ListenerWD -- Before click element-->inputtext -->
23:24:52.134 INFO  manager.ListenerWD -- After click element-->input
23:24:52.157 INFO  manager.ListenerWD -- sendKeys -->
23:24:52.164 INFO  manager.ListenerWD -- sendKeys -->input
23:24:52.183 INFO  manager.ListenerWD -- sendKeys -->
23:24:52.188 INFO  manager.ListenerWD -- sendKeys -->input
23:24:52.228 INFO  manager.ListenerWD -- sendKeys -->
23:24:52.231 INFO  manager.ListenerWD -- sendKeys -->input
23:24:52.261 INFO  manager.ListenerWD -- Before find element-->By.xpath: //button[text()='Login']
23:24:52.272 INFO  manager.ListenerWD -- After find element-->By.xpath: //button[text()='Login']
23:24:52.280 INFO  manager.ListenerWD -- Location of element-->button
23:24:52.286 INFO  manager.ListenerWD -- Before click element-->buttontext -->Login
23:24:52.653 INFO  tests.TestBase -- Assert check is element button 'Sign out' present
23:24:52.653 INFO  tests.TestBase -- ==============================================
23:24:52.653 INFO  tests.TestBase -- Name of method (test) -->loginSuccess1
23:24:52.685 INFO  manager.ListenerWD -- Before find element-->By.xpath: //button[text()='Sign Out']
23:24:52.717 INFO  manager.ListenerWD -- After find element-->By.xpath: //button[text()='Sign Out']
23:24:52.717 INFO  manager.ListenerWD -- Location of element-->button
23:24:52.733 INFO  manager.ListenerWD -- Before click element-->buttontext -->Sign Out
23:24:52.775 INFO  tests.TestBase -- Before method finished logout
23:24:52.777 INFO  manager.ListenerWD -- Before find element-->By.cssSelector: a[href='/login']
23:24:52.787 INFO  manager.ListenerWD -- After find element-->By.cssSelector: a[href='/login']
23:24:52.787 INFO  manager.ListenerWD -- Location of element-->a
23:24:52.787 INFO  manager.ListenerWD -- Before click element-->atext -->LOGIN
23:24:52.823 INFO  manager.ListenerWD -- After click element-->a
23:24:52.823 INFO  manager.HelperBase -- Open form by ckick on button with locator a[href='/login']
23:24:52.823 INFO  manager.ListenerWD -- Before find element-->By.name: email
23:24:52.832 INFO  manager.ListenerWD -- After find element-->By.name: email
23:24:52.833 INFO  manager.ListenerWD -- Location of element-->input
23:24:52.836 INFO  manager.ListenerWD -- Before click element-->inputtext -->
23:24:52.869 INFO  manager.ListenerWD -- After click element-->input
23:24:52.878 INFO  manager.ListenerWD -- sendKeys -->
23:24:52.878 INFO  manager.ListenerWD -- sendKeys -->input
23:24:52.899 INFO  manager.ListenerWD -- sendKeys -->
23:24:52.900 INFO  manager.ListenerWD -- sendKeys -->input
23:24:52.917 INFO  manager.ListenerWD -- sendKeys -->
23:24:52.922 INFO  manager.ListenerWD -- sendKeys -->input
23:24:52.939 INFO  manager.ListenerWD -- Before find element-->By.xpath: //input[@placeholder='Password']
23:24:52.951 INFO  manager.ListenerWD -- After find element-->By.xpath: //input[@placeholder='Password']
23:24:52.953 INFO  manager.ListenerWD -- Location of element-->input
23:24:52.958 INFO  manager.ListenerWD -- Before click element-->inputtext -->
23:24:52.983 INFO  manager.ListenerWD -- After click element-->input
23:24:52.993 INFO  manager.ListenerWD -- sendKeys -->
23:24:52.997 INFO  manager.ListenerWD -- sendKeys -->input
23:24:53.013 INFO  manager.ListenerWD -- sendKeys -->
23:24:53.014 INFO  manager.ListenerWD -- sendKeys -->input
23:24:53.025 INFO  manager.ListenerWD -- sendKeys -->
23:24:53.031 INFO  manager.ListenerWD -- sendKeys -->input
23:24:53.043 INFO  manager.ListenerWD -- Before find element-->By.xpath: //button[text()='Login']
23:24:53.052 INFO  manager.ListenerWD -- After find element-->By.xpath: //button[text()='Login']
23:24:53.054 INFO  manager.ListenerWD -- Location of element-->button
23:24:53.060 INFO  manager.ListenerWD -- Before click element-->buttontext -->Login
23:24:53.460 INFO  tests.TestBase -- ==============================================
23:24:53.460 INFO  tests.TestBase -- Name of method (test) -->loginSuccessModel
23:24:53.476 INFO  manager.ListenerWD -- Before find element-->By.xpath: //button[text()='Sign Out']
23:24:53.508 INFO  manager.ListenerWD -- After find element-->By.xpath: //button[text()='Sign Out']
23:24:53.524 INFO  manager.ListenerWD -- Location of element-->button
23:24:53.540 INFO  manager.ListenerWD -- Before click element-->buttontext -->Sign Out
23:24:53.611 INFO  tests.TestBase -- Before method finished logout
23:24:53.617 INFO  tests.TestBase -- Test data---> User{email='lolik@gmail.com', password='Lolik123!'}
23:24:53.617 INFO  manager.ListenerWD -- Before find element-->By.cssSelector: a[href='/login']
23:24:53.634 INFO  manager.ListenerWD -- After find element-->By.cssSelector: a[href='/login']
23:24:53.634 INFO  manager.ListenerWD -- Location of element-->a
23:24:53.650 INFO  manager.ListenerWD -- Before click element-->atext -->LOGIN
23:24:53.717 INFO  manager.ListenerWD -- After click element-->a
23:24:53.718 INFO  manager.HelperBase -- Open form by ckick on button with locator a[href='/login']
23:24:53.718 INFO  manager.ListenerWD -- Before find element-->By.name: email
23:24:53.734 INFO  manager.ListenerWD -- After find element-->By.name: email
23:24:53.742 INFO  manager.ListenerWD -- Location of element-->input
23:24:53.751 INFO  manager.ListenerWD -- Before click element-->inputtext -->
23:24:53.806 INFO  manager.ListenerWD -- After click element-->input
23:24:53.824 INFO  manager.ListenerWD -- sendKeys -->
23:24:53.831 INFO  manager.ListenerWD -- sendKeys -->input
23:24:53.859 INFO  manager.ListenerWD -- sendKeys -->
23:24:53.868 INFO  manager.ListenerWD -- sendKeys -->input
23:24:53.899 INFO  manager.ListenerWD -- sendKeys -->
23:24:53.904 INFO  manager.ListenerWD -- sendKeys -->input
23:24:53.929 INFO  manager.ListenerWD -- Before find element-->By.xpath: //input[@placeholder='Password']
23:24:53.938 INFO  manager.ListenerWD -- After find element-->By.xpath: //input[@placeholder='Password']
23:24:53.949 INFO  manager.ListenerWD -- Location of element-->input
23:24:53.954 INFO  manager.ListenerWD -- Before click element-->inputtext -->
23:24:53.980 INFO  manager.ListenerWD -- After click element-->input
23:24:53.993 INFO  manager.ListenerWD -- sendKeys -->
23:24:53.993 INFO  manager.ListenerWD -- sendKeys -->input
23:24:54.007 INFO  manager.ListenerWD -- sendKeys -->
23:24:54.012 INFO  manager.ListenerWD -- sendKeys -->input
23:24:54.024 INFO  manager.ListenerWD -- sendKeys -->
23:24:54.029 INFO  manager.ListenerWD -- sendKeys -->input
23:24:54.042 INFO  manager.ListenerWD -- Before find element-->By.xpath: //button[text()='Login']
23:24:54.051 INFO  manager.ListenerWD -- After find element-->By.xpath: //button[text()='Login']
23:24:54.059 INFO  manager.ListenerWD -- Location of element-->button
23:24:54.066 INFO  manager.ListenerWD -- Before click element-->buttontext -->Login
23:24:54.414 INFO  tests.TestBase -- Assert check is element button 'Sign out' present
23:24:54.414 INFO  tests.TestBase -- ==============================================
23:24:54.417 INFO  tests.TestBase -- Name of method (test) -->loginSuccessModel
23:24:54.420 INFO  manager.ListenerWD -- Before find element-->By.xpath: //button[text()='Sign Out']
23:24:54.445 INFO  manager.ListenerWD -- After find element-->By.xpath: //button[text()='Sign Out']
23:24:54.453 INFO  manager.ListenerWD -- Location of element-->button
23:24:54.461 INFO  manager.ListenerWD -- Before click element-->buttontext -->Sign Out
23:24:54.497 INFO  tests.TestBase -- Before method finished logout
23:24:54.500 INFO  tests.TestBase -- Test data---> User{email='sonya@gmail.com', password='Ss12345$'}
23:24:54.500 INFO  manager.ListenerWD -- Before find element-->By.cssSelector: a[href='/login']
23:24:54.510 INFO  manager.ListenerWD -- After find element-->By.cssSelector: a[href='/login']
23:24:54.513 INFO  manager.ListenerWD -- Location of element-->a
23:24:54.594 INFO  manager.ListenerWD -- Before click element-->atext -->LOGIN
23:24:54.755 INFO  manager.ListenerWD -- After click element-->a
23:24:54.755 INFO  manager.HelperBase -- Open form by ckick on button with locator a[href='/login']
23:24:54.755 INFO  manager.ListenerWD -- Before find element-->By.name: email
23:24:54.803 INFO  manager.ListenerWD -- After find element-->By.name: email
23:24:54.804 INFO  manager.ListenerWD -- Location of element-->input
23:24:54.820 INFO  manager.ListenerWD -- Before click element-->inputtext -->
23:24:54.861 INFO  manager.ListenerWD -- After click element-->input
23:24:54.875 INFO  manager.ListenerWD -- sendKeys -->
23:24:54.877 INFO  manager.ListenerWD -- sendKeys -->input
23:24:54.892 INFO  manager.ListenerWD -- sendKeys -->
23:24:54.893 INFO  manager.ListenerWD -- sendKeys -->input
23:24:54.903 INFO  manager.ListenerWD -- sendKeys -->
23:24:54.909 INFO  manager.ListenerWD -- sendKeys -->input
23:24:54.927 INFO  manager.ListenerWD -- Before find element-->By.xpath: //input[@placeholder='Password']
23:24:54.935 INFO  manager.ListenerWD -- After find element-->By.xpath: //input[@placeholder='Password']
23:24:54.937 INFO  manager.ListenerWD -- Location of element-->input
23:24:54.943 INFO  manager.ListenerWD -- Before click element-->inputtext -->
23:24:54.967 INFO  manager.ListenerWD -- After click element-->input
23:24:54.981 INFO  manager.ListenerWD -- sendKeys -->
23:24:54.981 INFO  manager.ListenerWD -- sendKeys -->input
23:24:54.999 INFO  manager.ListenerWD -- sendKeys -->
23:24:55.001 INFO  manager.ListenerWD -- sendKeys -->input
23:24:55.011 INFO  manager.ListenerWD -- sendKeys -->
23:24:55.018 INFO  manager.ListenerWD -- sendKeys -->input
23:24:55.030 INFO  manager.ListenerWD -- Before find element-->By.xpath: //button[text()='Login']
23:24:55.040 INFO  manager.ListenerWD -- After find element-->By.xpath: //button[text()='Login']
23:24:55.044 INFO  manager.ListenerWD -- Location of element-->button
23:24:55.048 INFO  manager.ListenerWD -- Before click element-->buttontext -->Login
23:24:55.552 INFO  tests.TestBase -- Assert check is element button 'Sign out' present
23:24:55.555 INFO  tests.TestBase -- ==============================================
23:24:55.557 INFO  tests.TestBase -- Name of method (test) -->loginSuccessModelDPF
23:24:55.573 INFO  manager.ListenerWD -- Before find element-->By.xpath: //button[text()='Sign Out']
23:24:55.588 INFO  manager.ListenerWD -- After find element-->By.xpath: //button[text()='Sign Out']
23:24:55.620 INFO  manager.ListenerWD -- Location of element-->button
23:24:55.620 INFO  manager.ListenerWD -- Before click element-->buttontext -->Sign Out
23:24:55.678 INFO  tests.TestBase -- Before method finished logout
23:24:55.684 INFO  tests.TestBase -- Test data---> User{email='lolik@gmail.com', password='Lolik123!'}
23:24:55.685 INFO  manager.ListenerWD -- Before find element-->By.cssSelector: a[href='/login']
23:24:55.704 INFO  manager.ListenerWD -- After find element-->By.cssSelector: a[href='/login']
23:24:55.706 INFO  manager.ListenerWD -- Location of element-->a
23:24:55.706 INFO  manager.ListenerWD -- Before click element-->atext -->LOGIN
23:24:55.746 INFO  manager.ListenerWD -- After click element-->a
23:24:55.746 INFO  manager.HelperBase -- Open form by ckick on button with locator a[href='/login']
23:24:55.746 INFO  manager.ListenerWD -- Before find element-->By.name: email
23:24:55.754 INFO  manager.ListenerWD -- After find element-->By.name: email
23:24:55.756 INFO  manager.ListenerWD -- Location of element-->input
23:24:55.762 INFO  manager.ListenerWD -- Before click element-->inputtext -->
23:24:55.794 INFO  manager.ListenerWD -- After click element-->input
23:24:55.807 INFO  manager.ListenerWD -- sendKeys -->
23:24:55.809 INFO  manager.ListenerWD -- sendKeys -->input
23:24:55.818 INFO  manager.ListenerWD -- sendKeys -->
23:24:55.823 INFO  manager.ListenerWD -- sendKeys -->input
23:24:55.836 INFO  manager.ListenerWD -- sendKeys -->
23:24:55.836 INFO  manager.ListenerWD -- sendKeys -->input
23:24:55.858 INFO  manager.ListenerWD -- Before find element-->By.xpath: //input[@placeholder='Password']
23:24:55.867 INFO  manager.ListenerWD -- After find element-->By.xpath: //input[@placeholder='Password']
23:24:55.869 INFO  manager.ListenerWD -- Location of element-->input
23:24:55.875 INFO  manager.ListenerWD -- Before click element-->inputtext -->
23:24:55.903 INFO  manager.ListenerWD -- After click element-->input
23:24:55.914 INFO  manager.ListenerWD -- sendKeys -->
23:24:55.914 INFO  manager.ListenerWD -- sendKeys -->input
23:24:55.928 INFO  manager.ListenerWD -- sendKeys -->
23:24:55.934 INFO  manager.ListenerWD -- sendKeys -->input
23:24:55.945 INFO  manager.ListenerWD -- sendKeys -->
23:24:55.950 INFO  manager.ListenerWD -- sendKeys -->input
23:24:55.967 INFO  manager.ListenerWD -- Before find element-->By.xpath: //button[text()='Login']
23:24:55.976 INFO  manager.ListenerWD -- After find element-->By.xpath: //button[text()='Login']
23:24:55.978 INFO  manager.ListenerWD -- Location of element-->button
23:24:55.984 INFO  manager.ListenerWD -- Before click element-->buttontext -->Login
23:24:56.505 INFO  tests.TestBase -- Assert check is element button 'Sign out' present
23:24:56.530 INFO  tests.TestBase -- ==============================================
23:24:56.530 INFO  tests.TestBase -- Name of method (test) -->loginSuccessModelDPF
23:24:56.546 INFO  manager.ListenerWD -- Before find element-->By.xpath: //button[text()='Sign Out']
23:24:56.562 INFO  manager.ListenerWD -- After find element-->By.xpath: //button[text()='Sign Out']
23:24:56.578 INFO  manager.ListenerWD -- Location of element-->button
23:24:56.594 INFO  manager.ListenerWD -- Before click element-->buttontext -->Sign Out
23:24:56.629 INFO  tests.TestBase -- Before method finished logout
23:24:56.632 INFO  tests.TestBase -- Test data---> User{email='sonya@gmail.com', password='Ss12345$'}
23:24:56.632 INFO  manager.ListenerWD -- Before find element-->By.cssSelector: a[href='/login']
23:24:56.640 INFO  manager.ListenerWD -- After find element-->By.cssSelector: a[href='/login']
23:24:56.642 INFO  manager.ListenerWD -- Location of element-->a
23:24:56.642 INFO  manager.ListenerWD -- Before click element-->atext -->LOGIN
23:24:56.672 INFO  manager.ListenerWD -- After click element-->a
23:24:56.672 INFO  manager.HelperBase -- Open form by ckick on button with locator a[href='/login']
23:24:56.672 INFO  manager.ListenerWD -- Before find element-->By.name: email
23:24:56.679 INFO  manager.ListenerWD -- After find element-->By.name: email
23:24:56.681 INFO  manager.ListenerWD -- Location of element-->input
23:24:56.684 INFO  manager.ListenerWD -- Before click element-->inputtext -->
23:24:56.721 INFO  manager.ListenerWD -- After click element-->input
23:24:56.733 INFO  manager.ListenerWD -- sendKeys -->
23:24:56.737 INFO  manager.ListenerWD -- sendKeys -->input
23:24:56.752 INFO  manager.ListenerWD -- sendKeys -->
23:24:56.755 INFO  manager.ListenerWD -- sendKeys -->input
23:24:56.770 INFO  manager.ListenerWD -- sendKeys -->
23:24:56.771 INFO  manager.ListenerWD -- sendKeys -->input
23:24:56.787 INFO  manager.ListenerWD -- Before find element-->By.xpath: //input[@placeholder='Password']
23:24:56.794 INFO  manager.ListenerWD -- After find element-->By.xpath: //input[@placeholder='Password']
23:24:56.800 INFO  manager.ListenerWD -- Location of element-->input
23:24:56.805 INFO  manager.ListenerWD -- Before click element-->inputtext -->
23:24:56.829 INFO  manager.ListenerWD -- After click element-->input
23:24:56.844 INFO  manager.ListenerWD -- sendKeys -->
23:24:56.845 INFO  manager.ListenerWD -- sendKeys -->input
23:24:56.854 INFO  manager.ListenerWD -- sendKeys -->
23:24:56.860 INFO  manager.ListenerWD -- sendKeys -->input
23:24:56.872 INFO  manager.ListenerWD -- sendKeys -->
23:24:56.872 INFO  manager.ListenerWD -- sendKeys -->input
23:24:56.888 INFO  manager.ListenerWD -- Before find element-->By.xpath: //button[text()='Login']
23:24:56.896 INFO  manager.ListenerWD -- After find element-->By.xpath: //button[text()='Login']
23:24:56.899 INFO  manager.ListenerWD -- Location of element-->button
23:24:56.904 INFO  manager.ListenerWD -- Before click element-->buttontext -->Login
23:24:57.437 INFO  tests.TestBase -- Assert check is element button 'Sign out' present
23:24:57.437 INFO  tests.TestBase -- ==============================================
23:24:57.451 INFO  tests.TestBase -- Name of method (test) -->loginSuccessModelDPF
23:24:57.467 INFO  manager.ListenerWD -- Before find element-->By.xpath: //button[text()='Sign Out']
23:24:57.483 INFO  manager.ListenerWD -- After find element-->By.xpath: //button[text()='Sign Out']
23:24:57.483 INFO  manager.ListenerWD -- Location of element-->button
23:24:57.483 INFO  manager.ListenerWD -- Before click element-->buttontext -->Sign Out
23:24:57.527 INFO  tests.TestBase -- Before method finished logout
23:24:57.528 INFO  tests.TestBase -- Test data---> User{email='lolik@gmail.com', password='Lolik123!'}
23:24:57.528 INFO  manager.ListenerWD -- Before find element-->By.cssSelector: a[href='/login']
23:24:57.537 INFO  manager.ListenerWD -- After find element-->By.cssSelector: a[href='/login']
23:24:57.538 INFO  manager.ListenerWD -- Location of element-->a
23:24:57.539 INFO  manager.ListenerWD -- Before click element-->atext -->LOGIN
23:24:57.570 INFO  manager.ListenerWD -- After click element-->a
23:24:57.570 INFO  manager.HelperBase -- Open form by ckick on button with locator a[href='/login']
23:24:57.570 INFO  manager.ListenerWD -- Before find element-->By.name: email
23:24:57.576 INFO  manager.ListenerWD -- After find element-->By.name: email
23:24:57.577 INFO  manager.ListenerWD -- Location of element-->input
23:24:57.581 INFO  manager.ListenerWD -- Before click element-->inputtext -->
23:24:57.620 INFO  manager.ListenerWD -- After click element-->input
23:24:57.632 INFO  manager.ListenerWD -- sendKeys -->
23:24:57.634 INFO  manager.ListenerWD -- sendKeys -->input
23:24:57.648 INFO  manager.ListenerWD -- sendKeys -->
23:24:57.650 INFO  manager.ListenerWD -- sendKeys -->input
23:24:57.660 INFO  manager.ListenerWD -- sendKeys -->
23:24:57.665 INFO  manager.ListenerWD -- sendKeys -->input
23:24:57.680 INFO  manager.ListenerWD -- Before find element-->By.xpath: //input[@placeholder='Password']
23:24:57.690 INFO  manager.ListenerWD -- After find element-->By.xpath: //input[@placeholder='Password']
23:24:57.692 INFO  manager.ListenerWD -- Location of element-->input
23:24:57.697 INFO  manager.ListenerWD -- Before click element-->inputtext -->
23:24:57.721 INFO  manager.ListenerWD -- After click element-->input
23:24:57.732 INFO  manager.ListenerWD -- sendKeys -->
23:24:57.732 INFO  manager.ListenerWD -- sendKeys -->input
23:24:57.754 INFO  manager.ListenerWD -- sendKeys -->
23:24:57.755 INFO  manager.ListenerWD -- sendKeys -->input
23:24:57.768 INFO  manager.ListenerWD -- sendKeys -->
23:24:57.771 INFO  manager.ListenerWD -- sendKeys -->input
23:24:57.787 INFO  manager.ListenerWD -- Before find element-->By.xpath: //button[text()='Login']
23:24:57.794 INFO  manager.ListenerWD -- After find element-->By.xpath: //button[text()='Login']
23:24:57.797 INFO  manager.ListenerWD -- Location of element-->button
23:24:57.801 INFO  manager.ListenerWD -- Before click element-->buttontext -->Login
23:24:58.172 INFO  tests.TestBase -- Assert check is element button 'Sign out' present
23:24:58.174 INFO  tests.TestBase -- ==============================================
23:24:58.175 INFO  tests.TestBase -- Name of method (test) -->loginUnregisteredUser
23:24:58.191 INFO  manager.ListenerWD -- Before find element-->By.xpath: //button[text()='Sign Out']
23:24:58.208 INFO  manager.ListenerWD -- After find element-->By.xpath: //button[text()='Sign Out']
23:24:58.208 INFO  manager.ListenerWD -- Location of element-->button
23:24:58.223 INFO  manager.ListenerWD -- Before click element-->buttontext -->Sign Out
23:24:58.338 INFO  tests.TestBase -- Before method finished logout
23:24:58.340 INFO  tests.TestBase -- Test data --> email:'loli_k@mail.ru & password: Lolik123!
23:24:58.340 INFO  manager.ListenerWD -- Before find element-->By.cssSelector: a[href='/login']
23:24:58.347 INFO  manager.ListenerWD -- After find element-->By.cssSelector: a[href='/login']
23:24:58.349 INFO  manager.ListenerWD -- Location of element-->a
23:24:58.356 INFO  manager.ListenerWD -- Before click element-->atext -->LOGIN
23:24:58.382 INFO  manager.ListenerWD -- After click element-->a
23:24:58.383 INFO  manager.HelperBase -- Open form by ckick on button with locator a[href='/login']
23:24:58.383 INFO  manager.ListenerWD -- Before find element-->By.name: email
23:24:58.390 INFO  manager.ListenerWD -- After find element-->By.name: email
23:24:58.393 INFO  manager.ListenerWD -- Location of element-->input
23:24:58.395 INFO  manager.ListenerWD -- Before click element-->inputtext -->
23:24:58.434 INFO  manager.ListenerWD -- After click element-->input
23:24:58.447 INFO  manager.ListenerWD -- sendKeys -->
23:24:58.447 INFO  manager.ListenerWD -- sendKeys -->input
23:24:58.465 INFO  manager.ListenerWD -- sendKeys -->
23:24:58.467 INFO  manager.ListenerWD -- sendKeys -->input
23:24:58.478 INFO  manager.ListenerWD -- sendKeys -->
23:24:58.484 INFO  manager.ListenerWD -- sendKeys -->input
23:24:58.497 INFO  manager.HelperBase -- type in input with locator By.name("email") 
23:24:58.497 INFO  manager.ListenerWD -- Before find element-->By.xpath: //input[@placeholder='Password']
23:24:58.506 INFO  manager.ListenerWD -- After find element-->By.xpath: //input[@placeholder='Password']
23:24:58.509 INFO  manager.ListenerWD -- Location of element-->input
23:24:58.514 INFO  manager.ListenerWD -- Before click element-->inputtext -->
23:24:58.550 INFO  manager.ListenerWD -- After click element-->input
23:24:58.563 INFO  manager.ListenerWD -- sendKeys -->
23:24:58.568 INFO  manager.ListenerWD -- sendKeys -->input
23:24:58.585 INFO  manager.ListenerWD -- sendKeys -->
23:24:58.587 INFO  manager.ListenerWD -- sendKeys -->input
23:24:58.602 INFO  manager.ListenerWD -- sendKeys -->
23:24:58.604 INFO  manager.ListenerWD -- sendKeys -->input
23:24:58.617 INFO  manager.ListenerWD -- Before find element-->By.xpath: //button[text()='Login']
23:24:58.624 INFO  manager.ListenerWD -- After find element-->By.xpath: //button[text()='Login']
23:24:58.627 INFO  manager.ListenerWD -- Location of element-->button
23:24:58.633 INFO  manager.ListenerWD -- Before click element-->buttontext -->Login
23:24:58.672 INFO  manager.ListenerWD -- Huston, we have a problem!
23:24:58.672 INFO  manager.ListenerWD -- Failed method:alert
23:24:58.672 INFO  manager.ListenerWD -- **********************
23:24:58.672 INFO  manager.ListenerWD -- Arguments:null
23:24:58.672 INFO  manager.ListenerWD -- **********************
23:24:58.672 INFO  manager.ListenerWD -- Exception:NoAlertPresentException
23:24:58.672 INFO  manager.ListenerWD -- **********************
23:24:58.672 INFO  manager.ListenerWD -- Messageno such alert
  (Session info: MicrosoftEdge=149.0.4022.62)
Build info: version: '4.26.0', revision: '8ccf0219d7'
System info: os.name: 'Windows 11', os.arch: 'amd64', os.version: '10.0', java.version: '21.0.10'
Driver info: org.openqa.selenium.edge.EdgeDriver
Command: [fd54b5f2745b22880d4c6f9353ba35f4, getAlertText {}]
Capabilities {acceptInsecureCerts: false, browserName: MicrosoftEdge, browserVersion: 149.0.4022.62, fedcm:accounts: true, goog:processID: 15296, ms:edgeOptions: {debuggerAddress: localhost:60873}, msedge: {msedgedriverVersion: 149.0.4022.62 (068a180137b0..., userDataDir: C:\Users\Nina\AppData\Local...}, networkConnectionEnabled: false, pageLoadStrategy: normal, platformName: windows, proxy: Proxy(), se:cdp: ws://localhost:60873/devtoo..., se:cdpVersion: 149.0.4022.62, setWindowRect: true, strictFileInteractability: false, timeouts: {implicit: 0, pageLoad: 300000, script: 30000}, unhandledPromptBehavior: dismiss and notify, webauthn:extension:credBlob: true, webauthn:extension:largeBlob: true, webauthn:extension:minPinLength: true, webauthn:extension:prf: true, webauthn:virtualAuthenticators: true}
Session ID: fd54b5f2745b22880d4c6f9353ba35f4
23:24:58.672 INFO  manager.ListenerWD -- **********************
23:24:58.672 INFO  manager.ListenerWD -- Screen with error is --->src/test/screenshots/screen_1251.png
23:24:59.202 INFO  tests.TestBase -- Assert check is alert present with error test 'Wrong email or password' 
23:24:59.204 INFO  tests.TestBase -- ==============================================
23:24:59.206 INFO  tests.TestBase -- Name of method (test) -->loginWrongEmail
23:25:04.260 INFO  tests.TestBase -- Test data --> email:'lolikgmail.com & password: Lolik123!
23:25:04.260 INFO  manager.ListenerWD -- Before find element-->By.cssSelector: a[href='/login']
23:25:04.273 INFO  manager.ListenerWD -- After find element-->By.cssSelector: a[href='/login']
23:25:04.276 INFO  manager.ListenerWD -- Location of element-->a
23:25:04.276 INFO  manager.ListenerWD -- Before click element-->atext -->LOGIN
23:25:04.315 INFO  manager.ListenerWD -- After click element-->a
23:25:04.315 INFO  manager.HelperBase -- Open form by ckick on button with locator a[href='/login']
23:25:04.315 INFO  manager.ListenerWD -- Before find element-->By.name: email
23:25:04.323 INFO  manager.ListenerWD -- After find element-->By.name: email
23:25:04.325 INFO  manager.ListenerWD -- Location of element-->input
23:25:04.330 INFO  manager.ListenerWD -- Before click element-->inputtext -->
23:25:04.359 INFO  manager.ListenerWD -- After click element-->input
23:25:04.368 INFO  manager.ListenerWD -- sendKeys -->
23:25:04.374 INFO  manager.ListenerWD -- sendKeys -->input
23:25:04.399 INFO  manager.ListenerWD -- sendKeys -->
23:25:04.399 INFO  manager.ListenerWD -- sendKeys -->input
23:25:04.415 INFO  manager.ListenerWD -- sendKeys -->
23:25:04.417 INFO  manager.ListenerWD -- sendKeys -->input
23:25:04.431 INFO  manager.HelperBase -- type in input with locator By.name("email") 
23:25:04.435 INFO  manager.ListenerWD -- Before find element-->By.xpath: //input[@placeholder='Password']
23:25:04.456 INFO  manager.ListenerWD -- After find element-->By.xpath: //input[@placeholder='Password']
23:25:04.458 INFO  manager.ListenerWD -- Location of element-->input
23:25:04.463 INFO  manager.ListenerWD -- Before click element-->inputtext -->
23:25:04.493 INFO  manager.ListenerWD -- After click element-->input
23:25:04.509 INFO  manager.ListenerWD -- sendKeys -->
23:25:04.510 INFO  manager.ListenerWD -- sendKeys -->input
23:25:04.533 INFO  manager.ListenerWD -- sendKeys -->
23:25:04.537 INFO  manager.ListenerWD -- sendKeys -->input
23:25:04.556 INFO  manager.ListenerWD -- sendKeys -->
23:25:04.557 INFO  manager.ListenerWD -- sendKeys -->input
23:25:04.570 INFO  manager.ListenerWD -- Before find element-->By.xpath: //button[text()='Login']
23:25:04.602 INFO  manager.ListenerWD -- After find element-->By.xpath: //button[text()='Login']
23:25:04.602 INFO  manager.ListenerWD -- Location of element-->button
23:25:04.622 INFO  manager.ListenerWD -- Before click element-->buttontext -->Login
23:25:04.696 INFO  manager.ListenerWD -- Huston, we have a problem!
23:25:04.696 INFO  manager.ListenerWD -- Failed method:alert
23:25:04.696 INFO  manager.ListenerWD -- **********************
23:25:04.696 INFO  manager.ListenerWD -- Arguments:null
23:25:04.696 INFO  manager.ListenerWD -- **********************
23:25:04.696 INFO  manager.ListenerWD -- Exception:NoAlertPresentException
23:25:04.696 INFO  manager.ListenerWD -- **********************
23:25:04.696 INFO  manager.ListenerWD -- Messageno such alert
  (Session info: MicrosoftEdge=149.0.4022.62)
Build info: version: '4.26.0', revision: '8ccf0219d7'
System info: os.name: 'Windows 11', os.arch: 'amd64', os.version: '10.0', java.version: '21.0.10'
Driver info: org.openqa.selenium.edge.EdgeDriver
Command: [fd54b5f2745b22880d4c6f9353ba35f4, getAlertText {}]
Capabilities {acceptInsecureCerts: false, browserName: MicrosoftEdge, browserVersion: 149.0.4022.62, fedcm:accounts: true, goog:processID: 15296, ms:edgeOptions: {debuggerAddress: localhost:60873}, msedge: {msedgedriverVersion: 149.0.4022.62 (068a180137b0..., userDataDir: C:\Users\Nina\AppData\Local...}, networkConnectionEnabled: false, pageLoadStrategy: normal, platformName: windows, proxy: Proxy(), se:cdp: ws://localhost:60873/devtoo..., se:cdpVersion: 149.0.4022.62, setWindowRect: true, strictFileInteractability: false, timeouts: {implicit: 0, pageLoad: 300000, script: 30000}, unhandledPromptBehavior: dismiss and notify, webauthn:extension:credBlob: true, webauthn:extension:largeBlob: true, webauthn:extension:minPinLength: true, webauthn:extension:prf: true, webauthn:virtualAuthenticators: true}
Session ID: fd54b5f2745b22880d4c6f9353ba35f4
23:25:04.696 INFO  manager.ListenerWD -- **********************
23:25:04.696 INFO  manager.ListenerWD -- Screen with error is --->src/test/screenshots/screen_1216.png
23:25:05.216 INFO  tests.TestBase -- Assert check is alert present with error test 'Wrong email or password' 
23:25:05.217 INFO  tests.TestBase -- ==============================================
23:25:05.220 INFO  tests.TestBase -- Name of method (test) -->loginWrongPassword
23:25:10.235 INFO  tests.TestBase -- Test data --> email:'lolik@gmail.com & password: Lolik123
23:25:10.235 INFO  manager.ListenerWD -- Before find element-->By.cssSelector: a[href='/login']
23:25:10.246 INFO  manager.ListenerWD -- After find element-->By.cssSelector: a[href='/login']
23:25:10.261 INFO  manager.ListenerWD -- Location of element-->a
23:25:10.277 INFO  manager.ListenerWD -- Before click element-->atext -->LOGIN
23:25:10.329 INFO  manager.ListenerWD -- After click element-->a
23:25:10.329 INFO  manager.HelperBase -- Open form by ckick on button with locator a[href='/login']
23:25:10.329 INFO  manager.ListenerWD -- Before find element-->By.name: email
23:25:10.343 INFO  manager.ListenerWD -- After find element-->By.name: email
23:25:10.343 INFO  manager.ListenerWD -- Location of element-->input
23:25:10.359 INFO  manager.ListenerWD -- Before click element-->inputtext -->
23:25:10.401 INFO  manager.ListenerWD -- After click element-->input
23:25:10.422 INFO  manager.ListenerWD -- sendKeys -->
23:25:10.426 INFO  manager.ListenerWD -- sendKeys -->input
23:25:10.460 INFO  manager.ListenerWD -- sendKeys -->
23:25:10.466 INFO  manager.ListenerWD -- sendKeys -->input
23:25:10.491 INFO  manager.ListenerWD -- sendKeys -->
23:25:10.495 INFO  manager.ListenerWD -- sendKeys -->input
23:25:10.521 INFO  manager.HelperBase -- type in input with locator By.name("email") 
23:25:10.521 INFO  manager.ListenerWD -- Before find element-->By.xpath: //input[@placeholder='Password']
23:25:10.537 INFO  manager.ListenerWD -- After find element-->By.xpath: //input[@placeholder='Password']
23:25:10.540 INFO  manager.ListenerWD -- Location of element-->input
23:25:10.543 INFO  manager.ListenerWD -- Before click element-->inputtext -->
23:25:10.596 INFO  manager.ListenerWD -- After click element-->input
23:25:10.619 INFO  manager.ListenerWD -- sendKeys -->
23:25:10.623 INFO  manager.ListenerWD -- sendKeys -->input
23:25:10.660 INFO  manager.ListenerWD -- sendKeys -->
23:25:10.663 INFO  manager.ListenerWD -- sendKeys -->input
23:25:10.685 INFO  manager.ListenerWD -- sendKeys -->
23:25:10.688 INFO  manager.ListenerWD -- sendKeys -->input
23:25:10.707 INFO  manager.ListenerWD -- Before find element-->By.xpath: //button[text()='Login']
23:25:10.720 INFO  manager.ListenerWD -- After find element-->By.xpath: //button[text()='Login']
23:25:10.725 INFO  manager.ListenerWD -- Location of element-->button
23:25:10.735 INFO  manager.ListenerWD -- Before click element-->buttontext -->Login
23:25:10.783 INFO  manager.ListenerWD -- Huston, we have a problem!
23:25:10.783 INFO  manager.ListenerWD -- Failed method:alert
23:25:10.783 INFO  manager.ListenerWD -- **********************
23:25:10.784 INFO  manager.ListenerWD -- Arguments:null
23:25:10.784 INFO  manager.ListenerWD -- **********************
23:25:10.784 INFO  manager.ListenerWD -- Exception:NoAlertPresentException
23:25:10.784 INFO  manager.ListenerWD -- **********************
23:25:10.784 INFO  manager.ListenerWD -- Messageno such alert
  (Session info: MicrosoftEdge=149.0.4022.62)
Build info: version: '4.26.0', revision: '8ccf0219d7'
System info: os.name: 'Windows 11', os.arch: 'amd64', os.version: '10.0', java.version: '21.0.10'
Driver info: org.openqa.selenium.edge.EdgeDriver
Command: [fd54b5f2745b22880d4c6f9353ba35f4, getAlertText {}]
Capabilities {acceptInsecureCerts: false, browserName: MicrosoftEdge, browserVersion: 149.0.4022.62, fedcm:accounts: true, goog:processID: 15296, ms:edgeOptions: {debuggerAddress: localhost:60873}, msedge: {msedgedriverVersion: 149.0.4022.62 (068a180137b0..., userDataDir: C:\Users\Nina\AppData\Local...}, networkConnectionEnabled: false, pageLoadStrategy: normal, platformName: windows, proxy: Proxy(), se:cdp: ws://localhost:60873/devtoo..., se:cdpVersion: 149.0.4022.62, setWindowRect: true, strictFileInteractability: false, timeouts: {implicit: 0, pageLoad: 300000, script: 30000}, unhandledPromptBehavior: dismiss and notify, webauthn:extension:credBlob: true, webauthn:extension:largeBlob: true, webauthn:extension:minPinLength: true, webauthn:extension:prf: true, webauthn:virtualAuthenticators: true}
Session ID: fd54b5f2745b22880d4c6f9353ba35f4
23:25:10.784 INFO  manager.ListenerWD -- **********************
23:25:10.784 INFO  manager.ListenerWD -- Screen with error is --->src/test/screenshots/screen_1657.png
23:25:11.320 INFO  tests.TestBase -- Assert check is alert present with error test 'Wrong email or password' 
23:25:11.323 INFO  tests.TestBase -- ==============================================
23:25:11.327 INFO  tests.TestBase -- Name of method (test) -->registrationExistsUser
23:25:16.366 INFO  tests.TestBase -- Test data --> email:'margo@gmail.com & password: Mmar123456$
23:25:16.366 INFO  manager.ListenerWD -- Before find element-->By.cssSelector: a[href='/login']
23:25:16.384 INFO  manager.ListenerWD -- After find element-->By.cssSelector: a[href='/login']
23:25:16.386 INFO  manager.ListenerWD -- Location of element-->a
23:25:16.390 INFO  manager.ListenerWD -- Before click element-->atext -->LOGIN
23:25:16.425 INFO  manager.ListenerWD -- After click element-->a
23:25:16.425 INFO  manager.HelperBase -- Open form by ckick on button with locator a[href='/login']
23:25:16.425 INFO  manager.ListenerWD -- Before find element-->By.name: email
23:25:16.437 INFO  manager.ListenerWD -- After find element-->By.name: email
23:25:16.440 INFO  manager.ListenerWD -- Location of element-->input
23:25:16.440 INFO  manager.ListenerWD -- Before click element-->inputtext -->
23:25:16.470 INFO  manager.ListenerWD -- After click element-->input
23:25:16.482 INFO  manager.ListenerWD -- sendKeys -->
23:25:16.488 INFO  manager.ListenerWD -- sendKeys -->input
23:25:16.507 INFO  manager.ListenerWD -- sendKeys -->
23:25:16.512 INFO  manager.ListenerWD -- sendKeys -->input
23:25:16.526 INFO  manager.ListenerWD -- sendKeys -->
23:25:16.526 INFO  manager.ListenerWD -- sendKeys -->input
23:25:16.543 INFO  manager.ListenerWD -- Before find element-->By.xpath: //input[@placeholder='Password']
23:25:16.551 INFO  manager.ListenerWD -- After find element-->By.xpath: //input[@placeholder='Password']
23:25:16.553 INFO  manager.ListenerWD -- Location of element-->input
23:25:16.558 INFO  manager.ListenerWD -- Before click element-->inputtext -->
23:25:16.582 INFO  manager.ListenerWD -- After click element-->input
23:25:16.591 INFO  manager.ListenerWD -- sendKeys -->
23:25:16.597 INFO  manager.ListenerWD -- sendKeys -->input
23:25:16.622 INFO  manager.ListenerWD -- sendKeys -->
23:25:16.623 INFO  manager.ListenerWD -- sendKeys -->input
23:25:16.634 INFO  manager.ListenerWD -- sendKeys -->
23:25:16.639 INFO  manager.ListenerWD -- sendKeys -->input
23:25:16.655 INFO  manager.ListenerWD -- Before find element-->By.xpath: //button[text()='Registration']
23:25:16.664 INFO  manager.ListenerWD -- After find element-->By.xpath: //button[text()='Registration']
23:25:16.666 INFO  manager.ListenerWD -- Location of element-->button
23:25:16.671 INFO  manager.ListenerWD -- Before click element-->buttontext -->Registration
23:25:16.720 INFO  manager.ListenerWD -- Huston, we have a problem!
23:25:16.720 INFO  manager.ListenerWD -- Failed method:alert
23:25:16.720 INFO  manager.ListenerWD -- **********************
23:25:16.720 INFO  manager.ListenerWD -- Arguments:null
23:25:16.720 INFO  manager.ListenerWD -- **********************
23:25:16.720 INFO  manager.ListenerWD -- Exception:NoAlertPresentException
23:25:16.720 INFO  manager.ListenerWD -- **********************
23:25:16.720 INFO  manager.ListenerWD -- Messageno such alert
  (Session info: MicrosoftEdge=149.0.4022.62)
Build info: version: '4.26.0', revision: '8ccf0219d7'
System info: os.name: 'Windows 11', os.arch: 'amd64', os.version: '10.0', java.version: '21.0.10'
Driver info: org.openqa.selenium.edge.EdgeDriver
Command: [fd54b5f2745b22880d4c6f9353ba35f4, getAlertText {}]
Capabilities {acceptInsecureCerts: false, browserName: MicrosoftEdge, browserVersion: 149.0.4022.62, fedcm:accounts: true, goog:processID: 15296, ms:edgeOptions: {debuggerAddress: localhost:60873}, msedge: {msedgedriverVersion: 149.0.4022.62 (068a180137b0..., userDataDir: C:\Users\Nina\AppData\Local...}, networkConnectionEnabled: false, pageLoadStrategy: normal, platformName: windows, proxy: Proxy(), se:cdp: ws://localhost:60873/devtoo..., se:cdpVersion: 149.0.4022.62, setWindowRect: true, strictFileInteractability: false, timeouts: {implicit: 0, pageLoad: 300000, script: 30000}, unhandledPromptBehavior: dismiss and notify, webauthn:extension:credBlob: true, webauthn:extension:largeBlob: true, webauthn:extension:minPinLength: true, webauthn:extension:prf: true, webauthn:virtualAuthenticators: true}
Session ID: fd54b5f2745b22880d4c6f9353ba35f4
23:25:16.720 INFO  manager.ListenerWD -- **********************
23:25:16.720 INFO  manager.ListenerWD -- Screen with error is --->src/test/screenshots/screen_1751.png
23:25:17.244 INFO  tests.TestBase -- Assert check is alert present with error test 'User already exist' 
23:25:17.246 INFO  tests.TestBase -- ==============================================
23:25:17.247 INFO  tests.TestBase -- Name of method (test) -->registrationSuccess
23:25:22.305 INFO  tests.TestBase -- Start test with name 'registrationSuccess'
23:25:22.320 INFO  tests.TestBase -- Test data --> email:'mert1859@gmail.com & password: Mert123456!
23:25:22.320 INFO  manager.ListenerWD -- Before find element-->By.cssSelector: a[href='/login']
23:25:22.352 INFO  manager.ListenerWD -- After find element-->By.cssSelector: a[href='/login']
23:25:22.352 INFO  manager.ListenerWD -- Location of element-->a
23:25:22.352 INFO  manager.ListenerWD -- Before click element-->atext -->LOGIN
23:25:22.415 INFO  manager.ListenerWD -- After click element-->a
23:25:22.415 INFO  manager.HelperBase -- Open form by ckick on button with locator a[href='/login']
23:25:22.415 INFO  manager.ListenerWD -- Before find element-->By.name: email
23:25:22.431 INFO  manager.ListenerWD -- After find element-->By.name: email
23:25:22.431 INFO  manager.ListenerWD -- Location of element-->input
23:25:22.431 INFO  manager.ListenerWD -- Before click element-->inputtext -->
23:25:22.464 INFO  manager.ListenerWD -- After click element-->input
23:25:22.482 INFO  manager.ListenerWD -- sendKeys -->
23:25:22.487 INFO  manager.ListenerWD -- sendKeys -->input
23:25:22.506 INFO  manager.ListenerWD -- sendKeys -->
23:25:22.506 INFO  manager.ListenerWD -- sendKeys -->input
23:25:22.523 INFO  manager.ListenerWD -- sendKeys -->
23:25:22.524 INFO  manager.ListenerWD -- sendKeys -->input
23:25:22.543 INFO  manager.ListenerWD -- Before find element-->By.xpath: //input[@placeholder='Password']
23:25:22.549 INFO  manager.ListenerWD -- After find element-->By.xpath: //input[@placeholder='Password']
23:25:22.549 INFO  manager.ListenerWD -- Location of element-->input
23:25:22.557 INFO  manager.ListenerWD -- Before click element-->inputtext -->
23:25:22.579 INFO  manager.ListenerWD -- After click element-->input
23:25:22.595 INFO  manager.ListenerWD -- sendKeys -->
23:25:22.598 INFO  manager.ListenerWD -- sendKeys -->input
23:25:22.621 INFO  manager.ListenerWD -- sendKeys -->
23:25:22.621 INFO  manager.ListenerWD -- sendKeys -->input
23:25:22.637 INFO  manager.ListenerWD -- sendKeys -->
23:25:22.640 INFO  manager.ListenerWD -- sendKeys -->input
23:25:22.653 INFO  manager.ListenerWD -- Before find element-->By.xpath: //button[text()='Registration']
23:25:22.663 INFO  manager.ListenerWD -- After find element-->By.xpath: //button[text()='Registration']
23:25:22.666 INFO  manager.ListenerWD -- Location of element-->button
23:25:22.670 INFO  manager.ListenerWD -- Before click element-->buttontext -->Registration
23:25:23.062 INFO  tests.TestBase -- Assert check is element button 'Sign out' present
23:25:23.062 INFO  manager.ListenerWD -- Before find element-->By.cssSelector: .contact-page_message__2qafk>h1
23:25:23.288 INFO  manager.ListenerWD -- After find element-->By.cssSelector: .contact-page_message__2qafk>h1
23:25:23.324 INFO  manager.ListenerWD -- Location of element-->h1
23:25:23.352 INFO  tests.TestBase -- Assert check is message 'No contacts here'
23:25:23.352 INFO  tests.TestBase -- ==============================================
23:25:23.352 INFO  tests.TestBase -- Name of method (test) -->wrongEmailRegistration
23:25:23.384 INFO  manager.ListenerWD -- Before find element-->By.xpath: //button[text()='Sign Out']
23:25:23.418 INFO  manager.ListenerWD -- After find element-->By.xpath: //button[text()='Sign Out']
23:25:23.432 INFO  manager.ListenerWD -- Location of element-->button
23:25:23.449 INFO  manager.ListenerWD -- Before click element-->buttontext -->Sign Out
23:25:23.502 INFO  tests.TestBase -- Before method finished logout
23:25:23.505 INFO  tests.TestBase -- Test data --> email:'mertgmail.com & password: Mert123456!
23:25:23.505 INFO  manager.ListenerWD -- Before find element-->By.cssSelector: a[href='/login']
23:25:23.514 INFO  manager.ListenerWD -- After find element-->By.cssSelector: a[href='/login']
23:25:23.530 INFO  manager.ListenerWD -- Location of element-->a
23:25:23.530 INFO  manager.ListenerWD -- Before click element-->atext -->LOGIN
23:25:23.631 INFO  manager.ListenerWD -- After click element-->a
23:25:23.631 INFO  manager.HelperBase -- Open form by ckick on button with locator a[href='/login']
23:25:23.631 INFO  manager.ListenerWD -- Before find element-->By.name: email
23:25:23.653 INFO  manager.ListenerWD -- After find element-->By.name: email
23:25:23.660 INFO  manager.ListenerWD -- Location of element-->input
23:25:23.674 INFO  manager.ListenerWD -- Before click element-->inputtext -->
23:25:23.736 INFO  manager.ListenerWD -- After click element-->input
23:25:23.754 INFO  manager.ListenerWD -- sendKeys -->
23:25:23.772 INFO  manager.ListenerWD -- sendKeys -->input
23:25:23.803 INFO  manager.ListenerWD -- sendKeys -->
23:25:23.803 INFO  manager.ListenerWD -- sendKeys -->input
23:25:23.836 INFO  manager.ListenerWD -- sendKeys -->
23:25:23.839 INFO  manager.ListenerWD -- sendKeys -->input
23:25:23.862 INFO  manager.ListenerWD -- Before find element-->By.xpath: //input[@placeholder='Password']
23:25:23.885 INFO  manager.ListenerWD -- After find element-->By.xpath: //input[@placeholder='Password']
23:25:23.897 INFO  manager.ListenerWD -- Location of element-->input
23:25:23.915 INFO  manager.ListenerWD -- Before click element-->inputtext -->
23:25:23.951 INFO  manager.ListenerWD -- After click element-->input
23:25:23.979 INFO  manager.ListenerWD -- sendKeys -->
23:25:23.981 INFO  manager.ListenerWD -- sendKeys -->input
23:25:23.995 INFO  manager.ListenerWD -- sendKeys -->
23:25:23.996 INFO  manager.ListenerWD -- sendKeys -->input
23:25:24.012 INFO  manager.ListenerWD -- sendKeys -->
23:25:24.015 INFO  manager.ListenerWD -- sendKeys -->input
23:25:24.029 INFO  manager.ListenerWD -- Before find element-->By.xpath: //button[text()='Registration']
23:25:24.045 INFO  manager.ListenerWD -- After find element-->By.xpath: //button[text()='Registration']
23:25:24.057 INFO  manager.ListenerWD -- Location of element-->button
23:25:24.067 INFO  manager.ListenerWD -- Before click element-->buttontext -->Registration
23:25:24.115 INFO  manager.ListenerWD -- Huston, we have a problem!
23:25:24.115 INFO  manager.ListenerWD -- Failed method:alert
23:25:24.115 INFO  manager.ListenerWD -- **********************
23:25:24.115 INFO  manager.ListenerWD -- Arguments:null
23:25:24.115 INFO  manager.ListenerWD -- **********************
23:25:24.115 INFO  manager.ListenerWD -- Exception:NoAlertPresentException
23:25:24.115 INFO  manager.ListenerWD -- **********************
23:25:24.116 INFO  manager.ListenerWD -- Messageno such alert
  (Session info: MicrosoftEdge=149.0.4022.62)
Build info: version: '4.26.0', revision: '8ccf0219d7'
System info: os.name: 'Windows 11', os.arch: 'amd64', os.version: '10.0', java.version: '21.0.10'
Driver info: org.openqa.selenium.edge.EdgeDriver
Command: [fd54b5f2745b22880d4c6f9353ba35f4, getAlertText {}]
Capabilities {acceptInsecureCerts: false, browserName: MicrosoftEdge, browserVersion: 149.0.4022.62, fedcm:accounts: true, goog:processID: 15296, ms:edgeOptions: {debuggerAddress: localhost:60873}, msedge: {msedgedriverVersion: 149.0.4022.62 (068a180137b0..., userDataDir: C:\Users\Nina\AppData\Local...}, networkConnectionEnabled: false, pageLoadStrategy: normal, platformName: windows, proxy: Proxy(), se:cdp: ws://localhost:60873/devtoo..., se:cdpVersion: 149.0.4022.62, setWindowRect: true, strictFileInteractability: false, timeouts: {implicit: 0, pageLoad: 300000, script: 30000}, unhandledPromptBehavior: dismiss and notify, webauthn:extension:credBlob: true, webauthn:extension:largeBlob: true, webauthn:extension:minPinLength: true, webauthn:extension:prf: true, webauthn:virtualAuthenticators: true}
Session ID: fd54b5f2745b22880d4c6f9353ba35f4
23:25:24.116 INFO  manager.ListenerWD -- **********************
23:25:24.116 INFO  manager.ListenerWD -- Screen with error is --->src/test/screenshots/screen_1747.png
23:25:24.639 INFO  tests.TestBase -- Assert check is alert present with error test 'Wrong email or password' 
23:25:24.639 INFO  manager.ListenerWD -- Before find element-->By.xpath: //*[text()='Registration failed with code 400']
23:25:24.645 INFO  manager.ListenerWD -- After find element-->By.xpath: //*[text()='Registration failed with code 400']
23:25:24.652 INFO  manager.ListenerWD -- Location of element-->div
23:25:24.652 INFO  tests.TestBase -- ==============================================
23:25:24.657 INFO  tests.TestBase -- Name of method (test) -->wrongPasswordRegistration
23:25:29.688 INFO  tests.TestBase -- Test data --> email:'mert@gmail.com & password: Mert123456
23:25:29.688 INFO  manager.ListenerWD -- Before find element-->By.cssSelector: a[href='/login']
23:25:29.697 INFO  manager.ListenerWD -- After find element-->By.cssSelector: a[href='/login']
23:25:29.713 INFO  manager.ListenerWD -- Location of element-->a
23:25:29.724 INFO  manager.ListenerWD -- Before click element-->atext -->LOGIN
23:25:29.756 INFO  manager.ListenerWD -- After click element-->a
23:25:29.756 INFO  manager.HelperBase -- Open form by ckick on button with locator a[href='/login']
23:25:29.756 INFO  manager.ListenerWD -- Before find element-->By.name: email
23:25:29.773 INFO  manager.ListenerWD -- After find element-->By.name: email
23:25:29.773 INFO  manager.ListenerWD -- Location of element-->input
23:25:29.773 INFO  manager.ListenerWD -- Before click element-->inputtext -->
23:25:29.809 INFO  manager.ListenerWD -- After click element-->input
23:25:29.824 INFO  manager.ListenerWD -- sendKeys -->
23:25:29.826 INFO  manager.ListenerWD -- sendKeys -->input
23:25:29.845 INFO  manager.ListenerWD -- sendKeys -->
23:25:29.850 INFO  manager.ListenerWD -- sendKeys -->input
23:25:29.863 INFO  manager.ListenerWD -- sendKeys -->
23:25:29.863 INFO  manager.ListenerWD -- sendKeys -->input
23:25:29.881 INFO  manager.ListenerWD -- Before find element-->By.xpath: //input[@placeholder='Password']
23:25:29.888 INFO  manager.ListenerWD -- After find element-->By.xpath: //input[@placeholder='Password']
23:25:29.893 INFO  manager.ListenerWD -- Location of element-->input
23:25:29.898 INFO  manager.ListenerWD -- Before click element-->inputtext -->
23:25:29.918 INFO  manager.ListenerWD -- After click element-->input
23:25:29.938 INFO  manager.ListenerWD -- sendKeys -->
23:25:29.939 INFO  manager.ListenerWD -- sendKeys -->input
23:25:29.960 INFO  manager.ListenerWD -- sendKeys -->
23:25:29.962 INFO  manager.ListenerWD -- sendKeys -->input
23:25:29.978 INFO  manager.ListenerWD -- sendKeys -->
23:25:29.984 INFO  manager.ListenerWD -- sendKeys -->input
23:25:30.009 INFO  manager.ListenerWD -- Before find element-->By.xpath: //button[text()='Registration']
23:25:30.014 INFO  manager.ListenerWD -- After find element-->By.xpath: //button[text()='Registration']
23:25:30.022 INFO  manager.ListenerWD -- Location of element-->button
23:25:30.027 INFO  manager.ListenerWD -- Before click element-->buttontext -->Registration
23:25:30.056 INFO  manager.ListenerWD -- Huston, we have a problem!
23:25:30.056 INFO  manager.ListenerWD -- Failed method:alert
23:25:30.056 INFO  manager.ListenerWD -- **********************
23:25:30.056 INFO  manager.ListenerWD -- Arguments:null
23:25:30.056 INFO  manager.ListenerWD -- **********************
23:25:30.056 INFO  manager.ListenerWD -- Exception:NoAlertPresentException
23:25:30.056 INFO  manager.ListenerWD -- **********************
23:25:30.056 INFO  manager.ListenerWD -- Messageno such alert
  (Session info: MicrosoftEdge=149.0.4022.62)
Build info: version: '4.26.0', revision: '8ccf0219d7'
System info: os.name: 'Windows 11', os.arch: 'amd64', os.version: '10.0', java.version: '21.0.10'
Driver info: org.openqa.selenium.edge.EdgeDriver
Command: [fd54b5f2745b22880d4c6f9353ba35f4, getAlertText {}]
Capabilities {acceptInsecureCerts: false, browserName: MicrosoftEdge, browserVersion: 149.0.4022.62, fedcm:accounts: true, goog:processID: 15296, ms:edgeOptions: {debuggerAddress: localhost:60873}, msedge: {msedgedriverVersion: 149.0.4022.62 (068a180137b0..., userDataDir: C:\Users\Nina\AppData\Local...}, networkConnectionEnabled: false, pageLoadStrategy: normal, platformName: windows, proxy: Proxy(), se:cdp: ws://localhost:60873/devtoo..., se:cdpVersion: 149.0.4022.62, setWindowRect: true, strictFileInteractability: false, timeouts: {implicit: 0, pageLoad: 300000, script: 30000}, unhandledPromptBehavior: dismiss and notify, webauthn:extension:credBlob: true, webauthn:extension:largeBlob: true, webauthn:extension:minPinLength: true, webauthn:extension:prf: true, webauthn:virtualAuthenticators: true}
Session ID: fd54b5f2745b22880d4c6f9353ba35f4
23:25:30.056 INFO  manager.ListenerWD -- **********************
23:25:30.056 INFO  manager.ListenerWD -- Screen with error is --->src/test/screenshots/screen_1026.png
23:25:30.589 INFO  tests.TestBase -- Assert check is alert present with error test 'Wrong email or password' 
23:25:30.590 INFO  manager.ListenerWD -- Before find element-->By.xpath: //*[text()='Registration failed with code 400']
23:25:30.609 INFO  manager.ListenerWD -- After find element-->By.xpath: //*[text()='Registration failed with code 400']
23:25:30.615 INFO  manager.ListenerWD -- Location of element-->div
23:25:30.618 INFO  tests.TestBase -- ==============================================
23:25:30.621 INFO  tests.TestBase -- Name of method (test) -->removeAllContacts
23:25:35.667 INFO  manager.ListenerWD -- Before find element-->By.cssSelector: a[href='/login']
23:25:35.681 INFO  manager.ListenerWD -- After find element-->By.cssSelector: a[href='/login']
23:25:35.685 INFO  manager.ListenerWD -- Location of element-->a
23:25:35.689 INFO  manager.ListenerWD -- Before click element-->atext -->LOGIN
23:25:35.739 INFO  manager.ListenerWD -- After click element-->a
23:25:35.739 INFO  manager.HelperBase -- Open form by ckick on button with locator a[href='/login']
23:25:35.739 INFO  manager.ListenerWD -- Before find element-->By.name: email
23:25:35.748 INFO  manager.ListenerWD -- After find element-->By.name: email
23:25:35.750 INFO  manager.ListenerWD -- Location of element-->input
23:25:35.753 INFO  manager.ListenerWD -- Before click element-->inputtext -->
23:25:35.781 INFO  manager.ListenerWD -- After click element-->input
23:25:35.795 INFO  manager.ListenerWD -- sendKeys -->
23:25:35.798 INFO  manager.ListenerWD -- sendKeys -->input
23:25:35.815 INFO  manager.ListenerWD -- sendKeys -->
23:25:35.820 INFO  manager.ListenerWD -- sendKeys -->input
23:25:35.832 INFO  manager.ListenerWD -- sendKeys -->
23:25:35.838 INFO  manager.ListenerWD -- sendKeys -->input
23:25:35.852 INFO  manager.ListenerWD -- Before find element-->By.xpath: //input[@placeholder='Password']
23:25:35.856 INFO  manager.ListenerWD -- After find element-->By.xpath: //input[@placeholder='Password']
23:25:35.863 INFO  manager.ListenerWD -- Location of element-->input
23:25:35.868 INFO  manager.ListenerWD -- Before click element-->inputtext -->
23:25:35.892 INFO  manager.ListenerWD -- After click element-->input
23:25:35.905 INFO  manager.ListenerWD -- sendKeys -->
23:25:35.910 INFO  manager.ListenerWD -- sendKeys -->input
23:25:35.929 INFO  manager.ListenerWD -- sendKeys -->
23:25:35.929 INFO  manager.ListenerWD -- sendKeys -->input
23:25:35.947 INFO  manager.ListenerWD -- sendKeys -->
23:25:35.947 INFO  manager.ListenerWD -- sendKeys -->input
23:25:35.961 INFO  manager.ListenerWD -- Before find element-->By.xpath: //button[text()='Login']
23:25:35.966 INFO  manager.ListenerWD -- After find element-->By.xpath: //button[text()='Login']
23:25:35.972 INFO  manager.ListenerWD -- Location of element-->button
23:25:35.977 INFO  manager.ListenerWD -- Before click element-->buttontext -->Login
23:25:36.650 INFO  manager.ListenerWD -- Before find element-->By.cssSelector: .contact-item_card__2SOIM
23:25:36.666 INFO  manager.ListenerWD -- After find element-->By.cssSelector: .contact-item_card__2SOIM
23:25:36.666 INFO  manager.ListenerWD -- Location of element-->div
23:25:36.682 INFO  manager.ListenerWD -- Before click element-->divtext -->Harry
555667771405
23:25:36.717 INFO  manager.ListenerWD -- After click element-->div
23:25:36.717 INFO  manager.ListenerWD -- Before find element-->By.xpath: //button[text()='Remove']
23:25:36.727 INFO  manager.ListenerWD -- After find element-->By.xpath: //button[text()='Remove']
23:25:36.730 INFO  manager.ListenerWD -- Location of element-->button
23:25:36.734 INFO  manager.ListenerWD -- Before click element-->buttontext -->Remove
23:25:36.757 INFO  manager.ListenerWD -- After click element-->button
23:25:37.803 INFO  manager.ListenerWD -- Before find element-->By.cssSelector: .contact-item_card__2SOIM
23:25:37.835 INFO  manager.ListenerWD -- After find element-->By.cssSelector: .contact-item_card__2SOIM
23:25:37.835 INFO  manager.ListenerWD -- Location of element-->div
23:25:37.852 INFO  manager.ListenerWD -- Before click element-->divtext -->Harry
555667771309
23:25:37.883 INFO  manager.ListenerWD -- After click element-->div
23:25:37.883 INFO  manager.ListenerWD -- Before find element-->By.xpath: //button[text()='Remove']
23:25:37.893 INFO  manager.ListenerWD -- After find element-->By.xpath: //button[text()='Remove']
23:25:37.895 INFO  manager.ListenerWD -- Location of element-->button
23:25:37.899 INFO  manager.ListenerWD -- Before click element-->buttontext -->Remove
23:25:37.920 INFO  manager.ListenerWD -- After click element-->button
23:25:38.966 INFO  manager.ListenerWD -- Before find element-->By.cssSelector: .contact-item_card__2SOIM
23:25:38.990 INFO  manager.ListenerWD -- After find element-->By.cssSelector: .contact-item_card__2SOIM
23:25:39.000 INFO  manager.ListenerWD -- Location of element-->div
23:25:39.034 INFO  manager.ListenerWD -- Before click element-->divtext -->Tony
34343434246
23:25:39.067 INFO  manager.ListenerWD -- After click element-->div
23:25:39.067 INFO  manager.ListenerWD -- Before find element-->By.xpath: //button[text()='Remove']
23:25:39.075 INFO  manager.ListenerWD -- After find element-->By.xpath: //button[text()='Remove']
23:25:39.077 INFO  manager.ListenerWD -- Location of element-->button
23:25:39.080 INFO  manager.ListenerWD -- Before click element-->buttontext -->Remove
23:25:39.100 INFO  manager.ListenerWD -- After click element-->button
23:25:40.130 INFO  manager.ListenerWD -- Before find element-->By.cssSelector: .contact-item_card__2SOIM
23:25:40.153 INFO  manager.ListenerWD -- After find element-->By.cssSelector: .contact-item_card__2SOIM
23:25:40.162 INFO  manager.ListenerWD -- Location of element-->div
23:25:40.162 INFO  manager.ListenerWD -- Before click element-->divtext -->Tony
6555652654
23:25:40.199 INFO  manager.ListenerWD -- After click element-->div
23:25:40.199 INFO  manager.ListenerWD -- Before find element-->By.xpath: //button[text()='Remove']
23:25:40.206 INFO  manager.ListenerWD -- After find element-->By.xpath: //button[text()='Remove']
23:25:40.208 INFO  manager.ListenerWD -- Location of element-->button
23:25:40.213 INFO  manager.ListenerWD -- Before click element-->buttontext -->Remove
23:25:40.235 INFO  manager.ListenerWD -- After click element-->button
23:25:41.268 INFO  manager.ListenerWD -- Before find element-->By.cssSelector: .contact-item_card__2SOIM
23:25:41.276 INFO  manager.ListenerWD -- After find element-->By.cssSelector: .contact-item_card__2SOIM
23:25:41.276 INFO  manager.ListenerWD -- Location of element-->div
23:25:41.282 INFO  manager.ListenerWD -- Before click element-->divtext -->TonyReq1476
343434341476
23:25:41.321 INFO  manager.ListenerWD -- After click element-->div
23:25:41.321 INFO  manager.ListenerWD -- Before find element-->By.xpath: //button[text()='Remove']
23:25:41.329 INFO  manager.ListenerWD -- After find element-->By.xpath: //button[text()='Remove']
23:25:41.331 INFO  manager.ListenerWD -- Location of element-->button
23:25:41.335 INFO  manager.ListenerWD -- Before click element-->buttontext -->Remove
23:25:41.352 INFO  manager.ListenerWD -- After click element-->button
23:25:47.370 INFO  manager.ListenerWD -- Before find element-->By.cssSelector: .contact-page_message__2qafk>h1
23:25:47.380 INFO  manager.ListenerWD -- After find element-->By.cssSelector: .contact-page_message__2qafk>h1
23:25:47.380 INFO  manager.ListenerWD -- Location of element-->h1
23:25:47.387 INFO  tests.TestBase -- ==============================================
23:25:47.387 INFO  tests.TestBase -- Name of method (test) -->removeFirstContact
23:25:52.425 INFO  manager.ListenerWD -- Before find element-->By.cssSelector: a[href='/add']
23:25:52.436 INFO  manager.ListenerWD -- After find element-->By.cssSelector: a[href='/add']
23:25:52.442 INFO  manager.ListenerWD -- Location of element-->a
23:25:52.442 INFO  manager.ListenerWD -- Before click element-->atext -->ADD
23:25:52.490 INFO  manager.ListenerWD -- After click element-->a
23:25:52.490 INFO  manager.ListenerWD -- Before find element-->By.cssSelector: [placeholder='Name']
23:25:52.502 INFO  manager.ListenerWD -- After find element-->By.cssSelector: [placeholder='Name']
23:25:52.504 INFO  manager.ListenerWD -- Location of element-->input
23:25:52.504 INFO  manager.ListenerWD -- Before click element-->inputtext -->
23:25:52.543 INFO  manager.ListenerWD -- After click element-->input
23:25:52.552 INFO  manager.ListenerWD -- sendKeys -->
23:25:52.552 INFO  manager.ListenerWD -- sendKeys -->input
23:25:52.570 INFO  manager.ListenerWD -- sendKeys -->
23:25:52.571 INFO  manager.ListenerWD -- sendKeys -->input
23:25:52.582 INFO  manager.ListenerWD -- sendKeys -->
23:25:52.582 INFO  manager.ListenerWD -- sendKeys -->input
23:25:52.596 INFO  manager.ListenerWD -- Before find element-->By.cssSelector: [placeholder='Last Name']
23:25:52.602 INFO  manager.ListenerWD -- After find element-->By.cssSelector: [placeholder='Last Name']
23:25:52.607 INFO  manager.ListenerWD -- Location of element-->input
23:25:52.612 INFO  manager.ListenerWD -- Before click element-->inputtext -->
23:25:52.636 INFO  manager.ListenerWD -- After click element-->input
23:25:52.649 INFO  manager.ListenerWD -- sendKeys -->
23:25:52.649 INFO  manager.ListenerWD -- sendKeys -->input
23:25:52.664 INFO  manager.ListenerWD -- sendKeys -->
23:25:52.665 INFO  manager.ListenerWD -- sendKeys -->input
23:25:52.679 INFO  manager.ListenerWD -- sendKeys -->
23:25:52.681 INFO  manager.ListenerWD -- sendKeys -->input
23:25:52.693 INFO  manager.ListenerWD -- Before find element-->By.cssSelector: [placeholder='Phone']
23:25:52.702 INFO  manager.ListenerWD -- After find element-->By.cssSelector: [placeholder='Phone']
23:25:52.704 INFO  manager.ListenerWD -- Location of element-->input
23:25:52.709 INFO  manager.ListenerWD -- Before click element-->inputtext -->
23:25:52.733 INFO  manager.ListenerWD -- After click element-->input
23:25:52.745 INFO  manager.ListenerWD -- sendKeys -->
23:25:52.745 INFO  manager.ListenerWD -- sendKeys -->input
23:25:52.760 INFO  manager.ListenerWD -- sendKeys -->
23:25:52.763 INFO  manager.ListenerWD -- sendKeys -->input
23:25:52.786 INFO  manager.ListenerWD -- sendKeys -->
23:25:52.788 INFO  manager.ListenerWD -- sendKeys -->input
23:25:52.800 INFO  manager.ListenerWD -- Before find element-->By.cssSelector: [placeholder='email']
23:25:52.814 INFO  manager.ListenerWD -- After find element-->By.cssSelector: [placeholder='email']
23:25:52.816 INFO  manager.ListenerWD -- Location of element-->input
23:25:52.821 INFO  manager.ListenerWD -- Before click element-->inputtext -->
23:25:52.846 INFO  manager.ListenerWD -- After click element-->input
23:25:52.860 INFO  manager.ListenerWD -- sendKeys -->
23:25:52.862 INFO  manager.ListenerWD -- sendKeys -->input
23:25:52.875 INFO  manager.ListenerWD -- sendKeys -->
23:25:52.877 INFO  manager.ListenerWD -- sendKeys -->input
23:25:52.897 INFO  manager.ListenerWD -- sendKeys -->
23:25:52.898 INFO  manager.ListenerWD -- sendKeys -->input
23:25:52.922 INFO  manager.ListenerWD -- Before find element-->By.cssSelector: [placeholder='Address']
23:25:52.931 INFO  manager.ListenerWD -- After find element-->By.cssSelector: [placeholder='Address']
23:25:52.936 INFO  manager.ListenerWD -- Location of element-->input
23:25:52.939 INFO  manager.ListenerWD -- Before click element-->inputtext -->
23:25:52.966 INFO  manager.ListenerWD -- After click element-->input
23:25:52.980 INFO  manager.ListenerWD -- sendKeys -->
23:25:52.981 INFO  manager.ListenerWD -- sendKeys -->input
23:25:52.994 INFO  manager.ListenerWD -- sendKeys -->
23:25:52.996 INFO  manager.ListenerWD -- sendKeys -->input
23:25:53.006 INFO  manager.ListenerWD -- sendKeys -->
23:25:53.006 INFO  manager.ListenerWD -- sendKeys -->input
23:25:53.022 INFO  manager.ListenerWD -- Before find element-->By.cssSelector: [placeholder = 'description']
23:25:53.030 INFO  manager.ListenerWD -- After find element-->By.cssSelector: [placeholder = 'description']
23:25:53.033 INFO  manager.ListenerWD -- Location of element-->input
23:25:53.037 INFO  manager.ListenerWD -- Before click element-->inputtext -->
23:25:53.061 INFO  manager.ListenerWD -- After click element-->input
23:25:53.073 INFO  manager.ListenerWD -- sendKeys -->
23:25:53.073 INFO  manager.ListenerWD -- sendKeys -->input
23:25:53.091 INFO  manager.ListenerWD -- sendKeys -->
23:25:53.101 INFO  manager.ListenerWD -- sendKeys -->input
23:25:53.116 INFO  manager.ListenerWD -- sendKeys -->
23:25:53.117 INFO  manager.ListenerWD -- sendKeys -->input
23:25:53.128 INFO  manager.ListenerWD -- Before find element-->By.cssSelector: .add_form__2rsm2>button
23:25:53.139 INFO  manager.ListenerWD -- After find element-->By.cssSelector: .add_form__2rsm2>button
23:25:53.142 INFO  manager.ListenerWD -- Location of element-->button
23:25:53.147 INFO  manager.ListenerWD -- Before click element-->buttontext -->Save
23:25:53.171 INFO  manager.ListenerWD -- After click element-->button
23:25:53.671 INFO  manager.ListenerWD -- Before find element-->By.cssSelector: a[href='/add']
23:25:53.693 INFO  manager.ListenerWD -- After find element-->By.cssSelector: a[href='/add']
23:25:53.696 INFO  manager.ListenerWD -- Location of element-->a
23:25:53.698 INFO  manager.ListenerWD -- Before click element-->atext -->ADD
23:25:53.735 INFO  manager.ListenerWD -- After click element-->a
23:25:53.735 INFO  manager.ListenerWD -- Before find element-->By.cssSelector: [placeholder='Name']
23:25:53.742 INFO  manager.ListenerWD -- After find element-->By.cssSelector: [placeholder='Name']
23:25:53.745 INFO  manager.ListenerWD -- Location of element-->input
23:25:53.746 INFO  manager.ListenerWD -- Before click element-->inputtext -->
23:25:53.774 INFO  manager.ListenerWD -- After click element-->input
23:25:53.790 INFO  manager.ListenerWD -- sendKeys -->
23:25:53.791 INFO  manager.ListenerWD -- sendKeys -->input
23:25:53.806 INFO  manager.ListenerWD -- sendKeys -->
23:25:53.807 INFO  manager.ListenerWD -- sendKeys -->input
23:25:53.819 INFO  manager.ListenerWD -- sendKeys -->
23:25:53.819 INFO  manager.ListenerWD -- sendKeys -->input
23:25:53.833 INFO  manager.ListenerWD -- Before find element-->By.cssSelector: [placeholder='Last Name']
23:25:53.837 INFO  manager.ListenerWD -- After find element-->By.cssSelector: [placeholder='Last Name']
23:25:53.842 INFO  manager.ListenerWD -- Location of element-->input
23:25:53.848 INFO  manager.ListenerWD -- Before click element-->inputtext -->
23:25:53.869 INFO  manager.ListenerWD -- After click element-->input
23:25:53.883 INFO  manager.ListenerWD -- sendKeys -->
23:25:53.885 INFO  manager.ListenerWD -- sendKeys -->input
23:25:53.900 INFO  manager.ListenerWD -- sendKeys -->
23:25:53.901 INFO  manager.ListenerWD -- sendKeys -->input
23:25:53.915 INFO  manager.ListenerWD -- sendKeys -->
23:25:53.916 INFO  manager.ListenerWD -- sendKeys -->input
23:25:53.930 INFO  manager.ListenerWD -- Before find element-->By.cssSelector: [placeholder='Phone']
23:25:53.934 INFO  manager.ListenerWD -- After find element-->By.cssSelector: [placeholder='Phone']
23:25:53.983 INFO  manager.ListenerWD -- Location of element-->input
23:25:54.056 INFO  manager.ListenerWD -- Before click element-->inputtext -->
23:25:54.088 INFO  manager.ListenerWD -- After click element-->input
23:25:54.100 INFO  manager.ListenerWD -- sendKeys -->
23:25:54.100 INFO  manager.ListenerWD -- sendKeys -->input
23:25:54.125 INFO  manager.ListenerWD -- sendKeys -->
23:25:54.127 INFO  manager.ListenerWD -- sendKeys -->input
23:25:54.141 INFO  manager.ListenerWD -- sendKeys -->
23:25:54.143 INFO  manager.ListenerWD -- sendKeys -->input
23:25:54.159 INFO  manager.ListenerWD -- Before find element-->By.cssSelector: [placeholder='email']
23:25:54.164 INFO  manager.ListenerWD -- After find element-->By.cssSelector: [placeholder='email']
23:25:54.172 INFO  manager.ListenerWD -- Location of element-->input
23:25:54.177 INFO  manager.ListenerWD -- Before click element-->inputtext -->
23:25:54.202 INFO  manager.ListenerWD -- After click element-->input
23:25:54.212 INFO  manager.ListenerWD -- sendKeys -->
23:25:54.212 INFO  manager.ListenerWD -- sendKeys -->input
23:25:54.226 INFO  manager.ListenerWD -- sendKeys -->
23:25:54.232 INFO  manager.ListenerWD -- sendKeys -->input
23:25:54.242 INFO  manager.ListenerWD -- sendKeys -->
23:25:54.242 INFO  manager.ListenerWD -- sendKeys -->input
23:25:54.262 INFO  manager.ListenerWD -- Before find element-->By.cssSelector: [placeholder='Address']
23:25:54.270 INFO  manager.ListenerWD -- After find element-->By.cssSelector: [placeholder='Address']
23:25:54.272 INFO  manager.ListenerWD -- Location of element-->input
23:25:54.277 INFO  manager.ListenerWD -- Before click element-->inputtext -->
23:25:54.299 INFO  manager.ListenerWD -- After click element-->input
23:25:54.312 INFO  manager.ListenerWD -- sendKeys -->
23:25:54.313 INFO  manager.ListenerWD -- sendKeys -->input
23:25:54.327 INFO  manager.ListenerWD -- sendKeys -->
23:25:54.328 INFO  manager.ListenerWD -- sendKeys -->input
23:25:54.340 INFO  manager.ListenerWD -- sendKeys -->
23:25:54.340 INFO  manager.ListenerWD -- sendKeys -->input
23:25:54.363 INFO  manager.ListenerWD -- Before find element-->By.cssSelector: [placeholder = 'description']
23:25:54.372 INFO  manager.ListenerWD -- After find element-->By.cssSelector: [placeholder = 'description']
23:25:54.375 INFO  manager.ListenerWD -- Location of element-->input
23:25:54.379 INFO  manager.ListenerWD -- Before click element-->inputtext -->
23:25:54.401 INFO  manager.ListenerWD -- After click element-->input
23:25:54.414 INFO  manager.ListenerWD -- sendKeys -->
23:25:54.416 INFO  manager.ListenerWD -- sendKeys -->input
23:25:54.426 INFO  manager.ListenerWD -- sendKeys -->
23:25:54.431 INFO  manager.ListenerWD -- sendKeys -->input
23:25:54.442 INFO  manager.ListenerWD -- sendKeys -->
23:25:54.442 INFO  manager.ListenerWD -- sendKeys -->input
23:25:54.461 INFO  manager.ListenerWD -- Before find element-->By.cssSelector: .add_form__2rsm2>button
23:25:54.473 INFO  manager.ListenerWD -- After find element-->By.cssSelector: .add_form__2rsm2>button
23:25:54.475 INFO  manager.ListenerWD -- Location of element-->button
23:25:54.479 INFO  manager.ListenerWD -- Before click element-->buttontext -->Save
23:25:54.499 INFO  manager.ListenerWD -- After click element-->button
23:25:55.005 INFO  manager.ListenerWD -- Before find element-->By.cssSelector: a[href='/add']
23:25:55.025 INFO  manager.ListenerWD -- After find element-->By.cssSelector: a[href='/add']
23:25:55.030 INFO  manager.ListenerWD -- Location of element-->a
23:25:55.031 INFO  manager.ListenerWD -- Before click element-->atext -->ADD
23:25:55.070 INFO  manager.ListenerWD -- After click element-->a
23:25:55.070 INFO  manager.ListenerWD -- Before find element-->By.cssSelector: [placeholder='Name']
23:25:55.078 INFO  manager.ListenerWD -- After find element-->By.cssSelector: [placeholder='Name']
23:25:55.080 INFO  manager.ListenerWD -- Location of element-->input
23:25:55.085 INFO  manager.ListenerWD -- Before click element-->inputtext -->
23:25:55.110 INFO  manager.ListenerWD -- After click element-->input
23:25:55.121 INFO  manager.ListenerWD -- sendKeys -->
23:25:55.121 INFO  manager.ListenerWD -- sendKeys -->input
23:25:55.136 INFO  manager.ListenerWD -- sendKeys -->
23:25:55.138 INFO  manager.ListenerWD -- sendKeys -->input
23:25:55.150 INFO  manager.ListenerWD -- sendKeys -->
23:25:55.151 INFO  manager.ListenerWD -- sendKeys -->input
23:25:55.164 INFO  manager.ListenerWD -- Before find element-->By.cssSelector: [placeholder='Last Name']
23:25:55.170 INFO  manager.ListenerWD -- After find element-->By.cssSelector: [placeholder='Last Name']
23:25:55.172 INFO  manager.ListenerWD -- Location of element-->input
23:25:55.178 INFO  manager.ListenerWD -- Before click element-->inputtext -->
23:25:55.202 INFO  manager.ListenerWD -- After click element-->input
23:25:55.212 INFO  manager.ListenerWD -- sendKeys -->
23:25:55.212 INFO  manager.ListenerWD -- sendKeys -->input
23:25:55.242 INFO  manager.ListenerWD -- sendKeys -->
23:25:55.244 INFO  manager.ListenerWD -- sendKeys -->input
23:25:55.254 INFO  manager.ListenerWD -- sendKeys -->
23:25:55.260 INFO  manager.ListenerWD -- sendKeys -->input
23:25:55.271 INFO  manager.ListenerWD -- Before find element-->By.cssSelector: [placeholder='Phone']
23:25:55.279 INFO  manager.ListenerWD -- After find element-->By.cssSelector: [placeholder='Phone']
23:25:55.281 INFO  manager.ListenerWD -- Location of element-->input
23:25:55.288 INFO  manager.ListenerWD -- Before click element-->inputtext -->
23:25:55.311 INFO  manager.ListenerWD -- After click element-->input
23:25:55.326 INFO  manager.ListenerWD -- sendKeys -->
23:25:55.327 INFO  manager.ListenerWD -- sendKeys -->input
23:25:55.340 INFO  manager.ListenerWD -- sendKeys -->
23:25:55.342 INFO  manager.ListenerWD -- sendKeys -->input
23:25:55.354 INFO  manager.ListenerWD -- sendKeys -->
23:25:55.357 INFO  manager.ListenerWD -- sendKeys -->input
23:25:55.373 INFO  manager.ListenerWD -- Before find element-->By.cssSelector: [placeholder='email']
23:25:55.394 INFO  manager.ListenerWD -- After find element-->By.cssSelector: [placeholder='email']
23:25:55.394 INFO  manager.ListenerWD -- Location of element-->input
23:25:55.410 INFO  manager.ListenerWD -- Before click element-->inputtext -->
23:25:55.437 INFO  manager.ListenerWD -- After click element-->input
23:25:55.453 INFO  manager.ListenerWD -- sendKeys -->
23:25:55.455 INFO  manager.ListenerWD -- sendKeys -->input
23:25:55.467 INFO  manager.ListenerWD -- sendKeys -->
23:25:55.470 INFO  manager.ListenerWD -- sendKeys -->input
23:25:55.480 INFO  manager.ListenerWD -- sendKeys -->
23:25:55.484 INFO  manager.ListenerWD -- sendKeys -->input
23:25:55.531 INFO  manager.ListenerWD -- Before find element-->By.cssSelector: [placeholder='Address']
23:25:55.537 INFO  manager.ListenerWD -- After find element-->By.cssSelector: [placeholder='Address']
23:25:55.547 INFO  manager.ListenerWD -- Location of element-->input
23:25:55.547 INFO  manager.ListenerWD -- Before click element-->inputtext -->
23:25:55.577 INFO  manager.ListenerWD -- After click element-->input
23:25:55.589 INFO  manager.ListenerWD -- sendKeys -->
23:25:55.589 INFO  manager.ListenerWD -- sendKeys -->input
23:25:55.601 INFO  manager.ListenerWD -- sendKeys -->
23:25:55.607 INFO  manager.ListenerWD -- sendKeys -->input
23:25:55.618 INFO  manager.ListenerWD -- sendKeys -->
23:25:55.618 INFO  manager.ListenerWD -- sendKeys -->input
23:25:55.636 INFO  manager.ListenerWD -- Before find element-->By.cssSelector: [placeholder = 'description']
23:25:55.643 INFO  manager.ListenerWD -- After find element-->By.cssSelector: [placeholder = 'description']
23:25:55.649 INFO  manager.ListenerWD -- Location of element-->input
23:25:55.654 INFO  manager.ListenerWD -- Before click element-->inputtext -->
23:25:55.677 INFO  manager.ListenerWD -- After click element-->input
23:25:55.689 INFO  manager.ListenerWD -- sendKeys -->
23:25:55.692 INFO  manager.ListenerWD -- sendKeys -->input
23:25:55.710 INFO  manager.ListenerWD -- sendKeys -->
23:25:55.716 INFO  manager.ListenerWD -- sendKeys -->input
23:25:55.736 INFO  manager.ListenerWD -- sendKeys -->
23:25:55.740 INFO  manager.ListenerWD -- sendKeys -->input
23:25:55.758 INFO  manager.ListenerWD -- Before find element-->By.cssSelector: .add_form__2rsm2>button
23:25:55.771 INFO  manager.ListenerWD -- After find element-->By.cssSelector: .add_form__2rsm2>button
23:25:55.776 INFO  manager.ListenerWD -- Location of element-->button
23:25:55.792 INFO  manager.ListenerWD -- Before click element-->buttontext -->Save
23:25:55.830 INFO  manager.ListenerWD -- After click element-->button
23:25:56.428 INFO  manager.HelperBase -- Number of Contacts before remove is-->3
23:25:56.428 INFO  manager.ListenerWD -- Before find element-->By.cssSelector: .contact-item_card__2SOIM
23:25:56.444 INFO  manager.ListenerWD -- After find element-->By.cssSelector: .contact-item_card__2SOIM
23:25:56.475 INFO  manager.ListenerWD -- Location of element-->div
23:25:56.494 INFO  manager.ListenerWD -- Before click element-->divtext -->Harry
555667771837
23:25:56.572 INFO  manager.ListenerWD -- After click element-->div
23:25:56.572 INFO  manager.ListenerWD -- Before find element-->By.xpath: //button[text()='Remove']
23:25:56.581 INFO  manager.ListenerWD -- After find element-->By.xpath: //button[text()='Remove']
23:25:56.584 INFO  manager.ListenerWD -- Location of element-->button
23:25:56.588 INFO  manager.ListenerWD -- Before click element-->buttontext -->Remove
23:25:56.608 INFO  manager.ListenerWD -- After click element-->button
23:25:57.634 INFO  manager.HelperBase -- Number of Contacts after remove is-->2
23:25:57.650 INFO  tests.TestBase -- ==============================================
