18:06:07.642 INFO  manager.ApplicationManager -- All tests runs in Chrome Browser
18:06:07.895 INFO  manager.ListenerWD -- Navigate to -->https://telranedu.web.app/
18:06:09.314 INFO  manager.ApplicationManager -- The link --->https://telranedu.web.app/home
18:06:09.331 INFO  manager.TestNGListener -- Start testing  on date-->Thu Jun 04 18:06:09 IDT 2026
18:06:09.345 INFO  tests.TestBase -- test data---> email: lolik@gmail.com & password: Lolik123!
18:06:14.404 INFO  manager.ListenerWD -- Before find element-->By.cssSelector: a[href='/login']
18:06:14.430 INFO  manager.ListenerWD -- After find element-->By.cssSelector: a[href='/login']
18:06:14.436 INFO  manager.ListenerWD -- Location of element-->a
18:06:14.451 INFO  manager.ListenerWD -- Before click element-->atext -->LOGIN
18:06:14.491 INFO  manager.ListenerWD -- After click element-->a
18:06:14.491 INFO  manager.HelperBase -- Open form by ckick on button with locator a[href='/login']
18:06:14.492 INFO  manager.ListenerWD -- Before find element-->By.name: email
18:06:14.511 INFO  manager.ListenerWD -- After find element-->By.name: email
18:06:14.515 INFO  manager.ListenerWD -- Location of element-->input
18:06:14.522 INFO  manager.ListenerWD -- Before click element-->inputtext -->
18:06:14.554 INFO  manager.ListenerWD -- After click element-->input
18:06:14.573 INFO  manager.ListenerWD -- sendKeys -->
18:06:14.575 INFO  manager.ListenerWD -- sendKeys -->input
18:06:14.596 INFO  manager.ListenerWD -- sendKeys -->
18:06:14.599 INFO  manager.ListenerWD -- sendKeys -->input
18:06:14.614 INFO  manager.ListenerWD -- sendKeys -->
18:06:14.616 INFO  manager.ListenerWD -- sendKeys -->input
18:06:14.631 INFO  manager.ListenerWD -- Before find element-->By.xpath: //input[@placeholder='Password']
18:06:14.642 INFO  manager.ListenerWD -- After find element-->By.xpath: //input[@placeholder='Password']
18:06:14.646 INFO  manager.ListenerWD -- Location of element-->input
18:06:14.653 INFO  manager.ListenerWD -- Before click element-->inputtext -->
18:06:14.681 INFO  manager.ListenerWD -- After click element-->input
18:06:14.696 INFO  manager.ListenerWD -- sendKeys -->
18:06:14.699 INFO  manager.ListenerWD -- sendKeys -->input
18:06:14.712 INFO  manager.ListenerWD -- sendKeys -->
18:06:14.714 INFO  manager.ListenerWD -- sendKeys -->input
18:06:14.730 INFO  manager.ListenerWD -- sendKeys -->
18:06:14.733 INFO  manager.ListenerWD -- sendKeys -->input
18:06:14.746 INFO  manager.ListenerWD -- Before find element-->By.xpath: //button[text()='Login']
18:06:14.757 INFO  manager.ListenerWD -- After find element-->By.xpath: //button[text()='Login']
18:06:14.765 INFO  manager.ListenerWD -- Location of element-->button
18:06:14.772 INFO  manager.ListenerWD -- Before click element-->buttontext -->Login
18:06:14.805 INFO  tests.TestBase -- User logged in successfully
18:06:14.816 INFO  tests.TestBase -- Name of method (test)-->addNewContactEmptyAddress
18:06:14.817 INFO  manager.TestNGListener -- Start test -->addNewContactEmptyAddress
18:06:14.818 INFO  tests.TestBase -- Test data --> name: Tony, lastName:Molly, phone: 343434342323, email: molly@gmail.com, address: , description: empty address
18:06:14.818 INFO  manager.ListenerWD -- Before find element-->By.cssSelector: a[href='/add']
18:06:15.970 INFO  manager.ListenerWD -- After find element-->By.cssSelector: a[href='/add']
18:06:15.974 INFO  manager.ListenerWD -- Location of element-->a
18:06:15.983 INFO  manager.ListenerWD -- Before click element-->atext -->ADD
18:06:16.017 INFO  manager.ListenerWD -- After click element-->a
18:06:16.018 INFO  manager.ListenerWD -- Before find element-->By.cssSelector: [placeholder='Name']
18:06:16.028 INFO  manager.ListenerWD -- After find element-->By.cssSelector: [placeholder='Name']
18:06:16.031 INFO  manager.ListenerWD -- Location of element-->input
18:06:16.037 INFO  manager.ListenerWD -- Before click element-->inputtext -->
18:06:16.065 INFO  manager.ListenerWD -- After click element-->input
18:06:16.079 INFO  manager.ListenerWD -- sendKeys -->
18:06:16.082 INFO  manager.ListenerWD -- sendKeys -->input
18:06:16.096 INFO  manager.ListenerWD -- sendKeys -->
18:06:16.098 INFO  manager.ListenerWD -- sendKeys -->input
18:06:16.114 INFO  manager.ListenerWD -- sendKeys -->
18:06:16.117 INFO  manager.ListenerWD -- sendKeys -->input
18:06:16.127 INFO  manager.ListenerWD -- Before find element-->By.cssSelector: [placeholder='Last Name']
18:06:16.137 INFO  manager.ListenerWD -- After find element-->By.cssSelector: [placeholder='Last Name']
18:06:16.139 INFO  manager.ListenerWD -- Location of element-->input
18:06:16.146 INFO  manager.ListenerWD -- Before click element-->inputtext -->
18:06:16.174 INFO  manager.ListenerWD -- After click element-->input
18:06:16.187 INFO  manager.ListenerWD -- sendKeys -->
18:06:16.188 INFO  manager.ListenerWD -- sendKeys -->input
18:06:16.204 INFO  manager.ListenerWD -- sendKeys -->
18:06:16.207 INFO  manager.ListenerWD -- sendKeys -->input
18:06:16.222 INFO  manager.ListenerWD -- sendKeys -->
18:06:16.224 INFO  manager.ListenerWD -- sendKeys -->input
18:06:16.236 INFO  manager.ListenerWD -- Before find element-->By.cssSelector: [placeholder='Phone']
18:06:16.245 INFO  manager.ListenerWD -- After find element-->By.cssSelector: [placeholder='Phone']
18:06:16.249 INFO  manager.ListenerWD -- Location of element-->input
18:06:16.255 INFO  manager.ListenerWD -- Before click element-->inputtext -->
18:06:16.280 INFO  manager.ListenerWD -- After click element-->input
18:06:16.293 INFO  manager.ListenerWD -- sendKeys -->
18:06:16.295 INFO  manager.ListenerWD -- sendKeys -->input
18:06:16.310 INFO  manager.ListenerWD -- sendKeys -->
18:06:16.313 INFO  manager.ListenerWD -- sendKeys -->input
18:06:16.327 INFO  manager.ListenerWD -- sendKeys -->
18:06:16.330 INFO  manager.ListenerWD -- sendKeys -->input
18:06:16.344 INFO  manager.ListenerWD -- Before find element-->By.cssSelector: [placeholder='email']
18:06:16.354 INFO  manager.ListenerWD -- After find element-->By.cssSelector: [placeholder='email']
18:06:16.357 INFO  manager.ListenerWD -- Location of element-->input
18:06:16.364 INFO  manager.ListenerWD -- Before click element-->inputtext -->
18:06:16.391 INFO  manager.ListenerWD -- After click element-->input
18:06:16.404 INFO  manager.ListenerWD -- sendKeys -->
18:06:16.406 INFO  manager.ListenerWD -- sendKeys -->input
18:06:16.421 INFO  manager.ListenerWD -- sendKeys -->
18:06:16.424 INFO  manager.ListenerWD -- sendKeys -->input
18:06:16.438 INFO  manager.ListenerWD -- sendKeys -->
18:06:16.440 INFO  manager.ListenerWD -- sendKeys -->input
18:06:16.455 INFO  manager.ListenerWD -- Before find element-->By.cssSelector: [placeholder='Address']
18:06:16.464 INFO  manager.ListenerWD -- After find element-->By.cssSelector: [placeholder='Address']
18:06:16.469 INFO  manager.ListenerWD -- Location of element-->input
18:06:16.476 INFO  manager.ListenerWD -- Before click element-->inputtext -->
18:06:16.502 INFO  manager.ListenerWD -- After click element-->input
18:06:16.516 INFO  manager.ListenerWD -- sendKeys -->
18:06:16.519 INFO  manager.ListenerWD -- sendKeys -->input
18:06:16.532 INFO  manager.ListenerWD -- sendKeys -->
18:06:16.534 INFO  manager.ListenerWD -- sendKeys -->input
18:06:16.547 INFO  manager.ListenerWD -- sendKeys -->
18:06:16.549 INFO  manager.ListenerWD -- sendKeys -->input
18:06:16.557 INFO  manager.ListenerWD -- Before find element-->By.cssSelector: [placeholder = 'description']
18:06:16.566 INFO  manager.ListenerWD -- After find element-->By.cssSelector: [placeholder = 'description']
18:06:16.570 INFO  manager.ListenerWD -- Location of element-->input
18:06:16.576 INFO  manager.ListenerWD -- Before click element-->inputtext -->
18:06:16.602 INFO  manager.ListenerWD -- After click element-->input
18:06:16.615 INFO  manager.ListenerWD -- sendKeys -->
18:06:16.618 INFO  manager.ListenerWD -- sendKeys -->input
18:06:16.634 INFO  manager.ListenerWD -- sendKeys -->
18:06:16.636 INFO  manager.ListenerWD -- sendKeys -->input
18:06:16.651 INFO  manager.ListenerWD -- sendKeys -->
18:06:16.654 INFO  manager.ListenerWD -- sendKeys -->input
18:06:16.666 INFO  manager.ListenerWD -- Before find element-->By.cssSelector: .add_form__2rsm2>button
18:06:16.674 INFO  manager.ListenerWD -- After find element-->By.cssSelector: .add_form__2rsm2>button
18:06:16.677 INFO  manager.ListenerWD -- Location of element-->button
18:06:16.683 INFO  manager.ListenerWD -- Before click element-->buttontext -->Save
18:06:16.707 INFO  manager.ListenerWD -- After click element-->button
18:06:16.717 INFO  tests.TestBase -- Assert check Add button is active
18:06:16.718 INFO  manager.TestNGListener -- Success test -->addNewContactEmptyAddress
18:06:16.719 INFO  tests.TestBase -- ==============================================
18:06:16.720 INFO  tests.TestBase -- Name of method (test)-->addNewContactEmptyLastName
18:06:16.720 INFO  manager.TestNGListener -- Start test -->addNewContactEmptyLastName
18:06:16.720 INFO  tests.TestBase -- Test data --> name: Tony , lastName:, phone: 343434342323,email: molly@gmail.com, address: Haifa, description: empty last name
18:06:16.721 INFO  manager.ListenerWD -- Before find element-->By.cssSelector: a[href='/add']
18:06:16.728 INFO  manager.ListenerWD -- After find element-->By.cssSelector: a[href='/add']
18:06:16.731 INFO  manager.ListenerWD -- Location of element-->a
18:06:16.736 INFO  manager.ListenerWD -- Before click element-->atext -->ADD
18:06:16.761 INFO  manager.ListenerWD -- After click element-->a
18:06:16.762 INFO  manager.ListenerWD -- Before find element-->By.cssSelector: [placeholder='Name']
18:06:16.768 INFO  manager.ListenerWD -- After find element-->By.cssSelector: [placeholder='Name']
18:06:16.770 INFO  manager.ListenerWD -- Location of element-->input
18:06:16.778 INFO  manager.ListenerWD -- Before click element-->inputtext -->
18:06:16.809 INFO  manager.ListenerWD -- After click element-->input
18:06:16.826 INFO  manager.ListenerWD -- sendKeys -->
18:06:16.828 INFO  manager.ListenerWD -- sendKeys -->input
18:06:16.850 INFO  manager.ListenerWD -- sendKeys -->
18:06:16.854 INFO  manager.ListenerWD -- sendKeys -->input
18:06:16.868 INFO  manager.ListenerWD -- sendKeys -->
18:06:16.870 INFO  manager.ListenerWD -- sendKeys -->input
18:06:16.881 INFO  manager.ListenerWD -- Before find element-->By.cssSelector: [placeholder='Last Name']
18:06:16.888 INFO  manager.ListenerWD -- After find element-->By.cssSelector: [placeholder='Last Name']
18:06:16.892 INFO  manager.ListenerWD -- Location of element-->input
18:06:16.898 INFO  manager.ListenerWD -- Before click element-->inputtext -->
18:06:16.920 INFO  manager.ListenerWD -- After click element-->input
18:06:16.936 INFO  manager.ListenerWD -- sendKeys -->
18:06:16.938 INFO  manager.ListenerWD -- sendKeys -->input
18:06:16.960 INFO  manager.ListenerWD -- sendKeys -->
18:06:16.963 INFO  manager.ListenerWD -- sendKeys -->input
18:06:16.977 INFO  manager.ListenerWD -- sendKeys -->
18:06:16.980 INFO  manager.ListenerWD -- sendKeys -->input
18:06:16.989 INFO  manager.ListenerWD -- Before find element-->By.cssSelector: [placeholder='Phone']
18:06:16.995 INFO  manager.ListenerWD -- After find element-->By.cssSelector: [placeholder='Phone']
18:06:16.998 INFO  manager.ListenerWD -- Location of element-->input
18:06:17.004 INFO  manager.ListenerWD -- Before click element-->inputtext -->
18:06:17.029 INFO  manager.ListenerWD -- After click element-->input
18:06:17.043 INFO  manager.ListenerWD -- sendKeys -->
18:06:17.047 INFO  manager.ListenerWD -- sendKeys -->input
18:06:17.068 INFO  manager.ListenerWD -- sendKeys -->
18:06:17.070 INFO  manager.ListenerWD -- sendKeys -->input
18:06:17.085 INFO  manager.ListenerWD -- sendKeys -->
18:06:17.087 INFO  manager.ListenerWD -- sendKeys -->input
18:06:17.099 INFO  manager.ListenerWD -- Before find element-->By.cssSelector: [placeholder='email']
18:06:17.106 INFO  manager.ListenerWD -- After find element-->By.cssSelector: [placeholder='email']
18:06:17.108 INFO  manager.ListenerWD -- Location of element-->input
18:06:17.114 INFO  manager.ListenerWD -- Before click element-->inputtext -->
18:06:17.137 INFO  manager.ListenerWD -- After click element-->input
18:06:17.152 INFO  manager.ListenerWD -- sendKeys -->
18:06:17.154 INFO  manager.ListenerWD -- sendKeys -->input
18:06:17.175 INFO  manager.ListenerWD -- sendKeys -->
18:06:17.177 INFO  manager.ListenerWD -- sendKeys -->input
18:06:17.191 INFO  manager.ListenerWD -- sendKeys -->
18:06:17.193 INFO  manager.ListenerWD -- sendKeys -->input
18:06:17.207 INFO  manager.ListenerWD -- Before find element-->By.cssSelector: [placeholder='Address']
18:06:17.214 INFO  manager.ListenerWD -- After find element-->By.cssSelector: [placeholder='Address']
18:06:17.216 INFO  manager.ListenerWD -- Location of element-->input
18:06:17.222 INFO  manager.ListenerWD -- Before click element-->inputtext -->
18:06:17.246 INFO  manager.ListenerWD -- After click element-->input
18:06:17.261 INFO  manager.ListenerWD -- sendKeys -->
18:06:17.263 INFO  manager.ListenerWD -- sendKeys -->input
18:06:17.276 INFO  manager.ListenerWD -- sendKeys -->
18:06:17.278 INFO  manager.ListenerWD -- sendKeys -->input
18:06:17.293 INFO  manager.ListenerWD -- sendKeys -->
18:06:17.295 INFO  manager.ListenerWD -- sendKeys -->input
18:06:17.308 INFO  manager.ListenerWD -- Before find element-->By.cssSelector: [placeholder = 'description']
18:06:17.320 INFO  manager.ListenerWD -- After find element-->By.cssSelector: [placeholder = 'description']
18:06:17.323 INFO  manager.ListenerWD -- Location of element-->input
18:06:17.330 INFO  manager.ListenerWD -- Before click element-->inputtext -->
18:06:17.361 INFO  manager.ListenerWD -- After click element-->input
18:06:17.378 INFO  manager.ListenerWD -- sendKeys -->
18:06:17.381 INFO  manager.ListenerWD -- sendKeys -->input
18:06:17.406 INFO  manager.ListenerWD -- sendKeys -->
18:06:17.409 INFO  manager.ListenerWD -- sendKeys -->input
18:06:17.428 INFO  manager.ListenerWD -- sendKeys -->
18:06:17.430 INFO  manager.ListenerWD -- sendKeys -->input
18:06:17.446 INFO  manager.ListenerWD -- Before find element-->By.cssSelector: .add_form__2rsm2>button
18:06:17.457 INFO  manager.ListenerWD -- After find element-->By.cssSelector: .add_form__2rsm2>button
18:06:17.461 INFO  manager.ListenerWD -- Location of element-->button
18:06:17.469 INFO  manager.ListenerWD -- Before click element-->buttontext -->Save
18:06:17.495 INFO  manager.ListenerWD -- After click element-->button
18:06:17.505 INFO  tests.TestBase -- Assert check Add button is active
18:06:17.506 INFO  manager.TestNGListener -- Success test -->addNewContactEmptyLastName
18:06:17.506 INFO  tests.TestBase -- ==============================================
18:06:17.507 INFO  tests.TestBase -- Name of method (test)-->addNewContactEmptyName
18:06:17.507 INFO  manager.TestNGListener -- Start test -->addNewContactEmptyName
18:06:17.507 INFO  tests.TestBase -- Test data --> name: , lastName:Molly, phone: 343434342323,email: molly@gmail.com, address: Haifa, description: empty name
18:06:17.507 INFO  manager.ListenerWD -- Before find element-->By.cssSelector: a[href='/add']
18:06:17.517 INFO  manager.ListenerWD -- After find element-->By.cssSelector: a[href='/add']
18:06:17.520 INFO  manager.ListenerWD -- Location of element-->a
18:06:17.526 INFO  manager.ListenerWD -- Before click element-->atext -->ADD
18:06:17.557 INFO  manager.ListenerWD -- After click element-->a
18:06:17.557 INFO  manager.ListenerWD -- Before find element-->By.cssSelector: [placeholder='Name']
18:06:17.566 INFO  manager.ListenerWD -- After find element-->By.cssSelector: [placeholder='Name']
18:06:17.570 INFO  manager.ListenerWD -- Location of element-->input
18:06:17.576 INFO  manager.ListenerWD -- Before click element-->inputtext -->
18:06:17.603 INFO  manager.ListenerWD -- After click element-->input
18:06:17.622 INFO  manager.ListenerWD -- sendKeys -->
18:06:17.624 INFO  manager.ListenerWD -- sendKeys -->input
18:06:17.651 INFO  manager.ListenerWD -- sendKeys -->
18:06:17.653 INFO  manager.ListenerWD -- sendKeys -->input
18:06:17.670 INFO  manager.ListenerWD -- sendKeys -->
18:06:17.673 INFO  manager.ListenerWD -- sendKeys -->input
18:06:17.684 INFO  manager.ListenerWD -- Before find element-->By.cssSelector: [placeholder='Last Name']
18:06:17.697 INFO  manager.ListenerWD -- After find element-->By.cssSelector: [placeholder='Last Name']
18:06:17.703 INFO  manager.ListenerWD -- Location of element-->input
18:06:17.713 INFO  manager.ListenerWD -- Before click element-->inputtext -->
18:06:17.742 INFO  manager.ListenerWD -- After click element-->input
18:06:17.761 INFO  manager.ListenerWD -- sendKeys -->
18:06:17.763 INFO  manager.ListenerWD -- sendKeys -->input
18:06:17.780 INFO  manager.ListenerWD -- sendKeys -->
18:06:17.784 INFO  manager.ListenerWD -- sendKeys -->input
18:06:17.800 INFO  manager.ListenerWD -- sendKeys -->
18:06:17.803 INFO  manager.ListenerWD -- sendKeys -->input
18:06:17.815 INFO  manager.ListenerWD -- Before find element-->By.cssSelector: [placeholder='Phone']
18:06:17.824 INFO  manager.ListenerWD -- After find element-->By.cssSelector: [placeholder='Phone']
18:06:17.827 INFO  manager.ListenerWD -- Location of element-->input
18:06:17.833 INFO  manager.ListenerWD -- Before click element-->inputtext -->
18:06:17.862 INFO  manager.ListenerWD -- After click element-->input
18:06:17.879 INFO  manager.ListenerWD -- sendKeys -->
18:06:17.882 INFO  manager.ListenerWD -- sendKeys -->input
18:06:17.906 INFO  manager.ListenerWD -- sendKeys -->
18:06:17.909 INFO  manager.ListenerWD -- sendKeys -->input
18:06:17.925 INFO  manager.ListenerWD -- sendKeys -->
18:06:17.927 INFO  manager.ListenerWD -- sendKeys -->input
18:06:17.943 INFO  manager.ListenerWD -- Before find element-->By.cssSelector: [placeholder='email']
18:06:17.952 INFO  manager.ListenerWD -- After find element-->By.cssSelector: [placeholder='email']
18:06:17.955 INFO  manager.ListenerWD -- Location of element-->input
18:06:17.961 INFO  manager.ListenerWD -- Before click element-->inputtext -->
18:06:17.989 INFO  manager.ListenerWD -- After click element-->input
18:06:18.006 INFO  manager.ListenerWD -- sendKeys -->
18:06:18.008 INFO  manager.ListenerWD -- sendKeys -->input
18:06:18.034 INFO  manager.ListenerWD -- sendKeys -->
18:06:18.036 INFO  manager.ListenerWD -- sendKeys -->input
18:06:18.052 INFO  manager.ListenerWD -- sendKeys -->
18:06:18.054 INFO  manager.ListenerWD -- sendKeys -->input
18:06:18.083 INFO  manager.ListenerWD -- Before find element-->By.cssSelector: [placeholder='Address']
18:06:18.091 INFO  manager.ListenerWD -- After find element-->By.cssSelector: [placeholder='Address']
18:06:18.095 INFO  manager.ListenerWD -- Location of element-->input
18:06:18.102 INFO  manager.ListenerWD -- Before click element-->inputtext -->
18:06:18.130 INFO  manager.ListenerWD -- After click element-->input
18:06:18.148 INFO  manager.ListenerWD -- sendKeys -->
18:06:18.151 INFO  manager.ListenerWD -- sendKeys -->input
18:06:18.176 INFO  manager.ListenerWD -- sendKeys -->
18:06:18.178 INFO  manager.ListenerWD -- sendKeys -->input
18:06:18.194 INFO  manager.ListenerWD -- sendKeys -->
18:06:18.196 INFO  manager.ListenerWD -- sendKeys -->input
18:06:18.210 INFO  manager.ListenerWD -- Before find element-->By.cssSelector: [placeholder = 'description']
18:06:18.218 INFO  manager.ListenerWD -- After find element-->By.cssSelector: [placeholder = 'description']
18:06:18.220 INFO  manager.ListenerWD -- Location of element-->input
18:06:18.227 INFO  manager.ListenerWD -- Before click element-->inputtext -->
18:06:18.254 INFO  manager.ListenerWD -- After click element-->input
18:06:18.271 INFO  manager.ListenerWD -- sendKeys -->
18:06:18.275 INFO  manager.ListenerWD -- sendKeys -->input
18:06:18.299 INFO  manager.ListenerWD -- sendKeys -->
18:06:18.303 INFO  manager.ListenerWD -- sendKeys -->input
18:06:18.319 INFO  manager.ListenerWD -- sendKeys -->
18:06:18.322 INFO  manager.ListenerWD -- sendKeys -->input
18:06:18.337 INFO  manager.ListenerWD -- Before find element-->By.cssSelector: .add_form__2rsm2>button
18:06:18.348 INFO  manager.ListenerWD -- After find element-->By.cssSelector: .add_form__2rsm2>button
18:06:18.350 INFO  manager.ListenerWD -- Location of element-->button
18:06:18.358 INFO  manager.ListenerWD -- Before click element-->buttontext -->Save
18:06:18.384 INFO  manager.ListenerWD -- After click element-->button
18:06:18.395 INFO  tests.TestBase -- Assert check Add button is active
18:06:18.395 INFO  manager.TestNGListener -- Success test -->addNewContactEmptyName
18:06:18.395 INFO  tests.TestBase -- ==============================================
18:06:18.402 INFO  tests.TestBase -- Name of method (test)-->addNewContactSuccessAllFields
18:06:18.402 INFO  manager.TestNGListener -- Start test -->addNewContactSuccessAllFields
18:06:18.408 INFO  manager.ListenerWD -- Before find element-->By.cssSelector: a[href='/add']
18:06:18.421 INFO  manager.ListenerWD -- After find element-->By.cssSelector: a[href='/add']
18:06:18.425 INFO  manager.ListenerWD -- Location of element-->a
18:06:18.434 INFO  manager.ListenerWD -- Before click element-->atext -->ADD
18:06:18.464 INFO  manager.ListenerWD -- After click element-->a
18:06:18.464 INFO  manager.ListenerWD -- Before find element-->By.cssSelector: [placeholder='Name']
18:06:18.473 INFO  manager.ListenerWD -- After find element-->By.cssSelector: [placeholder='Name']
18:06:18.475 INFO  manager.ListenerWD -- Location of element-->input
18:06:18.482 INFO  manager.ListenerWD -- Before click element-->inputtext -->
18:06:18.510 INFO  manager.ListenerWD -- After click element-->input
18:06:18.526 INFO  manager.ListenerWD -- sendKeys -->
18:06:18.529 INFO  manager.ListenerWD -- sendKeys -->input
18:06:18.545 INFO  manager.ListenerWD -- sendKeys -->
18:06:18.547 INFO  manager.ListenerWD -- sendKeys -->input
18:06:18.563 INFO  manager.ListenerWD -- sendKeys -->
18:06:18.565 INFO  manager.ListenerWD -- sendKeys -->input
18:06:18.579 INFO  manager.ListenerWD -- Before find element-->By.cssSelector: [placeholder='Last Name']
18:06:18.587 INFO  manager.ListenerWD -- After find element-->By.cssSelector: [placeholder='Last Name']
18:06:18.590 INFO  manager.ListenerWD -- Location of element-->input
18:06:18.597 INFO  manager.ListenerWD -- Before click element-->inputtext -->
18:06:18.625 INFO  manager.ListenerWD -- After click element-->input
18:06:18.643 INFO  manager.ListenerWD -- sendKeys -->
18:06:18.646 INFO  manager.ListenerWD -- sendKeys -->input
18:06:18.672 INFO  manager.ListenerWD -- sendKeys -->
18:06:18.675 INFO  manager.ListenerWD -- sendKeys -->input
18:06:18.691 INFO  manager.ListenerWD -- sendKeys -->
18:06:18.694 INFO  manager.ListenerWD -- sendKeys -->input
18:06:18.708 INFO  manager.ListenerWD -- Before find element-->By.cssSelector: [placeholder='Phone']
18:06:18.717 INFO  manager.ListenerWD -- After find element-->By.cssSelector: [placeholder='Phone']
18:06:18.720 INFO  manager.ListenerWD -- Location of element-->input
18:06:18.726 INFO  manager.ListenerWD -- Before click element-->inputtext -->
18:06:18.755 INFO  manager.ListenerWD -- After click element-->input
18:06:18.771 INFO  manager.ListenerWD -- sendKeys -->
18:06:18.774 INFO  manager.ListenerWD -- sendKeys -->input
18:06:18.798 INFO  manager.ListenerWD -- sendKeys -->
18:06:18.800 INFO  manager.ListenerWD -- sendKeys -->input
18:06:18.817 INFO  manager.ListenerWD -- sendKeys -->
18:06:18.819 INFO  manager.ListenerWD -- sendKeys -->input
18:06:18.833 INFO  manager.ListenerWD -- Before find element-->By.cssSelector: [placeholder='email']
18:06:18.841 INFO  manager.ListenerWD -- After find element-->By.cssSelector: [placeholder='email']
18:06:18.844 INFO  manager.ListenerWD -- Location of element-->input
18:06:18.849 INFO  manager.ListenerWD -- Before click element-->inputtext -->
18:06:18.876 INFO  manager.ListenerWD -- After click element-->input
18:06:18.892 INFO  manager.ListenerWD -- sendKeys -->
18:06:18.897 INFO  manager.ListenerWD -- sendKeys -->input
18:06:18.920 INFO  manager.ListenerWD -- sendKeys -->
18:06:18.922 INFO  manager.ListenerWD -- sendKeys -->input
18:06:18.939 INFO  manager.ListenerWD -- sendKeys -->
18:06:18.941 INFO  manager.ListenerWD -- sendKeys -->input
18:06:18.955 INFO  manager.ListenerWD -- Before find element-->By.cssSelector: [placeholder='Address']
18:06:18.963 INFO  manager.ListenerWD -- After find element-->By.cssSelector: [placeholder='Address']
18:06:18.966 INFO  manager.ListenerWD -- Location of element-->input
18:06:18.972 INFO  manager.ListenerWD -- Before click element-->inputtext -->
18:06:18.999 INFO  manager.ListenerWD -- After click element-->input
18:06:19.016 INFO  manager.ListenerWD -- sendKeys -->
18:06:19.018 INFO  manager.ListenerWD -- sendKeys -->input
18:06:19.041 INFO  manager.ListenerWD -- sendKeys -->
18:06:19.043 INFO  manager.ListenerWD -- sendKeys -->input
18:06:19.059 INFO  manager.ListenerWD -- sendKeys -->
18:06:19.061 INFO  manager.ListenerWD -- sendKeys -->input
18:06:19.072 INFO  manager.ListenerWD -- Before find element-->By.cssSelector: [placeholder = 'description']
18:06:19.081 INFO  manager.ListenerWD -- After find element-->By.cssSelector: [placeholder = 'description']
18:06:19.083 INFO  manager.ListenerWD -- Location of element-->input
18:06:19.088 INFO  manager.ListenerWD -- Before click element-->inputtext -->
18:06:19.116 INFO  manager.ListenerWD -- After click element-->input
18:06:19.131 INFO  manager.ListenerWD -- sendKeys -->
18:06:19.133 INFO  manager.ListenerWD -- sendKeys -->input
18:06:19.157 INFO  manager.ListenerWD -- sendKeys -->
18:06:19.159 INFO  manager.ListenerWD -- sendKeys -->input
18:06:19.175 INFO  manager.ListenerWD -- sendKeys -->
18:06:19.177 INFO  manager.ListenerWD -- sendKeys -->input
18:06:19.408 INFO  manager.ListenerWD -- Before find element-->By.cssSelector: .add_form__2rsm2>button
18:06:19.419 INFO  manager.ListenerWD -- After find element-->By.cssSelector: .add_form__2rsm2>button
18:06:19.424 INFO  manager.ListenerWD -- Location of element-->button
18:06:19.432 INFO  manager.ListenerWD -- Before click element-->buttontext -->Save
18:06:19.459 INFO  manager.ListenerWD -- After click element-->button
18:06:19.999 INFO  tests.TestBase -- Assert check is add contact by name
18:06:20.031 INFO  tests.TestBase -- Assert check is add contact by phone
18:06:20.031 INFO  manager.TestNGListener -- Success test -->addNewContactSuccessAllFields
18:06:20.032 INFO  tests.TestBase -- ==============================================
18:06:20.032 INFO  tests.TestBase -- Name of method (test)-->addNewContactSuccessAllFields
18:06:20.033 INFO  manager.TestNGListener -- Start test -->addNewContactSuccessAllFields
18:06:20.033 INFO  manager.ListenerWD -- Before find element-->By.cssSelector: a[href='/add']
18:06:20.041 INFO  manager.ListenerWD -- After find element-->By.cssSelector: a[href='/add']
18:06:20.044 INFO  manager.ListenerWD -- Location of element-->a
18:06:20.049 INFO  manager.ListenerWD -- Before click element-->atext -->ADD
18:06:20.081 INFO  manager.ListenerWD -- After click element-->a
18:06:20.082 INFO  manager.ListenerWD -- Before find element-->By.cssSelector: [placeholder='Name']
18:06:20.091 INFO  manager.ListenerWD -- After find element-->By.cssSelector: [placeholder='Name']
18:06:20.095 INFO  manager.ListenerWD -- Location of element-->input
18:06:20.101 INFO  manager.ListenerWD -- Before click element-->inputtext -->
18:06:20.132 INFO  manager.ListenerWD -- After click element-->input
18:06:20.148 INFO  manager.ListenerWD -- sendKeys -->
18:06:20.150 INFO  manager.ListenerWD -- sendKeys -->input
18:06:20.169 INFO  manager.ListenerWD -- sendKeys -->
18:06:20.172 INFO  manager.ListenerWD -- sendKeys -->input
18:06:20.188 INFO  manager.ListenerWD -- sendKeys -->
18:06:20.190 INFO  manager.ListenerWD -- sendKeys -->input
18:06:20.203 INFO  manager.ListenerWD -- Before find element-->By.cssSelector: [placeholder='Last Name']
18:06:20.212 INFO  manager.ListenerWD -- After find element-->By.cssSelector: [placeholder='Last Name']
18:06:20.215 INFO  manager.ListenerWD -- Location of element-->input
18:06:20.222 INFO  manager.ListenerWD -- Before click element-->inputtext -->
18:06:20.250 INFO  manager.ListenerWD -- After click element-->input
18:06:20.266 INFO  manager.ListenerWD -- sendKeys -->
18:06:20.268 INFO  manager.ListenerWD -- sendKeys -->input
18:06:20.285 INFO  manager.ListenerWD -- sendKeys -->
18:06:20.288 INFO  manager.ListenerWD -- sendKeys -->input
18:06:20.305 INFO  manager.ListenerWD -- sendKeys -->
18:06:20.307 INFO  manager.ListenerWD -- sendKeys -->input
18:06:20.319 INFO  manager.ListenerWD -- Before find element-->By.cssSelector: [placeholder='Phone']
18:06:20.328 INFO  manager.ListenerWD -- After find element-->By.cssSelector: [placeholder='Phone']
18:06:20.331 INFO  manager.ListenerWD -- Location of element-->input
18:06:20.338 INFO  manager.ListenerWD -- Before click element-->inputtext -->
18:06:20.366 INFO  manager.ListenerWD -- After click element-->input
18:06:20.382 INFO  manager.ListenerWD -- sendKeys -->
18:06:20.384 INFO  manager.ListenerWD -- sendKeys -->input
18:06:20.399 INFO  manager.ListenerWD -- sendKeys -->
18:06:20.401 INFO  manager.ListenerWD -- sendKeys -->input
18:06:20.417 INFO  manager.ListenerWD -- sendKeys -->
18:06:20.419 INFO  manager.ListenerWD -- sendKeys -->input
18:06:20.432 INFO  manager.ListenerWD -- Before find element-->By.cssSelector: [placeholder='email']
18:06:20.440 INFO  manager.ListenerWD -- After find element-->By.cssSelector: [placeholder='email']
18:06:20.443 INFO  manager.ListenerWD -- Location of element-->input
18:06:20.449 INFO  manager.ListenerWD -- Before click element-->inputtext -->
18:06:20.475 INFO  manager.ListenerWD -- After click element-->input
18:06:20.491 INFO  manager.ListenerWD -- sendKeys -->
18:06:20.493 INFO  manager.ListenerWD -- sendKeys -->input
18:06:20.508 INFO  manager.ListenerWD -- sendKeys -->
18:06:20.510 INFO  manager.ListenerWD -- sendKeys -->input
18:06:20.525 INFO  manager.ListenerWD -- sendKeys -->
18:06:20.527 INFO  manager.ListenerWD -- sendKeys -->input
18:06:20.539 INFO  manager.ListenerWD -- Before find element-->By.cssSelector: [placeholder='Address']
18:06:20.550 INFO  manager.ListenerWD -- After find element-->By.cssSelector: [placeholder='Address']
18:06:20.552 INFO  manager.ListenerWD -- Location of element-->input
18:06:20.558 INFO  manager.ListenerWD -- Before click element-->inputtext -->
18:06:20.585 INFO  manager.ListenerWD -- After click element-->input
18:06:20.601 INFO  manager.ListenerWD -- sendKeys -->
18:06:20.603 INFO  manager.ListenerWD -- sendKeys -->input
18:06:20.620 INFO  manager.ListenerWD -- sendKeys -->
18:06:20.622 INFO  manager.ListenerWD -- sendKeys -->input
18:06:20.636 INFO  manager.ListenerWD -- sendKeys -->
18:06:20.638 INFO  manager.ListenerWD -- sendKeys -->input
18:06:20.650 INFO  manager.ListenerWD -- Before find element-->By.cssSelector: [placeholder = 'description']
18:06:20.658 INFO  manager.ListenerWD -- After find element-->By.cssSelector: [placeholder = 'description']
18:06:20.661 INFO  manager.ListenerWD -- Location of element-->input
18:06:20.666 INFO  manager.ListenerWD -- Before click element-->inputtext -->
18:06:20.694 INFO  manager.ListenerWD -- After click element-->input
18:06:20.709 INFO  manager.ListenerWD -- sendKeys -->
18:06:20.711 INFO  manager.ListenerWD -- sendKeys -->input
18:06:20.725 INFO  manager.ListenerWD -- sendKeys -->
18:06:20.727 INFO  manager.ListenerWD -- sendKeys -->input
18:06:20.915 INFO  manager.ListenerWD -- Before find element-->By.cssSelector: .add_form__2rsm2>button
18:06:20.925 INFO  manager.ListenerWD -- After find element-->By.cssSelector: .add_form__2rsm2>button
18:06:20.928 INFO  manager.ListenerWD -- Location of element-->button
18:06:20.934 INFO  manager.ListenerWD -- Before click element-->buttontext -->Save
18:06:20.959 INFO  manager.ListenerWD -- After click element-->button
18:06:21.435 INFO  tests.TestBase -- Assert check is add contact by name
18:06:21.472 INFO  tests.TestBase -- Assert check is add contact by phone
18:06:21.473 INFO  manager.TestNGListener -- Success test -->addNewContactSuccessAllFields
18:06:21.473 INFO  tests.TestBase -- ==============================================
18:06:21.474 INFO  tests.TestBase -- Name of method (test)-->addNewContactSuccessAllFieldsCSV
18:06:21.474 INFO  manager.TestNGListener -- Start test -->addNewContactSuccessAllFieldsCSV
18:06:21.475 INFO  manager.ListenerWD -- Before find element-->By.cssSelector: a[href='/add']
18:06:21.484 INFO  manager.ListenerWD -- After find element-->By.cssSelector: a[href='/add']
18:06:21.487 INFO  manager.ListenerWD -- Location of element-->a
18:06:21.493 INFO  manager.ListenerWD -- Before click element-->atext -->ADD
18:06:21.522 INFO  manager.ListenerWD -- After click element-->a
18:06:21.522 INFO  manager.ListenerWD -- Before find element-->By.cssSelector: [placeholder='Name']
18:06:21.532 INFO  manager.ListenerWD -- After find element-->By.cssSelector: [placeholder='Name']
18:06:21.536 INFO  manager.ListenerWD -- Location of element-->input
18:06:21.544 INFO  manager.ListenerWD -- Before click element-->inputtext -->
18:06:21.575 INFO  manager.ListenerWD -- After click element-->input
18:06:21.591 INFO  manager.ListenerWD -- sendKeys -->
18:06:21.594 INFO  manager.ListenerWD -- sendKeys -->input
18:06:21.610 INFO  manager.ListenerWD -- sendKeys -->
18:06:21.613 INFO  manager.ListenerWD -- sendKeys -->input
18:06:21.629 INFO  manager.ListenerWD -- sendKeys -->
18:06:21.632 INFO  manager.ListenerWD -- sendKeys -->input
18:06:21.644 INFO  manager.ListenerWD -- Before find element-->By.cssSelector: [placeholder='Last Name']
18:06:21.653 INFO  manager.ListenerWD -- After find element-->By.cssSelector: [placeholder='Last Name']
18:06:21.656 INFO  manager.ListenerWD -- Location of element-->input
18:06:21.662 INFO  manager.ListenerWD -- Before click element-->inputtext -->
18:06:21.692 INFO  manager.ListenerWD -- After click element-->input
18:06:21.710 INFO  manager.ListenerWD -- sendKeys -->
18:06:21.712 INFO  manager.ListenerWD -- sendKeys -->input
18:06:21.729 INFO  manager.ListenerWD -- sendKeys -->
18:06:21.732 INFO  manager.ListenerWD -- sendKeys -->input
18:06:21.748 INFO  manager.ListenerWD -- sendKeys -->
18:06:21.750 INFO  manager.ListenerWD -- sendKeys -->input
18:06:21.763 INFO  manager.ListenerWD -- Before find element-->By.cssSelector: [placeholder='Phone']
18:06:21.771 INFO  manager.ListenerWD -- After find element-->By.cssSelector: [placeholder='Phone']
18:06:21.774 INFO  manager.ListenerWD -- Location of element-->input
18:06:21.779 INFO  manager.ListenerWD -- Before click element-->inputtext -->
18:06:21.809 INFO  manager.ListenerWD -- After click element-->input
18:06:21.825 INFO  manager.ListenerWD -- sendKeys -->
18:06:21.827 INFO  manager.ListenerWD -- sendKeys -->input
18:06:21.843 INFO  manager.ListenerWD -- sendKeys -->
18:06:21.845 INFO  manager.ListenerWD -- sendKeys -->input
18:06:21.863 INFO  manager.ListenerWD -- sendKeys -->
18:06:21.865 INFO  manager.ListenerWD -- sendKeys -->input
18:06:21.879 INFO  manager.ListenerWD -- Before find element-->By.cssSelector: [placeholder='email']
18:06:21.888 INFO  manager.ListenerWD -- After find element-->By.cssSelector: [placeholder='email']
18:06:21.891 INFO  manager.ListenerWD -- Location of element-->input
18:06:21.897 INFO  manager.ListenerWD -- Before click element-->inputtext -->
18:06:21.925 INFO  manager.ListenerWD -- After click element-->input
18:06:21.942 INFO  manager.ListenerWD -- sendKeys -->
18:06:21.944 INFO  manager.ListenerWD -- sendKeys -->input
18:06:21.960 INFO  manager.ListenerWD -- sendKeys -->
18:06:21.963 INFO  manager.ListenerWD -- sendKeys -->input
18:06:21.980 INFO  manager.ListenerWD -- sendKeys -->
18:06:21.982 INFO  manager.ListenerWD -- sendKeys -->input
18:06:21.996 INFO  manager.ListenerWD -- Before find element-->By.cssSelector: [placeholder='Address']
18:06:22.004 INFO  manager.ListenerWD -- After find element-->By.cssSelector: [placeholder='Address']
18:06:22.007 INFO  manager.ListenerWD -- Location of element-->input
18:06:22.013 INFO  manager.ListenerWD -- Before click element-->inputtext -->
18:06:22.042 INFO  manager.ListenerWD -- After click element-->input
18:06:22.057 INFO  manager.ListenerWD -- sendKeys -->
18:06:22.059 INFO  manager.ListenerWD -- sendKeys -->input
18:06:22.076 INFO  manager.ListenerWD -- sendKeys -->
18:06:22.078 INFO  manager.ListenerWD -- sendKeys -->input
18:06:22.095 INFO  manager.ListenerWD -- sendKeys -->
18:06:22.098 INFO  manager.ListenerWD -- sendKeys -->input
18:06:22.109 INFO  manager.ListenerWD -- Before find element-->By.cssSelector: [placeholder = 'description']
18:06:22.117 INFO  manager.ListenerWD -- After find element-->By.cssSelector: [placeholder = 'description']
18:06:22.120 INFO  manager.ListenerWD -- Location of element-->input
18:06:22.125 INFO  manager.ListenerWD -- Before click element-->inputtext -->
18:06:22.153 INFO  manager.ListenerWD -- After click element-->input
18:06:22.168 INFO  manager.ListenerWD -- sendKeys -->
18:06:22.170 INFO  manager.ListenerWD -- sendKeys -->input
18:06:22.187 INFO  manager.ListenerWD -- sendKeys -->
18:06:22.189 INFO  manager.ListenerWD -- sendKeys -->input
18:06:22.206 INFO  manager.ListenerWD -- sendKeys -->
18:06:22.209 INFO  manager.ListenerWD -- sendKeys -->input
18:06:22.400 INFO  manager.ListenerWD -- Before find element-->By.cssSelector: .add_form__2rsm2>button
18:06:22.411 INFO  manager.ListenerWD -- After find element-->By.cssSelector: .add_form__2rsm2>button
18:06:22.415 INFO  manager.ListenerWD -- Location of element-->button
18:06:22.422 INFO  manager.ListenerWD -- Before click element-->buttontext -->Save
18:06:22.453 INFO  manager.ListenerWD -- After click element-->button
18:06:22.949 INFO  manager.TestNGListener -- Success test -->addNewContactSuccessAllFieldsCSV
18:06:22.950 INFO  tests.TestBase -- ==============================================
18:06:22.950 INFO  tests.TestBase -- Name of method (test)-->addNewContactSuccessAllFieldsCSV
18:06:22.951 INFO  manager.TestNGListener -- Start test -->addNewContactSuccessAllFieldsCSV
18:06:22.951 INFO  manager.ListenerWD -- Before find element-->By.cssSelector: a[href='/add']
18:06:22.959 INFO  manager.ListenerWD -- After find element-->By.cssSelector: a[href='/add']
18:06:22.962 INFO  manager.ListenerWD -- Location of element-->a
18:06:22.968 INFO  manager.ListenerWD -- Before click element-->atext -->ADD
18:06:22.993 INFO  manager.ListenerWD -- After click element-->a
18:06:22.994 INFO  manager.ListenerWD -- Before find element-->By.cssSelector: [placeholder='Name']
18:06:23.003 INFO  manager.ListenerWD -- After find element-->By.cssSelector: [placeholder='Name']
18:06:23.006 INFO  manager.ListenerWD -- Location of element-->input
18:06:23.012 INFO  manager.ListenerWD -- Before click element-->inputtext -->
18:06:23.039 INFO  manager.ListenerWD -- After click element-->input
18:06:23.055 INFO  manager.ListenerWD -- sendKeys -->
18:06:23.057 INFO  manager.ListenerWD -- sendKeys -->input
18:06:23.073 INFO  manager.ListenerWD -- sendKeys -->
18:06:23.075 INFO  manager.ListenerWD -- sendKeys -->input
18:06:23.091 INFO  manager.ListenerWD -- sendKeys -->
18:06:23.093 INFO  manager.ListenerWD -- sendKeys -->input
18:06:23.106 INFO  manager.ListenerWD -- Before find element-->By.cssSelector: [placeholder='Last Name']
18:06:23.114 INFO  manager.ListenerWD -- After find element-->By.cssSelector: [placeholder='Last Name']
18:06:23.117 INFO  manager.ListenerWD -- Location of element-->input
18:06:23.124 INFO  manager.ListenerWD -- Before click element-->inputtext -->
18:06:23.150 INFO  manager.ListenerWD -- After click element-->input
18:06:23.167 INFO  manager.ListenerWD -- sendKeys -->
18:06:23.169 INFO  manager.ListenerWD -- sendKeys -->input
18:06:23.185 INFO  manager.ListenerWD -- sendKeys -->
18:06:23.187 INFO  manager.ListenerWD -- sendKeys -->input
18:06:23.204 INFO  manager.ListenerWD -- sendKeys -->
18:06:23.206 INFO  manager.ListenerWD -- sendKeys -->input
18:06:23.218 INFO  manager.ListenerWD -- Before find element-->By.cssSelector: [placeholder='Phone']
18:06:23.227 INFO  manager.ListenerWD -- After find element-->By.cssSelector: [placeholder='Phone']
18:06:23.229 INFO  manager.ListenerWD -- Location of element-->input
18:06:23.236 INFO  manager.ListenerWD -- Before click element-->inputtext -->
18:06:23.262 INFO  manager.ListenerWD -- After click element-->input
18:06:23.277 INFO  manager.ListenerWD -- sendKeys -->
18:06:23.279 INFO  manager.ListenerWD -- sendKeys -->input
18:06:23.295 INFO  manager.ListenerWD -- sendKeys -->
18:06:23.298 INFO  manager.ListenerWD -- sendKeys -->input
18:06:23.315 INFO  manager.ListenerWD -- sendKeys -->
18:06:23.318 INFO  manager.ListenerWD -- sendKeys -->input
18:06:23.331 INFO  manager.ListenerWD -- Before find element-->By.cssSelector: [placeholder='email']
18:06:23.340 INFO  manager.ListenerWD -- After find element-->By.cssSelector: [placeholder='email']
18:06:23.343 INFO  manager.ListenerWD -- Location of element-->input
18:06:23.349 INFO  manager.ListenerWD -- Before click element-->inputtext -->
18:06:23.376 INFO  manager.ListenerWD -- After click element-->input
18:06:23.391 INFO  manager.ListenerWD -- sendKeys -->
18:06:23.393 INFO  manager.ListenerWD -- sendKeys -->input
18:06:23.408 INFO  manager.ListenerWD -- sendKeys -->
18:06:23.411 INFO  manager.ListenerWD -- sendKeys -->input
18:06:23.427 INFO  manager.ListenerWD -- sendKeys -->
18:06:23.429 INFO  manager.ListenerWD -- sendKeys -->input
18:06:23.443 INFO  manager.ListenerWD -- Before find element-->By.cssSelector: [placeholder='Address']
18:06:23.451 INFO  manager.ListenerWD -- After find element-->By.cssSelector: [placeholder='Address']
18:06:23.454 INFO  manager.ListenerWD -- Location of element-->input
18:06:23.460 INFO  manager.ListenerWD -- Before click element-->inputtext -->
18:06:23.485 INFO  manager.ListenerWD -- After click element-->input
18:06:23.501 INFO  manager.ListenerWD -- sendKeys -->
18:06:23.503 INFO  manager.ListenerWD -- sendKeys -->input
18:06:23.518 INFO  manager.ListenerWD -- sendKeys -->
18:06:23.520 INFO  manager.ListenerWD -- sendKeys -->input
18:06:23.535 INFO  manager.ListenerWD -- sendKeys -->
18:06:23.537 INFO  manager.ListenerWD -- sendKeys -->input
18:06:23.549 INFO  manager.ListenerWD -- Before find element-->By.cssSelector: [placeholder = 'description']
18:06:23.558 INFO  manager.ListenerWD -- After find element-->By.cssSelector: [placeholder = 'description']
18:06:23.560 INFO  manager.ListenerWD -- Location of element-->input
18:06:23.567 INFO  manager.ListenerWD -- Before click element-->inputtext -->
18:06:23.596 INFO  manager.ListenerWD -- After click element-->input
18:06:23.614 INFO  manager.ListenerWD -- sendKeys -->
18:06:23.616 INFO  manager.ListenerWD -- sendKeys -->input
18:06:23.632 INFO  manager.ListenerWD -- sendKeys -->
18:06:23.635 INFO  manager.ListenerWD -- sendKeys -->input
18:06:23.651 INFO  manager.ListenerWD -- sendKeys -->
18:06:23.653 INFO  manager.ListenerWD -- sendKeys -->input
18:06:23.845 INFO  manager.ListenerWD -- Before find element-->By.cssSelector: .add_form__2rsm2>button
18:06:23.854 INFO  manager.ListenerWD -- After find element-->By.cssSelector: .add_form__2rsm2>button
18:06:23.857 INFO  manager.ListenerWD -- Location of element-->button
18:06:23.865 INFO  manager.ListenerWD -- Before click element-->buttontext -->Save
18:06:23.890 INFO  manager.ListenerWD -- After click element-->button
18:06:24.447 INFO  manager.TestNGListener -- Success test -->addNewContactSuccessAllFieldsCSV
18:06:24.448 INFO  tests.TestBase -- ==============================================
18:06:24.449 INFO  tests.TestBase -- Name of method (test)-->addNewContactSuccessAllFieldsCSV
18:06:24.449 INFO  manager.TestNGListener -- Start test -->addNewContactSuccessAllFieldsCSV
18:06:24.449 INFO  manager.ListenerWD -- Before find element-->By.cssSelector: a[href='/add']
18:06:24.459 INFO  manager.ListenerWD -- After find element-->By.cssSelector: a[href='/add']
18:06:24.464 INFO  manager.ListenerWD -- Location of element-->a
18:06:24.471 INFO  manager.ListenerWD -- Before click element-->atext -->ADD
18:06:24.499 INFO  manager.ListenerWD -- After click element-->a
18:06:24.499 INFO  manager.ListenerWD -- Before find element-->By.cssSelector: [placeholder='Name']
18:06:24.511 INFO  manager.ListenerWD -- After find element-->By.cssSelector: [placeholder='Name']
18:06:24.514 INFO  manager.ListenerWD -- Location of element-->input
18:06:24.520 INFO  manager.ListenerWD -- Before click element-->inputtext -->
18:06:24.549 INFO  manager.ListenerWD -- After click element-->input
18:06:24.565 INFO  manager.ListenerWD -- sendKeys -->
18:06:24.568 INFO  manager.ListenerWD -- sendKeys -->input
18:06:24.586 INFO  manager.ListenerWD -- sendKeys -->
18:06:24.589 INFO  manager.ListenerWD -- sendKeys -->input
18:06:24.605 INFO  manager.ListenerWD -- sendKeys -->
18:06:24.609 INFO  manager.ListenerWD -- sendKeys -->input
18:06:24.622 INFO  manager.ListenerWD -- Before find element-->By.cssSelector: [placeholder='Last Name']
18:06:24.632 INFO  manager.ListenerWD -- After find element-->By.cssSelector: [placeholder='Last Name']
18:06:24.635 INFO  manager.ListenerWD -- Location of element-->input
18:06:24.642 INFO  manager.ListenerWD -- Before click element-->inputtext -->
18:06:24.669 INFO  manager.ListenerWD -- After click element-->input
18:06:24.684 INFO  manager.ListenerWD -- sendKeys -->
18:06:24.687 INFO  manager.ListenerWD -- sendKeys -->input
18:06:24.703 INFO  manager.ListenerWD -- sendKeys -->
18:06:24.706 INFO  manager.ListenerWD -- sendKeys -->input
18:06:24.723 INFO  manager.ListenerWD -- sendKeys -->
18:06:24.725 INFO  manager.ListenerWD -- sendKeys -->input
18:06:24.738 INFO  manager.ListenerWD -- Before find element-->By.cssSelector: [placeholder='Phone']
18:06:24.747 INFO  manager.ListenerWD -- After find element-->By.cssSelector: [placeholder='Phone']
18:06:24.750 INFO  manager.ListenerWD -- Location of element-->input
18:06:24.756 INFO  manager.ListenerWD -- Before click element-->inputtext -->
18:06:24.783 INFO  manager.ListenerWD -- After click element-->input
18:06:24.799 INFO  manager.ListenerWD -- sendKeys -->
18:06:24.801 INFO  manager.ListenerWD -- sendKeys -->input
18:06:24.815 INFO  manager.ListenerWD -- sendKeys -->
18:06:24.817 INFO  manager.ListenerWD -- sendKeys -->input
18:06:24.834 INFO  manager.ListenerWD -- sendKeys -->
18:06:24.836 INFO  manager.ListenerWD -- sendKeys -->input
18:06:24.849 INFO  manager.ListenerWD -- Before find element-->By.cssSelector: [placeholder='email']
18:06:24.856 INFO  manager.ListenerWD -- After find element-->By.cssSelector: [placeholder='email']
18:06:24.858 INFO  manager.ListenerWD -- Location of element-->input
18:06:24.864 INFO  manager.ListenerWD -- Before click element-->inputtext -->
18:06:24.889 INFO  manager.ListenerWD -- After click element-->input
18:06:24.906 INFO  manager.ListenerWD -- sendKeys -->
18:06:24.908 INFO  manager.ListenerWD -- sendKeys -->input
18:06:24.923 INFO  manager.ListenerWD -- sendKeys -->
18:06:24.925 INFO  manager.ListenerWD -- sendKeys -->input
18:06:24.940 INFO  manager.ListenerWD -- sendKeys -->
18:06:24.942 INFO  manager.ListenerWD -- sendKeys -->input
18:06:24.956 INFO  manager.ListenerWD -- Before find element-->By.cssSelector: [placeholder='Address']
18:06:24.964 INFO  manager.ListenerWD -- After find element-->By.cssSelector: [placeholder='Address']
18:06:24.967 INFO  manager.ListenerWD -- Location of element-->input
18:06:24.972 INFO  manager.ListenerWD -- Before click element-->inputtext -->
18:06:24.999 INFO  manager.ListenerWD -- After click element-->input
18:06:25.015 INFO  manager.ListenerWD -- sendKeys -->
18:06:25.017 INFO  manager.ListenerWD -- sendKeys -->input
18:06:25.033 INFO  manager.ListenerWD -- sendKeys -->
18:06:25.035 INFO  manager.ListenerWD -- sendKeys -->input
18:06:25.052 INFO  manager.ListenerWD -- sendKeys -->
18:06:25.054 INFO  manager.ListenerWD -- sendKeys -->input
18:06:25.065 INFO  manager.ListenerWD -- Before find element-->By.cssSelector: [placeholder = 'description']
18:06:25.072 INFO  manager.ListenerWD -- After find element-->By.cssSelector: [placeholder = 'description']
18:06:25.075 INFO  manager.ListenerWD -- Location of element-->input
18:06:25.081 INFO  manager.ListenerWD -- Before click element-->inputtext -->
18:06:25.109 INFO  manager.ListenerWD -- After click element-->input
18:06:25.125 INFO  manager.ListenerWD -- sendKeys -->
18:06:25.126 INFO  manager.ListenerWD -- sendKeys -->input
18:06:25.143 INFO  manager.ListenerWD -- sendKeys -->
18:06:25.145 INFO  manager.ListenerWD -- sendKeys -->input
18:06:25.163 INFO  manager.ListenerWD -- sendKeys -->
18:06:25.166 INFO  manager.ListenerWD -- sendKeys -->input
18:06:25.359 INFO  manager.ListenerWD -- Before find element-->By.cssSelector: .add_form__2rsm2>button
18:06:25.369 INFO  manager.ListenerWD -- After find element-->By.cssSelector: .add_form__2rsm2>button
18:06:25.371 INFO  manager.ListenerWD -- Location of element-->button
18:06:25.378 INFO  manager.ListenerWD -- Before click element-->buttontext -->Save
18:06:25.402 INFO  manager.ListenerWD -- After click element-->button
18:06:25.955 INFO  manager.TestNGListener -- Success test -->addNewContactSuccessAllFieldsCSV
18:06:25.956 INFO  tests.TestBase -- ==============================================
18:06:25.957 INFO  tests.TestBase -- Name of method (test)-->addNewContactSuccessRequiredFields
18:06:25.957 INFO  manager.TestNGListener -- Start test -->addNewContactSuccessRequiredFields
18:06:25.958 INFO  tests.TestBase -- Test data --> name: Tony, lastName:Molly, phone: 34343434385email: molly385@gmail.com, address: Haifa
18:06:25.959 INFO  manager.ListenerWD -- Before find element-->By.cssSelector: a[href='/add']
18:06:25.966 INFO  manager.ListenerWD -- After find element-->By.cssSelector: a[href='/add']
18:06:25.969 INFO  manager.ListenerWD -- Location of element-->a
18:06:25.975 INFO  manager.ListenerWD -- Before click element-->atext -->ADD
18:06:26.001 INFO  manager.ListenerWD -- After click element-->a
18:06:26.001 INFO  manager.ListenerWD -- Before find element-->By.cssSelector: [placeholder='Name']
18:06:26.008 INFO  manager.ListenerWD -- After find element-->By.cssSelector: [placeholder='Name']
18:06:26.011 INFO  manager.ListenerWD -- Location of element-->input
18:06:26.017 INFO  manager.ListenerWD -- Before click element-->inputtext -->
18:06:26.043 INFO  manager.ListenerWD -- After click element-->input
18:06:26.059 INFO  manager.ListenerWD -- sendKeys -->
18:06:26.061 INFO  manager.ListenerWD -- sendKeys -->input
18:06:26.077 INFO  manager.ListenerWD -- sendKeys -->
18:06:26.080 INFO  manager.ListenerWD -- sendKeys -->input
18:06:26.096 INFO  manager.ListenerWD -- sendKeys -->
18:06:26.098 INFO  manager.ListenerWD -- sendKeys -->input
18:06:26.110 INFO  manager.ListenerWD -- Before find element-->By.cssSelector: [placeholder='Last Name']
18:06:26.118 INFO  manager.ListenerWD -- After find element-->By.cssSelector: [placeholder='Last Name']
18:06:26.121 INFO  manager.ListenerWD -- Location of element-->input
18:06:26.126 INFO  manager.ListenerWD -- Before click element-->inputtext -->
18:06:26.154 INFO  manager.ListenerWD -- After click element-->input
18:06:26.170 INFO  manager.ListenerWD -- sendKeys -->
18:06:26.172 INFO  manager.ListenerWD -- sendKeys -->input
18:06:26.187 INFO  manager.ListenerWD -- sendKeys -->
18:06:26.189 INFO  manager.ListenerWD -- sendKeys -->input
18:06:26.208 INFO  manager.ListenerWD -- sendKeys -->
18:06:26.210 INFO  manager.ListenerWD -- sendKeys -->input
18:06:26.223 INFO  manager.ListenerWD -- Before find element-->By.cssSelector: [placeholder='Phone']
18:06:26.230 INFO  manager.ListenerWD -- After find element-->By.cssSelector: [placeholder='Phone']
18:06:26.233 INFO  manager.ListenerWD -- Location of element-->input
18:06:26.238 INFO  manager.ListenerWD -- Before click element-->inputtext -->
18:06:26.267 INFO  manager.ListenerWD -- After click element-->input
18:06:26.282 INFO  manager.ListenerWD -- sendKeys -->
18:06:26.284 INFO  manager.ListenerWD -- sendKeys -->input
18:06:26.300 INFO  manager.ListenerWD -- sendKeys -->
18:06:26.303 INFO  manager.ListenerWD -- sendKeys -->input
18:06:26.320 INFO  manager.ListenerWD -- sendKeys -->
18:06:26.322 INFO  manager.ListenerWD -- sendKeys -->input
18:06:26.334 INFO  manager.ListenerWD -- Before find element-->By.cssSelector: [placeholder='email']
18:06:26.342 INFO  manager.ListenerWD -- After find element-->By.cssSelector: [placeholder='email']
18:06:26.345 INFO  manager.ListenerWD -- Location of element-->input
18:06:26.351 INFO  manager.ListenerWD -- Before click element-->inputtext -->
18:06:26.379 INFO  manager.ListenerWD -- After click element-->input
18:06:26.394 INFO  manager.ListenerWD -- sendKeys -->
18:06:26.396 INFO  manager.ListenerWD -- sendKeys -->input
18:06:26.413 INFO  manager.ListenerWD -- sendKeys -->
18:06:26.415 INFO  manager.ListenerWD -- sendKeys -->input
18:06:26.431 INFO  manager.ListenerWD -- sendKeys -->
18:06:26.433 INFO  manager.ListenerWD -- sendKeys -->input
18:06:26.447 INFO  manager.ListenerWD -- Before find element-->By.cssSelector: [placeholder='Address']
18:06:26.455 INFO  manager.ListenerWD -- After find element-->By.cssSelector: [placeholder='Address']
18:06:26.458 INFO  manager.ListenerWD -- Location of element-->input
18:06:26.463 INFO  manager.ListenerWD -- Before click element-->inputtext -->
18:06:26.489 INFO  manager.ListenerWD -- After click element-->input
18:06:26.503 INFO  manager.ListenerWD -- sendKeys -->
18:06:26.505 INFO  manager.ListenerWD -- sendKeys -->input
18:06:26.522 INFO  manager.ListenerWD -- sendKeys -->
18:06:26.524 INFO  manager.ListenerWD -- sendKeys -->input
18:06:26.539 INFO  manager.ListenerWD -- sendKeys -->
18:06:26.541 INFO  manager.ListenerWD -- sendKeys -->input
18:06:26.553 INFO  manager.ListenerWD -- Before find element-->By.cssSelector: [placeholder = 'description']
18:06:26.560 INFO  manager.ListenerWD -- After find element-->By.cssSelector: [placeholder = 'description']
18:06:26.562 INFO  manager.ListenerWD -- Location of element-->input
18:06:26.568 INFO  manager.ListenerWD -- Before click element-->inputtext -->
18:06:26.596 INFO  manager.ListenerWD -- After click element-->input
18:06:26.612 INFO  manager.ListenerWD -- sendKeys -->
18:06:26.615 INFO  manager.ListenerWD -- sendKeys -->input
18:06:26.629 INFO  manager.ListenerWD -- sendKeys -->
18:06:26.631 INFO  manager.ListenerWD -- sendKeys -->input
18:06:26.642 INFO  manager.ListenerWD -- Before find element-->By.cssSelector: .add_form__2rsm2>button
18:06:26.649 INFO  manager.ListenerWD -- After find element-->By.cssSelector: .add_form__2rsm2>button
18:06:26.652 INFO  manager.ListenerWD -- Location of element-->button
18:06:26.657 INFO  manager.ListenerWD -- Before click element-->buttontext -->Save
18:06:26.679 INFO  manager.ListenerWD -- After click element-->button
18:06:27.172 INFO  tests.TestBase -- Assert check is add contact by name
18:06:27.235 INFO  tests.TestBase -- Assert check is add contact by phone
18:06:27.236 INFO  manager.TestNGListener -- Success test -->addNewContactSuccessRequiredFields
18:06:27.236 INFO  tests.TestBase -- ==============================================
18:06:27.237 INFO  tests.TestBase -- Name of method (test)-->addNewContactWrongEmail
18:06:27.237 INFO  manager.TestNGListener -- Start test -->addNewContactWrongEmail
18:06:27.237 INFO  tests.TestBase -- Test data --> name: Tony, lastName:Molly, phone: 343434342323, email: mollygmail.com, address: Haifa, description: wrong email
18:06:27.237 INFO  manager.ListenerWD -- Before find element-->By.cssSelector: a[href='/add']
18:06:27.244 INFO  manager.ListenerWD -- After find element-->By.cssSelector: a[href='/add']
18:06:27.246 INFO  manager.ListenerWD -- Location of element-->a
18:06:27.252 INFO  manager.ListenerWD -- Before click element-->atext -->ADD
18:06:27.278 INFO  manager.ListenerWD -- After click element-->a
18:06:27.278 INFO  manager.ListenerWD -- Before find element-->By.cssSelector: [placeholder='Name']
18:06:27.286 INFO  manager.ListenerWD -- After find element-->By.cssSelector: [placeholder='Name']
18:06:27.288 INFO  manager.ListenerWD -- Location of element-->input
18:06:27.293 INFO  manager.ListenerWD -- Before click element-->inputtext -->
18:06:27.319 INFO  manager.ListenerWD -- After click element-->input
18:06:27.334 INFO  manager.ListenerWD -- sendKeys -->
18:06:27.335 INFO  manager.ListenerWD -- sendKeys -->input
18:06:27.349 INFO  manager.ListenerWD -- sendKeys -->
18:06:27.351 INFO  manager.ListenerWD -- sendKeys -->input
18:06:27.366 INFO  manager.ListenerWD -- sendKeys -->
18:06:27.368 INFO  manager.ListenerWD -- sendKeys -->input
18:06:27.379 INFO  manager.ListenerWD -- Before find element-->By.cssSelector: [placeholder='Last Name']
18:06:27.387 INFO  manager.ListenerWD -- After find element-->By.cssSelector: [placeholder='Last Name']
18:06:27.389 INFO  manager.ListenerWD -- Location of element-->input
18:06:27.395 INFO  manager.ListenerWD -- Before click element-->inputtext -->
18:06:27.420 INFO  manager.ListenerWD -- After click element-->input
18:06:27.435 INFO  manager.ListenerWD -- sendKeys -->
18:06:27.437 INFO  manager.ListenerWD -- sendKeys -->input
18:06:27.451 INFO  manager.ListenerWD -- sendKeys -->
18:06:27.453 INFO  manager.ListenerWD -- sendKeys -->input
18:06:27.470 INFO  manager.ListenerWD -- sendKeys -->
18:06:27.474 INFO  manager.ListenerWD -- sendKeys -->input
18:06:27.487 INFO  manager.ListenerWD -- Before find element-->By.cssSelector: [placeholder='Phone']
18:06:27.494 INFO  manager.ListenerWD -- After find element-->By.cssSelector: [placeholder='Phone']
18:06:27.497 INFO  manager.ListenerWD -- Location of element-->input
18:06:27.503 INFO  manager.ListenerWD -- Before click element-->inputtext -->
18:06:27.531 INFO  manager.ListenerWD -- After click element-->input
18:06:27.546 INFO  manager.ListenerWD -- sendKeys -->
18:06:27.548 INFO  manager.ListenerWD -- sendKeys -->input
18:06:27.565 INFO  manager.ListenerWD -- sendKeys -->
18:06:27.567 INFO  manager.ListenerWD -- sendKeys -->input
18:06:27.584 INFO  manager.ListenerWD -- sendKeys -->
18:06:27.586 INFO  manager.ListenerWD -- sendKeys -->input
18:06:27.601 INFO  manager.ListenerWD -- Before find element-->By.cssSelector: [placeholder='email']
18:06:27.608 INFO  manager.ListenerWD -- After find element-->By.cssSelector: [placeholder='email']
18:06:27.611 INFO  manager.ListenerWD -- Location of element-->input
18:06:27.617 INFO  manager.ListenerWD -- Before click element-->inputtext -->
18:06:27.643 INFO  manager.ListenerWD -- After click element-->input
18:06:27.660 INFO  manager.ListenerWD -- sendKeys -->
18:06:27.663 INFO  manager.ListenerWD -- sendKeys -->input
18:06:27.680 INFO  manager.ListenerWD -- sendKeys -->
18:06:27.682 INFO  manager.ListenerWD -- sendKeys -->input
18:06:27.699 INFO  manager.ListenerWD -- sendKeys -->
18:06:27.702 INFO  manager.ListenerWD -- sendKeys -->input
18:06:27.717 INFO  manager.ListenerWD -- Before find element-->By.cssSelector: [placeholder='Address']
18:06:27.724 INFO  manager.ListenerWD -- After find element-->By.cssSelector: [placeholder='Address']
18:06:27.727 INFO  manager.ListenerWD -- Location of element-->input
18:06:27.734 INFO  manager.ListenerWD -- Before click element-->inputtext -->
18:06:27.762 INFO  manager.ListenerWD -- After click element-->input
18:06:27.778 INFO  manager.ListenerWD -- sendKeys -->
18:06:27.780 INFO  manager.ListenerWD -- sendKeys -->input
18:06:27.796 INFO  manager.ListenerWD -- sendKeys -->
18:06:27.798 INFO  manager.ListenerWD -- sendKeys -->input
18:06:27.815 INFO  manager.ListenerWD -- sendKeys -->
18:06:27.818 INFO  manager.ListenerWD -- sendKeys -->input
18:06:27.831 INFO  manager.ListenerWD -- Before find element-->By.cssSelector: [placeholder = 'description']
18:06:27.838 INFO  manager.ListenerWD -- After find element-->By.cssSelector: [placeholder = 'description']
18:06:27.842 INFO  manager.ListenerWD -- Location of element-->input
18:06:27.848 INFO  manager.ListenerWD -- Before click element-->inputtext -->
18:06:27.877 INFO  manager.ListenerWD -- After click element-->input
18:06:27.892 INFO  manager.ListenerWD -- sendKeys -->
18:06:27.894 INFO  manager.ListenerWD -- sendKeys -->input
18:06:27.912 INFO  manager.ListenerWD -- sendKeys -->
18:06:27.914 INFO  manager.ListenerWD -- sendKeys -->input
18:06:27.933 INFO  manager.ListenerWD -- sendKeys -->
18:06:27.937 INFO  manager.ListenerWD -- sendKeys -->input
18:06:27.950 INFO  manager.ListenerWD -- Before find element-->By.cssSelector: .add_form__2rsm2>button
18:06:27.957 INFO  manager.ListenerWD -- After find element-->By.cssSelector: .add_form__2rsm2>button
18:06:27.959 INFO  manager.ListenerWD -- Location of element-->button
18:06:27.964 INFO  manager.ListenerWD -- Before click element-->buttontext -->Save
18:06:27.988 INFO  manager.ListenerWD -- After click element-->button
18:06:27.994 INFO  tests.TestBase -- Assert check Add button is active
18:06:28.003 INFO  manager.ListenerWD -- Huston, we have a problem!
18:06:28.003 INFO  manager.ListenerWD -- Failed method:alert
18:06:28.003 INFO  manager.ListenerWD -- **********************
18:06:28.003 INFO  manager.ListenerWD -- Arguments:null
18:06:28.003 INFO  manager.ListenerWD -- **********************
18:06:28.003 INFO  manager.ListenerWD -- Exception:NoAlertPresentException
18:06:28.003 INFO  manager.ListenerWD -- **********************
18:06:28.003 INFO  manager.ListenerWD -- Messageno such alert
  (Session info: chrome=148.0.7778.179)
Build info: version: '4.26.0', revision: '8ccf0219d7'
System info: os.name: 'Windows 10', os.arch: 'amd64', os.version: '10.0', java.version: '17.0.12'
Driver info: org.openqa.selenium.chrome.ChromeDriver
Command: [c26e8bc8a72b595773c2f012f4e3b968, getAlertText {}]
Capabilities {acceptInsecureCerts: false, browserName: chrome, browserVersion: 148.0.7778.179, chrome: {chromedriverVersion: 147.0.7727.57 (b4f28b5637d0..., userDataDir: C:\Users\Nina\AppData\Local...}, fedcm:accounts: true, goog:chromeOptions: {debuggerAddress: localhost:55239}, goog:processID: 13884, networkConnectionEnabled: false, pageLoadStrategy: normal, platformName: windows, proxy: Proxy(), se:cdp: ws://localhost:55239/devtoo..., se:cdpVersion: 148.0.7778.179, setWindowRect: true, strictFileInteractability: false, timeouts: {implicit: 0, pageLoad: 300000, script: 30000}, unhandledPromptBehavior: dismiss and notify, webauthn:extension:credBlob: true, webauthn:extension:largeBlob: true, webauthn:extension:minPinLength: true, webauthn:extension:prf: true, webauthn:virtualAuthenticators: true}
Session ID: c26e8bc8a72b595773c2f012f4e3b968
18:06:28.003 INFO  manager.ListenerWD -- **********************
18:06:28.003 INFO  manager.ListenerWD -- Screen with error is --->src/test/screenshots/screen_1814.png
18:06:28.525 INFO  tests.TestBase -- Assert check is alert present with error test 'Email not valid' 
18:06:28.525 INFO  manager.TestNGListener -- Success test -->addNewContactWrongEmail
18:06:28.526 INFO  tests.TestBase -- ==============================================
18:06:28.526 INFO  tests.TestBase -- Name of method (test)-->addNewContactWrongPhone
18:06:28.527 INFO  manager.TestNGListener -- Start test -->addNewContactWrongPhone
18:06:28.527 INFO  tests.TestBase -- Test data --> name: Tony, lastName:Molly, phone: , email: molly@gmail.com, address: Haifa, description: empty phone
18:06:28.527 INFO  manager.ListenerWD -- Before find element-->By.cssSelector: a[href='/add']
18:06:28.536 INFO  manager.ListenerWD -- After find element-->By.cssSelector: a[href='/add']
18:06:28.540 INFO  manager.ListenerWD -- Location of element-->a
18:06:28.548 INFO  manager.ListenerWD -- Before click element-->atext -->ADD
18:06:28.575 INFO  manager.ListenerWD -- After click element-->a
18:06:28.575 INFO  manager.ListenerWD -- Before find element-->By.cssSelector: [placeholder='Name']
18:06:28.586 INFO  manager.ListenerWD -- After find element-->By.cssSelector: [placeholder='Name']
18:06:28.590 INFO  manager.ListenerWD -- Location of element-->input
18:06:28.596 INFO  manager.ListenerWD -- Before click element-->inputtext -->
18:06:28.636 INFO  manager.ListenerWD -- After click element-->input
18:06:28.655 INFO  manager.ListenerWD -- sendKeys -->
18:06:28.658 INFO  manager.ListenerWD -- sendKeys -->input
18:06:28.685 INFO  manager.ListenerWD -- sendKeys -->
18:06:28.688 INFO  manager.ListenerWD -- sendKeys -->input
18:06:28.706 INFO  manager.ListenerWD -- sendKeys -->
18:06:28.709 INFO  manager.ListenerWD -- sendKeys -->input
18:06:28.728 INFO  manager.ListenerWD -- Before find element-->By.cssSelector: [placeholder='Last Name']
18:06:28.740 INFO  manager.ListenerWD -- After find element-->By.cssSelector: [placeholder='Last Name']
18:06:28.743 INFO  manager.ListenerWD -- Location of element-->input
18:06:28.751 INFO  manager.ListenerWD -- Before click element-->inputtext -->
18:06:28.778 INFO  manager.ListenerWD -- After click element-->input
18:06:28.794 INFO  manager.ListenerWD -- sendKeys -->
18:06:28.796 INFO  manager.ListenerWD -- sendKeys -->input
18:06:28.820 INFO  manager.ListenerWD -- sendKeys -->
18:06:28.822 INFO  manager.ListenerWD -- sendKeys -->input
18:06:28.838 INFO  manager.ListenerWD -- sendKeys -->
18:06:28.840 INFO  manager.ListenerWD -- sendKeys -->input
18:06:28.853 INFO  manager.ListenerWD -- Before find element-->By.cssSelector: [placeholder='Phone']
18:06:28.861 INFO  manager.ListenerWD -- After find element-->By.cssSelector: [placeholder='Phone']
18:06:28.862 INFO  manager.ListenerWD -- Location of element-->input
18:06:28.868 INFO  manager.ListenerWD -- Before click element-->inputtext -->
18:06:28.894 INFO  manager.ListenerWD -- After click element-->input
18:06:28.911 INFO  manager.ListenerWD -- sendKeys -->
18:06:28.914 INFO  manager.ListenerWD -- sendKeys -->input
18:06:28.939 INFO  manager.ListenerWD -- sendKeys -->
18:06:28.942 INFO  manager.ListenerWD -- sendKeys -->input
18:06:28.958 INFO  manager.ListenerWD -- sendKeys -->
18:06:28.960 INFO  manager.ListenerWD -- sendKeys -->input
18:06:28.972 INFO  manager.ListenerWD -- Before find element-->By.cssSelector: [placeholder='email']
18:06:28.979 INFO  manager.ListenerWD -- After find element-->By.cssSelector: [placeholder='email']
18:06:28.982 INFO  manager.ListenerWD -- Location of element-->input
18:06:28.988 INFO  manager.ListenerWD -- Before click element-->inputtext -->
18:06:29.016 INFO  manager.ListenerWD -- After click element-->input
18:06:29.032 INFO  manager.ListenerWD -- sendKeys -->
18:06:29.035 INFO  manager.ListenerWD -- sendKeys -->input
18:06:29.058 INFO  manager.ListenerWD -- sendKeys -->
18:06:29.061 INFO  manager.ListenerWD -- sendKeys -->input
18:06:29.076 INFO  manager.ListenerWD -- sendKeys -->
18:06:29.078 INFO  manager.ListenerWD -- sendKeys -->input
18:06:29.098 INFO  manager.ListenerWD -- Before find element-->By.cssSelector: [placeholder='Address']
18:06:29.105 INFO  manager.ListenerWD -- After find element-->By.cssSelector: [placeholder='Address']
18:06:29.108 INFO  manager.ListenerWD -- Location of element-->input
18:06:29.113 INFO  manager.ListenerWD -- Before click element-->inputtext -->
18:06:29.141 INFO  manager.ListenerWD -- After click element-->input
18:06:29.156 INFO  manager.ListenerWD -- sendKeys -->
18:06:29.160 INFO  manager.ListenerWD -- sendKeys -->input
18:06:29.182 INFO  manager.ListenerWD -- sendKeys -->
18:06:29.184 INFO  manager.ListenerWD -- sendKeys -->input
18:06:29.199 INFO  manager.ListenerWD -- sendKeys -->
18:06:29.201 INFO  manager.ListenerWD -- sendKeys -->input
18:06:29.213 INFO  manager.ListenerWD -- Before find element-->By.cssSelector: [placeholder = 'description']
18:06:29.221 INFO  manager.ListenerWD -- After find element-->By.cssSelector: [placeholder = 'description']
18:06:29.224 INFO  manager.ListenerWD -- Location of element-->input
18:06:29.231 INFO  manager.ListenerWD -- Before click element-->inputtext -->
18:06:29.258 INFO  manager.ListenerWD -- After click element-->input
18:06:29.276 INFO  manager.ListenerWD -- sendKeys -->
18:06:29.278 INFO  manager.ListenerWD -- sendKeys -->input
18:06:29.302 INFO  manager.ListenerWD -- sendKeys -->
18:06:29.304 INFO  manager.ListenerWD -- sendKeys -->input
18:06:29.319 INFO  manager.ListenerWD -- sendKeys -->
18:06:29.321 INFO  manager.ListenerWD -- sendKeys -->input
18:06:29.332 INFO  manager.ListenerWD -- Before find element-->By.cssSelector: .add_form__2rsm2>button
18:06:29.340 INFO  manager.ListenerWD -- After find element-->By.cssSelector: .add_form__2rsm2>button
18:06:29.342 INFO  manager.ListenerWD -- Location of element-->button
18:06:29.348 INFO  manager.ListenerWD -- Before click element-->buttontext -->Save
18:06:29.369 INFO  manager.ListenerWD -- After click element-->button
18:06:29.373 INFO  manager.ListenerWD -- Huston, we have a problem!
18:06:29.373 INFO  manager.ListenerWD -- Failed method:alert
18:06:29.373 INFO  manager.ListenerWD -- **********************
18:06:29.373 INFO  manager.ListenerWD -- Arguments:null
18:06:29.373 INFO  manager.ListenerWD -- **********************
18:06:29.373 INFO  manager.ListenerWD -- Exception:NoAlertPresentException
18:06:29.373 INFO  manager.ListenerWD -- **********************
18:06:29.373 INFO  manager.ListenerWD -- Messageno such alert
  (Session info: chrome=148.0.7778.179)
Build info: version: '4.26.0', revision: '8ccf0219d7'
System info: os.name: 'Windows 10', os.arch: 'amd64', os.version: '10.0', java.version: '17.0.12'
Driver info: org.openqa.selenium.chrome.ChromeDriver
Command: [c26e8bc8a72b595773c2f012f4e3b968, getAlertText {}]
Capabilities {acceptInsecureCerts: false, browserName: chrome, browserVersion: 148.0.7778.179, chrome: {chromedriverVersion: 147.0.7727.57 (b4f28b5637d0..., userDataDir: C:\Users\Nina\AppData\Local...}, fedcm:accounts: true, goog:chromeOptions: {debuggerAddress: localhost:55239}, goog:processID: 13884, networkConnectionEnabled: false, pageLoadStrategy: normal, platformName: windows, proxy: Proxy(), se:cdp: ws://localhost:55239/devtoo..., se:cdpVersion: 148.0.7778.179, setWindowRect: true, strictFileInteractability: false, timeouts: {implicit: 0, pageLoad: 300000, script: 30000}, unhandledPromptBehavior: dismiss and notify, webauthn:extension:credBlob: true, webauthn:extension:largeBlob: true, webauthn:extension:minPinLength: true, webauthn:extension:prf: true, webauthn:virtualAuthenticators: true}
Session ID: c26e8bc8a72b595773c2f012f4e3b968
18:06:29.373 INFO  manager.ListenerWD -- **********************
18:06:29.373 INFO  manager.ListenerWD -- Screen with error is --->src/test/screenshots/screen_1855.png
18:06:29.901 INFO  tests.TestBase -- Assert check is alert present with error test 'Phone not valid' 
18:06:29.912 INFO  tests.TestBase -- Assert check Add button is active
18:06:29.912 INFO  manager.TestNGListener -- Success test -->addNewContactWrongPhone
18:06:29.912 INFO  tests.TestBase -- ==============================================
18:06:29.913 INFO  tests.TestBase -- Name of method (test)-->addNewContactWrongPhone
18:06:29.913 INFO  manager.TestNGListener -- Start test -->addNewContactWrongPhone
18:06:29.913 INFO  tests.TestBase -- Test data --> name: Tony, lastName:Molly, phone: , email: molly@gmail.com, address: Haifa, description: empty phone
18:06:29.913 INFO  manager.ListenerWD -- Before find element-->By.cssSelector: a[href='/add']
18:06:29.922 INFO  manager.ListenerWD -- After find element-->By.cssSelector: a[href='/add']
18:06:29.926 INFO  manager.ListenerWD -- Location of element-->a
18:06:29.936 INFO  manager.ListenerWD -- Before click element-->atext -->ADD
18:06:29.965 INFO  manager.ListenerWD -- After click element-->a
18:06:29.966 INFO  manager.ListenerWD -- Before find element-->By.cssSelector: [placeholder='Name']
18:06:29.974 INFO  manager.ListenerWD -- After find element-->By.cssSelector: [placeholder='Name']
18:06:29.977 INFO  manager.ListenerWD -- Location of element-->input
18:06:29.984 INFO  manager.ListenerWD -- Before click element-->inputtext -->
18:06:30.012 INFO  manager.ListenerWD -- After click element-->input
18:06:30.030 INFO  manager.ListenerWD -- sendKeys -->
18:06:30.032 INFO  manager.ListenerWD -- sendKeys -->input
18:06:30.058 INFO  manager.ListenerWD -- sendKeys -->
18:06:30.061 INFO  manager.ListenerWD -- sendKeys -->input
18:06:30.078 INFO  manager.ListenerWD -- sendKeys -->
18:06:30.082 INFO  manager.ListenerWD -- sendKeys -->input
18:06:30.095 INFO  manager.ListenerWD -- Before find element-->By.cssSelector: [placeholder='Last Name']
18:06:30.102 INFO  manager.ListenerWD -- After find element-->By.cssSelector: [placeholder='Last Name']
18:06:30.105 INFO  manager.ListenerWD -- Location of element-->input
18:06:30.110 INFO  manager.ListenerWD -- Before click element-->inputtext -->
18:06:30.137 INFO  manager.ListenerWD -- After click element-->input
18:06:30.154 INFO  manager.ListenerWD -- sendKeys -->
18:06:30.156 INFO  manager.ListenerWD -- sendKeys -->input
18:06:30.179 INFO  manager.ListenerWD -- sendKeys -->
18:06:30.181 INFO  manager.ListenerWD -- sendKeys -->input
18:06:30.196 INFO  manager.ListenerWD -- sendKeys -->
18:06:30.199 INFO  manager.ListenerWD -- sendKeys -->input
18:06:30.209 INFO  manager.ListenerWD -- Before find element-->By.cssSelector: [placeholder='Phone']
18:06:30.216 INFO  manager.ListenerWD -- After find element-->By.cssSelector: [placeholder='Phone']
18:06:30.218 INFO  manager.ListenerWD -- Location of element-->input
18:06:30.224 INFO  manager.ListenerWD -- Before click element-->inputtext -->
18:06:30.251 INFO  manager.ListenerWD -- After click element-->input
18:06:30.267 INFO  manager.ListenerWD -- sendKeys -->
18:06:30.270 INFO  manager.ListenerWD -- sendKeys -->input
18:06:30.293 INFO  manager.ListenerWD -- sendKeys -->
18:06:30.295 INFO  manager.ListenerWD -- sendKeys -->input
18:06:30.311 INFO  manager.ListenerWD -- sendKeys -->
18:06:30.313 INFO  manager.ListenerWD -- sendKeys -->input
18:06:30.327 INFO  manager.ListenerWD -- Before find element-->By.cssSelector: [placeholder='email']
18:06:30.335 INFO  manager.ListenerWD -- After find element-->By.cssSelector: [placeholder='email']
18:06:30.337 INFO  manager.ListenerWD -- Location of element-->input
18:06:30.343 INFO  manager.ListenerWD -- Before click element-->inputtext -->
18:06:30.370 INFO  manager.ListenerWD -- After click element-->input
18:06:30.386 INFO  manager.ListenerWD -- sendKeys -->
18:06:30.388 INFO  manager.ListenerWD -- sendKeys -->input
18:06:30.413 INFO  manager.ListenerWD -- sendKeys -->
18:06:30.415 INFO  manager.ListenerWD -- sendKeys -->input
18:06:30.432 INFO  manager.ListenerWD -- sendKeys -->
18:06:30.434 INFO  manager.ListenerWD -- sendKeys -->input
18:06:30.448 INFO  manager.ListenerWD -- Before find element-->By.cssSelector: [placeholder='Address']
18:06:30.455 INFO  manager.ListenerWD -- After find element-->By.cssSelector: [placeholder='Address']
18:06:30.457 INFO  manager.ListenerWD -- Location of element-->input
18:06:30.463 INFO  manager.ListenerWD -- Before click element-->inputtext -->
18:06:30.491 INFO  manager.ListenerWD -- After click element-->input
18:06:30.508 INFO  manager.ListenerWD -- sendKeys -->
18:06:30.510 INFO  manager.ListenerWD -- sendKeys -->input
18:06:30.532 INFO  manager.ListenerWD -- sendKeys -->
18:06:30.534 INFO  manager.ListenerWD -- sendKeys -->input
18:06:30.549 INFO  manager.ListenerWD -- sendKeys -->
18:06:30.551 INFO  manager.ListenerWD -- sendKeys -->input
18:06:30.562 INFO  manager.ListenerWD -- Before find element-->By.cssSelector: [placeholder = 'description']
18:06:30.570 INFO  manager.ListenerWD -- After find element-->By.cssSelector: [placeholder = 'description']
18:06:30.573 INFO  manager.ListenerWD -- Location of element-->input
18:06:30.579 INFO  manager.ListenerWD -- Before click element-->inputtext -->
18:06:30.604 INFO  manager.ListenerWD -- After click element-->input
18:06:30.620 INFO  manager.ListenerWD -- sendKeys -->
18:06:30.621 INFO  manager.ListenerWD -- sendKeys -->input
18:06:30.644 INFO  manager.ListenerWD -- sendKeys -->
18:06:30.646 INFO  manager.ListenerWD -- sendKeys -->input
18:06:30.665 INFO  manager.ListenerWD -- sendKeys -->
18:06:30.667 INFO  manager.ListenerWD -- sendKeys -->input
18:06:30.679 INFO  manager.ListenerWD -- Before find element-->By.cssSelector: .add_form__2rsm2>button
18:06:30.687 INFO  manager.ListenerWD -- After find element-->By.cssSelector: .add_form__2rsm2>button
18:06:30.689 INFO  manager.ListenerWD -- Location of element-->button
18:06:30.695 INFO  manager.ListenerWD -- Before click element-->buttontext -->Save
18:06:30.718 INFO  manager.ListenerWD -- After click element-->button
18:06:30.723 INFO  manager.ListenerWD -- Huston, we have a problem!
18:06:30.723 INFO  manager.ListenerWD -- Failed method:alert
18:06:30.723 INFO  manager.ListenerWD -- **********************
18:06:30.723 INFO  manager.ListenerWD -- Arguments:null
18:06:30.723 INFO  manager.ListenerWD -- **********************
18:06:30.723 INFO  manager.ListenerWD -- Exception:NoAlertPresentException
18:06:30.723 INFO  manager.ListenerWD -- **********************
18:06:30.723 INFO  manager.ListenerWD -- Messageno such alert
  (Session info: chrome=148.0.7778.179)
Build info: version: '4.26.0', revision: '8ccf0219d7'
System info: os.name: 'Windows 10', os.arch: 'amd64', os.version: '10.0', java.version: '17.0.12'
Driver info: org.openqa.selenium.chrome.ChromeDriver
Command: [c26e8bc8a72b595773c2f012f4e3b968, getAlertText {}]
Capabilities {acceptInsecureCerts: false, browserName: chrome, browserVersion: 148.0.7778.179, chrome: {chromedriverVersion: 147.0.7727.57 (b4f28b5637d0..., userDataDir: C:\Users\Nina\AppData\Local...}, fedcm:accounts: true, goog:chromeOptions: {debuggerAddress: localhost:55239}, goog:processID: 13884, networkConnectionEnabled: false, pageLoadStrategy: normal, platformName: windows, proxy: Proxy(), se:cdp: ws://localhost:55239/devtoo..., se:cdpVersion: 148.0.7778.179, setWindowRect: true, strictFileInteractability: false, timeouts: {implicit: 0, pageLoad: 300000, script: 30000}, unhandledPromptBehavior: dismiss and notify, webauthn:extension:credBlob: true, webauthn:extension:largeBlob: true, webauthn:extension:minPinLength: true, webauthn:extension:prf: true, webauthn:virtualAuthenticators: true}
Session ID: c26e8bc8a72b595773c2f012f4e3b968
18:06:30.723 INFO  manager.ListenerWD -- **********************
18:06:30.723 INFO  manager.ListenerWD -- Screen with error is --->src/test/screenshots/screen_1928.png
18:06:31.250 INFO  tests.TestBase -- Assert check is alert present with error test 'Phone not valid' 
18:06:31.261 INFO  tests.TestBase -- Assert check Add button is active
18:06:31.261 INFO  manager.TestNGListener -- Success test -->addNewContactWrongPhone
18:06:31.261 INFO  tests.TestBase -- ==============================================
18:06:31.262 INFO  tests.TestBase -- Name of method (test)-->addNewContactWrongPhone
18:06:31.262 INFO  manager.TestNGListener -- Start test -->addNewContactWrongPhone
18:06:31.263 INFO  tests.TestBase -- Test data --> name: Tony, lastName:Molly, phone: , email: molly@gmail.com, address: Haifa, description: empty phone
18:06:31.263 INFO  manager.ListenerWD -- Before find element-->By.cssSelector: a[href='/add']
18:06:31.271 INFO  manager.ListenerWD -- After find element-->By.cssSelector: a[href='/add']
18:06:31.277 INFO  manager.ListenerWD -- Location of element-->a
18:06:31.287 INFO  manager.ListenerWD -- Before click element-->atext -->ADD
18:06:31.316 INFO  manager.ListenerWD -- After click element-->a
18:06:31.316 INFO  manager.ListenerWD -- Before find element-->By.cssSelector: [placeholder='Name']
18:06:31.323 INFO  manager.ListenerWD -- After find element-->By.cssSelector: [placeholder='Name']
18:06:31.326 INFO  manager.ListenerWD -- Location of element-->input
18:06:31.334 INFO  manager.ListenerWD -- Before click element-->inputtext -->
18:06:31.366 INFO  manager.ListenerWD -- After click element-->input
18:06:31.383 INFO  manager.ListenerWD -- sendKeys -->
18:06:31.385 INFO  manager.ListenerWD -- sendKeys -->input
18:06:31.411 INFO  manager.ListenerWD -- sendKeys -->
18:06:31.413 INFO  manager.ListenerWD -- sendKeys -->input
18:06:31.428 INFO  manager.ListenerWD -- sendKeys -->
18:06:31.431 INFO  manager.ListenerWD -- sendKeys -->input
18:06:31.444 INFO  manager.ListenerWD -- Before find element-->By.cssSelector: [placeholder='Last Name']
18:06:31.451 INFO  manager.ListenerWD -- After find element-->By.cssSelector: [placeholder='Last Name']
18:06:31.453 INFO  manager.ListenerWD -- Location of element-->input
18:06:31.459 INFO  manager.ListenerWD -- Before click element-->inputtext -->
18:06:31.486 INFO  manager.ListenerWD -- After click element-->input
18:06:31.503 INFO  manager.ListenerWD -- sendKeys -->
18:06:31.505 INFO  manager.ListenerWD -- sendKeys -->input
18:06:31.529 INFO  manager.ListenerWD -- sendKeys -->
18:06:31.531 INFO  manager.ListenerWD -- sendKeys -->input
18:06:31.546 INFO  manager.ListenerWD -- sendKeys -->
18:06:31.549 INFO  manager.ListenerWD -- sendKeys -->input
18:06:31.561 INFO  manager.ListenerWD -- Before find element-->By.cssSelector: [placeholder='Phone']
18:06:31.567 INFO  manager.ListenerWD -- After find element-->By.cssSelector: [placeholder='Phone']
18:06:31.569 INFO  manager.ListenerWD -- Location of element-->input
18:06:31.575 INFO  manager.ListenerWD -- Before click element-->inputtext -->
18:06:31.602 INFO  manager.ListenerWD -- After click element-->input
18:06:31.617 INFO  manager.ListenerWD -- sendKeys -->
18:06:31.619 INFO  manager.ListenerWD -- sendKeys -->input
18:06:31.643 INFO  manager.ListenerWD -- sendKeys -->
18:06:31.645 INFO  manager.ListenerWD -- sendKeys -->input
18:06:31.661 INFO  manager.ListenerWD -- sendKeys -->
18:06:31.663 INFO  manager.ListenerWD -- sendKeys -->input
18:06:31.677 INFO  manager.ListenerWD -- Before find element-->By.cssSelector: [placeholder='email']
18:06:31.684 INFO  manager.ListenerWD -- After find element-->By.cssSelector: [placeholder='email']
18:06:31.686 INFO  manager.ListenerWD -- Location of element-->input
18:06:31.692 INFO  manager.ListenerWD -- Before click element-->inputtext -->
18:06:31.718 INFO  manager.ListenerWD -- After click element-->input
18:06:31.734 INFO  manager.ListenerWD -- sendKeys -->
18:06:31.736 INFO  manager.ListenerWD -- sendKeys -->input
18:06:31.761 INFO  manager.ListenerWD -- sendKeys -->
18:06:31.764 INFO  manager.ListenerWD -- sendKeys -->input
18:06:31.779 INFO  manager.ListenerWD -- sendKeys -->
18:06:31.781 INFO  manager.ListenerWD -- sendKeys -->input
18:06:31.794 INFO  manager.ListenerWD -- Before find element-->By.cssSelector: [placeholder='Address']
18:06:31.801 INFO  manager.ListenerWD -- After find element-->By.cssSelector: [placeholder='Address']
18:06:31.804 INFO  manager.ListenerWD -- Location of element-->input
18:06:31.809 INFO  manager.ListenerWD -- Before click element-->inputtext -->
18:06:31.837 INFO  manager.ListenerWD -- After click element-->input
18:06:31.854 INFO  manager.ListenerWD -- sendKeys -->
18:06:31.856 INFO  manager.ListenerWD -- sendKeys -->input
18:06:31.879 INFO  manager.ListenerWD -- sendKeys -->
18:06:31.881 INFO  manager.ListenerWD -- sendKeys -->input
18:06:31.897 INFO  manager.ListenerWD -- sendKeys -->
18:06:31.899 INFO  manager.ListenerWD -- sendKeys -->input
18:06:31.911 INFO  manager.ListenerWD -- Before find element-->By.cssSelector: [placeholder = 'description']
18:06:31.917 INFO  manager.ListenerWD -- After find element-->By.cssSelector: [placeholder = 'description']
18:06:31.919 INFO  manager.ListenerWD -- Location of element-->input
18:06:31.924 INFO  manager.ListenerWD -- Before click element-->inputtext -->
18:06:31.953 INFO  manager.ListenerWD -- After click element-->input
18:06:31.968 INFO  manager.ListenerWD -- sendKeys -->
18:06:31.971 INFO  manager.ListenerWD -- sendKeys -->input
18:06:31.994 INFO  manager.ListenerWD -- sendKeys -->
18:06:31.996 INFO  manager.ListenerWD -- sendKeys -->input
18:06:32.011 INFO  manager.ListenerWD -- sendKeys -->
18:06:32.013 INFO  manager.ListenerWD -- sendKeys -->input
18:06:32.024 INFO  manager.ListenerWD -- Before find element-->By.cssSelector: .add_form__2rsm2>button
18:06:32.031 INFO  manager.ListenerWD -- After find element-->By.cssSelector: .add_form__2rsm2>button
18:06:32.033 INFO  manager.ListenerWD -- Location of element-->button
18:06:32.038 INFO  manager.ListenerWD -- Before click element-->buttontext -->Save
18:06:32.063 INFO  manager.ListenerWD -- After click element-->button
18:06:32.067 INFO  manager.ListenerWD -- Huston, we have a problem!
18:06:32.067 INFO  manager.ListenerWD -- Failed method:alert
18:06:32.067 INFO  manager.ListenerWD -- **********************
18:06:32.067 INFO  manager.ListenerWD -- Arguments:null
18:06:32.067 INFO  manager.ListenerWD -- **********************
18:06:32.067 INFO  manager.ListenerWD -- Exception:NoAlertPresentException
18:06:32.067 INFO  manager.ListenerWD -- **********************
18:06:32.067 INFO  manager.ListenerWD -- Messageno such alert
  (Session info: chrome=148.0.7778.179)
Build info: version: '4.26.0', revision: '8ccf0219d7'
System info: os.name: 'Windows 10', os.arch: 'amd64', os.version: '10.0', java.version: '17.0.12'
Driver info: org.openqa.selenium.chrome.ChromeDriver
Command: [c26e8bc8a72b595773c2f012f4e3b968, getAlertText {}]
Capabilities {acceptInsecureCerts: false, browserName: chrome, browserVersion: 148.0.7778.179, chrome: {chromedriverVersion: 147.0.7727.57 (b4f28b5637d0..., userDataDir: C:\Users\Nina\AppData\Local...}, fedcm:accounts: true, goog:chromeOptions: {debuggerAddress: localhost:55239}, goog:processID: 13884, networkConnectionEnabled: false, pageLoadStrategy: normal, platformName: windows, proxy: Proxy(), se:cdp: ws://localhost:55239/devtoo..., se:cdpVersion: 148.0.7778.179, setWindowRect: true, strictFileInteractability: false, timeouts: {implicit: 0, pageLoad: 300000, script: 30000}, unhandledPromptBehavior: dismiss and notify, webauthn:extension:credBlob: true, webauthn:extension:largeBlob: true, webauthn:extension:minPinLength: true, webauthn:extension:prf: true, webauthn:virtualAuthenticators: true}
Session ID: c26e8bc8a72b595773c2f012f4e3b968
18:06:32.067 INFO  manager.ListenerWD -- **********************
18:06:32.067 INFO  manager.ListenerWD -- Screen with error is --->src/test/screenshots/screen_1265.png
18:06:32.601 INFO  tests.TestBase -- Assert check is alert present with error test 'Phone not valid' 
18:06:32.615 INFO  tests.TestBase -- Assert check Add button is active
18:06:32.615 INFO  manager.TestNGListener -- Success test -->addNewContactWrongPhone
18:06:32.616 INFO  tests.TestBase -- ==============================================
18:06:32.616 INFO  tests.TestBase -- Name of method (test)-->addNewContactWrongPhone
18:06:32.617 INFO  manager.TestNGListener -- Start test -->addNewContactWrongPhone
18:06:32.617 INFO  tests.TestBase -- Test data --> name: Tony, lastName:Molly, phone: , email: molly@gmail.com, address: Haifa, description: empty phone
18:06:32.617 INFO  manager.ListenerWD -- Before find element-->By.cssSelector: a[href='/add']
18:06:32.626 INFO  manager.ListenerWD -- After find element-->By.cssSelector: a[href='/add']
18:06:32.628 INFO  manager.ListenerWD -- Location of element-->a
18:06:32.635 INFO  manager.ListenerWD -- Before click element-->atext -->ADD
18:06:32.665 INFO  manager.ListenerWD -- After click element-->a
18:06:32.665 INFO  manager.ListenerWD -- Before find element-->By.cssSelector: [placeholder='Name']
18:06:32.672 INFO  manager.ListenerWD -- After find element-->By.cssSelector: [placeholder='Name']
18:06:32.675 INFO  manager.ListenerWD -- Location of element-->input
18:06:32.682 INFO  manager.ListenerWD -- Before click element-->inputtext -->
18:06:32.713 INFO  manager.ListenerWD -- After click element-->input
18:06:32.732 INFO  manager.ListenerWD -- sendKeys -->
18:06:32.734 INFO  manager.ListenerWD -- sendKeys -->input
18:06:32.758 INFO  manager.ListenerWD -- sendKeys -->
18:06:32.760 INFO  manager.ListenerWD -- sendKeys -->input
18:06:32.774 INFO  manager.ListenerWD -- sendKeys -->
18:06:32.778 INFO  manager.ListenerWD -- sendKeys -->input
18:06:32.791 INFO  manager.ListenerWD -- Before find element-->By.cssSelector: [placeholder='Last Name']
18:06:32.798 INFO  manager.ListenerWD -- After find element-->By.cssSelector: [placeholder='Last Name']
18:06:32.801 INFO  manager.ListenerWD -- Location of element-->input
18:06:32.807 INFO  manager.ListenerWD -- Before click element-->inputtext -->
18:06:32.833 INFO  manager.ListenerWD -- After click element-->input
18:06:32.848 INFO  manager.ListenerWD -- sendKeys -->
18:06:32.850 INFO  manager.ListenerWD -- sendKeys -->input
18:06:32.873 INFO  manager.ListenerWD -- sendKeys -->
18:06:32.875 INFO  manager.ListenerWD -- sendKeys -->input
18:06:32.890 INFO  manager.ListenerWD -- sendKeys -->
18:06:32.894 INFO  manager.ListenerWD -- sendKeys -->input
18:06:32.906 INFO  manager.ListenerWD -- Before find element-->By.cssSelector: [placeholder='Phone']
18:06:32.912 INFO  manager.ListenerWD -- After find element-->By.cssSelector: [placeholder='Phone']
18:06:32.914 INFO  manager.ListenerWD -- Location of element-->input
18:06:32.920 INFO  manager.ListenerWD -- Before click element-->inputtext -->
18:06:32.945 INFO  manager.ListenerWD -- After click element-->input
18:06:32.961 INFO  manager.ListenerWD -- sendKeys -->
18:06:32.963 INFO  manager.ListenerWD -- sendKeys -->input
18:06:32.987 INFO  manager.ListenerWD -- sendKeys -->
18:06:32.989 INFO  manager.ListenerWD -- sendKeys -->input
18:06:33.004 INFO  manager.ListenerWD -- sendKeys -->
18:06:33.006 INFO  manager.ListenerWD -- sendKeys -->input
18:06:33.016 INFO  manager.ListenerWD -- Before find element-->By.cssSelector: [placeholder='email']
18:06:33.023 INFO  manager.ListenerWD -- After find element-->By.cssSelector: [placeholder='email']
18:06:33.025 INFO  manager.ListenerWD -- Location of element-->input
18:06:33.031 INFO  manager.ListenerWD -- Before click element-->inputtext -->
18:06:33.056 INFO  manager.ListenerWD -- After click element-->input
18:06:33.071 INFO  manager.ListenerWD -- sendKeys -->
18:06:33.073 INFO  manager.ListenerWD -- sendKeys -->input
18:06:33.096 INFO  manager.ListenerWD -- sendKeys -->
18:06:33.098 INFO  manager.ListenerWD -- sendKeys -->input
18:06:33.114 INFO  manager.ListenerWD -- sendKeys -->
18:06:33.116 INFO  manager.ListenerWD -- sendKeys -->input
18:06:33.129 INFO  manager.ListenerWD -- Before find element-->By.cssSelector: [placeholder='Address']
18:06:33.136 INFO  manager.ListenerWD -- After find element-->By.cssSelector: [placeholder='Address']
18:06:33.138 INFO  manager.ListenerWD -- Location of element-->input
18:06:33.143 INFO  manager.ListenerWD -- Before click element-->inputtext -->
18:06:33.170 INFO  manager.ListenerWD -- After click element-->input
18:06:33.185 INFO  manager.ListenerWD -- sendKeys -->
18:06:33.187 INFO  manager.ListenerWD -- sendKeys -->input
18:06:33.213 INFO  manager.ListenerWD -- sendKeys -->
18:06:33.215 INFO  manager.ListenerWD -- sendKeys -->input
18:06:33.232 INFO  manager.ListenerWD -- sendKeys -->
18:06:33.234 INFO  manager.ListenerWD -- sendKeys -->input
18:06:33.247 INFO  manager.ListenerWD -- Before find element-->By.cssSelector: [placeholder = 'description']
18:06:33.254 INFO  manager.ListenerWD -- After find element-->By.cssSelector: [placeholder = 'description']
18:06:33.257 INFO  manager.ListenerWD -- Location of element-->input
18:06:33.263 INFO  manager.ListenerWD -- Before click element-->inputtext -->
18:06:33.287 INFO  manager.ListenerWD -- After click element-->input
18:06:33.304 INFO  manager.ListenerWD -- sendKeys -->
18:06:33.306 INFO  manager.ListenerWD -- sendKeys -->input
18:06:33.329 INFO  manager.ListenerWD -- sendKeys -->
18:06:33.331 INFO  manager.ListenerWD -- sendKeys -->input
18:06:33.345 INFO  manager.ListenerWD -- sendKeys -->
18:06:33.347 INFO  manager.ListenerWD -- sendKeys -->input
18:06:33.358 INFO  manager.ListenerWD -- Before find element-->By.cssSelector: .add_form__2rsm2>button
18:06:33.365 INFO  manager.ListenerWD -- After find element-->By.cssSelector: .add_form__2rsm2>button
18:06:33.367 INFO  manager.ListenerWD -- Location of element-->button
18:06:33.373 INFO  manager.ListenerWD -- Before click element-->buttontext -->Save
18:06:33.395 INFO  manager.ListenerWD -- After click element-->button
18:06:33.398 INFO  manager.ListenerWD -- Huston, we have a problem!
18:06:33.398 INFO  manager.ListenerWD -- Failed method:alert
18:06:33.398 INFO  manager.ListenerWD -- **********************
18:06:33.398 INFO  manager.ListenerWD -- Arguments:null
18:06:33.398 INFO  manager.ListenerWD -- **********************
18:06:33.398 INFO  manager.ListenerWD -- Exception:NoAlertPresentException
18:06:33.398 INFO  manager.ListenerWD -- **********************
18:06:33.398 INFO  manager.ListenerWD -- Messageno such alert
  (Session info: chrome=148.0.7778.179)
Build info: version: '4.26.0', revision: '8ccf0219d7'
System info: os.name: 'Windows 10', os.arch: 'amd64', os.version: '10.0', java.version: '17.0.12'
Driver info: org.openqa.selenium.chrome.ChromeDriver
Command: [c26e8bc8a72b595773c2f012f4e3b968, getAlertText {}]
Capabilities {acceptInsecureCerts: false, browserName: chrome, browserVersion: 148.0.7778.179, chrome: {chromedriverVersion: 147.0.7727.57 (b4f28b5637d0..., userDataDir: C:\Users\Nina\AppData\Local...}, fedcm:accounts: true, goog:chromeOptions: {debuggerAddress: localhost:55239}, goog:processID: 13884, networkConnectionEnabled: false, pageLoadStrategy: normal, platformName: windows, proxy: Proxy(), se:cdp: ws://localhost:55239/devtoo..., se:cdpVersion: 148.0.7778.179, setWindowRect: true, strictFileInteractability: false, timeouts: {implicit: 0, pageLoad: 300000, script: 30000}, unhandledPromptBehavior: dismiss and notify, webauthn:extension:credBlob: true, webauthn:extension:largeBlob: true, webauthn:extension:minPinLength: true, webauthn:extension:prf: true, webauthn:virtualAuthenticators: true}
Session ID: c26e8bc8a72b595773c2f012f4e3b968
18:06:33.398 INFO  manager.ListenerWD -- **********************
18:06:33.398 INFO  manager.ListenerWD -- Screen with error is --->src/test/screenshots/screen_1122.png
18:06:33.919 INFO  tests.TestBase -- Assert check is alert present with error test 'Phone not valid' 
18:06:33.930 INFO  tests.TestBase -- Assert check Add button is active
18:06:33.930 INFO  manager.TestNGListener -- Success test -->addNewContactWrongPhone
18:06:33.931 INFO  tests.TestBase -- ==============================================
18:06:33.931 INFO  tests.TestBase -- Name of method (test)-->addNewContactWrongPhone
18:06:33.931 INFO  manager.TestNGListener -- Start test -->addNewContactWrongPhone
18:06:33.931 INFO  tests.TestBase -- Test data --> name: Tony, lastName:Molly, phone: , email: molly@gmail.com, address: Haifa, description: empty phone
18:06:33.931 INFO  manager.ListenerWD -- Before find element-->By.cssSelector: a[href='/add']
18:06:33.941 INFO  manager.ListenerWD -- After find element-->By.cssSelector: a[href='/add']
18:06:33.945 INFO  manager.ListenerWD -- Location of element-->a
18:06:33.954 INFO  manager.ListenerWD -- Before click element-->atext -->ADD
18:06:33.985 INFO  manager.ListenerWD -- After click element-->a
18:06:33.985 INFO  manager.ListenerWD -- Before find element-->By.cssSelector: [placeholder='Name']
18:06:33.992 INFO  manager.ListenerWD -- After find element-->By.cssSelector: [placeholder='Name']
18:06:33.995 INFO  manager.ListenerWD -- Location of element-->input
18:06:34.002 INFO  manager.ListenerWD -- Before click element-->inputtext -->
18:06:34.031 INFO  manager.ListenerWD -- After click element-->input
18:06:34.050 INFO  manager.ListenerWD -- sendKeys -->
18:06:34.053 INFO  manager.ListenerWD -- sendKeys -->input
18:06:34.078 INFO  manager.ListenerWD -- sendKeys -->
18:06:34.080 INFO  manager.ListenerWD -- sendKeys -->input
18:06:34.098 INFO  manager.ListenerWD -- sendKeys -->
18:06:34.100 INFO  manager.ListenerWD -- sendKeys -->input
18:06:34.113 INFO  manager.ListenerWD -- Before find element-->By.cssSelector: [placeholder='Last Name']
18:06:34.120 INFO  manager.ListenerWD -- After find element-->By.cssSelector: [placeholder='Last Name']
18:06:34.122 INFO  manager.ListenerWD -- Location of element-->input
18:06:34.128 INFO  manager.ListenerWD -- Before click element-->inputtext -->
18:06:34.154 INFO  manager.ListenerWD -- After click element-->input
18:06:34.169 INFO  manager.ListenerWD -- sendKeys -->
18:06:34.172 INFO  manager.ListenerWD -- sendKeys -->input
18:06:34.195 INFO  manager.ListenerWD -- sendKeys -->
18:06:34.197 INFO  manager.ListenerWD -- sendKeys -->input
18:06:34.211 INFO  manager.ListenerWD -- sendKeys -->
18:06:34.214 INFO  manager.ListenerWD -- sendKeys -->input
18:06:34.225 INFO  manager.ListenerWD -- Before find element-->By.cssSelector: [placeholder='Phone']
18:06:34.236 INFO  manager.ListenerWD -- After find element-->By.cssSelector: [placeholder='Phone']
18:06:34.238 INFO  manager.ListenerWD -- Location of element-->input
18:06:34.244 INFO  manager.ListenerWD -- Before click element-->inputtext -->
18:06:34.269 INFO  manager.ListenerWD -- After click element-->input
18:06:34.287 INFO  manager.ListenerWD -- sendKeys -->
18:06:34.289 INFO  manager.ListenerWD -- sendKeys -->input
18:06:34.305 INFO  manager.ListenerWD -- sendKeys -->
18:06:34.307 INFO  manager.ListenerWD -- sendKeys -->input
18:06:34.322 INFO  manager.ListenerWD -- sendKeys -->
18:06:34.324 INFO  manager.ListenerWD -- sendKeys -->input
18:06:34.337 INFO  manager.ListenerWD -- Before find element-->By.cssSelector: [placeholder='email']
18:06:34.344 INFO  manager.ListenerWD -- After find element-->By.cssSelector: [placeholder='email']
18:06:34.346 INFO  manager.ListenerWD -- Location of element-->input
18:06:34.351 INFO  manager.ListenerWD -- Before click element-->inputtext -->
18:06:34.377 INFO  manager.ListenerWD -- After click element-->input
18:06:34.392 INFO  manager.ListenerWD -- sendKeys -->
18:06:34.393 INFO  manager.ListenerWD -- sendKeys -->input
18:06:34.415 INFO  manager.ListenerWD -- sendKeys -->
18:06:34.417 INFO  manager.ListenerWD -- sendKeys -->input
18:06:34.432 INFO  manager.ListenerWD -- sendKeys -->
18:06:34.434 INFO  manager.ListenerWD -- sendKeys -->input
18:06:34.447 INFO  manager.ListenerWD -- Before find element-->By.cssSelector: [placeholder='Address']
18:06:34.454 INFO  manager.ListenerWD -- After find element-->By.cssSelector: [placeholder='Address']
18:06:34.456 INFO  manager.ListenerWD -- Location of element-->input
18:06:34.461 INFO  manager.ListenerWD -- Before click element-->inputtext -->
18:06:34.490 INFO  manager.ListenerWD -- After click element-->input
18:06:34.505 INFO  manager.ListenerWD -- sendKeys -->
18:06:34.507 INFO  manager.ListenerWD -- sendKeys -->input
18:06:34.529 INFO  manager.ListenerWD -- sendKeys -->
18:06:34.531 INFO  manager.ListenerWD -- sendKeys -->input
18:06:34.545 INFO  manager.ListenerWD -- sendKeys -->
18:06:34.547 INFO  manager.ListenerWD -- sendKeys -->input
18:06:34.558 INFO  manager.ListenerWD -- Before find element-->By.cssSelector: [placeholder = 'description']
18:06:34.564 INFO  manager.ListenerWD -- After find element-->By.cssSelector: [placeholder = 'description']
18:06:34.567 INFO  manager.ListenerWD -- Location of element-->input
18:06:34.572 INFO  manager.ListenerWD -- Before click element-->inputtext -->
18:06:34.597 INFO  manager.ListenerWD -- After click element-->input
18:06:34.613 INFO  manager.ListenerWD -- sendKeys -->
18:06:34.616 INFO  manager.ListenerWD -- sendKeys -->input
18:06:34.640 INFO  manager.ListenerWD -- sendKeys -->
18:06:34.642 INFO  manager.ListenerWD -- sendKeys -->input
18:06:34.656 INFO  manager.ListenerWD -- sendKeys -->
18:06:34.658 INFO  manager.ListenerWD -- sendKeys -->input
18:06:34.670 INFO  manager.ListenerWD -- Before find element-->By.cssSelector: .add_form__2rsm2>button
18:06:34.677 INFO  manager.ListenerWD -- After find element-->By.cssSelector: .add_form__2rsm2>button
18:06:34.680 INFO  manager.ListenerWD -- Location of element-->button
18:06:34.687 INFO  manager.ListenerWD -- Before click element-->buttontext -->Save
18:06:34.711 INFO  manager.ListenerWD -- After click element-->button
18:06:34.715 INFO  manager.ListenerWD -- Huston, we have a problem!
18:06:34.715 INFO  manager.ListenerWD -- Failed method:alert
18:06:34.715 INFO  manager.ListenerWD -- **********************
18:06:34.715 INFO  manager.ListenerWD -- Arguments:null
18:06:34.715 INFO  manager.ListenerWD -- **********************
18:06:34.715 INFO  manager.ListenerWD -- Exception:NoAlertPresentException
18:06:34.715 INFO  manager.ListenerWD -- **********************
18:06:34.715 INFO  manager.ListenerWD -- Messageno such alert
  (Session info: chrome=148.0.7778.179)
Build info: version: '4.26.0', revision: '8ccf0219d7'
System info: os.name: 'Windows 10', os.arch: 'amd64', os.version: '10.0', java.version: '17.0.12'
Driver info: org.openqa.selenium.chrome.ChromeDriver
Command: [c26e8bc8a72b595773c2f012f4e3b968, getAlertText {}]
Capabilities {acceptInsecureCerts: false, browserName: chrome, browserVersion: 148.0.7778.179, chrome: {chromedriverVersion: 147.0.7727.57 (b4f28b5637d0..., userDataDir: C:\Users\Nina\AppData\Local...}, fedcm:accounts: true, goog:chromeOptions: {debuggerAddress: localhost:55239}, goog:processID: 13884, networkConnectionEnabled: false, pageLoadStrategy: normal, platformName: windows, proxy: Proxy(), se:cdp: ws://localhost:55239/devtoo..., se:cdpVersion: 148.0.7778.179, setWindowRect: true, strictFileInteractability: false, timeouts: {implicit: 0, pageLoad: 300000, script: 30000}, unhandledPromptBehavior: dismiss and notify, webauthn:extension:credBlob: true, webauthn:extension:largeBlob: true, webauthn:extension:minPinLength: true, webauthn:extension:prf: true, webauthn:virtualAuthenticators: true}
Session ID: c26e8bc8a72b595773c2f012f4e3b968
18:06:34.715 INFO  manager.ListenerWD -- **********************
18:06:34.715 INFO  manager.ListenerWD -- Screen with error is --->src/test/screenshots/screen_1908.png
18:06:35.240 INFO  tests.TestBase -- Assert check is alert present with error test 'Phone not valid' 
18:06:35.249 INFO  tests.TestBase -- Assert check Add button is active
18:06:35.249 INFO  manager.TestNGListener -- Success test -->addNewContactWrongPhone
18:06:35.250 INFO  tests.TestBase -- ==============================================
18:06:35.252 INFO  tests.TestBase -- Name of method (test)-->loginSuccess
18:06:35.264 INFO  manager.ListenerWD -- Before find element-->By.xpath: //button[text()='Sign Out']
18:06:35.278 INFO  manager.ListenerWD -- After find element-->By.xpath: //button[text()='Sign Out']
18:06:35.282 INFO  manager.ListenerWD -- Location of element-->button
18:06:35.288 INFO  manager.ListenerWD -- Before click element-->buttontext -->Sign Out
18:06:35.326 INFO  tests.TestBase -- Before method finished logout
18:06:35.327 INFO  manager.TestNGListener -- Start test -->loginSuccess
18:06:35.327 INFO  tests.TestBase -- Start test with name 'loginSuccess'
18:06:35.327 INFO  tests.TestBase -- Test data ---> email: lolik@gmail.com & password: Lolik123!
18:06:35.328 INFO  manager.ListenerWD -- Before find element-->By.cssSelector: a[href='/login']
18:06:35.337 INFO  manager.ListenerWD -- After find element-->By.cssSelector: a[href='/login']
18:06:35.339 INFO  manager.ListenerWD -- Location of element-->a
18:06:35.345 INFO  manager.ListenerWD -- Before click element-->atext -->LOGIN
18:06:35.377 INFO  manager.ListenerWD -- After click element-->a
18:06:35.377 INFO  manager.HelperBase -- Open form by ckick on button with locator a[href='/login']
18:06:35.378 INFO  manager.ListenerWD -- Before find element-->By.name: email
18:06:35.387 INFO  manager.ListenerWD -- After find element-->By.name: email
18:06:35.390 INFO  manager.ListenerWD -- Location of element-->input
18:06:35.395 INFO  manager.ListenerWD -- Before click element-->inputtext -->
18:06:35.435 INFO  manager.ListenerWD -- After click element-->input
18:06:35.452 INFO  manager.ListenerWD -- sendKeys -->
18:06:35.454 INFO  manager.ListenerWD -- sendKeys -->input
18:06:35.468 INFO  manager.ListenerWD -- sendKeys -->
18:06:35.470 INFO  manager.ListenerWD -- sendKeys -->input
18:06:35.486 INFO  manager.ListenerWD -- sendKeys -->
18:06:35.489 INFO  manager.ListenerWD -- sendKeys -->input
18:06:35.503 INFO  manager.HelperBase -- type in input with locator By.name("email") 
18:06:35.504 INFO  manager.ListenerWD -- Before find element-->By.xpath: //input[@placeholder='Password']
18:06:35.512 INFO  manager.ListenerWD -- After find element-->By.xpath: //input[@placeholder='Password']
18:06:35.515 INFO  manager.ListenerWD -- Location of element-->input
18:06:35.520 INFO  manager.ListenerWD -- Before click element-->inputtext -->
18:06:35.554 INFO  manager.ListenerWD -- After click element-->input
18:06:35.569 INFO  manager.ListenerWD -- sendKeys -->
18:06:35.571 INFO  manager.ListenerWD -- sendKeys -->input
18:06:35.588 INFO  manager.ListenerWD -- sendKeys -->
18:06:35.590 INFO  manager.ListenerWD -- sendKeys -->input
18:06:35.607 INFO  manager.ListenerWD -- sendKeys -->
18:06:35.609 INFO  manager.ListenerWD -- sendKeys -->input
18:06:35.623 INFO  manager.ListenerWD -- Before find element-->By.xpath: //button[text()='Login']
18:06:35.631 INFO  manager.ListenerWD -- After find element-->By.xpath: //button[text()='Login']
18:06:35.634 INFO  manager.ListenerWD -- Location of element-->button
18:06:35.639 INFO  manager.ListenerWD -- Before click element-->buttontext -->Login
18:06:36.000 INFO  tests.TestBase -- Assert check is element button 'Sign out' present
18:06:36.001 INFO  manager.TestNGListener -- Success test -->loginSuccess
18:06:36.002 INFO  tests.TestBase -- ==============================================
18:06:36.003 INFO  tests.TestBase -- Name of method (test)-->loginSuccess
18:06:36.011 INFO  manager.ListenerWD -- Before find element-->By.xpath: //button[text()='Sign Out']
18:06:36.020 INFO  manager.ListenerWD -- After find element-->By.xpath: //button[text()='Sign Out']
18:06:36.024 INFO  manager.ListenerWD -- Location of element-->button
18:06:36.029 INFO  manager.ListenerWD -- Before click element-->buttontext -->Sign Out
18:06:36.062 INFO  tests.TestBase -- Before method finished logout
18:06:36.062 INFO  manager.TestNGListener -- Start test -->loginSuccess
18:06:36.062 INFO  tests.TestBase -- Start test with name 'loginSuccess'
18:06:36.062 INFO  tests.TestBase -- Test data ---> email: sonya@gmail.com & password: Ss12345$
18:06:36.062 INFO  manager.ListenerWD -- Before find element-->By.cssSelector: a[href='/login']
18:06:36.069 INFO  manager.ListenerWD -- After find element-->By.cssSelector: a[href='/login']
18:06:36.072 INFO  manager.ListenerWD -- Location of element-->a
18:06:36.078 INFO  manager.ListenerWD -- Before click element-->atext -->LOGIN
18:06:36.104 INFO  manager.ListenerWD -- After click element-->a
18:06:36.104 INFO  manager.HelperBase -- Open form by ckick on button with locator a[href='/login']
18:06:36.104 INFO  manager.ListenerWD -- Before find element-->By.name: email
18:06:36.111 INFO  manager.ListenerWD -- After find element-->By.name: email
18:06:36.114 INFO  manager.ListenerWD -- Location of element-->input
18:06:36.119 INFO  manager.ListenerWD -- Before click element-->inputtext -->
18:06:36.150 INFO  manager.ListenerWD -- After click element-->input
18:06:36.166 INFO  manager.ListenerWD -- sendKeys -->
18:06:36.168 INFO  manager.ListenerWD -- sendKeys -->input
18:06:36.182 INFO  manager.ListenerWD -- sendKeys -->
18:06:36.184 INFO  manager.ListenerWD -- sendKeys -->input
18:06:36.199 INFO  manager.ListenerWD -- sendKeys -->
18:06:36.201 INFO  manager.ListenerWD -- sendKeys -->input
18:06:36.216 INFO  manager.HelperBase -- type in input with locator By.name("email") 
18:06:36.216 INFO  manager.ListenerWD -- Before find element-->By.xpath: //input[@placeholder='Password']
18:06:36.224 INFO  manager.ListenerWD -- After find element-->By.xpath: //input[@placeholder='Password']
18:06:36.227 INFO  manager.ListenerWD -- Location of element-->input
18:06:36.232 INFO  manager.ListenerWD -- Before click element-->inputtext -->
18:06:36.267 INFO  manager.ListenerWD -- After click element-->input
18:06:36.283 INFO  manager.ListenerWD -- sendKeys -->
18:06:36.285 INFO  manager.ListenerWD -- sendKeys -->input
18:06:36.300 INFO  manager.ListenerWD -- sendKeys -->
18:06:36.302 INFO  manager.ListenerWD -- sendKeys -->input
18:06:36.319 INFO  manager.ListenerWD -- sendKeys -->
18:06:36.322 INFO  manager.ListenerWD -- sendKeys -->input
18:06:36.336 INFO  manager.ListenerWD -- Before find element-->By.xpath: //button[text()='Login']
18:06:36.343 INFO  manager.ListenerWD -- After find element-->By.xpath: //button[text()='Login']
18:06:36.345 INFO  manager.ListenerWD -- Location of element-->button
18:06:36.352 INFO  manager.ListenerWD -- Before click element-->buttontext -->Login
18:06:36.702 INFO  tests.TestBase -- Assert check is element button 'Sign out' present
18:06:36.703 INFO  manager.TestNGListener -- Success test -->loginSuccess
18:06:36.703 INFO  tests.TestBase -- ==============================================
18:06:36.704 INFO  tests.TestBase -- Name of method (test)-->loginSuccess
18:06:36.712 INFO  manager.ListenerWD -- Before find element-->By.xpath: //button[text()='Sign Out']
18:06:36.719 INFO  manager.ListenerWD -- After find element-->By.xpath: //button[text()='Sign Out']
18:06:36.722 INFO  manager.ListenerWD -- Location of element-->button
18:06:36.728 INFO  manager.ListenerWD -- Before click element-->buttontext -->Sign Out
18:06:36.761 INFO  tests.TestBase -- Before method finished logout
18:06:36.762 INFO  manager.TestNGListener -- Start test -->loginSuccess
18:06:36.762 INFO  tests.TestBase -- Start test with name 'loginSuccess'
18:06:36.762 INFO  tests.TestBase -- Test data ---> email: art276@art.com & password: $Art1$2$3456789
18:06:36.762 INFO  manager.ListenerWD -- Before find element-->By.cssSelector: a[href='/login']
18:06:36.770 INFO  manager.ListenerWD -- After find element-->By.cssSelector: a[href='/login']
18:06:36.773 INFO  manager.ListenerWD -- Location of element-->a
18:06:36.778 INFO  manager.ListenerWD -- Before click element-->atext -->LOGIN
18:06:36.803 INFO  manager.ListenerWD -- After click element-->a
18:06:36.803 INFO  manager.HelperBase -- Open form by ckick on button with locator a[href='/login']
18:06:36.803 INFO  manager.ListenerWD -- Before find element-->By.name: email
18:06:36.810 INFO  manager.ListenerWD -- After find element-->By.name: email
18:06:36.813 INFO  manager.ListenerWD -- Location of element-->input
18:06:36.819 INFO  manager.ListenerWD -- Before click element-->inputtext -->
18:06:36.851 INFO  manager.ListenerWD -- After click element-->input
18:06:36.867 INFO  manager.ListenerWD -- sendKeys -->
18:06:36.868 INFO  manager.ListenerWD -- sendKeys -->input
18:06:36.886 INFO  manager.ListenerWD -- sendKeys -->
18:06:36.888 INFO  manager.ListenerWD -- sendKeys -->input
18:06:36.907 INFO  manager.ListenerWD -- sendKeys -->
18:06:36.910 INFO  manager.ListenerWD -- sendKeys -->input
18:06:36.923 INFO  manager.HelperBase -- type in input with locator By.name("email") 
18:06:36.924 INFO  manager.ListenerWD -- Before find element-->By.xpath: //input[@placeholder='Password']
18:06:36.931 INFO  manager.ListenerWD -- After find element-->By.xpath: //input[@placeholder='Password']
18:06:36.934 INFO  manager.ListenerWD -- Location of element-->input
18:06:36.940 INFO  manager.ListenerWD -- Before click element-->inputtext -->
18:06:36.975 INFO  manager.ListenerWD -- After click element-->input
18:06:36.993 INFO  manager.ListenerWD -- sendKeys -->
18:06:36.995 INFO  manager.ListenerWD -- sendKeys -->input
18:06:37.011 INFO  manager.ListenerWD -- sendKeys -->
18:06:37.014 INFO  manager.ListenerWD -- sendKeys -->input
18:06:37.031 INFO  manager.ListenerWD -- sendKeys -->
18:06:37.032 INFO  manager.ListenerWD -- sendKeys -->input
18:06:37.048 INFO  manager.ListenerWD -- Before find element-->By.xpath: //button[text()='Login']
18:06:37.055 INFO  manager.ListenerWD -- After find element-->By.xpath: //button[text()='Login']
18:06:37.057 INFO  manager.ListenerWD -- Location of element-->button
18:06:37.063 INFO  manager.ListenerWD -- Before click element-->buttontext -->Login
18:06:37.409 INFO  tests.TestBase -- Assert check is element button 'Sign out' present
18:06:37.409 INFO  manager.TestNGListener -- Success test -->loginSuccess
18:06:37.410 INFO  tests.TestBase -- ==============================================
18:06:37.410 INFO  tests.TestBase -- Name of method (test)-->loginSuccess1
18:06:37.419 INFO  manager.ListenerWD -- Before find element-->By.xpath: //button[text()='Sign Out']
18:06:37.425 INFO  manager.ListenerWD -- After find element-->By.xpath: //button[text()='Sign Out']
18:06:37.428 INFO  manager.ListenerWD -- Location of element-->button
18:06:37.434 INFO  manager.ListenerWD -- Before click element-->buttontext -->Sign Out
18:06:37.466 INFO  tests.TestBase -- Before method finished logout
18:06:37.467 INFO  manager.TestNGListener -- Start test -->loginSuccess1
18:06:37.467 INFO  manager.ListenerWD -- Before find element-->By.cssSelector: a[href='/login']
18:06:37.474 INFO  manager.ListenerWD -- After find element-->By.cssSelector: a[href='/login']
18:06:37.477 INFO  manager.ListenerWD -- Location of element-->a
18:06:37.483 INFO  manager.ListenerWD -- Before click element-->atext -->LOGIN
18:06:37.512 INFO  manager.ListenerWD -- After click element-->a
18:06:37.512 INFO  manager.HelperBase -- Open form by ckick on button with locator a[href='/login']
18:06:37.512 INFO  manager.ListenerWD -- Before find element-->By.name: email
18:06:37.519 INFO  manager.ListenerWD -- After find element-->By.name: email
18:06:37.521 INFO  manager.ListenerWD -- Location of element-->input
18:06:37.527 INFO  manager.ListenerWD -- Before click element-->inputtext -->
18:06:37.564 INFO  manager.ListenerWD -- After click element-->input
18:06:37.580 INFO  manager.ListenerWD -- sendKeys -->
18:06:37.582 INFO  manager.ListenerWD -- sendKeys -->input
18:06:37.597 INFO  manager.ListenerWD -- sendKeys -->
18:06:37.599 INFO  manager.ListenerWD -- sendKeys -->input
18:06:37.614 INFO  manager.ListenerWD -- sendKeys -->
18:06:37.616 INFO  manager.ListenerWD -- sendKeys -->input
18:06:37.629 INFO  manager.ListenerWD -- Before find element-->By.xpath: //input[@placeholder='Password']
18:06:37.636 INFO  manager.ListenerWD -- After find element-->By.xpath: //input[@placeholder='Password']
18:06:37.639 INFO  manager.ListenerWD -- Location of element-->input
18:06:37.644 INFO  manager.ListenerWD -- Before click element-->inputtext -->
18:06:37.678 INFO  manager.ListenerWD -- After click element-->input
18:06:37.692 INFO  manager.ListenerWD -- sendKeys -->
18:06:37.694 INFO  manager.ListenerWD -- sendKeys -->input
18:06:37.709 INFO  manager.ListenerWD -- sendKeys -->
18:06:37.711 INFO  manager.ListenerWD -- sendKeys -->input
18:06:37.727 INFO  manager.ListenerWD -- sendKeys -->
18:06:37.729 INFO  manager.ListenerWD -- sendKeys -->input
18:06:37.742 INFO  manager.ListenerWD -- Before find element-->By.xpath: //button[text()='Login']
18:06:37.749 INFO  manager.ListenerWD -- After find element-->By.xpath: //button[text()='Login']
18:06:37.753 INFO  manager.ListenerWD -- Location of element-->button
18:06:37.758 INFO  manager.ListenerWD -- Before click element-->buttontext -->Login
18:06:38.101 INFO  manager.TestNGListener -- Success test -->loginSuccess1
18:06:38.102 INFO  tests.TestBase -- ==============================================
18:06:38.102 INFO  tests.TestBase -- Name of method (test)-->loginSuccessModel
18:06:38.110 INFO  manager.ListenerWD -- Before find element-->By.xpath: //button[text()='Sign Out']
18:06:38.118 INFO  manager.ListenerWD -- After find element-->By.xpath: //button[text()='Sign Out']
18:06:38.123 INFO  manager.ListenerWD -- Location of element-->button
18:06:38.129 INFO  manager.ListenerWD -- Before click element-->buttontext -->Sign Out
18:06:38.160 INFO  tests.TestBase -- Before method finished logout
18:06:38.161 INFO  manager.TestNGListener -- Start test -->loginSuccessModel
18:06:38.161 INFO  tests.TestBase -- Test data---> User{email='lolik@gmail.com', password='Lolik123!'}
18:06:38.161 INFO  manager.ListenerWD -- Before find element-->By.cssSelector: a[href='/login']
18:06:38.169 INFO  manager.ListenerWD -- After find element-->By.cssSelector: a[href='/login']
18:06:38.171 INFO  manager.ListenerWD -- Location of element-->a
18:06:38.177 INFO  manager.ListenerWD -- Before click element-->atext -->LOGIN
18:06:38.204 INFO  manager.ListenerWD -- After click element-->a
18:06:38.204 INFO  manager.HelperBase -- Open form by ckick on button with locator a[href='/login']
18:06:38.204 INFO  manager.ListenerWD -- Before find element-->By.name: email
18:06:38.210 INFO  manager.ListenerWD -- After find element-->By.name: email
18:06:38.213 INFO  manager.ListenerWD -- Location of element-->input
18:06:38.219 INFO  manager.ListenerWD -- Before click element-->inputtext -->
18:06:38.251 INFO  manager.ListenerWD -- After click element-->input
18:06:38.266 INFO  manager.ListenerWD -- sendKeys -->
18:06:38.268 INFO  manager.ListenerWD -- sendKeys -->input
18:06:38.282 INFO  manager.ListenerWD -- sendKeys -->
18:06:38.284 INFO  manager.ListenerWD -- sendKeys -->input
18:06:38.300 INFO  manager.ListenerWD -- sendKeys -->
18:06:38.302 INFO  manager.ListenerWD -- sendKeys -->input
18:06:38.316 INFO  manager.ListenerWD -- Before find element-->By.xpath: //input[@placeholder='Password']
18:06:38.323 INFO  manager.ListenerWD -- After find element-->By.xpath: //input[@placeholder='Password']
18:06:38.325 INFO  manager.ListenerWD -- Location of element-->input
18:06:38.331 INFO  manager.ListenerWD -- Before click element-->inputtext -->
18:06:38.364 INFO  manager.ListenerWD -- After click element-->input
18:06:38.379 INFO  manager.ListenerWD -- sendKeys -->
18:06:38.380 INFO  manager.ListenerWD -- sendKeys -->input
18:06:38.396 INFO  manager.ListenerWD -- sendKeys -->
18:06:38.398 INFO  manager.ListenerWD -- sendKeys -->input
18:06:38.416 INFO  manager.ListenerWD -- sendKeys -->
18:06:38.417 INFO  manager.ListenerWD -- sendKeys -->input
18:06:38.431 INFO  manager.ListenerWD -- Before find element-->By.xpath: //button[text()='Login']
18:06:38.438 INFO  manager.ListenerWD -- After find element-->By.xpath: //button[text()='Login']
18:06:38.440 INFO  manager.ListenerWD -- Location of element-->button
18:06:38.446 INFO  manager.ListenerWD -- Before click element-->buttontext -->Login
18:06:38.793 INFO  tests.TestBase -- Assert check is element button 'Sign out' present
18:06:38.793 INFO  manager.TestNGListener -- Success test -->loginSuccessModel
18:06:38.794 INFO  tests.TestBase -- ==============================================
18:06:38.795 INFO  tests.TestBase -- Name of method (test)-->loginSuccessModel
18:06:38.805 INFO  manager.ListenerWD -- Before find element-->By.xpath: //button[text()='Sign Out']
18:06:38.813 INFO  manager.ListenerWD -- After find element-->By.xpath: //button[text()='Sign Out']
18:06:38.815 INFO  manager.ListenerWD -- Location of element-->button
18:06:38.821 INFO  manager.ListenerWD -- Before click element-->buttontext -->Sign Out
18:06:38.851 INFO  tests.TestBase -- Before method finished logout
18:06:38.852 INFO  manager.TestNGListener -- Start test -->loginSuccessModel
18:06:38.852 INFO  tests.TestBase -- Test data---> User{email='sonya@gmail.com', password='Ss12345$'}
18:06:38.852 INFO  manager.ListenerWD -- Before find element-->By.cssSelector: a[href='/login']
18:06:38.860 INFO  manager.ListenerWD -- After find element-->By.cssSelector: a[href='/login']
18:06:38.862 INFO  manager.ListenerWD -- Location of element-->a
18:06:38.867 INFO  manager.ListenerWD -- Before click element-->atext -->LOGIN
18:06:38.894 INFO  manager.ListenerWD -- After click element-->a
18:06:38.894 INFO  manager.HelperBase -- Open form by ckick on button with locator a[href='/login']
18:06:38.894 INFO  manager.ListenerWD -- Before find element-->By.name: email
18:06:38.901 INFO  manager.ListenerWD -- After find element-->By.name: email
18:06:38.903 INFO  manager.ListenerWD -- Location of element-->input
18:06:38.909 INFO  manager.ListenerWD -- Before click element-->inputtext -->
18:06:38.941 INFO  manager.ListenerWD -- After click element-->input
18:06:38.956 INFO  manager.ListenerWD -- sendKeys -->
18:06:38.958 INFO  manager.ListenerWD -- sendKeys -->input
18:06:38.972 INFO  manager.ListenerWD -- sendKeys -->
18:06:38.974 INFO  manager.ListenerWD -- sendKeys -->input
18:06:38.988 INFO  manager.ListenerWD -- sendKeys -->
18:06:38.990 INFO  manager.ListenerWD -- sendKeys -->input
18:06:39.003 INFO  manager.ListenerWD -- Before find element-->By.xpath: //input[@placeholder='Password']
18:06:39.010 INFO  manager.ListenerWD -- After find element-->By.xpath: //input[@placeholder='Password']
18:06:39.013 INFO  manager.ListenerWD -- Location of element-->input
18:06:39.018 INFO  manager.ListenerWD -- Before click element-->inputtext -->
18:06:39.052 INFO  manager.ListenerWD -- After click element-->input
18:06:39.068 INFO  manager.ListenerWD -- sendKeys -->
18:06:39.070 INFO  manager.ListenerWD -- sendKeys -->input
18:06:39.088 INFO  manager.ListenerWD -- sendKeys -->
18:06:39.090 INFO  manager.ListenerWD -- sendKeys -->input
18:06:39.104 INFO  manager.ListenerWD -- sendKeys -->
18:06:39.106 INFO  manager.ListenerWD -- sendKeys -->input
18:06:39.119 INFO  manager.ListenerWD -- Before find element-->By.xpath: //button[text()='Login']
18:06:39.130 INFO  manager.ListenerWD -- After find element-->By.xpath: //button[text()='Login']
18:06:39.133 INFO  manager.ListenerWD -- Location of element-->button
18:06:39.139 INFO  manager.ListenerWD -- Before click element-->buttontext -->Login
18:06:39.482 INFO  tests.TestBase -- Assert check is element button 'Sign out' present
18:06:39.483 INFO  manager.TestNGListener -- Success test -->loginSuccessModel
18:06:39.483 INFO  tests.TestBase -- ==============================================
18:06:39.484 INFO  tests.TestBase -- Name of method (test)-->loginSuccessModelDPF
18:06:39.494 INFO  manager.ListenerWD -- Before find element-->By.xpath: //button[text()='Sign Out']
18:06:39.502 INFO  manager.ListenerWD -- After find element-->By.xpath: //button[text()='Sign Out']
18:06:39.504 INFO  manager.ListenerWD -- Location of element-->button
18:06:39.510 INFO  manager.ListenerWD -- Before click element-->buttontext -->Sign Out
18:06:39.540 INFO  tests.TestBase -- Before method finished logout
18:06:39.540 INFO  manager.TestNGListener -- Start test -->loginSuccessModelDPF
18:06:39.540 INFO  tests.TestBase -- Test data---> User{email='lolik@gmail.com', password='Lolik123!'}
18:06:39.541 INFO  manager.ListenerWD -- Before find element-->By.cssSelector: a[href='/login']
18:06:39.548 INFO  manager.ListenerWD -- After find element-->By.cssSelector: a[href='/login']
18:06:39.550 INFO  manager.ListenerWD -- Location of element-->a
18:06:39.556 INFO  manager.ListenerWD -- Before click element-->atext -->LOGIN
18:06:39.583 INFO  manager.ListenerWD -- After click element-->a
18:06:39.583 INFO  manager.HelperBase -- Open form by ckick on button with locator a[href='/login']
18:06:39.583 INFO  manager.ListenerWD -- Before find element-->By.name: email
18:06:39.589 INFO  manager.ListenerWD -- After find element-->By.name: email
18:06:39.591 INFO  manager.ListenerWD -- Location of element-->input
18:06:39.597 INFO  manager.ListenerWD -- Before click element-->inputtext -->
18:06:39.628 INFO  manager.ListenerWD -- After click element-->input
18:06:39.642 INFO  manager.ListenerWD -- sendKeys -->
18:06:39.645 INFO  manager.ListenerWD -- sendKeys -->input
18:06:39.660 INFO  manager.ListenerWD -- sendKeys -->
18:06:39.662 INFO  manager.ListenerWD -- sendKeys -->input
18:06:39.678 INFO  manager.ListenerWD -- sendKeys -->
18:06:39.680 INFO  manager.ListenerWD -- sendKeys -->input
18:06:39.694 INFO  manager.ListenerWD -- Before find element-->By.xpath: //input[@placeholder='Password']
18:06:39.701 INFO  manager.ListenerWD -- After find element-->By.xpath: //input[@placeholder='Password']
18:06:39.702 INFO  manager.ListenerWD -- Location of element-->input
18:06:39.708 INFO  manager.ListenerWD -- Before click element-->inputtext -->
18:06:39.743 INFO  manager.ListenerWD -- After click element-->input
18:06:39.758 INFO  manager.ListenerWD -- sendKeys -->
18:06:39.760 INFO  manager.ListenerWD -- sendKeys -->input
18:06:39.777 INFO  manager.ListenerWD -- sendKeys -->
18:06:39.779 INFO  manager.ListenerWD -- sendKeys -->input
18:06:39.793 INFO  manager.ListenerWD -- sendKeys -->
18:06:39.795 INFO  manager.ListenerWD -- sendKeys -->input
18:06:39.808 INFO  manager.ListenerWD -- Before find element-->By.xpath: //button[text()='Login']
18:06:39.816 INFO  manager.ListenerWD -- After find element-->By.xpath: //button[text()='Login']
18:06:39.818 INFO  manager.ListenerWD -- Location of element-->button
18:06:39.824 INFO  manager.ListenerWD -- Before click element-->buttontext -->Login
18:06:40.172 INFO  tests.TestBase -- Assert check is element button 'Sign out' present
18:06:40.172 INFO  manager.TestNGListener -- Success test -->loginSuccessModelDPF
18:06:40.173 INFO  tests.TestBase -- ==============================================
18:06:40.173 INFO  tests.TestBase -- Name of method (test)-->loginSuccessModelDPF
18:06:40.183 INFO  manager.ListenerWD -- Before find element-->By.xpath: //button[text()='Sign Out']
18:06:40.190 INFO  manager.ListenerWD -- After find element-->By.xpath: //button[text()='Sign Out']
18:06:40.193 INFO  manager.ListenerWD -- Location of element-->button
18:06:40.199 INFO  manager.ListenerWD -- Before click element-->buttontext -->Sign Out
18:06:40.229 INFO  tests.TestBase -- Before method finished logout
18:06:40.229 INFO  manager.TestNGListener -- Start test -->loginSuccessModelDPF
18:06:40.229 INFO  tests.TestBase -- Test data---> User{email='sonya@gmail.com', password='Ss12345$'}
18:06:40.230 INFO  manager.ListenerWD -- Before find element-->By.cssSelector: a[href='/login']
18:06:40.237 INFO  manager.ListenerWD -- After find element-->By.cssSelector: a[href='/login']
18:06:40.240 INFO  manager.ListenerWD -- Location of element-->a
18:06:40.246 INFO  manager.ListenerWD -- Before click element-->atext -->LOGIN
18:06:40.270 INFO  manager.ListenerWD -- After click element-->a
18:06:40.270 INFO  manager.HelperBase -- Open form by ckick on button with locator a[href='/login']
18:06:40.270 INFO  manager.ListenerWD -- Before find element-->By.name: email
18:06:40.277 INFO  manager.ListenerWD -- After find element-->By.name: email
18:06:40.279 INFO  manager.ListenerWD -- Location of element-->input
18:06:40.285 INFO  manager.ListenerWD -- Before click element-->inputtext -->
18:06:40.318 INFO  manager.ListenerWD -- After click element-->input
18:06:40.333 INFO  manager.ListenerWD -- sendKeys -->
18:06:40.335 INFO  manager.ListenerWD -- sendKeys -->input
18:06:40.349 INFO  manager.ListenerWD -- sendKeys -->
18:06:40.351 INFO  manager.ListenerWD -- sendKeys -->input
18:06:40.366 INFO  manager.ListenerWD -- sendKeys -->
18:06:40.368 INFO  manager.ListenerWD -- sendKeys -->input
18:06:40.382 INFO  manager.ListenerWD -- Before find element-->By.xpath: //input[@placeholder='Password']
18:06:40.389 INFO  manager.ListenerWD -- After find element-->By.xpath: //input[@placeholder='Password']
18:06:40.391 INFO  manager.ListenerWD -- Location of element-->input
18:06:40.396 INFO  manager.ListenerWD -- Before click element-->inputtext -->
18:06:40.432 INFO  manager.ListenerWD -- After click element-->input
18:06:40.448 INFO  manager.ListenerWD -- sendKeys -->
18:06:40.450 INFO  manager.ListenerWD -- sendKeys -->input
18:06:40.467 INFO  manager.ListenerWD -- sendKeys -->
18:06:40.469 INFO  manager.ListenerWD -- sendKeys -->input
18:06:40.486 INFO  manager.ListenerWD -- sendKeys -->
18:06:40.488 INFO  manager.ListenerWD -- sendKeys -->input
18:06:40.502 INFO  manager.ListenerWD -- Before find element-->By.xpath: //button[text()='Login']
18:06:40.509 INFO  manager.ListenerWD -- After find element-->By.xpath: //button[text()='Login']
18:06:40.511 INFO  manager.ListenerWD -- Location of element-->button
18:06:40.516 INFO  manager.ListenerWD -- Before click element-->buttontext -->Login
18:06:40.867 INFO  tests.TestBase -- Assert check is element button 'Sign out' present
18:06:40.868 INFO  manager.TestNGListener -- Success test -->loginSuccessModelDPF
18:06:40.868 INFO  tests.TestBase -- ==============================================
18:06:40.868 INFO  tests.TestBase -- Name of method (test)-->loginSuccessModelDPF
18:06:40.877 INFO  manager.ListenerWD -- Before find element-->By.xpath: //button[text()='Sign Out']
18:06:40.883 INFO  manager.ListenerWD -- After find element-->By.xpath: //button[text()='Sign Out']
18:06:40.885 INFO  manager.ListenerWD -- Location of element-->button
18:06:40.892 INFO  manager.ListenerWD -- Before click element-->buttontext -->Sign Out
18:06:40.922 INFO  tests.TestBase -- Before method finished logout
18:06:40.922 INFO  manager.TestNGListener -- Start test -->loginSuccessModelDPF
18:06:40.922 INFO  tests.TestBase -- Test data---> User{email='lolik@gmail.com', password='Lolik123!'}
18:06:40.922 INFO  manager.ListenerWD -- Before find element-->By.cssSelector: a[href='/login']
18:06:40.929 INFO  manager.ListenerWD -- After find element-->By.cssSelector: a[href='/login']
18:06:40.932 INFO  manager.ListenerWD -- Location of element-->a
18:06:40.938 INFO  manager.ListenerWD -- Before click element-->atext -->LOGIN
18:06:40.963 INFO  manager.ListenerWD -- After click element-->a
18:06:40.963 INFO  manager.HelperBase -- Open form by ckick on button with locator a[href='/login']
18:06:40.963 INFO  manager.ListenerWD -- Before find element-->By.name: email
18:06:40.969 INFO  manager.ListenerWD -- After find element-->By.name: email
18:06:40.971 INFO  manager.ListenerWD -- Location of element-->input
18:06:40.976 INFO  manager.ListenerWD -- Before click element-->inputtext -->
18:06:41.008 INFO  manager.ListenerWD -- After click element-->input
18:06:41.023 INFO  manager.ListenerWD -- sendKeys -->
18:06:41.025 INFO  manager.ListenerWD -- sendKeys -->input
18:06:41.039 INFO  manager.ListenerWD -- sendKeys -->
18:06:41.041 INFO  manager.ListenerWD -- sendKeys -->input
18:06:41.055 INFO  manager.ListenerWD -- sendKeys -->
18:06:41.057 INFO  manager.ListenerWD -- sendKeys -->input
18:06:41.070 INFO  manager.ListenerWD -- Before find element-->By.xpath: //input[@placeholder='Password']
18:06:41.077 INFO  manager.ListenerWD -- After find element-->By.xpath: //input[@placeholder='Password']
18:06:41.079 INFO  manager.ListenerWD -- Location of element-->input
18:06:41.084 INFO  manager.ListenerWD -- Before click element-->inputtext -->
18:06:41.116 INFO  manager.ListenerWD -- After click element-->input
18:06:41.132 INFO  manager.ListenerWD -- sendKeys -->
18:06:41.134 INFO  manager.ListenerWD -- sendKeys -->input
18:06:41.150 INFO  manager.ListenerWD -- sendKeys -->
18:06:41.152 INFO  manager.ListenerWD -- sendKeys -->input
18:06:41.167 INFO  manager.ListenerWD -- sendKeys -->
18:06:41.169 INFO  manager.ListenerWD -- sendKeys -->input
18:06:41.180 INFO  manager.ListenerWD -- Before find element-->By.xpath: //button[text()='Login']
18:06:41.187 INFO  manager.ListenerWD -- After find element-->By.xpath: //button[text()='Login']
18:06:41.190 INFO  manager.ListenerWD -- Location of element-->button
18:06:41.196 INFO  manager.ListenerWD -- Before click element-->buttontext -->Login
18:06:41.537 INFO  tests.TestBase -- Assert check is element button 'Sign out' present
18:06:41.537 INFO  manager.TestNGListener -- Success test -->loginSuccessModelDPF
18:06:41.538 INFO  tests.TestBase -- ==============================================
18:06:41.538 INFO  tests.TestBase -- Name of method (test)-->loginUnregisteredUser
18:06:41.547 INFO  manager.ListenerWD -- Before find element-->By.xpath: //button[text()='Sign Out']
18:06:41.555 INFO  manager.ListenerWD -- After find element-->By.xpath: //button[text()='Sign Out']
18:06:41.558 INFO  manager.ListenerWD -- Location of element-->button
18:06:41.565 INFO  manager.ListenerWD -- Before click element-->buttontext -->Sign Out
18:06:41.593 INFO  tests.TestBase -- Before method finished logout
18:06:41.594 INFO  manager.TestNGListener -- Start test -->loginUnregisteredUser
18:06:41.594 INFO  tests.TestBase -- Test data --> email:'loli_k@mail.ru & password: Lolik123!
18:06:41.594 INFO  manager.ListenerWD -- Before find element-->By.cssSelector: a[href='/login']
18:06:41.601 INFO  manager.ListenerWD -- After find element-->By.cssSelector: a[href='/login']
18:06:41.604 INFO  manager.ListenerWD -- Location of element-->a
18:06:41.609 INFO  manager.ListenerWD -- Before click element-->atext -->LOGIN
18:06:41.637 INFO  manager.ListenerWD -- After click element-->a
18:06:41.637 INFO  manager.HelperBase -- Open form by ckick on button with locator a[href='/login']
18:06:41.637 INFO  manager.ListenerWD -- Before find element-->By.name: email
18:06:41.643 INFO  manager.ListenerWD -- After find element-->By.name: email
18:06:41.646 INFO  manager.ListenerWD -- Location of element-->input
18:06:41.652 INFO  manager.ListenerWD -- Before click element-->inputtext -->
18:06:41.684 INFO  manager.ListenerWD -- After click element-->input
18:06:41.700 INFO  manager.ListenerWD -- sendKeys -->
18:06:41.703 INFO  manager.ListenerWD -- sendKeys -->input
18:06:41.719 INFO  manager.ListenerWD -- sendKeys -->
18:06:41.721 INFO  manager.ListenerWD -- sendKeys -->input
18:06:41.737 INFO  manager.ListenerWD -- sendKeys -->
18:06:41.739 INFO  manager.ListenerWD -- sendKeys -->input
18:06:41.753 INFO  manager.HelperBase -- type in input with locator By.name("email") 
18:06:41.753 INFO  manager.ListenerWD -- Before find element-->By.xpath: //input[@placeholder='Password']
18:06:41.760 INFO  manager.ListenerWD -- After find element-->By.xpath: //input[@placeholder='Password']
18:06:41.762 INFO  manager.ListenerWD -- Location of element-->input
18:06:41.767 INFO  manager.ListenerWD -- Before click element-->inputtext -->
18:06:41.803 INFO  manager.ListenerWD -- After click element-->input
18:06:41.819 INFO  manager.ListenerWD -- sendKeys -->
18:06:41.821 INFO  manager.ListenerWD -- sendKeys -->input
18:06:41.837 INFO  manager.ListenerWD -- sendKeys -->
18:06:41.839 INFO  manager.ListenerWD -- sendKeys -->input
18:06:41.855 INFO  manager.ListenerWD -- sendKeys -->
18:06:41.857 INFO  manager.ListenerWD -- sendKeys -->input
18:06:41.873 INFO  manager.ListenerWD -- Before find element-->By.xpath: //button[text()='Login']
18:06:41.880 INFO  manager.ListenerWD -- After find element-->By.xpath: //button[text()='Login']
18:06:41.882 INFO  manager.ListenerWD -- Location of element-->button
18:06:41.888 INFO  manager.ListenerWD -- Before click element-->buttontext -->Login
18:06:41.919 INFO  manager.ListenerWD -- Huston, we have a problem!
18:06:41.919 INFO  manager.ListenerWD -- Failed method:alert
18:06:41.919 INFO  manager.ListenerWD -- **********************
18:06:41.919 INFO  manager.ListenerWD -- Arguments:null
18:06:41.919 INFO  manager.ListenerWD -- **********************
18:06:41.919 INFO  manager.ListenerWD -- Exception:NoAlertPresentException
18:06:41.919 INFO  manager.ListenerWD -- **********************
18:06:41.919 INFO  manager.ListenerWD -- Messageno such alert
  (Session info: chrome=148.0.7778.179)
Build info: version: '4.26.0', revision: '8ccf0219d7'
System info: os.name: 'Windows 10', os.arch: 'amd64', os.version: '10.0', java.version: '17.0.12'
Driver info: org.openqa.selenium.chrome.ChromeDriver
Command: [c26e8bc8a72b595773c2f012f4e3b968, getAlertText {}]
Capabilities {acceptInsecureCerts: false, browserName: chrome, browserVersion: 148.0.7778.179, chrome: {chromedriverVersion: 147.0.7727.57 (b4f28b5637d0..., userDataDir: C:\Users\Nina\AppData\Local...}, fedcm:accounts: true, goog:chromeOptions: {debuggerAddress: localhost:55239}, goog:processID: 13884, networkConnectionEnabled: false, pageLoadStrategy: normal, platformName: windows, proxy: Proxy(), se:cdp: ws://localhost:55239/devtoo..., se:cdpVersion: 148.0.7778.179, setWindowRect: true, strictFileInteractability: false, timeouts: {implicit: 0, pageLoad: 300000, script: 30000}, unhandledPromptBehavior: dismiss and notify, webauthn:extension:credBlob: true, webauthn:extension:largeBlob: true, webauthn:extension:minPinLength: true, webauthn:extension:prf: true, webauthn:virtualAuthenticators: true}
Session ID: c26e8bc8a72b595773c2f012f4e3b968
18:06:41.919 INFO  manager.ListenerWD -- **********************
18:06:41.919 INFO  manager.ListenerWD -- Screen with error is --->src/test/screenshots/screen_1683.png
18:06:42.440 INFO  tests.TestBase -- Assert check is alert present with error test 'Wrong email or password' 
18:06:42.441 INFO  manager.TestNGListener -- Success test -->loginUnregisteredUser
18:06:42.441 INFO  tests.TestBase -- ==============================================
18:06:42.442 INFO  tests.TestBase -- Name of method (test)-->loginWrongEmail
18:06:47.491 INFO  manager.TestNGListener -- Start test -->loginWrongEmail
18:06:47.491 INFO  tests.TestBase -- Test data --> email:'lolikgmail.com & password: Lolik123!
18:06:47.491 INFO  manager.ListenerWD -- Before find element-->By.cssSelector: a[href='/login']
18:06:47.503 INFO  manager.ListenerWD -- After find element-->By.cssSelector: a[href='/login']
18:06:47.508 INFO  manager.ListenerWD -- Location of element-->a
18:06:47.515 INFO  manager.ListenerWD -- Before click element-->atext -->LOGIN
18:06:47.545 INFO  manager.ListenerWD -- After click element-->a
18:06:47.545 INFO  manager.HelperBase -- Open form by ckick on button with locator a[href='/login']
18:06:47.545 INFO  manager.ListenerWD -- Before find element-->By.name: email
18:06:47.551 INFO  manager.ListenerWD -- After find element-->By.name: email
18:06:47.554 INFO  manager.ListenerWD -- Location of element-->input
18:06:47.559 INFO  manager.ListenerWD -- Before click element-->inputtext -->
18:06:47.588 INFO  manager.ListenerWD -- After click element-->input
18:06:47.603 INFO  manager.ListenerWD -- sendKeys -->
18:06:47.607 INFO  manager.ListenerWD -- sendKeys -->input
18:06:47.631 INFO  manager.ListenerWD -- sendKeys -->
18:06:47.633 INFO  manager.ListenerWD -- sendKeys -->input
18:06:47.649 INFO  manager.ListenerWD -- sendKeys -->
18:06:47.652 INFO  manager.ListenerWD -- sendKeys -->input
18:06:47.665 INFO  manager.HelperBase -- type in input with locator By.name("email") 
18:06:47.665 INFO  manager.ListenerWD -- Before find element-->By.xpath: //input[@placeholder='Password']
18:06:47.672 INFO  manager.ListenerWD -- After find element-->By.xpath: //input[@placeholder='Password']
18:06:47.674 INFO  manager.ListenerWD -- Location of element-->input
18:06:47.679 INFO  manager.ListenerWD -- Before click element-->inputtext -->
18:06:47.713 INFO  manager.ListenerWD -- After click element-->input
18:06:47.729 INFO  manager.ListenerWD -- sendKeys -->
18:06:47.731 INFO  manager.ListenerWD -- sendKeys -->input
18:06:47.755 INFO  manager.ListenerWD -- sendKeys -->
18:06:47.758 INFO  manager.ListenerWD -- sendKeys -->input
18:06:47.772 INFO  manager.ListenerWD -- sendKeys -->
18:06:47.774 INFO  manager.ListenerWD -- sendKeys -->input
18:06:47.787 INFO  manager.ListenerWD -- Before find element-->By.xpath: //button[text()='Login']
18:06:47.793 INFO  manager.ListenerWD -- After find element-->By.xpath: //button[text()='Login']
18:06:47.795 INFO  manager.ListenerWD -- Location of element-->button
18:06:47.801 INFO  manager.ListenerWD -- Before click element-->buttontext -->Login
18:06:47.832 INFO  manager.ListenerWD -- Huston, we have a problem!
18:06:47.832 INFO  manager.ListenerWD -- Failed method:alert
18:06:47.832 INFO  manager.ListenerWD -- **********************
18:06:47.832 INFO  manager.ListenerWD -- Arguments:null
18:06:47.832 INFO  manager.ListenerWD -- **********************
18:06:47.832 INFO  manager.ListenerWD -- Exception:NoAlertPresentException
18:06:47.832 INFO  manager.ListenerWD -- **********************
18:06:47.833 INFO  manager.ListenerWD -- Messageno such alert
  (Session info: chrome=148.0.7778.179)
Build info: version: '4.26.0', revision: '8ccf0219d7'
System info: os.name: 'Windows 10', os.arch: 'amd64', os.version: '10.0', java.version: '17.0.12'
Driver info: org.openqa.selenium.chrome.ChromeDriver
Command: [c26e8bc8a72b595773c2f012f4e3b968, getAlertText {}]
Capabilities {acceptInsecureCerts: false, browserName: chrome, browserVersion: 148.0.7778.179, chrome: {chromedriverVersion: 147.0.7727.57 (b4f28b5637d0..., userDataDir: C:\Users\Nina\AppData\Local...}, fedcm:accounts: true, goog:chromeOptions: {debuggerAddress: localhost:55239}, goog:processID: 13884, networkConnectionEnabled: false, pageLoadStrategy: normal, platformName: windows, proxy: Proxy(), se:cdp: ws://localhost:55239/devtoo..., se:cdpVersion: 148.0.7778.179, setWindowRect: true, strictFileInteractability: false, timeouts: {implicit: 0, pageLoad: 300000, script: 30000}, unhandledPromptBehavior: dismiss and notify, webauthn:extension:credBlob: true, webauthn:extension:largeBlob: true, webauthn:extension:minPinLength: true, webauthn:extension:prf: true, webauthn:virtualAuthenticators: true}
Session ID: c26e8bc8a72b595773c2f012f4e3b968
18:06:47.833 INFO  manager.ListenerWD -- **********************
18:06:47.833 INFO  manager.ListenerWD -- Screen with error is --->src/test/screenshots/screen_1457.png
18:06:48.360 INFO  tests.TestBase -- Assert check is alert present with error test 'Wrong email or password' 
18:06:48.360 INFO  manager.TestNGListener -- Success test -->loginWrongEmail
18:06:48.361 INFO  tests.TestBase -- ==============================================
18:06:48.362 INFO  tests.TestBase -- Name of method (test)-->loginWrongPassword
18:06:53.374 INFO  manager.TestNGListener -- Start test -->loginWrongPassword
18:06:53.374 INFO  tests.TestBase -- Test data --> email:'lolik@gmail.com & password: Lolik123
18:06:53.374 INFO  manager.ListenerWD -- Before find element-->By.cssSelector: a[href='/login']
18:06:53.383 INFO  manager.ListenerWD -- After find element-->By.cssSelector: a[href='/login']
18:06:53.386 INFO  manager.ListenerWD -- Location of element-->a
18:06:53.392 INFO  manager.ListenerWD -- Before click element-->atext -->LOGIN
18:06:53.420 INFO  manager.ListenerWD -- After click element-->a
18:06:53.420 INFO  manager.HelperBase -- Open form by ckick on button with locator a[href='/login']
18:06:53.420 INFO  manager.ListenerWD -- Before find element-->By.name: email
18:06:53.427 INFO  manager.ListenerWD -- After find element-->By.name: email
18:06:53.429 INFO  manager.ListenerWD -- Location of element-->input
18:06:53.435 INFO  manager.ListenerWD -- Before click element-->inputtext -->
18:06:53.463 INFO  manager.ListenerWD -- After click element-->input
18:06:53.480 INFO  manager.ListenerWD -- sendKeys -->
18:06:53.482 INFO  manager.ListenerWD -- sendKeys -->input
18:06:53.506 INFO  manager.ListenerWD -- sendKeys -->
18:06:53.508 INFO  manager.ListenerWD -- sendKeys -->input
18:06:53.525 INFO  manager.ListenerWD -- sendKeys -->
18:06:53.527 INFO  manager.ListenerWD -- sendKeys -->input
18:06:53.541 INFO  manager.HelperBase -- type in input with locator By.name("email") 
18:06:53.541 INFO  manager.ListenerWD -- Before find element-->By.xpath: //input[@placeholder='Password']
18:06:53.548 INFO  manager.ListenerWD -- After find element-->By.xpath: //input[@placeholder='Password']
18:06:53.550 INFO  manager.ListenerWD -- Location of element-->input
18:06:53.556 INFO  manager.ListenerWD -- Before click element-->inputtext -->
18:06:53.584 INFO  manager.ListenerWD -- After click element-->input
18:06:53.600 INFO  manager.ListenerWD -- sendKeys -->
18:06:53.602 INFO  manager.ListenerWD -- sendKeys -->input
18:06:53.624 INFO  manager.ListenerWD -- sendKeys -->
18:06:53.626 INFO  manager.ListenerWD -- sendKeys -->input
18:06:53.640 INFO  manager.ListenerWD -- sendKeys -->
18:06:53.643 INFO  manager.ListenerWD -- sendKeys -->input
18:06:53.655 INFO  manager.ListenerWD -- Before find element-->By.xpath: //button[text()='Login']
18:06:53.662 INFO  manager.ListenerWD -- After find element-->By.xpath: //button[text()='Login']
18:06:53.664 INFO  manager.ListenerWD -- Location of element-->button
18:06:53.669 INFO  manager.ListenerWD -- Before click element-->buttontext -->Login
18:06:53.699 INFO  manager.ListenerWD -- Huston, we have a problem!
18:06:53.699 INFO  manager.ListenerWD -- Failed method:alert
18:06:53.699 INFO  manager.ListenerWD -- **********************
18:06:53.699 INFO  manager.ListenerWD -- Arguments:null
18:06:53.699 INFO  manager.ListenerWD -- **********************
18:06:53.699 INFO  manager.ListenerWD -- Exception:NoAlertPresentException
18:06:53.699 INFO  manager.ListenerWD -- **********************
18:06:53.699 INFO  manager.ListenerWD -- Messageno such alert
  (Session info: chrome=148.0.7778.179)
Build info: version: '4.26.0', revision: '8ccf0219d7'
System info: os.name: 'Windows 10', os.arch: 'amd64', os.version: '10.0', java.version: '17.0.12'
Driver info: org.openqa.selenium.chrome.ChromeDriver
Command: [c26e8bc8a72b595773c2f012f4e3b968, getAlertText {}]
Capabilities {acceptInsecureCerts: false, browserName: chrome, browserVersion: 148.0.7778.179, chrome: {chromedriverVersion: 147.0.7727.57 (b4f28b5637d0..., userDataDir: C:\Users\Nina\AppData\Local...}, fedcm:accounts: true, goog:chromeOptions: {debuggerAddress: localhost:55239}, goog:processID: 13884, networkConnectionEnabled: false, pageLoadStrategy: normal, platformName: windows, proxy: Proxy(), se:cdp: ws://localhost:55239/devtoo..., se:cdpVersion: 148.0.7778.179, setWindowRect: true, strictFileInteractability: false, timeouts: {implicit: 0, pageLoad: 300000, script: 30000}, unhandledPromptBehavior: dismiss and notify, webauthn:extension:credBlob: true, webauthn:extension:largeBlob: true, webauthn:extension:minPinLength: true, webauthn:extension:prf: true, webauthn:virtualAuthenticators: true}
Session ID: c26e8bc8a72b595773c2f012f4e3b968
18:06:53.699 INFO  manager.ListenerWD -- **********************
18:06:53.699 INFO  manager.ListenerWD -- Screen with error is --->src/test/screenshots/screen_1077.png
18:06:54.220 INFO  tests.TestBase -- Assert check is alert present with error test 'Wrong email or password' 
18:06:54.221 INFO  manager.TestNGListener -- Success test -->loginWrongPassword
18:06:54.222 INFO  tests.TestBase -- ==============================================
18:06:54.225 INFO  tests.TestBase -- Name of method (test)-->registrationExistsUser
18:06:59.263 INFO  manager.TestNGListener -- Start test -->registrationExistsUser
18:06:59.264 INFO  tests.TestBase -- Test data --> email:'margo@gmail.com & password: Mmar123456$
18:06:59.264 INFO  manager.ListenerWD -- Before find element-->By.cssSelector: a[href='/login']
18:06:59.282 INFO  manager.ListenerWD -- After find element-->By.cssSelector: a[href='/login']
18:06:59.286 INFO  manager.ListenerWD -- Location of element-->a
18:06:59.295 INFO  manager.ListenerWD -- Before click element-->atext -->LOGIN
18:06:59.325 INFO  manager.ListenerWD -- After click element-->a
18:06:59.325 INFO  manager.HelperBase -- Open form by ckick on button with locator a[href='/login']
18:06:59.325 INFO  manager.ListenerWD -- Before find element-->By.name: email
18:06:59.332 INFO  manager.ListenerWD -- After find element-->By.name: email
18:06:59.335 INFO  manager.ListenerWD -- Location of element-->input
18:06:59.341 INFO  manager.ListenerWD -- Before click element-->inputtext -->
18:06:59.368 INFO  manager.ListenerWD -- After click element-->input
18:06:59.384 INFO  manager.ListenerWD -- sendKeys -->
18:06:59.386 INFO  manager.ListenerWD -- sendKeys -->input
18:06:59.409 INFO  manager.ListenerWD -- sendKeys -->
18:06:59.411 INFO  manager.ListenerWD -- sendKeys -->input
18:06:59.426 INFO  manager.ListenerWD -- sendKeys -->
18:06:59.428 INFO  manager.ListenerWD -- sendKeys -->input
18:06:59.441 INFO  manager.ListenerWD -- Before find element-->By.xpath: //input[@placeholder='Password']
18:06:59.448 INFO  manager.ListenerWD -- After find element-->By.xpath: //input[@placeholder='Password']
18:06:59.450 INFO  manager.ListenerWD -- Location of element-->input
18:06:59.455 INFO  manager.ListenerWD -- Before click element-->inputtext -->
18:06:59.488 INFO  manager.ListenerWD -- After click element-->input
18:06:59.503 INFO  manager.ListenerWD -- sendKeys -->
18:06:59.505 INFO  manager.ListenerWD -- sendKeys -->input
18:06:59.529 INFO  manager.ListenerWD -- sendKeys -->
18:06:59.531 INFO  manager.ListenerWD -- sendKeys -->input
18:06:59.549 INFO  manager.ListenerWD -- sendKeys -->
18:06:59.552 INFO  manager.ListenerWD -- sendKeys -->input
18:06:59.569 INFO  manager.ListenerWD -- Before find element-->By.xpath: //button[text()='Registration']
18:06:59.578 INFO  manager.ListenerWD -- After find element-->By.xpath: //button[text()='Registration']
18:06:59.581 INFO  manager.ListenerWD -- Location of element-->button
18:06:59.587 INFO  manager.ListenerWD -- Before click element-->buttontext -->Registration
18:06:59.624 INFO  manager.ListenerWD -- Huston, we have a problem!
18:06:59.624 INFO  manager.ListenerWD -- Failed method:alert
18:06:59.624 INFO  manager.ListenerWD -- **********************
18:06:59.624 INFO  manager.ListenerWD -- Arguments:null
18:06:59.624 INFO  manager.ListenerWD -- **********************
18:06:59.624 INFO  manager.ListenerWD -- Exception:NoAlertPresentException
18:06:59.624 INFO  manager.ListenerWD -- **********************
18:06:59.624 INFO  manager.ListenerWD -- Messageno such alert
  (Session info: chrome=148.0.7778.179)
Build info: version: '4.26.0', revision: '8ccf0219d7'
System info: os.name: 'Windows 10', os.arch: 'amd64', os.version: '10.0', java.version: '17.0.12'
Driver info: org.openqa.selenium.chrome.ChromeDriver
Command: [c26e8bc8a72b595773c2f012f4e3b968, getAlertText {}]
Capabilities {acceptInsecureCerts: false, browserName: chrome, browserVersion: 148.0.7778.179, chrome: {chromedriverVersion: 147.0.7727.57 (b4f28b5637d0..., userDataDir: C:\Users\Nina\AppData\Local...}, fedcm:accounts: true, goog:chromeOptions: {debuggerAddress: localhost:55239}, goog:processID: 13884, networkConnectionEnabled: false, pageLoadStrategy: normal, platformName: windows, proxy: Proxy(), se:cdp: ws://localhost:55239/devtoo..., se:cdpVersion: 148.0.7778.179, setWindowRect: true, strictFileInteractability: false, timeouts: {implicit: 0, pageLoad: 300000, script: 30000}, unhandledPromptBehavior: dismiss and notify, webauthn:extension:credBlob: true, webauthn:extension:largeBlob: true, webauthn:extension:minPinLength: true, webauthn:extension:prf: true, webauthn:virtualAuthenticators: true}
Session ID: c26e8bc8a72b595773c2f012f4e3b968
18:06:59.624 INFO  manager.ListenerWD -- **********************
18:06:59.624 INFO  manager.ListenerWD -- Screen with error is --->src/test/screenshots/screen_1157.png
18:07:00.140 INFO  tests.TestBase -- Assert check is alert present with error test 'User already exist' 
18:07:00.140 INFO  manager.TestNGListener -- Success test -->registrationExistsUser
18:07:00.141 INFO  tests.TestBase -- ==============================================
18:07:00.141 INFO  tests.TestBase -- Name of method (test)-->registrationSuccess
18:07:05.170 INFO  manager.TestNGListener -- Start test -->registrationSuccess
18:07:05.171 INFO  tests.TestBase -- Start test with name 'registrationSuccess'
18:07:05.171 INFO  tests.TestBase -- Test data --> email:'mert1970@gmail.com & password: Mert123456!
18:07:05.171 INFO  manager.ListenerWD -- Before find element-->By.cssSelector: a[href='/login']
18:07:05.186 INFO  manager.ListenerWD -- After find element-->By.cssSelector: a[href='/login']
18:07:05.189 INFO  manager.ListenerWD -- Location of element-->a
18:07:05.196 INFO  manager.ListenerWD -- Before click element-->atext -->LOGIN
18:07:05.227 INFO  manager.ListenerWD -- After click element-->a
18:07:05.227 INFO  manager.HelperBase -- Open form by ckick on button with locator a[href='/login']
18:07:05.227 INFO  manager.ListenerWD -- Before find element-->By.name: email
18:07:05.233 INFO  manager.ListenerWD -- After find element-->By.name: email
18:07:05.236 INFO  manager.ListenerWD -- Location of element-->input
18:07:05.250 INFO  manager.ListenerWD -- Before click element-->inputtext -->
18:07:05.287 INFO  manager.ListenerWD -- After click element-->input
18:07:05.302 INFO  manager.ListenerWD -- sendKeys -->
18:07:05.304 INFO  manager.ListenerWD -- sendKeys -->input
18:07:05.328 INFO  manager.ListenerWD -- sendKeys -->
18:07:05.330 INFO  manager.ListenerWD -- sendKeys -->input
18:07:05.346 INFO  manager.ListenerWD -- sendKeys -->
18:07:05.348 INFO  manager.ListenerWD -- sendKeys -->input
18:07:05.363 INFO  manager.ListenerWD -- Before find element-->By.xpath: //input[@placeholder='Password']
18:07:05.369 INFO  manager.ListenerWD -- After find element-->By.xpath: //input[@placeholder='Password']
18:07:05.372 INFO  manager.ListenerWD -- Location of element-->input
18:07:05.377 INFO  manager.ListenerWD -- Before click element-->inputtext -->
18:07:05.405 INFO  manager.ListenerWD -- After click element-->input
18:07:05.421 INFO  manager.ListenerWD -- sendKeys -->
18:07:05.424 INFO  manager.ListenerWD -- sendKeys -->input
18:07:05.449 INFO  manager.ListenerWD -- sendKeys -->
18:07:05.451 INFO  manager.ListenerWD -- sendKeys -->input
18:07:05.466 INFO  manager.ListenerWD -- sendKeys -->
18:07:05.467 INFO  manager.ListenerWD -- sendKeys -->input
18:07:05.481 INFO  manager.ListenerWD -- Before find element-->By.xpath: //button[text()='Registration']
18:07:05.488 INFO  manager.ListenerWD -- After find element-->By.xpath: //button[text()='Registration']
18:07:05.490 INFO  manager.ListenerWD -- Location of element-->button
18:07:05.496 INFO  manager.ListenerWD -- Before click element-->buttontext -->Registration
18:07:05.839 INFO  tests.TestBase -- Assert check is element button 'Sign out' present
18:07:05.839 INFO  manager.ListenerWD -- Before find element-->By.cssSelector: .contact-page_message__2qafk>h1
18:07:06.046 INFO  manager.ListenerWD -- After find element-->By.cssSelector: .contact-page_message__2qafk>h1
18:07:06.051 INFO  manager.ListenerWD -- Location of element-->h1
18:07:06.057 INFO  tests.TestBase -- Assert check is message 'No contacts here'
18:07:06.058 INFO  manager.TestNGListener -- Success test -->registrationSuccess
18:07:06.058 INFO  tests.TestBase -- ==============================================
18:07:06.059 INFO  tests.TestBase -- Name of method (test)-->wrongEmailRegistration
18:07:06.066 INFO  manager.ListenerWD -- Before find element-->By.xpath: //button[text()='Sign Out']
18:07:06.073 INFO  manager.ListenerWD -- After find element-->By.xpath: //button[text()='Sign Out']
18:07:06.077 INFO  manager.ListenerWD -- Location of element-->button
18:07:06.085 INFO  manager.ListenerWD -- Before click element-->buttontext -->Sign Out
18:07:06.113 INFO  tests.TestBase -- Before method finished logout
18:07:06.113 INFO  manager.TestNGListener -- Start test -->wrongEmailRegistration
18:07:06.113 INFO  tests.TestBase -- Test data --> email:'mertgmail.com & password: Mert123456!
18:07:06.114 INFO  manager.ListenerWD -- Before find element-->By.cssSelector: a[href='/login']
18:07:06.120 INFO  manager.ListenerWD -- After find element-->By.cssSelector: a[href='/login']
18:07:06.123 INFO  manager.ListenerWD -- Location of element-->a
18:07:06.128 INFO  manager.ListenerWD -- Before click element-->atext -->LOGIN
18:07:06.156 INFO  manager.ListenerWD -- After click element-->a
18:07:06.156 INFO  manager.HelperBase -- Open form by ckick on button with locator a[href='/login']
18:07:06.156 INFO  manager.ListenerWD -- Before find element-->By.name: email
18:07:06.163 INFO  manager.ListenerWD -- After find element-->By.name: email
18:07:06.165 INFO  manager.ListenerWD -- Location of element-->input
18:07:06.170 INFO  manager.ListenerWD -- Before click element-->inputtext -->
18:07:06.205 INFO  manager.ListenerWD -- After click element-->input
18:07:06.221 INFO  manager.ListenerWD -- sendKeys -->
18:07:06.223 INFO  manager.ListenerWD -- sendKeys -->input
18:07:06.240 INFO  manager.ListenerWD -- sendKeys -->
18:07:06.243 INFO  manager.ListenerWD -- sendKeys -->input
18:07:06.259 INFO  manager.ListenerWD -- sendKeys -->
18:07:06.262 INFO  manager.ListenerWD -- sendKeys -->input
18:07:06.275 INFO  manager.ListenerWD -- Before find element-->By.xpath: //input[@placeholder='Password']
18:07:06.282 INFO  manager.ListenerWD -- After find element-->By.xpath: //input[@placeholder='Password']
18:07:06.284 INFO  manager.ListenerWD -- Location of element-->input
18:07:06.289 INFO  manager.ListenerWD -- Before click element-->inputtext -->
18:07:06.324 INFO  manager.ListenerWD -- After click element-->input
18:07:06.340 INFO  manager.ListenerWD -- sendKeys -->
18:07:06.343 INFO  manager.ListenerWD -- sendKeys -->input
18:07:06.359 INFO  manager.ListenerWD -- sendKeys -->
18:07:06.363 INFO  manager.ListenerWD -- sendKeys -->input
18:07:06.381 INFO  manager.ListenerWD -- sendKeys -->
18:07:06.383 INFO  manager.ListenerWD -- sendKeys -->input
18:07:06.399 INFO  manager.ListenerWD -- Before find element-->By.xpath: //button[text()='Registration']
18:07:06.406 INFO  manager.ListenerWD -- After find element-->By.xpath: //button[text()='Registration']
18:07:06.407 INFO  manager.ListenerWD -- Location of element-->button
18:07:06.415 INFO  manager.ListenerWD -- Before click element-->buttontext -->Registration
18:07:06.446 INFO  manager.ListenerWD -- Huston, we have a problem!
18:07:06.446 INFO  manager.ListenerWD -- Failed method:alert
18:07:06.446 INFO  manager.ListenerWD -- **********************
18:07:06.446 INFO  manager.ListenerWD -- Arguments:null
18:07:06.446 INFO  manager.ListenerWD -- **********************
18:07:06.446 INFO  manager.ListenerWD -- Exception:NoAlertPresentException
18:07:06.446 INFO  manager.ListenerWD -- **********************
18:07:06.446 INFO  manager.ListenerWD -- Messageno such alert
  (Session info: chrome=148.0.7778.179)
Build info: version: '4.26.0', revision: '8ccf0219d7'
System info: os.name: 'Windows 10', os.arch: 'amd64', os.version: '10.0', java.version: '17.0.12'
Driver info: org.openqa.selenium.chrome.ChromeDriver
Command: [c26e8bc8a72b595773c2f012f4e3b968, getAlertText {}]
Capabilities {acceptInsecureCerts: false, browserName: chrome, browserVersion: 148.0.7778.179, chrome: {chromedriverVersion: 147.0.7727.57 (b4f28b5637d0..., userDataDir: C:\Users\Nina\AppData\Local...}, fedcm:accounts: true, goog:chromeOptions: {debuggerAddress: localhost:55239}, goog:processID: 13884, networkConnectionEnabled: false, pageLoadStrategy: normal, platformName: windows, proxy: Proxy(), se:cdp: ws://localhost:55239/devtoo..., se:cdpVersion: 148.0.7778.179, setWindowRect: true, strictFileInteractability: false, timeouts: {implicit: 0, pageLoad: 300000, script: 30000}, unhandledPromptBehavior: dismiss and notify, webauthn:extension:credBlob: true, webauthn:extension:largeBlob: true, webauthn:extension:minPinLength: true, webauthn:extension:prf: true, webauthn:virtualAuthenticators: true}
Session ID: c26e8bc8a72b595773c2f012f4e3b968
18:07:06.446 INFO  manager.ListenerWD -- **********************
18:07:06.446 INFO  manager.ListenerWD -- Screen with error is --->src/test/screenshots/screen_1927.png
18:07:06.963 INFO  tests.TestBase -- Assert check is alert present with error test 'Wrong email or password' 
18:07:06.963 INFO  manager.ListenerWD -- Before find element-->By.xpath: //*[text()='Registration failed with code 400']
18:07:06.978 INFO  manager.ListenerWD -- After find element-->By.xpath: //*[text()='Registration failed with code 400']
18:07:06.982 INFO  manager.ListenerWD -- Location of element-->div
18:07:06.982 INFO  manager.TestNGListener -- Success test -->wrongEmailRegistration
18:07:06.983 INFO  tests.TestBase -- ==============================================
18:07:06.983 INFO  tests.TestBase -- Name of method (test)-->wrongPasswordRegistration
18:07:12.020 INFO  manager.TestNGListener -- Start test -->wrongPasswordRegistration
18:07:12.020 INFO  tests.TestBase -- Test data --> email:'mert@gmail.com & password: Mert123456
18:07:12.020 INFO  manager.ListenerWD -- Before find element-->By.cssSelector: a[href='/login']
18:07:12.031 INFO  manager.ListenerWD -- After find element-->By.cssSelector: a[href='/login']
18:07:12.035 INFO  manager.ListenerWD -- Location of element-->a
18:07:12.043 INFO  manager.ListenerWD -- Before click element-->atext -->LOGIN
18:07:12.074 INFO  manager.ListenerWD -- After click element-->a
18:07:12.074 INFO  manager.HelperBase -- Open form by ckick on button with locator a[href='/login']
18:07:12.074 INFO  manager.ListenerWD -- Before find element-->By.name: email
18:07:12.081 INFO  manager.ListenerWD -- After find element-->By.name: email
18:07:12.084 INFO  manager.ListenerWD -- Location of element-->input
18:07:12.090 INFO  manager.ListenerWD -- Before click element-->inputtext -->
18:07:12.118 INFO  manager.ListenerWD -- After click element-->input
18:07:12.136 INFO  manager.ListenerWD -- sendKeys -->
18:07:12.138 INFO  manager.ListenerWD -- sendKeys -->input
18:07:12.164 INFO  manager.ListenerWD -- sendKeys -->
18:07:12.166 INFO  manager.ListenerWD -- sendKeys -->input
18:07:12.184 INFO  manager.ListenerWD -- sendKeys -->
18:07:12.186 INFO  manager.ListenerWD -- sendKeys -->input
18:07:12.203 INFO  manager.ListenerWD -- Before find element-->By.xpath: //input[@placeholder='Password']
18:07:12.209 INFO  manager.ListenerWD -- After find element-->By.xpath: //input[@placeholder='Password']
18:07:12.212 INFO  manager.ListenerWD -- Location of element-->input
18:07:12.219 INFO  manager.ListenerWD -- Before click element-->inputtext -->
18:07:12.250 INFO  manager.ListenerWD -- After click element-->input
18:07:12.268 INFO  manager.ListenerWD -- sendKeys -->
18:07:12.270 INFO  manager.ListenerWD -- sendKeys -->input
18:07:12.304 INFO  manager.ListenerWD -- sendKeys -->
18:07:12.307 INFO  manager.ListenerWD -- sendKeys -->input
18:07:12.329 INFO  manager.ListenerWD -- sendKeys -->
18:07:12.331 INFO  manager.ListenerWD -- sendKeys -->input
18:07:12.346 INFO  manager.ListenerWD -- Before find element-->By.xpath: //button[text()='Registration']
18:07:12.354 INFO  manager.ListenerWD -- After find element-->By.xpath: //button[text()='Registration']
18:07:12.356 INFO  manager.ListenerWD -- Location of element-->button
18:07:12.364 INFO  manager.ListenerWD -- Before click element-->buttontext -->Registration
18:07:12.400 INFO  manager.ListenerWD -- Huston, we have a problem!
18:07:12.400 INFO  manager.ListenerWD -- Failed method:alert
18:07:12.400 INFO  manager.ListenerWD -- **********************
18:07:12.400 INFO  manager.ListenerWD -- Arguments:null
18:07:12.400 INFO  manager.ListenerWD -- **********************
18:07:12.400 INFO  manager.ListenerWD -- Exception:NoAlertPresentException
18:07:12.400 INFO  manager.ListenerWD -- **********************
18:07:12.400 INFO  manager.ListenerWD -- Messageno such alert
  (Session info: chrome=148.0.7778.179)
Build info: version: '4.26.0', revision: '8ccf0219d7'
System info: os.name: 'Windows 10', os.arch: 'amd64', os.version: '10.0', java.version: '17.0.12'
Driver info: org.openqa.selenium.chrome.ChromeDriver
Command: [c26e8bc8a72b595773c2f012f4e3b968, getAlertText {}]
Capabilities {acceptInsecureCerts: false, browserName: chrome, browserVersion: 148.0.7778.179, chrome: {chromedriverVersion: 147.0.7727.57 (b4f28b5637d0..., userDataDir: C:\Users\Nina\AppData\Local...}, fedcm:accounts: true, goog:chromeOptions: {debuggerAddress: localhost:55239}, goog:processID: 13884, networkConnectionEnabled: false, pageLoadStrategy: normal, platformName: windows, proxy: Proxy(), se:cdp: ws://localhost:55239/devtoo..., se:cdpVersion: 148.0.7778.179, setWindowRect: true, strictFileInteractability: false, timeouts: {implicit: 0, pageLoad: 300000, script: 30000}, unhandledPromptBehavior: dismiss and notify, webauthn:extension:credBlob: true, webauthn:extension:largeBlob: true, webauthn:extension:minPinLength: true, webauthn:extension:prf: true, webauthn:virtualAuthenticators: true}
Session ID: c26e8bc8a72b595773c2f012f4e3b968
18:07:12.400 INFO  manager.ListenerWD -- **********************
18:07:12.400 INFO  manager.ListenerWD -- Screen with error is --->src/test/screenshots/screen_1792.png
18:07:12.926 INFO  tests.TestBase -- Assert check is alert present with error test 'Wrong email or password' 
18:07:12.926 INFO  manager.ListenerWD -- Before find element-->By.xpath: //*[text()='Registration failed with code 400']
18:07:12.937 INFO  manager.ListenerWD -- After find element-->By.xpath: //*[text()='Registration failed with code 400']
18:07:12.940 INFO  manager.ListenerWD -- Location of element-->div
18:07:12.940 INFO  manager.TestNGListener -- Success test -->wrongPasswordRegistration
18:07:12.941 INFO  tests.TestBase -- ==============================================
18:07:12.941 INFO  tests.TestBase -- Name of method (test)-->removeAllContacts
18:07:17.949 INFO  manager.ListenerWD -- Before find element-->By.cssSelector: a[href='/login']
18:07:17.956 INFO  manager.ListenerWD -- After find element-->By.cssSelector: a[href='/login']
18:07:17.959 INFO  manager.ListenerWD -- Location of element-->a
18:07:17.966 INFO  manager.ListenerWD -- Before click element-->atext -->LOGIN
18:07:18.002 INFO  manager.ListenerWD -- After click element-->a
18:07:18.002 INFO  manager.HelperBase -- Open form by ckick on button with locator a[href='/login']
18:07:18.002 INFO  manager.ListenerWD -- Before find element-->By.name: email
18:07:18.006 INFO  manager.ListenerWD -- After find element-->By.name: email
18:07:18.009 INFO  manager.ListenerWD -- Location of element-->input
18:07:18.014 INFO  manager.ListenerWD -- Before click element-->inputtext -->
18:07:18.040 INFO  manager.ListenerWD -- After click element-->input
18:07:18.055 INFO  manager.ListenerWD -- sendKeys -->
18:07:18.057 INFO  manager.ListenerWD -- sendKeys -->input
18:07:18.077 INFO  manager.ListenerWD -- sendKeys -->
18:07:18.079 INFO  manager.ListenerWD -- sendKeys -->input
18:07:18.091 INFO  manager.ListenerWD -- sendKeys -->
18:07:18.092 INFO  manager.ListenerWD -- sendKeys -->input
18:07:18.104 INFO  manager.ListenerWD -- Before find element-->By.xpath: //input[@placeholder='Password']
18:07:18.109 INFO  manager.ListenerWD -- After find element-->By.xpath: //input[@placeholder='Password']
18:07:18.111 INFO  manager.ListenerWD -- Location of element-->input
18:07:18.116 INFO  manager.ListenerWD -- Before click element-->inputtext -->
18:07:18.145 INFO  manager.ListenerWD -- After click element-->input
18:07:18.158 INFO  manager.ListenerWD -- sendKeys -->
18:07:18.160 INFO  manager.ListenerWD -- sendKeys -->input
18:07:18.179 INFO  manager.ListenerWD -- sendKeys -->
18:07:18.181 INFO  manager.ListenerWD -- sendKeys -->input
18:07:18.195 INFO  manager.ListenerWD -- sendKeys -->
18:07:18.198 INFO  manager.ListenerWD -- sendKeys -->input
18:07:18.209 INFO  manager.ListenerWD -- Before find element-->By.xpath: //button[text()='Login']
18:07:18.214 INFO  manager.ListenerWD -- After find element-->By.xpath: //button[text()='Login']
18:07:18.216 INFO  manager.ListenerWD -- Location of element-->button
18:07:18.221 INFO  manager.ListenerWD -- Before click element-->buttontext -->Login
18:07:18.757 INFO  manager.TestNGListener -- Start test -->removeAllContacts
18:07:18.776 INFO  manager.ListenerWD -- Before find element-->By.cssSelector: .contact-item_card__2SOIM
18:07:18.786 INFO  manager.ListenerWD -- After find element-->By.cssSelector: .contact-item_card__2SOIM
18:07:18.789 INFO  manager.ListenerWD -- Location of element-->div
18:07:18.796 INFO  manager.ListenerWD -- Before click element-->divtext -->Harry
555667771282
18:07:18.831 INFO  manager.ListenerWD -- After click element-->div
18:07:18.831 INFO  manager.ListenerWD -- Before find element-->By.xpath: //button[text()='Remove']
18:07:18.839 INFO  manager.ListenerWD -- After find element-->By.xpath: //button[text()='Remove']
18:07:18.841 INFO  manager.ListenerWD -- Location of element-->button
18:07:18.846 INFO  manager.ListenerWD -- Before click element-->buttontext -->Remove
18:07:18.872 INFO  manager.ListenerWD -- After click element-->button
18:07:19.886 INFO  manager.ListenerWD -- Before find element-->By.cssSelector: .contact-item_card__2SOIM
18:07:19.893 INFO  manager.ListenerWD -- After find element-->By.cssSelector: .contact-item_card__2SOIM
18:07:19.896 INFO  manager.ListenerWD -- Location of element-->div
18:07:19.901 INFO  manager.ListenerWD -- Before click element-->divtext -->Harry
555667771355
18:07:19.929 INFO  manager.ListenerWD -- After click element-->div
18:07:19.929 INFO  manager.ListenerWD -- Before find element-->By.xpath: //button[text()='Remove']
18:07:19.935 INFO  manager.ListenerWD -- After find element-->By.xpath: //button[text()='Remove']
18:07:19.938 INFO  manager.ListenerWD -- Location of element-->button
18:07:19.944 INFO  manager.ListenerWD -- Before click element-->buttontext -->Remove
18:07:19.964 INFO  manager.ListenerWD -- After click element-->button
18:07:20.986 INFO  manager.ListenerWD -- Before find element-->By.cssSelector: .contact-item_card__2SOIM
18:07:20.994 INFO  manager.ListenerWD -- After find element-->By.cssSelector: .contact-item_card__2SOIM
18:07:20.997 INFO  manager.ListenerWD -- Location of element-->div
18:07:21.004 INFO  manager.ListenerWD -- Before click element-->divtext -->Tony
34343434246
18:07:21.032 INFO  manager.ListenerWD -- After click element-->div
18:07:21.032 INFO  manager.ListenerWD -- Before find element-->By.xpath: //button[text()='Remove']
18:07:21.037 INFO  manager.ListenerWD -- After find element-->By.xpath: //button[text()='Remove']
18:07:21.039 INFO  manager.ListenerWD -- Location of element-->button
18:07:21.044 INFO  manager.ListenerWD -- Before click element-->buttontext -->Remove
18:07:21.066 INFO  manager.ListenerWD -- After click element-->button
18:07:22.088 INFO  manager.ListenerWD -- Before find element-->By.cssSelector: .contact-item_card__2SOIM
18:07:22.094 INFO  manager.ListenerWD -- After find element-->By.cssSelector: .contact-item_card__2SOIM
18:07:22.096 INFO  manager.ListenerWD -- Location of element-->div
18:07:22.102 INFO  manager.ListenerWD -- Before click element-->divtext -->Tony
6555652654
18:07:22.124 INFO  manager.ListenerWD -- After click element-->div
18:07:22.125 INFO  manager.ListenerWD -- Before find element-->By.xpath: //button[text()='Remove']
18:07:22.129 INFO  manager.ListenerWD -- After find element-->By.xpath: //button[text()='Remove']
18:07:22.131 INFO  manager.ListenerWD -- Location of element-->button
18:07:22.139 INFO  manager.ListenerWD -- Before click element-->buttontext -->Remove
18:07:22.160 INFO  manager.ListenerWD -- After click element-->button
18:07:23.182 INFO  manager.ListenerWD -- Before find element-->By.cssSelector: .contact-item_card__2SOIM
18:07:23.187 INFO  manager.ListenerWD -- After find element-->By.cssSelector: .contact-item_card__2SOIM
18:07:23.189 INFO  manager.ListenerWD -- Location of element-->div
18:07:23.196 INFO  manager.ListenerWD -- Before click element-->divtext -->Harry
155555555555
18:07:23.222 INFO  manager.ListenerWD -- After click element-->div
18:07:23.222 INFO  manager.ListenerWD -- Before find element-->By.xpath: //button[text()='Remove']
18:07:23.227 INFO  manager.ListenerWD -- After find element-->By.xpath: //button[text()='Remove']
18:07:23.229 INFO  manager.ListenerWD -- Location of element-->button
18:07:23.234 INFO  manager.ListenerWD -- Before click element-->buttontext -->Remove
18:07:23.255 INFO  manager.ListenerWD -- After click element-->button
18:07:24.269 INFO  manager.ListenerWD -- Before find element-->By.cssSelector: .contact-item_card__2SOIM
18:07:24.276 INFO  manager.ListenerWD -- After find element-->By.cssSelector: .contact-item_card__2SOIM
18:07:24.279 INFO  manager.ListenerWD -- Location of element-->div
18:07:24.284 INFO  manager.ListenerWD -- Before click element-->divtext -->Molly
365945632154
18:07:24.312 INFO  manager.ListenerWD -- After click element-->div
18:07:24.312 INFO  manager.ListenerWD -- Before find element-->By.xpath: //button[text()='Remove']
18:07:24.317 INFO  manager.ListenerWD -- After find element-->By.xpath: //button[text()='Remove']
18:07:24.319 INFO  manager.ListenerWD -- Location of element-->button
18:07:24.324 INFO  manager.ListenerWD -- Before click element-->buttontext -->Remove
18:07:24.346 INFO  manager.ListenerWD -- After click element-->button
18:07:25.375 INFO  manager.ListenerWD -- Before find element-->By.cssSelector: .contact-item_card__2SOIM
18:07:25.386 INFO  manager.ListenerWD -- After find element-->By.cssSelector: .contact-item_card__2SOIM
18:07:25.391 INFO  manager.ListenerWD -- Location of element-->div
18:07:25.398 INFO  manager.ListenerWD -- Before click element-->divtext -->Sara
985465231456
18:07:25.424 INFO  manager.ListenerWD -- After click element-->div
18:07:25.424 INFO  manager.ListenerWD -- Before find element-->By.xpath: //button[text()='Remove']
18:07:25.429 INFO  manager.ListenerWD -- After find element-->By.xpath: //button[text()='Remove']
18:07:25.432 INFO  manager.ListenerWD -- Location of element-->button
18:07:25.437 INFO  manager.ListenerWD -- Before click element-->buttontext -->Remove
18:07:25.456 INFO  manager.ListenerWD -- After click element-->button
18:07:26.467 INFO  manager.ListenerWD -- Before find element-->By.cssSelector: .contact-item_card__2SOIM
18:07:26.472 INFO  manager.ListenerWD -- After find element-->By.cssSelector: .contact-item_card__2SOIM
18:07:26.475 INFO  manager.ListenerWD -- Location of element-->div
18:07:26.481 INFO  manager.ListenerWD -- Before click element-->divtext -->TonyReq385
34343434385
18:07:26.506 INFO  manager.ListenerWD -- After click element-->div
18:07:26.506 INFO  manager.ListenerWD -- Before find element-->By.xpath: //button[text()='Remove']
18:07:26.511 INFO  manager.ListenerWD -- After find element-->By.xpath: //button[text()='Remove']
18:07:26.513 INFO  manager.ListenerWD -- Location of element-->button
18:07:26.518 INFO  manager.ListenerWD -- Before click element-->buttontext -->Remove
18:07:26.538 INFO  manager.ListenerWD -- After click element-->button
18:07:32.607 INFO  manager.ListenerWD -- Before find element-->By.cssSelector: .contact-page_message__2qafk>h1
18:07:32.614 INFO  manager.ListenerWD -- After find element-->By.cssSelector: .contact-page_message__2qafk>h1
18:07:32.618 INFO  manager.ListenerWD -- Location of element-->h1
18:07:32.623 INFO  manager.TestNGListener -- Success test -->removeAllContacts
18:07:32.624 INFO  tests.TestBase -- ==============================================
18:07:32.624 INFO  tests.TestBase -- Name of method (test)-->removeFirstContact
18:07:37.683 INFO  manager.ListenerWD -- Before find element-->By.cssSelector: a[href='/add']
18:07:37.698 INFO  manager.ListenerWD -- After find element-->By.cssSelector: a[href='/add']
18:07:37.701 INFO  manager.ListenerWD -- Location of element-->a
18:07:37.711 INFO  manager.ListenerWD -- Before click element-->atext -->ADD
18:07:37.745 INFO  manager.ListenerWD -- After click element-->a
18:07:37.746 INFO  manager.ListenerWD -- Before find element-->By.cssSelector: [placeholder='Name']
18:07:37.754 INFO  manager.ListenerWD -- After find element-->By.cssSelector: [placeholder='Name']
18:07:37.756 INFO  manager.ListenerWD -- Location of element-->input
18:07:37.762 INFO  manager.ListenerWD -- Before click element-->inputtext -->
18:07:37.801 INFO  manager.ListenerWD -- After click element-->input
18:07:37.815 INFO  manager.ListenerWD -- sendKeys -->
18:07:37.817 INFO  manager.ListenerWD -- sendKeys -->input
18:07:37.835 INFO  manager.ListenerWD -- sendKeys -->
18:07:37.837 INFO  manager.ListenerWD -- sendKeys -->input
18:07:37.853 INFO  manager.ListenerWD -- sendKeys -->
18:07:37.855 INFO  manager.ListenerWD -- sendKeys -->input
18:07:37.868 INFO  manager.ListenerWD -- Before find element-->By.cssSelector: [placeholder='Last Name']
18:07:37.876 INFO  manager.ListenerWD -- After find element-->By.cssSelector: [placeholder='Last Name']
18:07:37.878 INFO  manager.ListenerWD -- Location of element-->input
18:07:37.883 INFO  manager.ListenerWD -- Before click element-->inputtext -->
18:07:37.912 INFO  manager.ListenerWD -- After click element-->input
18:07:37.929 INFO  manager.ListenerWD -- sendKeys -->
18:07:37.930 INFO  manager.ListenerWD -- sendKeys -->input
18:07:37.946 INFO  manager.ListenerWD -- sendKeys -->
18:07:37.948 INFO  manager.ListenerWD -- sendKeys -->input
18:07:37.966 INFO  manager.ListenerWD -- sendKeys -->
18:07:37.968 INFO  manager.ListenerWD -- sendKeys -->input
18:07:37.981 INFO  manager.ListenerWD -- Before find element-->By.cssSelector: [placeholder='Phone']
18:07:37.991 INFO  manager.ListenerWD -- After find element-->By.cssSelector: [placeholder='Phone']
18:07:37.994 INFO  manager.ListenerWD -- Location of element-->input
18:07:38.000 INFO  manager.ListenerWD -- Before click element-->inputtext -->
18:07:38.031 INFO  manager.ListenerWD -- After click element-->input
18:07:38.047 INFO  manager.ListenerWD -- sendKeys -->
18:07:38.049 INFO  manager.ListenerWD -- sendKeys -->input
18:07:38.066 INFO  manager.ListenerWD -- sendKeys -->
18:07:38.069 INFO  manager.ListenerWD -- sendKeys -->input
18:07:38.085 INFO  manager.ListenerWD -- sendKeys -->
18:07:38.087 INFO  manager.ListenerWD -- sendKeys -->input
18:07:38.105 INFO  manager.ListenerWD -- Before find element-->By.cssSelector: [placeholder='email']
18:07:38.113 INFO  manager.ListenerWD -- After find element-->By.cssSelector: [placeholder='email']
18:07:38.114 INFO  manager.ListenerWD -- Location of element-->input
18:07:38.120 INFO  manager.ListenerWD -- Before click element-->inputtext -->
18:07:38.149 INFO  manager.ListenerWD -- After click element-->input
18:07:38.165 INFO  manager.ListenerWD -- sendKeys -->
18:07:38.167 INFO  manager.ListenerWD -- sendKeys -->input
18:07:38.182 INFO  manager.ListenerWD -- sendKeys -->
18:07:38.184 INFO  manager.ListenerWD -- sendKeys -->input
18:07:38.199 INFO  manager.ListenerWD -- sendKeys -->
18:07:38.201 INFO  manager.ListenerWD -- sendKeys -->input
18:07:38.220 INFO  manager.ListenerWD -- Before find element-->By.cssSelector: [placeholder='Address']
18:07:38.229 INFO  manager.ListenerWD -- After find element-->By.cssSelector: [placeholder='Address']
18:07:38.231 INFO  manager.ListenerWD -- Location of element-->input
18:07:38.237 INFO  manager.ListenerWD -- Before click element-->inputtext -->
18:07:38.268 INFO  manager.ListenerWD -- After click element-->input
18:07:38.283 INFO  manager.ListenerWD -- sendKeys -->
18:07:38.286 INFO  manager.ListenerWD -- sendKeys -->input
18:07:38.307 INFO  manager.ListenerWD -- sendKeys -->
18:07:38.309 INFO  manager.ListenerWD -- sendKeys -->input
18:07:38.324 INFO  manager.ListenerWD -- sendKeys -->
18:07:38.325 INFO  manager.ListenerWD -- sendKeys -->input
18:07:38.339 INFO  manager.ListenerWD -- Before find element-->By.cssSelector: [placeholder = 'description']
18:07:38.347 INFO  manager.ListenerWD -- After find element-->By.cssSelector: [placeholder = 'description']
18:07:38.349 INFO  manager.ListenerWD -- Location of element-->input
18:07:38.353 INFO  manager.ListenerWD -- Before click element-->inputtext -->
18:07:38.381 INFO  manager.ListenerWD -- After click element-->input
18:07:38.396 INFO  manager.ListenerWD -- sendKeys -->
18:07:38.398 INFO  manager.ListenerWD -- sendKeys -->input
18:07:38.413 INFO  manager.ListenerWD -- sendKeys -->
18:07:38.415 INFO  manager.ListenerWD -- sendKeys -->input
18:07:38.429 INFO  manager.ListenerWD -- sendKeys -->
18:07:38.431 INFO  manager.ListenerWD -- sendKeys -->input
18:07:38.443 INFO  manager.ListenerWD -- Before find element-->By.cssSelector: .add_form__2rsm2>button
18:07:38.451 INFO  manager.ListenerWD -- After find element-->By.cssSelector: .add_form__2rsm2>button
18:07:38.453 INFO  manager.ListenerWD -- Location of element-->button
18:07:38.459 INFO  manager.ListenerWD -- Before click element-->buttontext -->Save
18:07:38.488 INFO  manager.ListenerWD -- After click element-->button
18:07:38.997 INFO  manager.ListenerWD -- Before find element-->By.cssSelector: a[href='/add']
18:07:39.012 INFO  manager.ListenerWD -- After find element-->By.cssSelector: a[href='/add']
18:07:39.016 INFO  manager.ListenerWD -- Location of element-->a
18:07:39.025 INFO  manager.ListenerWD -- Before click element-->atext -->ADD
18:07:39.056 INFO  manager.ListenerWD -- After click element-->a
18:07:39.056 INFO  manager.ListenerWD -- Before find element-->By.cssSelector: [placeholder='Name']
18:07:39.061 INFO  manager.ListenerWD -- After find element-->By.cssSelector: [placeholder='Name']
18:07:39.063 INFO  manager.ListenerWD -- Location of element-->input
18:07:39.069 INFO  manager.ListenerWD -- Before click element-->inputtext -->
18:07:39.102 INFO  manager.ListenerWD -- After click element-->input
18:07:39.119 INFO  manager.ListenerWD -- sendKeys -->
18:07:39.122 INFO  manager.ListenerWD -- sendKeys -->input
18:07:39.138 INFO  manager.ListenerWD -- sendKeys -->
18:07:39.140 INFO  manager.ListenerWD -- sendKeys -->input
18:07:39.156 INFO  manager.ListenerWD -- sendKeys -->
18:07:39.158 INFO  manager.ListenerWD -- sendKeys -->input
18:07:39.170 INFO  manager.ListenerWD -- Before find element-->By.cssSelector: [placeholder='Last Name']
18:07:39.175 INFO  manager.ListenerWD -- After find element-->By.cssSelector: [placeholder='Last Name']
18:07:39.176 INFO  manager.ListenerWD -- Location of element-->input
18:07:39.182 INFO  manager.ListenerWD -- Before click element-->inputtext -->
18:07:39.209 INFO  manager.ListenerWD -- After click element-->input
18:07:39.225 INFO  manager.ListenerWD -- sendKeys -->
18:07:39.227 INFO  manager.ListenerWD -- sendKeys -->input
18:07:39.246 INFO  manager.ListenerWD -- sendKeys -->
18:07:39.248 INFO  manager.ListenerWD -- sendKeys -->input
18:07:39.264 INFO  manager.ListenerWD -- sendKeys -->
18:07:39.267 INFO  manager.ListenerWD -- sendKeys -->input
18:07:39.282 INFO  manager.ListenerWD -- Before find element-->By.cssSelector: [placeholder='Phone']
18:07:39.288 INFO  manager.ListenerWD -- After find element-->By.cssSelector: [placeholder='Phone']
18:07:39.290 INFO  manager.ListenerWD -- Location of element-->input
18:07:39.295 INFO  manager.ListenerWD -- Before click element-->inputtext -->
18:07:39.324 INFO  manager.ListenerWD -- After click element-->input
18:07:39.339 INFO  manager.ListenerWD -- sendKeys -->
18:07:39.343 INFO  manager.ListenerWD -- sendKeys -->input
18:07:39.358 INFO  manager.ListenerWD -- sendKeys -->
18:07:39.360 INFO  manager.ListenerWD -- sendKeys -->input
18:07:39.376 INFO  manager.ListenerWD -- sendKeys -->
18:07:39.377 INFO  manager.ListenerWD -- sendKeys -->input
18:07:39.393 INFO  manager.ListenerWD -- Before find element-->By.cssSelector: [placeholder='email']
18:07:39.398 INFO  manager.ListenerWD -- After find element-->By.cssSelector: [placeholder='email']
18:07:39.400 INFO  manager.ListenerWD -- Location of element-->input
18:07:39.406 INFO  manager.ListenerWD -- Before click element-->inputtext -->
18:07:39.435 INFO  manager.ListenerWD -- After click element-->input
18:07:39.449 INFO  manager.ListenerWD -- sendKeys -->
18:07:39.451 INFO  manager.ListenerWD -- sendKeys -->input
18:07:39.466 INFO  manager.ListenerWD -- sendKeys -->
18:07:39.468 INFO  manager.ListenerWD -- sendKeys -->input
18:07:39.483 INFO  manager.ListenerWD -- sendKeys -->
18:07:39.484 INFO  manager.ListenerWD -- sendKeys -->input
18:07:39.503 INFO  manager.ListenerWD -- Before find element-->By.cssSelector: [placeholder='Address']
18:07:39.508 INFO  manager.ListenerWD -- After find element-->By.cssSelector: [placeholder='Address']
18:07:39.510 INFO  manager.ListenerWD -- Location of element-->input
18:07:39.518 INFO  manager.ListenerWD -- Before click element-->inputtext -->
18:07:39.549 INFO  manager.ListenerWD -- After click element-->input
18:07:39.568 INFO  manager.ListenerWD -- sendKeys -->
18:07:39.570 INFO  manager.ListenerWD -- sendKeys -->input
18:07:39.587 INFO  manager.ListenerWD -- sendKeys -->
18:07:39.588 INFO  manager.ListenerWD -- sendKeys -->input
18:07:39.604 INFO  manager.ListenerWD -- sendKeys -->
18:07:39.605 INFO  manager.ListenerWD -- sendKeys -->input
18:07:39.619 INFO  manager.ListenerWD -- Before find element-->By.cssSelector: [placeholder = 'description']
18:07:39.625 INFO  manager.ListenerWD -- After find element-->By.cssSelector: [placeholder = 'description']
18:07:39.629 INFO  manager.ListenerWD -- Location of element-->input
18:07:39.635 INFO  manager.ListenerWD -- Before click element-->inputtext -->
18:07:39.663 INFO  manager.ListenerWD -- After click element-->input
18:07:39.684 INFO  manager.ListenerWD -- sendKeys -->
18:07:39.686 INFO  manager.ListenerWD -- sendKeys -->input
18:07:39.703 INFO  manager.ListenerWD -- sendKeys -->
18:07:39.705 INFO  manager.ListenerWD -- sendKeys -->input
18:07:39.720 INFO  manager.ListenerWD -- sendKeys -->
18:07:39.722 INFO  manager.ListenerWD -- sendKeys -->input
18:07:39.734 INFO  manager.ListenerWD -- Before find element-->By.cssSelector: .add_form__2rsm2>button
18:07:39.739 INFO  manager.ListenerWD -- After find element-->By.cssSelector: .add_form__2rsm2>button
18:07:39.741 INFO  manager.ListenerWD -- Location of element-->button
18:07:39.747 INFO  manager.ListenerWD -- Before click element-->buttontext -->Save
18:07:39.772 INFO  manager.ListenerWD -- After click element-->button
18:07:40.286 INFO  manager.ListenerWD -- Before find element-->By.cssSelector: a[href='/add']
18:07:40.301 INFO  manager.ListenerWD -- After find element-->By.cssSelector: a[href='/add']
18:07:40.306 INFO  manager.ListenerWD -- Location of element-->a
18:07:40.314 INFO  manager.ListenerWD -- Before click element-->atext -->ADD
18:07:40.346 INFO  manager.ListenerWD -- After click element-->a
18:07:40.346 INFO  manager.ListenerWD -- Before find element-->By.cssSelector: [placeholder='Name']
18:07:40.351 INFO  manager.ListenerWD -- After find element-->By.cssSelector: [placeholder='Name']
18:07:40.353 INFO  manager.ListenerWD -- Location of element-->input
18:07:40.359 INFO  manager.ListenerWD -- Before click element-->inputtext -->
18:07:40.387 INFO  manager.ListenerWD -- After click element-->input
18:07:40.404 INFO  manager.ListenerWD -- sendKeys -->
18:07:40.406 INFO  manager.ListenerWD -- sendKeys -->input
18:07:40.421 INFO  manager.ListenerWD -- sendKeys -->
18:07:40.423 INFO  manager.ListenerWD -- sendKeys -->input
18:07:40.438 INFO  manager.ListenerWD -- sendKeys -->
18:07:40.440 INFO  manager.ListenerWD -- sendKeys -->input
18:07:40.455 INFO  manager.ListenerWD -- Before find element-->By.cssSelector: [placeholder='Last Name']
18:07:40.460 INFO  manager.ListenerWD -- After find element-->By.cssSelector: [placeholder='Last Name']
18:07:40.462 INFO  manager.ListenerWD -- Location of element-->input
18:07:40.468 INFO  manager.ListenerWD -- Before click element-->inputtext -->
18:07:40.495 INFO  manager.ListenerWD -- After click element-->input
18:07:40.510 INFO  manager.ListenerWD -- sendKeys -->
18:07:40.513 INFO  manager.ListenerWD -- sendKeys -->input
18:07:40.530 INFO  manager.ListenerWD -- sendKeys -->
18:07:40.533 INFO  manager.ListenerWD -- sendKeys -->input
18:07:40.549 INFO  manager.ListenerWD -- sendKeys -->
18:07:40.551 INFO  manager.ListenerWD -- sendKeys -->input
18:07:40.566 INFO  manager.ListenerWD -- Before find element-->By.cssSelector: [placeholder='Phone']
18:07:40.571 INFO  manager.ListenerWD -- After find element-->By.cssSelector: [placeholder='Phone']
18:07:40.573 INFO  manager.ListenerWD -- Location of element-->input
18:07:40.579 INFO  manager.ListenerWD -- Before click element-->inputtext -->
18:07:40.606 INFO  manager.ListenerWD -- After click element-->input
18:07:40.622 INFO  manager.ListenerWD -- sendKeys -->
18:07:40.624 INFO  manager.ListenerWD -- sendKeys -->input
18:07:40.640 INFO  manager.ListenerWD -- sendKeys -->
18:07:40.642 INFO  manager.ListenerWD -- sendKeys -->input
18:07:40.659 INFO  manager.ListenerWD -- sendKeys -->
18:07:40.661 INFO  manager.ListenerWD -- sendKeys -->input
18:07:40.677 INFO  manager.ListenerWD -- Before find element-->By.cssSelector: [placeholder='email']
18:07:40.683 INFO  manager.ListenerWD -- After find element-->By.cssSelector: [placeholder='email']
18:07:40.685 INFO  manager.ListenerWD -- Location of element-->input
18:07:40.691 INFO  manager.ListenerWD -- Before click element-->inputtext -->
18:07:40.720 INFO  manager.ListenerWD -- After click element-->input
18:07:40.736 INFO  manager.ListenerWD -- sendKeys -->
18:07:40.738 INFO  manager.ListenerWD -- sendKeys -->input
18:07:40.753 INFO  manager.ListenerWD -- sendKeys -->
18:07:40.755 INFO  manager.ListenerWD -- sendKeys -->input
18:07:40.771 INFO  manager.ListenerWD -- sendKeys -->
18:07:40.773 INFO  manager.ListenerWD -- sendKeys -->input
18:07:40.793 INFO  manager.ListenerWD -- Before find element-->By.cssSelector: [placeholder='Address']
18:07:40.798 INFO  manager.ListenerWD -- After find element-->By.cssSelector: [placeholder='Address']
18:07:40.800 INFO  manager.ListenerWD -- Location of element-->input
18:07:40.806 INFO  manager.ListenerWD -- Before click element-->inputtext -->
18:07:40.835 INFO  manager.ListenerWD -- After click element-->input
18:07:40.851 INFO  manager.ListenerWD -- sendKeys -->
18:07:40.853 INFO  manager.ListenerWD -- sendKeys -->input
18:07:40.871 INFO  manager.ListenerWD -- sendKeys -->
18:07:40.873 INFO  manager.ListenerWD -- sendKeys -->input
18:07:40.888 INFO  manager.ListenerWD -- sendKeys -->
18:07:40.889 INFO  manager.ListenerWD -- sendKeys -->input
18:07:40.903 INFO  manager.ListenerWD -- Before find element-->By.cssSelector: [placeholder = 'description']
18:07:40.908 INFO  manager.ListenerWD -- After find element-->By.cssSelector: [placeholder = 'description']
18:07:40.910 INFO  manager.ListenerWD -- Location of element-->input
18:07:40.916 INFO  manager.ListenerWD -- Before click element-->inputtext -->
18:07:40.944 INFO  manager.ListenerWD -- After click element-->input
18:07:40.961 INFO  manager.ListenerWD -- sendKeys -->
18:07:40.963 INFO  manager.ListenerWD -- sendKeys -->input
18:07:40.978 INFO  manager.ListenerWD -- sendKeys -->
18:07:40.979 INFO  manager.ListenerWD -- sendKeys -->input
18:07:40.995 INFO  manager.ListenerWD -- sendKeys -->
18:07:40.997 INFO  manager.ListenerWD -- sendKeys -->input
18:07:41.010 INFO  manager.ListenerWD -- Before find element-->By.cssSelector: .add_form__2rsm2>button
18:07:41.016 INFO  manager.ListenerWD -- After find element-->By.cssSelector: .add_form__2rsm2>button
18:07:41.017 INFO  manager.ListenerWD -- Location of element-->button
18:07:41.023 INFO  manager.ListenerWD -- Before click element-->buttontext -->Save
18:07:41.054 INFO  manager.ListenerWD -- After click element-->button
18:07:41.559 INFO  manager.TestNGListener -- Start test -->removeFirstContact
18:07:41.594 INFO  manager.HelperBase -- Number of Contacts before remove is-->3
18:07:41.594 INFO  manager.ListenerWD -- Before find element-->By.cssSelector: .contact-item_card__2SOIM
18:07:41.603 INFO  manager.ListenerWD -- After find element-->By.cssSelector: .contact-item_card__2SOIM
18:07:41.607 INFO  manager.ListenerWD -- Location of element-->div
18:07:41.615 INFO  manager.ListenerWD -- Before click element-->divtext -->Harry
555667771316
18:07:41.645 INFO  manager.ListenerWD -- After click element-->div
18:07:41.645 INFO  manager.ListenerWD -- Before find element-->By.xpath: //button[text()='Remove']
18:07:41.650 INFO  manager.ListenerWD -- After find element-->By.xpath: //button[text()='Remove']
18:07:41.653 INFO  manager.ListenerWD -- Location of element-->button
18:07:41.659 INFO  manager.ListenerWD -- Before click element-->buttontext -->Remove
18:07:41.684 INFO  manager.ListenerWD -- After click element-->button
18:07:42.711 INFO  manager.HelperBase -- Number of Contacts after remove is-->2
18:07:42.712 INFO  manager.TestNGListener -- Success test -->removeFirstContact
18:07:42.712 INFO  tests.TestBase -- ==============================================
18:07:42.714 INFO  manager.TestNGListener -- Stop testing  on date-->Thu Jun 04 18:07:42 IDT 2026
