22:45:57.186 INFO  manager.ApplicationManager -- All tests runs in Chrome Browser
22:45:57.577 INFO  manager.ListenerWD -- Navigate to -->https://telranedu.web.app/
22:45:58.294 INFO  manager.ApplicationManager -- The link --->https://telranedu.web.app/home
22:45:58.329 INFO  tests.TestBase -- test data---> email: lolik@gmail.com & password: Lolik123!
22:46:03.341 INFO  manager.ListenerWD -- Before find element-->By.cssSelector: a[href='/login']
22:46:03.364 INFO  manager.ListenerWD -- After find element-->By.cssSelector: a[href='/login']
22:46:03.369 INFO  manager.ListenerWD -- Location of element-->a
22:46:03.382 INFO  manager.ListenerWD -- Before click element-->atext -->LOGIN
22:46:03.432 INFO  manager.ListenerWD -- After click element-->a
22:46:03.432 INFO  manager.HelperBase -- Open form by ckick on button with locator a[href='/login']
22:46:03.433 INFO  manager.ListenerWD -- Before find element-->By.name: email
22:46:03.458 INFO  manager.ListenerWD -- After find element-->By.name: email
22:46:03.462 INFO  manager.ListenerWD -- Location of element-->input
22:46:03.472 INFO  manager.ListenerWD -- Before click element-->inputtext -->
22:46:03.509 INFO  manager.ListenerWD -- After click element-->input
22:46:03.529 INFO  manager.ListenerWD -- sendKeys -->
22:46:03.531 INFO  manager.ListenerWD -- sendKeys -->input
22:46:03.554 INFO  manager.ListenerWD -- sendKeys -->
22:46:03.557 INFO  manager.ListenerWD -- sendKeys -->input
22:46:03.573 INFO  manager.ListenerWD -- sendKeys -->
22:46:03.575 INFO  manager.ListenerWD -- sendKeys -->input
22:46:03.591 INFO  manager.ListenerWD -- Before find element-->By.xpath: //input[@placeholder='Password']
22:46:03.605 INFO  manager.ListenerWD -- After find element-->By.xpath: //input[@placeholder='Password']
22:46:03.608 INFO  manager.ListenerWD -- Location of element-->input
22:46:03.615 INFO  manager.ListenerWD -- Before click element-->inputtext -->
22:46:03.645 INFO  manager.ListenerWD -- After click element-->input
22:46:03.658 INFO  manager.ListenerWD -- sendKeys -->
22:46:03.662 INFO  manager.ListenerWD -- sendKeys -->input
22:46:03.676 INFO  manager.ListenerWD -- sendKeys -->
22:46:03.679 INFO  manager.ListenerWD -- sendKeys -->input
22:46:03.695 INFO  manager.ListenerWD -- sendKeys -->
22:46:03.698 INFO  manager.ListenerWD -- sendKeys -->input
22:46:03.712 INFO  manager.ListenerWD -- Before find element-->By.xpath: //button[text()='Login']
22:46:03.727 INFO  manager.ListenerWD -- After find element-->By.xpath: //button[text()='Login']
22:46:03.731 INFO  manager.ListenerWD -- Location of element-->button
22:46:03.737 INFO  manager.ListenerWD -- Before click element-->buttontext -->Login
22:46:03.769 INFO  tests.TestBase -- User logged in successfully
22:46:03.780 INFO  tests.TestBase -- Name of method (test) -->addNewContactEmptyAddress
22:46:03.853 INFO  tests.TestBase -- Test data --> name: Tony, lastName:Molly, phone: 343434342323, email: molly@gmail.com, address: , description: empty address
22:46:03.853 INFO  manager.ListenerWD -- Before find element-->By.cssSelector: a[href='/add']
22:46:05.433 INFO  manager.ListenerWD -- After find element-->By.cssSelector: a[href='/add']
22:46:05.436 INFO  manager.ListenerWD -- Location of element-->a
22:46:05.441 INFO  manager.ListenerWD -- Before click element-->atext -->ADD
22:46:05.473 INFO  manager.ListenerWD -- After click element-->a
22:46:05.474 INFO  manager.ListenerWD -- Before find element-->By.cssSelector: [placeholder='Name']
22:46:05.488 INFO  manager.ListenerWD -- After find element-->By.cssSelector: [placeholder='Name']
22:46:05.496 INFO  manager.ListenerWD -- Location of element-->input
22:46:05.503 INFO  manager.ListenerWD -- Before click element-->inputtext -->
22:46:05.533 INFO  manager.ListenerWD -- After click element-->input
22:46:05.548 INFO  manager.ListenerWD -- sendKeys -->
22:46:05.551 INFO  manager.ListenerWD -- sendKeys -->input
22:46:05.566 INFO  manager.ListenerWD -- sendKeys -->
22:46:05.569 INFO  manager.ListenerWD -- sendKeys -->input
22:46:05.584 INFO  manager.ListenerWD -- sendKeys -->
22:46:05.587 INFO  manager.ListenerWD -- sendKeys -->input
22:46:05.600 INFO  manager.ListenerWD -- Before find element-->By.cssSelector: [placeholder='Last Name']
22:46:05.615 INFO  manager.ListenerWD -- After find element-->By.cssSelector: [placeholder='Last Name']
22:46:05.618 INFO  manager.ListenerWD -- Location of element-->input
22:46:05.624 INFO  manager.ListenerWD -- Before click element-->inputtext -->
22:46:05.649 INFO  manager.ListenerWD -- After click element-->input
22:46:05.664 INFO  manager.ListenerWD -- sendKeys -->
22:46:05.666 INFO  manager.ListenerWD -- sendKeys -->input
22:46:05.682 INFO  manager.ListenerWD -- sendKeys -->
22:46:05.685 INFO  manager.ListenerWD -- sendKeys -->input
22:46:05.702 INFO  manager.ListenerWD -- sendKeys -->
22:46:05.706 INFO  manager.ListenerWD -- sendKeys -->input
22:46:05.718 INFO  manager.ListenerWD -- Before find element-->By.cssSelector: [placeholder='Phone']
22:46:05.733 INFO  manager.ListenerWD -- After find element-->By.cssSelector: [placeholder='Phone']
22:46:05.737 INFO  manager.ListenerWD -- Location of element-->input
22:46:05.742 INFO  manager.ListenerWD -- Before click element-->inputtext -->
22:46:05.767 INFO  manager.ListenerWD -- After click element-->input
22:46:05.780 INFO  manager.ListenerWD -- sendKeys -->
22:46:05.783 INFO  manager.ListenerWD -- sendKeys -->input
22:46:05.798 INFO  manager.ListenerWD -- sendKeys -->
22:46:05.800 INFO  manager.ListenerWD -- sendKeys -->input
22:46:05.815 INFO  manager.ListenerWD -- sendKeys -->
22:46:05.817 INFO  manager.ListenerWD -- sendKeys -->input
22:46:05.831 INFO  manager.ListenerWD -- Before find element-->By.cssSelector: [placeholder='email']
22:46:05.847 INFO  manager.ListenerWD -- After find element-->By.cssSelector: [placeholder='email']
22:46:05.850 INFO  manager.ListenerWD -- Location of element-->input
22:46:05.856 INFO  manager.ListenerWD -- Before click element-->inputtext -->
22:46:05.882 INFO  manager.ListenerWD -- After click element-->input
22:46:05.896 INFO  manager.ListenerWD -- sendKeys -->
22:46:05.899 INFO  manager.ListenerWD -- sendKeys -->input
22:46:05.914 INFO  manager.ListenerWD -- sendKeys -->
22:46:05.916 INFO  manager.ListenerWD -- sendKeys -->input
22:46:05.935 INFO  manager.ListenerWD -- sendKeys -->
22:46:05.941 INFO  manager.ListenerWD -- sendKeys -->input
22:46:05.956 INFO  manager.ListenerWD -- Before find element-->By.cssSelector: [placeholder='Address']
22:46:05.971 INFO  manager.ListenerWD -- After find element-->By.cssSelector: [placeholder='Address']
22:46:05.975 INFO  manager.ListenerWD -- Location of element-->input
22:46:05.980 INFO  manager.ListenerWD -- Before click element-->inputtext -->
22:46:06.008 INFO  manager.ListenerWD -- After click element-->input
22:46:06.023 INFO  manager.ListenerWD -- sendKeys -->
22:46:06.026 INFO  manager.ListenerWD -- sendKeys -->input
22:46:06.040 INFO  manager.ListenerWD -- sendKeys -->
22:46:06.042 INFO  manager.ListenerWD -- sendKeys -->input
22:46:06.057 INFO  manager.ListenerWD -- sendKeys -->
22:46:06.059 INFO  manager.ListenerWD -- sendKeys -->input
22:46:06.068 INFO  manager.ListenerWD -- Before find element-->By.cssSelector: [placeholder = 'description']
22:46:06.080 INFO  manager.ListenerWD -- After find element-->By.cssSelector: [placeholder = 'description']
22:46:06.082 INFO  manager.ListenerWD -- Location of element-->input
22:46:06.088 INFO  manager.ListenerWD -- Before click element-->inputtext -->
22:46:06.112 INFO  manager.ListenerWD -- After click element-->input
22:46:06.126 INFO  manager.ListenerWD -- sendKeys -->
22:46:06.128 INFO  manager.ListenerWD -- sendKeys -->input
22:46:06.144 INFO  manager.ListenerWD -- sendKeys -->
22:46:06.146 INFO  manager.ListenerWD -- sendKeys -->input
22:46:06.160 INFO  manager.ListenerWD -- sendKeys -->
22:46:06.162 INFO  manager.ListenerWD -- sendKeys -->input
22:46:06.176 INFO  manager.ListenerWD -- Before find element-->By.cssSelector: .add_form__2rsm2>button
22:46:06.189 INFO  manager.ListenerWD -- After find element-->By.cssSelector: .add_form__2rsm2>button
22:46:06.193 INFO  manager.ListenerWD -- Location of element-->button
22:46:06.198 INFO  manager.ListenerWD -- Before click element-->buttontext -->Save
22:46:06.221 INFO  manager.ListenerWD -- After click element-->button
22:46:06.235 INFO  tests.TestBase -- Assert check Add button is active
22:46:06.243 INFO  tests.TestBase -- ==============================================
22:46:06.246 INFO  tests.TestBase -- Name of method (test) -->addNewContactEmptyLastName
22:46:06.248 INFO  tests.TestBase -- Test data --> name: Tony , lastName:, phone: 343434342323,email: molly@gmail.com, address: Haifa, description: empty last name
22:46:06.248 INFO  manager.ListenerWD -- Before find element-->By.cssSelector: a[href='/add']
22:46:06.257 INFO  manager.ListenerWD -- After find element-->By.cssSelector: a[href='/add']
22:46:06.260 INFO  manager.ListenerWD -- Location of element-->a
22:46:06.266 INFO  manager.ListenerWD -- Before click element-->atext -->ADD
22:46:06.293 INFO  manager.ListenerWD -- After click element-->a
22:46:06.293 INFO  manager.ListenerWD -- Before find element-->By.cssSelector: [placeholder='Name']
22:46:06.303 INFO  manager.ListenerWD -- After find element-->By.cssSelector: [placeholder='Name']
22:46:06.306 INFO  manager.ListenerWD -- Location of element-->input
22:46:06.312 INFO  manager.ListenerWD -- Before click element-->inputtext -->
22:46:06.347 INFO  manager.ListenerWD -- After click element-->input
22:46:06.376 INFO  manager.ListenerWD -- sendKeys -->
22:46:06.379 INFO  manager.ListenerWD -- sendKeys -->input
22:46:06.414 INFO  manager.ListenerWD -- sendKeys -->
22:46:06.418 INFO  manager.ListenerWD -- sendKeys -->input
22:46:06.441 INFO  manager.ListenerWD -- sendKeys -->
22:46:06.444 INFO  manager.ListenerWD -- sendKeys -->input
22:46:06.459 INFO  manager.ListenerWD -- Before find element-->By.cssSelector: [placeholder='Last Name']
22:46:06.471 INFO  manager.ListenerWD -- After find element-->By.cssSelector: [placeholder='Last Name']
22:46:06.474 INFO  manager.ListenerWD -- Location of element-->input
22:46:06.481 INFO  manager.ListenerWD -- Before click element-->inputtext -->
22:46:06.506 INFO  manager.ListenerWD -- After click element-->input
22:46:06.522 INFO  manager.ListenerWD -- sendKeys -->
22:46:06.524 INFO  manager.ListenerWD -- sendKeys -->input
22:46:06.546 INFO  manager.ListenerWD -- sendKeys -->
22:46:06.548 INFO  manager.ListenerWD -- sendKeys -->input
22:46:06.565 INFO  manager.ListenerWD -- sendKeys -->
22:46:06.567 INFO  manager.ListenerWD -- sendKeys -->input
22:46:06.577 INFO  manager.ListenerWD -- Before find element-->By.cssSelector: [placeholder='Phone']
22:46:06.586 INFO  manager.ListenerWD -- After find element-->By.cssSelector: [placeholder='Phone']
22:46:06.588 INFO  manager.ListenerWD -- Location of element-->input
22:46:06.594 INFO  manager.ListenerWD -- Before click element-->inputtext -->
22:46:06.617 INFO  manager.ListenerWD -- After click element-->input
22:46:06.631 INFO  manager.ListenerWD -- sendKeys -->
22:46:06.633 INFO  manager.ListenerWD -- sendKeys -->input
22:46:06.658 INFO  manager.ListenerWD -- sendKeys -->
22:46:06.661 INFO  manager.ListenerWD -- sendKeys -->input
22:46:06.679 INFO  manager.ListenerWD -- sendKeys -->
22:46:06.681 INFO  manager.ListenerWD -- sendKeys -->input
22:46:06.696 INFO  manager.ListenerWD -- Before find element-->By.cssSelector: [placeholder='email']
22:46:06.707 INFO  manager.ListenerWD -- After find element-->By.cssSelector: [placeholder='email']
22:46:06.711 INFO  manager.ListenerWD -- Location of element-->input
22:46:06.717 INFO  manager.ListenerWD -- Before click element-->inputtext -->
22:46:06.745 INFO  manager.ListenerWD -- After click element-->input
22:46:06.761 INFO  manager.ListenerWD -- sendKeys -->
22:46:06.763 INFO  manager.ListenerWD -- sendKeys -->input
22:46:06.784 INFO  manager.ListenerWD -- sendKeys -->
22:46:06.788 INFO  manager.ListenerWD -- sendKeys -->input
22:46:06.801 INFO  manager.ListenerWD -- sendKeys -->
22:46:06.805 INFO  manager.ListenerWD -- sendKeys -->input
22:46:06.818 INFO  manager.ListenerWD -- Before find element-->By.cssSelector: [placeholder='Address']
22:46:06.828 INFO  manager.ListenerWD -- After find element-->By.cssSelector: [placeholder='Address']
22:46:06.830 INFO  manager.ListenerWD -- Location of element-->input
22:46:06.836 INFO  manager.ListenerWD -- Before click element-->inputtext -->
22:46:06.859 INFO  manager.ListenerWD -- After click element-->input
22:46:06.873 INFO  manager.ListenerWD -- sendKeys -->
22:46:06.876 INFO  manager.ListenerWD -- sendKeys -->input
22:46:06.891 INFO  manager.ListenerWD -- sendKeys -->
22:46:06.893 INFO  manager.ListenerWD -- sendKeys -->input
22:46:06.908 INFO  manager.ListenerWD -- sendKeys -->
22:46:06.910 INFO  manager.ListenerWD -- sendKeys -->input
22:46:06.921 INFO  manager.ListenerWD -- Before find element-->By.cssSelector: [placeholder = 'description']
22:46:06.930 INFO  manager.ListenerWD -- After find element-->By.cssSelector: [placeholder = 'description']
22:46:06.932 INFO  manager.ListenerWD -- Location of element-->input
22:46:06.938 INFO  manager.ListenerWD -- Before click element-->inputtext -->
22:46:06.962 INFO  manager.ListenerWD -- After click element-->input
22:46:06.980 INFO  manager.ListenerWD -- sendKeys -->
22:46:06.983 INFO  manager.ListenerWD -- sendKeys -->input
22:46:07.009 INFO  manager.ListenerWD -- sendKeys -->
22:46:07.011 INFO  manager.ListenerWD -- sendKeys -->input
22:46:07.025 INFO  manager.ListenerWD -- sendKeys -->
22:46:07.027 INFO  manager.ListenerWD -- sendKeys -->input
22:46:07.041 INFO  manager.ListenerWD -- Before find element-->By.cssSelector: .add_form__2rsm2>button
22:46:07.050 INFO  manager.ListenerWD -- After find element-->By.cssSelector: .add_form__2rsm2>button
22:46:07.053 INFO  manager.ListenerWD -- Location of element-->button
22:46:07.059 INFO  manager.ListenerWD -- Before click element-->buttontext -->Save
22:46:07.080 INFO  manager.ListenerWD -- After click element-->button
22:46:07.089 INFO  tests.TestBase -- Assert check Add button is active
22:46:07.091 INFO  tests.TestBase -- ==============================================
22:46:07.092 INFO  tests.TestBase -- Name of method (test) -->addNewContactEmptyName
22:46:07.093 INFO  tests.TestBase -- Test data --> name: , lastName:Molly, phone: 343434342323,email: molly@gmail.com, address: Haifa, description: empty name
22:46:07.093 INFO  manager.ListenerWD -- Before find element-->By.cssSelector: a[href='/add']
22:46:07.104 INFO  manager.ListenerWD -- After find element-->By.cssSelector: a[href='/add']
22:46:07.106 INFO  manager.ListenerWD -- Location of element-->a
22:46:07.112 INFO  manager.ListenerWD -- Before click element-->atext -->ADD
22:46:07.139 INFO  manager.ListenerWD -- After click element-->a
22:46:07.139 INFO  manager.ListenerWD -- Before find element-->By.cssSelector: [placeholder='Name']
22:46:07.149 INFO  manager.ListenerWD -- After find element-->By.cssSelector: [placeholder='Name']
22:46:07.152 INFO  manager.ListenerWD -- Location of element-->input
22:46:07.158 INFO  manager.ListenerWD -- Before click element-->inputtext -->
22:46:07.182 INFO  manager.ListenerWD -- After click element-->input
22:46:07.197 INFO  manager.ListenerWD -- sendKeys -->
22:46:07.199 INFO  manager.ListenerWD -- sendKeys -->input
22:46:07.219 INFO  manager.ListenerWD -- sendKeys -->
22:46:07.222 INFO  manager.ListenerWD -- sendKeys -->input
22:46:07.236 INFO  manager.ListenerWD -- sendKeys -->
22:46:07.238 INFO  manager.ListenerWD -- sendKeys -->input
22:46:07.247 INFO  manager.ListenerWD -- Before find element-->By.cssSelector: [placeholder='Last Name']
22:46:07.254 INFO  manager.ListenerWD -- After find element-->By.cssSelector: [placeholder='Last Name']
22:46:07.258 INFO  manager.ListenerWD -- Location of element-->input
22:46:07.263 INFO  manager.ListenerWD -- Before click element-->inputtext -->
22:46:07.286 INFO  manager.ListenerWD -- After click element-->input
22:46:07.299 INFO  manager.ListenerWD -- sendKeys -->
22:46:07.301 INFO  manager.ListenerWD -- sendKeys -->input
22:46:07.315 INFO  manager.ListenerWD -- sendKeys -->
22:46:07.317 INFO  manager.ListenerWD -- sendKeys -->input
22:46:07.331 INFO  manager.ListenerWD -- sendKeys -->
22:46:07.333 INFO  manager.ListenerWD -- sendKeys -->input
22:46:07.344 INFO  manager.ListenerWD -- Before find element-->By.cssSelector: [placeholder='Phone']
22:46:07.354 INFO  manager.ListenerWD -- After find element-->By.cssSelector: [placeholder='Phone']
22:46:07.357 INFO  manager.ListenerWD -- Location of element-->input
22:46:07.362 INFO  manager.ListenerWD -- Before click element-->inputtext -->
22:46:07.387 INFO  manager.ListenerWD -- After click element-->input
22:46:07.405 INFO  manager.ListenerWD -- sendKeys -->
22:46:07.407 INFO  manager.ListenerWD -- sendKeys -->input
22:46:07.432 INFO  manager.ListenerWD -- sendKeys -->
22:46:07.435 INFO  manager.ListenerWD -- sendKeys -->input
22:46:07.448 INFO  manager.ListenerWD -- sendKeys -->
22:46:07.450 INFO  manager.ListenerWD -- sendKeys -->input
22:46:07.463 INFO  manager.ListenerWD -- Before find element-->By.cssSelector: [placeholder='email']
22:46:07.472 INFO  manager.ListenerWD -- After find element-->By.cssSelector: [placeholder='email']
22:46:07.475 INFO  manager.ListenerWD -- Location of element-->input
22:46:07.482 INFO  manager.ListenerWD -- Before click element-->inputtext -->
22:46:07.507 INFO  manager.ListenerWD -- After click element-->input
22:46:07.522 INFO  manager.ListenerWD -- sendKeys -->
22:46:07.524 INFO  manager.ListenerWD -- sendKeys -->input
22:46:07.546 INFO  manager.ListenerWD -- sendKeys -->
22:46:07.548 INFO  manager.ListenerWD -- sendKeys -->input
22:46:07.563 INFO  manager.ListenerWD -- sendKeys -->
22:46:07.565 INFO  manager.ListenerWD -- sendKeys -->input
22:46:07.579 INFO  manager.ListenerWD -- Before find element-->By.cssSelector: [placeholder='Address']
22:46:07.588 INFO  manager.ListenerWD -- After find element-->By.cssSelector: [placeholder='Address']
22:46:07.592 INFO  manager.ListenerWD -- Location of element-->input
22:46:07.597 INFO  manager.ListenerWD -- Before click element-->inputtext -->
22:46:07.621 INFO  manager.ListenerWD -- After click element-->input
22:46:07.635 INFO  manager.ListenerWD -- sendKeys -->
22:46:07.637 INFO  manager.ListenerWD -- sendKeys -->input
22:46:07.658 INFO  manager.ListenerWD -- sendKeys -->
22:46:07.660 INFO  manager.ListenerWD -- sendKeys -->input
22:46:07.674 INFO  manager.ListenerWD -- sendKeys -->
22:46:07.676 INFO  manager.ListenerWD -- sendKeys -->input
22:46:07.687 INFO  manager.ListenerWD -- Before find element-->By.cssSelector: [placeholder = 'description']
22:46:07.698 INFO  manager.ListenerWD -- After find element-->By.cssSelector: [placeholder = 'description']
22:46:07.701 INFO  manager.ListenerWD -- Location of element-->input
22:46:07.706 INFO  manager.ListenerWD -- Before click element-->inputtext -->
22:46:07.729 INFO  manager.ListenerWD -- After click element-->input
22:46:07.743 INFO  manager.ListenerWD -- sendKeys -->
22:46:07.745 INFO  manager.ListenerWD -- sendKeys -->input
22:46:07.765 INFO  manager.ListenerWD -- sendKeys -->
22:46:07.768 INFO  manager.ListenerWD -- sendKeys -->input
22:46:07.782 INFO  manager.ListenerWD -- sendKeys -->
22:46:07.784 INFO  manager.ListenerWD -- sendKeys -->input
22:46:07.796 INFO  manager.ListenerWD -- Before find element-->By.cssSelector: .add_form__2rsm2>button
22:46:07.805 INFO  manager.ListenerWD -- After find element-->By.cssSelector: .add_form__2rsm2>button
22:46:07.807 INFO  manager.ListenerWD -- Location of element-->button
22:46:07.813 INFO  manager.ListenerWD -- Before click element-->buttontext -->Save
22:46:07.833 INFO  manager.ListenerWD -- After click element-->button
22:46:07.844 INFO  tests.TestBase -- Assert check Add button is active
22:46:07.845 INFO  tests.TestBase -- ==============================================
22:46:07.852 INFO  tests.TestBase -- Name of method (test) -->addNewContactSuccessAllFields
22:46:07.856 INFO  manager.ListenerWD -- Before find element-->By.cssSelector: a[href='/add']
22:46:07.864 INFO  manager.ListenerWD -- After find element-->By.cssSelector: a[href='/add']
22:46:07.866 INFO  manager.ListenerWD -- Location of element-->a
22:46:07.871 INFO  manager.ListenerWD -- Before click element-->atext -->ADD
22:46:07.903 INFO  manager.ListenerWD -- After click element-->a
22:46:07.903 INFO  manager.ListenerWD -- Before find element-->By.cssSelector: [placeholder='Name']
22:46:07.911 INFO  manager.ListenerWD -- After find element-->By.cssSelector: [placeholder='Name']
22:46:07.915 INFO  manager.ListenerWD -- Location of element-->input
22:46:07.920 INFO  manager.ListenerWD -- Before click element-->inputtext -->
22:46:07.943 INFO  manager.ListenerWD -- After click element-->input
22:46:07.956 INFO  manager.ListenerWD -- sendKeys -->
22:46:07.959 INFO  manager.ListenerWD -- sendKeys -->input
22:46:07.972 INFO  manager.ListenerWD -- sendKeys -->
22:46:07.974 INFO  manager.ListenerWD -- sendKeys -->input
22:46:07.987 INFO  manager.ListenerWD -- sendKeys -->
22:46:07.989 INFO  manager.ListenerWD -- sendKeys -->input
22:46:07.999 INFO  manager.ListenerWD -- Before find element-->By.cssSelector: [placeholder='Last Name']
22:46:08.012 INFO  manager.ListenerWD -- After find element-->By.cssSelector: [placeholder='Last Name']
22:46:08.014 INFO  manager.ListenerWD -- Location of element-->input
22:46:08.020 INFO  manager.ListenerWD -- Before click element-->inputtext -->
22:46:08.051 INFO  manager.ListenerWD -- After click element-->input
22:46:08.068 INFO  manager.ListenerWD -- sendKeys -->
22:46:08.070 INFO  manager.ListenerWD -- sendKeys -->input
22:46:08.102 INFO  manager.ListenerWD -- sendKeys -->
22:46:08.107 INFO  manager.ListenerWD -- sendKeys -->input
22:46:08.127 INFO  manager.ListenerWD -- sendKeys -->
22:46:08.130 INFO  manager.ListenerWD -- sendKeys -->input
22:46:08.145 INFO  manager.ListenerWD -- Before find element-->By.cssSelector: [placeholder='Phone']
22:46:08.153 INFO  manager.ListenerWD -- After find element-->By.cssSelector: [placeholder='Phone']
22:46:08.156 INFO  manager.ListenerWD -- Location of element-->input
22:46:08.161 INFO  manager.ListenerWD -- Before click element-->inputtext -->
22:46:08.185 INFO  manager.ListenerWD -- After click element-->input
22:46:08.199 INFO  manager.ListenerWD -- sendKeys -->
22:46:08.201 INFO  manager.ListenerWD -- sendKeys -->input
22:46:08.221 INFO  manager.ListenerWD -- sendKeys -->
22:46:08.224 INFO  manager.ListenerWD -- sendKeys -->input
22:46:08.238 INFO  manager.ListenerWD -- sendKeys -->
22:46:08.240 INFO  manager.ListenerWD -- sendKeys -->input
22:46:08.252 INFO  manager.ListenerWD -- Before find element-->By.cssSelector: [placeholder='email']
22:46:08.260 INFO  manager.ListenerWD -- After find element-->By.cssSelector: [placeholder='email']
22:46:08.263 INFO  manager.ListenerWD -- Location of element-->input
22:46:08.267 INFO  manager.ListenerWD -- Before click element-->inputtext -->
22:46:08.292 INFO  manager.ListenerWD -- After click element-->input
22:46:08.306 INFO  manager.ListenerWD -- sendKeys -->
22:46:08.308 INFO  manager.ListenerWD -- sendKeys -->input
22:46:08.328 INFO  manager.ListenerWD -- sendKeys -->
22:46:08.331 INFO  manager.ListenerWD -- sendKeys -->input
22:46:08.346 INFO  manager.ListenerWD -- sendKeys -->
22:46:08.349 INFO  manager.ListenerWD -- sendKeys -->input
22:46:08.363 INFO  manager.ListenerWD -- Before find element-->By.cssSelector: [placeholder='Address']
22:46:08.372 INFO  manager.ListenerWD -- After find element-->By.cssSelector: [placeholder='Address']
22:46:08.375 INFO  manager.ListenerWD -- Location of element-->input
22:46:08.382 INFO  manager.ListenerWD -- Before click element-->inputtext -->
22:46:08.410 INFO  manager.ListenerWD -- After click element-->input
22:46:08.425 INFO  manager.ListenerWD -- sendKeys -->
22:46:08.428 INFO  manager.ListenerWD -- sendKeys -->input
22:46:08.453 INFO  manager.ListenerWD -- sendKeys -->
22:46:08.455 INFO  manager.ListenerWD -- sendKeys -->input
22:46:08.469 INFO  manager.ListenerWD -- sendKeys -->
22:46:08.471 INFO  manager.ListenerWD -- sendKeys -->input
22:46:08.483 INFO  manager.ListenerWD -- Before find element-->By.cssSelector: [placeholder = 'description']
22:46:08.493 INFO  manager.ListenerWD -- After find element-->By.cssSelector: [placeholder = 'description']
22:46:08.496 INFO  manager.ListenerWD -- Location of element-->input
22:46:08.501 INFO  manager.ListenerWD -- Before click element-->inputtext -->
22:46:08.525 INFO  manager.ListenerWD -- After click element-->input
22:46:08.539 INFO  manager.ListenerWD -- sendKeys -->
22:46:08.541 INFO  manager.ListenerWD -- sendKeys -->input
22:46:08.562 INFO  manager.ListenerWD -- sendKeys -->
22:46:08.563 INFO  manager.ListenerWD -- sendKeys -->input
22:46:08.576 INFO  manager.ListenerWD -- sendKeys -->
22:46:08.578 INFO  manager.ListenerWD -- sendKeys -->input
22:46:08.782 INFO  manager.ListenerWD -- Before find element-->By.cssSelector: .add_form__2rsm2>button
22:46:08.792 INFO  manager.ListenerWD -- After find element-->By.cssSelector: .add_form__2rsm2>button
22:46:08.795 INFO  manager.ListenerWD -- Location of element-->button
22:46:08.800 INFO  manager.ListenerWD -- Before click element-->buttontext -->Save
22:46:08.823 INFO  manager.ListenerWD -- After click element-->button
22:46:09.298 INFO  tests.TestBase -- Assert check is add contact by name
22:46:09.334 INFO  tests.TestBase -- Assert check is add contact by phone
22:46:09.336 INFO  tests.TestBase -- ==============================================
22:46:09.337 INFO  tests.TestBase -- Name of method (test) -->addNewContactSuccessAllFields
22:46:09.338 INFO  manager.ListenerWD -- Before find element-->By.cssSelector: a[href='/add']
22:46:09.348 INFO  manager.ListenerWD -- After find element-->By.cssSelector: a[href='/add']
22:46:09.350 INFO  manager.ListenerWD -- Location of element-->a
22:46:09.358 INFO  manager.ListenerWD -- Before click element-->atext -->ADD
22:46:09.392 INFO  manager.ListenerWD -- After click element-->a
22:46:09.392 INFO  manager.ListenerWD -- Before find element-->By.cssSelector: [placeholder='Name']
22:46:09.405 INFO  manager.ListenerWD -- After find element-->By.cssSelector: [placeholder='Name']
22:46:09.408 INFO  manager.ListenerWD -- Location of element-->input
22:46:09.415 INFO  manager.ListenerWD -- Before click element-->inputtext -->
22:46:09.444 INFO  manager.ListenerWD -- After click element-->input
22:46:09.460 INFO  manager.ListenerWD -- sendKeys -->
22:46:09.462 INFO  manager.ListenerWD -- sendKeys -->input
22:46:09.479 INFO  manager.ListenerWD -- sendKeys -->
22:46:09.481 INFO  manager.ListenerWD -- sendKeys -->input
22:46:09.498 INFO  manager.ListenerWD -- sendKeys -->
22:46:09.500 INFO  manager.ListenerWD -- sendKeys -->input
22:46:09.513 INFO  manager.ListenerWD -- Before find element-->By.cssSelector: [placeholder='Last Name']
22:46:09.522 INFO  manager.ListenerWD -- After find element-->By.cssSelector: [placeholder='Last Name']
22:46:09.525 INFO  manager.ListenerWD -- Location of element-->input
22:46:09.531 INFO  manager.ListenerWD -- Before click element-->inputtext -->
22:46:09.559 INFO  manager.ListenerWD -- After click element-->input
22:46:09.574 INFO  manager.ListenerWD -- sendKeys -->
22:46:09.576 INFO  manager.ListenerWD -- sendKeys -->input
22:46:09.591 INFO  manager.ListenerWD -- sendKeys -->
22:46:09.594 INFO  manager.ListenerWD -- sendKeys -->input
22:46:09.608 INFO  manager.ListenerWD -- sendKeys -->
22:46:09.612 INFO  manager.ListenerWD -- sendKeys -->input
22:46:09.625 INFO  manager.ListenerWD -- Before find element-->By.cssSelector: [placeholder='Phone']
22:46:09.632 INFO  manager.ListenerWD -- After find element-->By.cssSelector: [placeholder='Phone']
22:46:09.635 INFO  manager.ListenerWD -- Location of element-->input
22:46:09.641 INFO  manager.ListenerWD -- Before click element-->inputtext -->
22:46:09.664 INFO  manager.ListenerWD -- After click element-->input
22:46:09.679 INFO  manager.ListenerWD -- sendKeys -->
22:46:09.682 INFO  manager.ListenerWD -- sendKeys -->input
22:46:09.697 INFO  manager.ListenerWD -- sendKeys -->
22:46:09.701 INFO  manager.ListenerWD -- sendKeys -->input
22:46:09.717 INFO  manager.ListenerWD -- sendKeys -->
22:46:09.720 INFO  manager.ListenerWD -- sendKeys -->input
22:46:09.732 INFO  manager.ListenerWD -- Before find element-->By.cssSelector: [placeholder='email']
22:46:09.741 INFO  manager.ListenerWD -- After find element-->By.cssSelector: [placeholder='email']
22:46:09.744 INFO  manager.ListenerWD -- Location of element-->input
22:46:09.750 INFO  manager.ListenerWD -- Before click element-->inputtext -->
22:46:09.777 INFO  manager.ListenerWD -- After click element-->input
22:46:09.794 INFO  manager.ListenerWD -- sendKeys -->
22:46:09.796 INFO  manager.ListenerWD -- sendKeys -->input
22:46:09.811 INFO  manager.ListenerWD -- sendKeys -->
22:46:09.814 INFO  manager.ListenerWD -- sendKeys -->input
22:46:09.829 INFO  manager.ListenerWD -- sendKeys -->
22:46:09.831 INFO  manager.ListenerWD -- sendKeys -->input
22:46:09.846 INFO  manager.ListenerWD -- Before find element-->By.cssSelector: [placeholder='Address']
22:46:09.855 INFO  manager.ListenerWD -- After find element-->By.cssSelector: [placeholder='Address']
22:46:09.858 INFO  manager.ListenerWD -- Location of element-->input
22:46:09.863 INFO  manager.ListenerWD -- Before click element-->inputtext -->
22:46:09.891 INFO  manager.ListenerWD -- After click element-->input
22:46:09.905 INFO  manager.ListenerWD -- sendKeys -->
22:46:09.908 INFO  manager.ListenerWD -- sendKeys -->input
22:46:09.924 INFO  manager.ListenerWD -- sendKeys -->
22:46:09.926 INFO  manager.ListenerWD -- sendKeys -->input
22:46:09.943 INFO  manager.ListenerWD -- sendKeys -->
22:46:09.945 INFO  manager.ListenerWD -- sendKeys -->input
22:46:09.958 INFO  manager.ListenerWD -- Before find element-->By.cssSelector: [placeholder = 'description']
22:46:09.967 INFO  manager.ListenerWD -- After find element-->By.cssSelector: [placeholder = 'description']
22:46:09.970 INFO  manager.ListenerWD -- Location of element-->input
22:46:09.976 INFO  manager.ListenerWD -- Before click element-->inputtext -->
22:46:10.004 INFO  manager.ListenerWD -- After click element-->input
22:46:10.021 INFO  manager.ListenerWD -- sendKeys -->
22:46:10.025 INFO  manager.ListenerWD -- sendKeys -->input
22:46:10.043 INFO  manager.ListenerWD -- sendKeys -->
22:46:10.047 INFO  manager.ListenerWD -- sendKeys -->input
22:46:10.224 INFO  manager.ListenerWD -- Before find element-->By.cssSelector: .add_form__2rsm2>button
22:46:10.238 INFO  manager.ListenerWD -- After find element-->By.cssSelector: .add_form__2rsm2>button
22:46:10.241 INFO  manager.ListenerWD -- Location of element-->button
22:46:10.247 INFO  manager.ListenerWD -- Before click element-->buttontext -->Save
22:46:10.268 INFO  manager.ListenerWD -- After click element-->button
22:46:10.736 INFO  tests.TestBase -- Assert check is add contact by name
22:46:10.776 INFO  tests.TestBase -- Assert check is add contact by phone
22:46:10.778 INFO  tests.TestBase -- ==============================================
22:46:10.784 INFO  tests.TestBase -- Name of method (test) -->addNewContactSuccessRequiredFields
22:46:10.787 INFO  tests.TestBase -- Test data --> name: Tony, lastName:Molly, phone: 343434342770email: molly2770@gmail.com, address: Haifa
22:46:10.787 INFO  manager.ListenerWD -- Before find element-->By.cssSelector: a[href='/add']
22:46:10.798 INFO  manager.ListenerWD -- After find element-->By.cssSelector: a[href='/add']
22:46:10.801 INFO  manager.ListenerWD -- Location of element-->a
22:46:10.806 INFO  manager.ListenerWD -- Before click element-->atext -->ADD
22:46:10.834 INFO  manager.ListenerWD -- After click element-->a
22:46:10.835 INFO  manager.ListenerWD -- Before find element-->By.cssSelector: [placeholder='Name']
22:46:10.843 INFO  manager.ListenerWD -- After find element-->By.cssSelector: [placeholder='Name']
22:46:10.847 INFO  manager.ListenerWD -- Location of element-->input
22:46:10.853 INFO  manager.ListenerWD -- Before click element-->inputtext -->
22:46:10.883 INFO  manager.ListenerWD -- After click element-->input
22:46:10.901 INFO  manager.ListenerWD -- sendKeys -->
22:46:10.904 INFO  manager.ListenerWD -- sendKeys -->input
22:46:10.924 INFO  manager.ListenerWD -- sendKeys -->
22:46:10.926 INFO  manager.ListenerWD -- sendKeys -->input
22:46:10.946 INFO  manager.ListenerWD -- sendKeys -->
22:46:10.949 INFO  manager.ListenerWD -- sendKeys -->input
22:46:10.967 INFO  manager.ListenerWD -- Before find element-->By.cssSelector: [placeholder='Last Name']
22:46:10.976 INFO  manager.ListenerWD -- After find element-->By.cssSelector: [placeholder='Last Name']
22:46:10.981 INFO  manager.ListenerWD -- Location of element-->input
22:46:10.989 INFO  manager.ListenerWD -- Before click element-->inputtext -->
22:46:11.021 INFO  manager.ListenerWD -- After click element-->input
22:46:11.039 INFO  manager.ListenerWD -- sendKeys -->
22:46:11.044 INFO  manager.ListenerWD -- sendKeys -->input
22:46:11.062 INFO  manager.ListenerWD -- sendKeys -->
22:46:11.064 INFO  manager.ListenerWD -- sendKeys -->input
22:46:11.080 INFO  manager.ListenerWD -- sendKeys -->
22:46:11.083 INFO  manager.ListenerWD -- sendKeys -->input
22:46:11.096 INFO  manager.ListenerWD -- Before find element-->By.cssSelector: [placeholder='Phone']
22:46:11.103 INFO  manager.ListenerWD -- After find element-->By.cssSelector: [placeholder='Phone']
22:46:11.106 INFO  manager.ListenerWD -- Location of element-->input
22:46:11.111 INFO  manager.ListenerWD -- Before click element-->inputtext -->
22:46:11.137 INFO  manager.ListenerWD -- After click element-->input
22:46:11.152 INFO  manager.ListenerWD -- sendKeys -->
22:46:11.154 INFO  manager.ListenerWD -- sendKeys -->input
22:46:11.167 INFO  manager.ListenerWD -- sendKeys -->
22:46:11.169 INFO  manager.ListenerWD -- sendKeys -->input
22:46:11.182 INFO  manager.ListenerWD -- sendKeys -->
22:46:11.185 INFO  manager.ListenerWD -- sendKeys -->input
22:46:11.197 INFO  manager.ListenerWD -- Before find element-->By.cssSelector: [placeholder='email']
22:46:11.206 INFO  manager.ListenerWD -- After find element-->By.cssSelector: [placeholder='email']
22:46:11.209 INFO  manager.ListenerWD -- Location of element-->input
22:46:11.214 INFO  manager.ListenerWD -- Before click element-->inputtext -->
22:46:11.236 INFO  manager.ListenerWD -- After click element-->input
22:46:11.250 INFO  manager.ListenerWD -- sendKeys -->
22:46:11.252 INFO  manager.ListenerWD -- sendKeys -->input
22:46:11.265 INFO  manager.ListenerWD -- sendKeys -->
22:46:11.267 INFO  manager.ListenerWD -- sendKeys -->input
22:46:11.280 INFO  manager.ListenerWD -- sendKeys -->
22:46:11.282 INFO  manager.ListenerWD -- sendKeys -->input
22:46:11.297 INFO  manager.ListenerWD -- Before find element-->By.cssSelector: [placeholder='Address']
22:46:11.305 INFO  manager.ListenerWD -- After find element-->By.cssSelector: [placeholder='Address']
22:46:11.307 INFO  manager.ListenerWD -- Location of element-->input
22:46:11.312 INFO  manager.ListenerWD -- Before click element-->inputtext -->
22:46:11.338 INFO  manager.ListenerWD -- After click element-->input
22:46:11.355 INFO  manager.ListenerWD -- sendKeys -->
22:46:11.357 INFO  manager.ListenerWD -- sendKeys -->input
22:46:11.374 INFO  manager.ListenerWD -- sendKeys -->
22:46:11.376 INFO  manager.ListenerWD -- sendKeys -->input
22:46:11.392 INFO  manager.ListenerWD -- sendKeys -->
22:46:11.396 INFO  manager.ListenerWD -- sendKeys -->input
22:46:11.408 INFO  manager.ListenerWD -- Before find element-->By.cssSelector: [placeholder = 'description']
22:46:11.417 INFO  manager.ListenerWD -- After find element-->By.cssSelector: [placeholder = 'description']
22:46:11.419 INFO  manager.ListenerWD -- Location of element-->input
22:46:11.424 INFO  manager.ListenerWD -- Before click element-->inputtext -->
22:46:11.448 INFO  manager.ListenerWD -- After click element-->input
22:46:11.463 INFO  manager.ListenerWD -- sendKeys -->
22:46:11.465 INFO  manager.ListenerWD -- sendKeys -->input
22:46:11.478 INFO  manager.ListenerWD -- sendKeys -->
22:46:11.480 INFO  manager.ListenerWD -- sendKeys -->input
22:46:11.492 INFO  manager.ListenerWD -- Before find element-->By.cssSelector: .add_form__2rsm2>button
22:46:11.501 INFO  manager.ListenerWD -- After find element-->By.cssSelector: .add_form__2rsm2>button
22:46:11.503 INFO  manager.ListenerWD -- Location of element-->button
22:46:11.509 INFO  manager.ListenerWD -- Before click element-->buttontext -->Save
22:46:11.531 INFO  manager.ListenerWD -- After click element-->button
22:46:12.256 INFO  tests.TestBase -- Assert check is add contact by name
22:46:12.297 INFO  tests.TestBase -- Assert check is add contact by phone
22:46:12.299 INFO  tests.TestBase -- ==============================================
22:46:12.300 INFO  tests.TestBase -- Name of method (test) -->addNewContactWrongEmail
22:46:12.301 INFO  tests.TestBase -- Test data --> name: Tony, lastName:Molly, phone: 343434342323, email: mollygmail.com, address: Haifa, description: wrong email
22:46:12.302 INFO  manager.ListenerWD -- Before find element-->By.cssSelector: a[href='/add']
22:46:12.309 INFO  manager.ListenerWD -- After find element-->By.cssSelector: a[href='/add']
22:46:12.312 INFO  manager.ListenerWD -- Location of element-->a
22:46:12.317 INFO  manager.ListenerWD -- Before click element-->atext -->ADD
22:46:12.343 INFO  manager.ListenerWD -- After click element-->a
22:46:12.343 INFO  manager.ListenerWD -- Before find element-->By.cssSelector: [placeholder='Name']
22:46:12.351 INFO  manager.ListenerWD -- After find element-->By.cssSelector: [placeholder='Name']
22:46:12.354 INFO  manager.ListenerWD -- Location of element-->input
22:46:12.359 INFO  manager.ListenerWD -- Before click element-->inputtext -->
22:46:12.387 INFO  manager.ListenerWD -- After click element-->input
22:46:12.400 INFO  manager.ListenerWD -- sendKeys -->
22:46:12.402 INFO  manager.ListenerWD -- sendKeys -->input
22:46:12.415 INFO  manager.ListenerWD -- sendKeys -->
22:46:12.417 INFO  manager.ListenerWD -- sendKeys -->input
22:46:12.432 INFO  manager.ListenerWD -- sendKeys -->
22:46:12.434 INFO  manager.ListenerWD -- sendKeys -->input
22:46:12.445 INFO  manager.ListenerWD -- Before find element-->By.cssSelector: [placeholder='Last Name']
22:46:12.454 INFO  manager.ListenerWD -- After find element-->By.cssSelector: [placeholder='Last Name']
22:46:12.456 INFO  manager.ListenerWD -- Location of element-->input
22:46:12.461 INFO  manager.ListenerWD -- Before click element-->inputtext -->
22:46:12.485 INFO  manager.ListenerWD -- After click element-->input
22:46:12.499 INFO  manager.ListenerWD -- sendKeys -->
22:46:12.501 INFO  manager.ListenerWD -- sendKeys -->input
22:46:12.516 INFO  manager.ListenerWD -- sendKeys -->
22:46:12.518 INFO  manager.ListenerWD -- sendKeys -->input
22:46:12.532 INFO  manager.ListenerWD -- sendKeys -->
22:46:12.534 INFO  manager.ListenerWD -- sendKeys -->input
22:46:12.546 INFO  manager.ListenerWD -- Before find element-->By.cssSelector: [placeholder='Phone']
22:46:12.554 INFO  manager.ListenerWD -- After find element-->By.cssSelector: [placeholder='Phone']
22:46:12.557 INFO  manager.ListenerWD -- Location of element-->input
22:46:12.565 INFO  manager.ListenerWD -- Before click element-->inputtext -->
22:46:12.589 INFO  manager.ListenerWD -- After click element-->input
22:46:12.602 INFO  manager.ListenerWD -- sendKeys -->
22:46:12.605 INFO  manager.ListenerWD -- sendKeys -->input
22:46:12.618 INFO  manager.ListenerWD -- sendKeys -->
22:46:12.620 INFO  manager.ListenerWD -- sendKeys -->input
22:46:12.636 INFO  manager.ListenerWD -- sendKeys -->
22:46:12.638 INFO  manager.ListenerWD -- sendKeys -->input
22:46:12.651 INFO  manager.ListenerWD -- Before find element-->By.cssSelector: [placeholder='email']
22:46:12.661 INFO  manager.ListenerWD -- After find element-->By.cssSelector: [placeholder='email']
22:46:12.663 INFO  manager.ListenerWD -- Location of element-->input
22:46:12.669 INFO  manager.ListenerWD -- Before click element-->inputtext -->
22:46:12.694 INFO  manager.ListenerWD -- After click element-->input
22:46:12.707 INFO  manager.ListenerWD -- sendKeys -->
22:46:12.709 INFO  manager.ListenerWD -- sendKeys -->input
22:46:12.722 INFO  manager.ListenerWD -- sendKeys -->
22:46:12.724 INFO  manager.ListenerWD -- sendKeys -->input
22:46:12.738 INFO  manager.ListenerWD -- sendKeys -->
22:46:12.740 INFO  manager.ListenerWD -- sendKeys -->input
22:46:12.752 INFO  manager.ListenerWD -- Before find element-->By.cssSelector: [placeholder='Address']
22:46:12.761 INFO  manager.ListenerWD -- After find element-->By.cssSelector: [placeholder='Address']
22:46:12.763 INFO  manager.ListenerWD -- Location of element-->input
22:46:12.768 INFO  manager.ListenerWD -- Before click element-->inputtext -->
22:46:12.795 INFO  manager.ListenerWD -- After click element-->input
22:46:12.811 INFO  manager.ListenerWD -- sendKeys -->
22:46:12.813 INFO  manager.ListenerWD -- sendKeys -->input
22:46:12.835 INFO  manager.ListenerWD -- sendKeys -->
22:46:12.839 INFO  manager.ListenerWD -- sendKeys -->input
22:46:12.862 INFO  manager.ListenerWD -- sendKeys -->
22:46:12.865 INFO  manager.ListenerWD -- sendKeys -->input
22:46:12.886 INFO  manager.ListenerWD -- Before find element-->By.cssSelector: [placeholder = 'description']
22:46:12.897 INFO  manager.ListenerWD -- After find element-->By.cssSelector: [placeholder = 'description']
22:46:12.903 INFO  manager.ListenerWD -- Location of element-->input
22:46:12.912 INFO  manager.ListenerWD -- Before click element-->inputtext -->
22:46:12.959 INFO  manager.ListenerWD -- After click element-->input
22:46:12.983 INFO  manager.ListenerWD -- sendKeys -->
22:46:12.986 INFO  manager.ListenerWD -- sendKeys -->input
22:46:13.008 INFO  manager.ListenerWD -- sendKeys -->
22:46:13.010 INFO  manager.ListenerWD -- sendKeys -->input
22:46:13.032 INFO  manager.ListenerWD -- sendKeys -->
22:46:13.036 INFO  manager.ListenerWD -- sendKeys -->input
22:46:13.053 INFO  manager.ListenerWD -- Before find element-->By.cssSelector: .add_form__2rsm2>button
22:46:13.062 INFO  manager.ListenerWD -- After find element-->By.cssSelector: .add_form__2rsm2>button
22:46:13.065 INFO  manager.ListenerWD -- Location of element-->button
22:46:13.074 INFO  manager.ListenerWD -- Before click element-->buttontext -->Save
22:46:13.116 INFO  manager.ListenerWD -- After click element-->button
22:46:13.126 INFO  tests.TestBase -- Assert check Add button is active
22:46:13.137 INFO  manager.ListenerWD -- Huston, we have a problem!
22:46:13.137 INFO  manager.ListenerWD -- Failed method:alert
22:46:13.137 INFO  manager.ListenerWD -- **********************
22:46:13.137 INFO  manager.ListenerWD -- Arguments:null
22:46:13.137 INFO  manager.ListenerWD -- **********************
22:46:13.137 INFO  manager.ListenerWD -- Exception:NoAlertPresentException
22:46:13.137 INFO  manager.ListenerWD -- **********************
22:46:13.137 INFO  manager.ListenerWD -- Messageno such alert
  (Session info: chrome=149.0.7827.103)
Build info: version: '4.26.0', revision: '8ccf0219d7'
System info: os.name: 'Windows 11', os.arch: 'amd64', os.version: '10.0', java.version: '21.0.10'
Driver info: org.openqa.selenium.chrome.ChromeDriver
Command: [038c10b5803740a17b1a3f02cee03e09, getAlertText {}]
Capabilities {acceptInsecureCerts: false, browserName: chrome, browserVersion: 149.0.7827.103, chrome: {chromedriverVersion: 149.0.7827.55 (3188f8a607ae..., userDataDir: C:\Users\Nina\AppData\Local...}, fedcm:accounts: true, goog:chromeOptions: {debuggerAddress: localhost:57409}, goog:processID: 18072, networkConnectionEnabled: false, pageLoadStrategy: normal, platformName: windows, proxy: Proxy(), se:cdp: ws://localhost:57409/devtoo..., se:cdpVersion: 149.0.7827.103, setWindowRect: true, strictFileInteractability: false, timeouts: {implicit: 0, pageLoad: 300000, script: 30000}, unhandledPromptBehavior: dismiss and notify, webauthn:extension:credBlob: true, webauthn:extension:largeBlob: true, webauthn:extension:minPinLength: true, webauthn:extension:prf: true, webauthn:virtualAuthenticators: true}
Session ID: 038c10b5803740a17b1a3f02cee03e09
22:46:13.137 INFO  manager.ListenerWD -- **********************
22:46:13.137 INFO  manager.ListenerWD -- Screen with error is --->src/test/screenshots/screen_1112.png
22:46:13.651 INFO  tests.TestBase -- Assert check is alert present with error test 'Email not valid' 
22:46:13.653 INFO  tests.TestBase -- ==============================================
22:46:13.656 INFO  tests.TestBase -- Name of method (test) -->addNewContactWrongPhone
22:46:13.657 INFO  tests.TestBase -- Test data --> name: Tony, lastName:Molly, phone: , email: molly@gmail.com, address: Haifa, description: empty phone
22:46:13.657 INFO  manager.ListenerWD -- Before find element-->By.cssSelector: a[href='/add']
22:46:13.673 INFO  manager.ListenerWD -- After find element-->By.cssSelector: a[href='/add']
22:46:13.677 INFO  manager.ListenerWD -- Location of element-->a
22:46:13.684 INFO  manager.ListenerWD -- Before click element-->atext -->ADD
22:46:13.713 INFO  manager.ListenerWD -- After click element-->a
22:46:13.713 INFO  manager.ListenerWD -- Before find element-->By.cssSelector: [placeholder='Name']
22:46:13.721 INFO  manager.ListenerWD -- After find element-->By.cssSelector: [placeholder='Name']
22:46:13.725 INFO  manager.ListenerWD -- Location of element-->input
22:46:13.730 INFO  manager.ListenerWD -- Before click element-->inputtext -->
22:46:13.759 INFO  manager.ListenerWD -- After click element-->input
22:46:13.776 INFO  manager.ListenerWD -- sendKeys -->
22:46:13.779 INFO  manager.ListenerWD -- sendKeys -->input
22:46:13.805 INFO  manager.ListenerWD -- sendKeys -->
22:46:13.809 INFO  manager.ListenerWD -- sendKeys -->input
22:46:13.825 INFO  manager.ListenerWD -- sendKeys -->
22:46:13.828 INFO  manager.ListenerWD -- sendKeys -->input
22:46:13.842 INFO  manager.ListenerWD -- Before find element-->By.cssSelector: [placeholder='Last Name']
22:46:13.850 INFO  manager.ListenerWD -- After find element-->By.cssSelector: [placeholder='Last Name']
22:46:13.853 INFO  manager.ListenerWD -- Location of element-->input
22:46:13.859 INFO  manager.ListenerWD -- Before click element-->inputtext -->
22:46:13.888 INFO  manager.ListenerWD -- After click element-->input
22:46:13.904 INFO  manager.ListenerWD -- sendKeys -->
22:46:13.908 INFO  manager.ListenerWD -- sendKeys -->input
22:46:13.927 INFO  manager.ListenerWD -- sendKeys -->
22:46:13.930 INFO  manager.ListenerWD -- sendKeys -->input
22:46:13.945 INFO  manager.ListenerWD -- sendKeys -->
22:46:13.947 INFO  manager.ListenerWD -- sendKeys -->input
22:46:13.959 INFO  manager.ListenerWD -- Before find element-->By.cssSelector: [placeholder='Phone']
22:46:13.966 INFO  manager.ListenerWD -- After find element-->By.cssSelector: [placeholder='Phone']
22:46:13.969 INFO  manager.ListenerWD -- Location of element-->input
22:46:13.975 INFO  manager.ListenerWD -- Before click element-->inputtext -->
22:46:14.003 INFO  manager.ListenerWD -- After click element-->input
22:46:14.019 INFO  manager.ListenerWD -- sendKeys -->
22:46:14.021 INFO  manager.ListenerWD -- sendKeys -->input
22:46:14.049 INFO  manager.ListenerWD -- sendKeys -->
22:46:14.052 INFO  manager.ListenerWD -- sendKeys -->input
22:46:14.067 INFO  manager.ListenerWD -- sendKeys -->
22:46:14.071 INFO  manager.ListenerWD -- sendKeys -->input
22:46:14.084 INFO  manager.ListenerWD -- Before find element-->By.cssSelector: [placeholder='email']
22:46:14.093 INFO  manager.ListenerWD -- After find element-->By.cssSelector: [placeholder='email']
22:46:14.095 INFO  manager.ListenerWD -- Location of element-->input
22:46:14.102 INFO  manager.ListenerWD -- Before click element-->inputtext -->
22:46:14.126 INFO  manager.ListenerWD -- After click element-->input
22:46:14.141 INFO  manager.ListenerWD -- sendKeys -->
22:46:14.143 INFO  manager.ListenerWD -- sendKeys -->input
22:46:14.170 INFO  manager.ListenerWD -- sendKeys -->
22:46:14.172 INFO  manager.ListenerWD -- sendKeys -->input
22:46:14.188 INFO  manager.ListenerWD -- sendKeys -->
22:46:14.191 INFO  manager.ListenerWD -- sendKeys -->input
22:46:14.206 INFO  manager.ListenerWD -- Before find element-->By.cssSelector: [placeholder='Address']
22:46:14.218 INFO  manager.ListenerWD -- After find element-->By.cssSelector: [placeholder='Address']
22:46:14.222 INFO  manager.ListenerWD -- Location of element-->input
22:46:14.230 INFO  manager.ListenerWD -- Before click element-->inputtext -->
22:46:14.266 INFO  manager.ListenerWD -- After click element-->input
22:46:14.287 INFO  manager.ListenerWD -- sendKeys -->
22:46:14.290 INFO  manager.ListenerWD -- sendKeys -->input
22:46:14.315 INFO  manager.ListenerWD -- sendKeys -->
22:46:14.317 INFO  manager.ListenerWD -- sendKeys -->input
22:46:14.332 INFO  manager.ListenerWD -- sendKeys -->
22:46:14.334 INFO  manager.ListenerWD -- sendKeys -->input
22:46:14.345 INFO  manager.ListenerWD -- Before find element-->By.cssSelector: [placeholder = 'description']
22:46:14.353 INFO  manager.ListenerWD -- After find element-->By.cssSelector: [placeholder = 'description']
22:46:14.355 INFO  manager.ListenerWD -- Location of element-->input
22:46:14.361 INFO  manager.ListenerWD -- Before click element-->inputtext -->
22:46:14.385 INFO  manager.ListenerWD -- After click element-->input
22:46:14.400 INFO  manager.ListenerWD -- sendKeys -->
22:46:14.403 INFO  manager.ListenerWD -- sendKeys -->input
22:46:14.425 INFO  manager.ListenerWD -- sendKeys -->
22:46:14.427 INFO  manager.ListenerWD -- sendKeys -->input
22:46:14.442 INFO  manager.ListenerWD -- sendKeys -->
22:46:14.444 INFO  manager.ListenerWD -- sendKeys -->input
22:46:14.458 INFO  manager.ListenerWD -- Before find element-->By.cssSelector: .add_form__2rsm2>button
22:46:14.466 INFO  manager.ListenerWD -- After find element-->By.cssSelector: .add_form__2rsm2>button
22:46:14.468 INFO  manager.ListenerWD -- Location of element-->button
22:46:14.474 INFO  manager.ListenerWD -- Before click element-->buttontext -->Save
22:46:14.495 INFO  manager.ListenerWD -- After click element-->button
22:46:14.499 INFO  manager.ListenerWD -- Huston, we have a problem!
22:46:14.499 INFO  manager.ListenerWD -- Failed method:alert
22:46:14.499 INFO  manager.ListenerWD -- **********************
22:46:14.499 INFO  manager.ListenerWD -- Arguments:null
22:46:14.499 INFO  manager.ListenerWD -- **********************
22:46:14.499 INFO  manager.ListenerWD -- Exception:NoAlertPresentException
22:46:14.499 INFO  manager.ListenerWD -- **********************
22:46:14.499 INFO  manager.ListenerWD -- Messageno such alert
  (Session info: chrome=149.0.7827.103)
Build info: version: '4.26.0', revision: '8ccf0219d7'
System info: os.name: 'Windows 11', os.arch: 'amd64', os.version: '10.0', java.version: '21.0.10'
Driver info: org.openqa.selenium.chrome.ChromeDriver
Command: [038c10b5803740a17b1a3f02cee03e09, getAlertText {}]
Capabilities {acceptInsecureCerts: false, browserName: chrome, browserVersion: 149.0.7827.103, chrome: {chromedriverVersion: 149.0.7827.55 (3188f8a607ae..., userDataDir: C:\Users\Nina\AppData\Local...}, fedcm:accounts: true, goog:chromeOptions: {debuggerAddress: localhost:57409}, goog:processID: 18072, networkConnectionEnabled: false, pageLoadStrategy: normal, platformName: windows, proxy: Proxy(), se:cdp: ws://localhost:57409/devtoo..., se:cdpVersion: 149.0.7827.103, setWindowRect: true, strictFileInteractability: false, timeouts: {implicit: 0, pageLoad: 300000, script: 30000}, unhandledPromptBehavior: dismiss and notify, webauthn:extension:credBlob: true, webauthn:extension:largeBlob: true, webauthn:extension:minPinLength: true, webauthn:extension:prf: true, webauthn:virtualAuthenticators: true}
Session ID: 038c10b5803740a17b1a3f02cee03e09
22:46:14.500 INFO  manager.ListenerWD -- **********************
22:46:14.500 INFO  manager.ListenerWD -- Screen with error is --->src/test/screenshots/screen_1129.png
22:46:15.017 INFO  manager.ListenerWD -- Huston, we have a problem!
22:46:15.017 INFO  manager.ListenerWD -- Failed method:alert
22:46:15.017 INFO  manager.ListenerWD -- **********************
22:46:15.017 INFO  manager.ListenerWD -- Arguments:null
22:46:15.017 INFO  manager.ListenerWD -- **********************
22:46:15.017 INFO  manager.ListenerWD -- Exception:NoAlertPresentException
22:46:15.017 INFO  manager.ListenerWD -- **********************
22:46:15.017 INFO  manager.ListenerWD -- Messageno such alert
  (Session info: chrome=149.0.7827.103)
Build info: version: '4.26.0', revision: '8ccf0219d7'
System info: os.name: 'Windows 11', os.arch: 'amd64', os.version: '10.0', java.version: '21.0.10'
Driver info: org.openqa.selenium.chrome.ChromeDriver
Command: [038c10b5803740a17b1a3f02cee03e09, getAlertText {}]
Capabilities {acceptInsecureCerts: false, browserName: chrome, browserVersion: 149.0.7827.103, chrome: {chromedriverVersion: 149.0.7827.55 (3188f8a607ae..., userDataDir: C:\Users\Nina\AppData\Local...}, fedcm:accounts: true, goog:chromeOptions: {debuggerAddress: localhost:57409}, goog:processID: 18072, networkConnectionEnabled: false, pageLoadStrategy: normal, platformName: windows, proxy: Proxy(), se:cdp: ws://localhost:57409/devtoo..., se:cdpVersion: 149.0.7827.103, setWindowRect: true, strictFileInteractability: false, timeouts: {implicit: 0, pageLoad: 300000, script: 30000}, unhandledPromptBehavior: dismiss and notify, webauthn:extension:credBlob: true, webauthn:extension:largeBlob: true, webauthn:extension:minPinLength: true, webauthn:extension:prf: true, webauthn:virtualAuthenticators: true}
Session ID: 038c10b5803740a17b1a3f02cee03e09
22:46:15.017 INFO  manager.ListenerWD -- **********************
22:46:15.017 INFO  manager.ListenerWD -- Screen with error is --->src/test/screenshots/screen_1549.png
22:46:15.533 INFO  tests.TestBase -- Assert check is alert present with error test 'Phone not valid' 
22:46:15.543 INFO  tests.TestBase -- Assert check Add button is active
22:46:15.544 INFO  tests.TestBase -- ==============================================
22:46:15.545 INFO  tests.TestBase -- Name of method (test) -->addNewContactWrongPhone
22:46:15.546 INFO  tests.TestBase -- Test data --> name: Tony, lastName:Molly, phone: , email: molly@gmail.com, address: Haifa, description: empty phone
22:46:15.546 INFO  manager.ListenerWD -- Before find element-->By.cssSelector: a[href='/add']
22:46:15.562 INFO  manager.ListenerWD -- After find element-->By.cssSelector: a[href='/add']
22:46:15.574 INFO  manager.ListenerWD -- Location of element-->a
22:46:15.584 INFO  manager.ListenerWD -- Before click element-->atext -->ADD
22:46:15.636 INFO  manager.ListenerWD -- After click element-->a
22:46:15.636 INFO  manager.ListenerWD -- Before find element-->By.cssSelector: [placeholder='Name']
22:46:15.651 INFO  manager.ListenerWD -- After find element-->By.cssSelector: [placeholder='Name']
22:46:15.656 INFO  manager.ListenerWD -- Location of element-->input
22:46:15.666 INFO  manager.ListenerWD -- Before click element-->inputtext -->
22:46:15.703 INFO  manager.ListenerWD -- After click element-->input
22:46:15.727 INFO  manager.ListenerWD -- sendKeys -->
22:46:15.731 INFO  manager.ListenerWD -- sendKeys -->input
22:46:15.762 INFO  manager.ListenerWD -- sendKeys -->
22:46:15.766 INFO  manager.ListenerWD -- sendKeys -->input
22:46:15.786 INFO  manager.ListenerWD -- sendKeys -->
22:46:15.789 INFO  manager.ListenerWD -- sendKeys -->input
22:46:15.804 INFO  manager.ListenerWD -- Before find element-->By.cssSelector: [placeholder='Last Name']
22:46:15.816 INFO  manager.ListenerWD -- After find element-->By.cssSelector: [placeholder='Last Name']
22:46:15.820 INFO  manager.ListenerWD -- Location of element-->input
22:46:15.828 INFO  manager.ListenerWD -- Before click element-->inputtext -->
22:46:15.859 INFO  manager.ListenerWD -- After click element-->input
22:46:15.874 INFO  manager.ListenerWD -- sendKeys -->
22:46:15.877 INFO  manager.ListenerWD -- sendKeys -->input
22:46:15.906 INFO  manager.ListenerWD -- sendKeys -->
22:46:15.908 INFO  manager.ListenerWD -- sendKeys -->input
22:46:15.927 INFO  manager.ListenerWD -- sendKeys -->
22:46:15.930 INFO  manager.ListenerWD -- sendKeys -->input
22:46:15.944 INFO  manager.ListenerWD -- Before find element-->By.cssSelector: [placeholder='Phone']
22:46:15.953 INFO  manager.ListenerWD -- After find element-->By.cssSelector: [placeholder='Phone']
22:46:15.955 INFO  manager.ListenerWD -- Location of element-->input
22:46:15.960 INFO  manager.ListenerWD -- Before click element-->inputtext -->
22:46:15.984 INFO  manager.ListenerWD -- After click element-->input
22:46:15.998 INFO  manager.ListenerWD -- sendKeys -->
22:46:16.000 INFO  manager.ListenerWD -- sendKeys -->input
22:46:16.022 INFO  manager.ListenerWD -- sendKeys -->
22:46:16.024 INFO  manager.ListenerWD -- sendKeys -->input
22:46:16.041 INFO  manager.ListenerWD -- sendKeys -->
22:46:16.043 INFO  manager.ListenerWD -- sendKeys -->input
22:46:16.059 INFO  manager.ListenerWD -- Before find element-->By.cssSelector: [placeholder='email']
22:46:16.068 INFO  manager.ListenerWD -- After find element-->By.cssSelector: [placeholder='email']
22:46:16.071 INFO  manager.ListenerWD -- Location of element-->input
22:46:16.078 INFO  manager.ListenerWD -- Before click element-->inputtext -->
22:46:16.107 INFO  manager.ListenerWD -- After click element-->input
22:46:16.123 INFO  manager.ListenerWD -- sendKeys -->
22:46:16.125 INFO  manager.ListenerWD -- sendKeys -->input
22:46:16.146 INFO  manager.ListenerWD -- sendKeys -->
22:46:16.149 INFO  manager.ListenerWD -- sendKeys -->input
22:46:16.162 INFO  manager.ListenerWD -- sendKeys -->
22:46:16.164 INFO  manager.ListenerWD -- sendKeys -->input
22:46:16.179 INFO  manager.ListenerWD -- Before find element-->By.cssSelector: [placeholder='Address']
22:46:16.186 INFO  manager.ListenerWD -- After find element-->By.cssSelector: [placeholder='Address']
22:46:16.189 INFO  manager.ListenerWD -- Location of element-->input
22:46:16.194 INFO  manager.ListenerWD -- Before click element-->inputtext -->
22:46:16.219 INFO  manager.ListenerWD -- After click element-->input
22:46:16.233 INFO  manager.ListenerWD -- sendKeys -->
22:46:16.236 INFO  manager.ListenerWD -- sendKeys -->input
22:46:16.257 INFO  manager.ListenerWD -- sendKeys -->
22:46:16.259 INFO  manager.ListenerWD -- sendKeys -->input
22:46:16.274 INFO  manager.ListenerWD -- sendKeys -->
22:46:16.277 INFO  manager.ListenerWD -- sendKeys -->input
22:46:16.289 INFO  manager.ListenerWD -- Before find element-->By.cssSelector: [placeholder = 'description']
22:46:16.296 INFO  manager.ListenerWD -- After find element-->By.cssSelector: [placeholder = 'description']
22:46:16.298 INFO  manager.ListenerWD -- Location of element-->input
22:46:16.303 INFO  manager.ListenerWD -- Before click element-->inputtext -->
22:46:16.328 INFO  manager.ListenerWD -- After click element-->input
22:46:16.341 INFO  manager.ListenerWD -- sendKeys -->
22:46:16.343 INFO  manager.ListenerWD -- sendKeys -->input
22:46:16.365 INFO  manager.ListenerWD -- sendKeys -->
22:46:16.368 INFO  manager.ListenerWD -- sendKeys -->input
22:46:16.381 INFO  manager.ListenerWD -- sendKeys -->
22:46:16.383 INFO  manager.ListenerWD -- sendKeys -->input
22:46:16.395 INFO  manager.ListenerWD -- Before find element-->By.cssSelector: .add_form__2rsm2>button
22:46:16.402 INFO  manager.ListenerWD -- After find element-->By.cssSelector: .add_form__2rsm2>button
22:46:16.404 INFO  manager.ListenerWD -- Location of element-->button
22:46:16.410 INFO  manager.ListenerWD -- Before click element-->buttontext -->Save
22:46:16.436 INFO  manager.ListenerWD -- After click element-->button
22:46:16.441 INFO  manager.ListenerWD -- Huston, we have a problem!
22:46:16.441 INFO  manager.ListenerWD -- Failed method:alert
22:46:16.441 INFO  manager.ListenerWD -- **********************
22:46:16.441 INFO  manager.ListenerWD -- Arguments:null
22:46:16.441 INFO  manager.ListenerWD -- **********************
22:46:16.441 INFO  manager.ListenerWD -- Exception:NoAlertPresentException
22:46:16.441 INFO  manager.ListenerWD -- **********************
22:46:16.441 INFO  manager.ListenerWD -- Messageno such alert
  (Session info: chrome=149.0.7827.103)
Build info: version: '4.26.0', revision: '8ccf0219d7'
System info: os.name: 'Windows 11', os.arch: 'amd64', os.version: '10.0', java.version: '21.0.10'
Driver info: org.openqa.selenium.chrome.ChromeDriver
Command: [038c10b5803740a17b1a3f02cee03e09, getAlertText {}]
Capabilities {acceptInsecureCerts: false, browserName: chrome, browserVersion: 149.0.7827.103, chrome: {chromedriverVersion: 149.0.7827.55 (3188f8a607ae..., userDataDir: C:\Users\Nina\AppData\Local...}, fedcm:accounts: true, goog:chromeOptions: {debuggerAddress: localhost:57409}, goog:processID: 18072, networkConnectionEnabled: false, pageLoadStrategy: normal, platformName: windows, proxy: Proxy(), se:cdp: ws://localhost:57409/devtoo..., se:cdpVersion: 149.0.7827.103, setWindowRect: true, strictFileInteractability: false, timeouts: {implicit: 0, pageLoad: 300000, script: 30000}, unhandledPromptBehavior: dismiss and notify, webauthn:extension:credBlob: true, webauthn:extension:largeBlob: true, webauthn:extension:minPinLength: true, webauthn:extension:prf: true, webauthn:virtualAuthenticators: true}
Session ID: 038c10b5803740a17b1a3f02cee03e09
22:46:16.441 INFO  manager.ListenerWD -- **********************
22:46:16.441 INFO  manager.ListenerWD -- Screen with error is --->src/test/screenshots/screen_1147.png
22:46:16.965 INFO  tests.TestBase -- Assert check is alert present with error test 'Phone not valid' 
22:46:16.975 INFO  tests.TestBase -- Assert check Add button is active
22:46:16.977 INFO  tests.TestBase -- ==============================================
22:46:16.978 INFO  tests.TestBase -- Name of method (test) -->addNewContactWrongPhone
22:46:16.979 INFO  tests.TestBase -- Test data --> name: Tony, lastName:Molly, phone: , email: molly@gmail.com, address: Haifa, description: empty phone
22:46:16.979 INFO  manager.ListenerWD -- Before find element-->By.cssSelector: a[href='/add']
22:46:16.991 INFO  manager.ListenerWD -- After find element-->By.cssSelector: a[href='/add']
22:46:17.007 INFO  manager.ListenerWD -- Location of element-->a
22:46:17.019 INFO  manager.ListenerWD -- Before click element-->atext -->ADD
22:46:17.071 INFO  manager.ListenerWD -- After click element-->a
22:46:17.071 INFO  manager.ListenerWD -- Before find element-->By.cssSelector: [placeholder='Name']
22:46:17.083 INFO  manager.ListenerWD -- After find element-->By.cssSelector: [placeholder='Name']
22:46:17.088 INFO  manager.ListenerWD -- Location of element-->input
22:46:17.097 INFO  manager.ListenerWD -- Before click element-->inputtext -->
22:46:17.142 INFO  manager.ListenerWD -- After click element-->input
22:46:17.164 INFO  manager.ListenerWD -- sendKeys -->
22:46:17.168 INFO  manager.ListenerWD -- sendKeys -->input
22:46:17.191 INFO  manager.ListenerWD -- sendKeys -->
22:46:17.193 INFO  manager.ListenerWD -- sendKeys -->input
22:46:17.208 INFO  manager.ListenerWD -- sendKeys -->
22:46:17.210 INFO  manager.ListenerWD -- sendKeys -->input
22:46:17.220 INFO  manager.ListenerWD -- Before find element-->By.cssSelector: [placeholder='Last Name']
22:46:17.228 INFO  manager.ListenerWD -- After find element-->By.cssSelector: [placeholder='Last Name']
22:46:17.230 INFO  manager.ListenerWD -- Location of element-->input
22:46:17.236 INFO  manager.ListenerWD -- Before click element-->inputtext -->
22:46:17.281 INFO  manager.ListenerWD -- After click element-->input
22:46:17.309 INFO  manager.ListenerWD -- sendKeys -->
22:46:17.313 INFO  manager.ListenerWD -- sendKeys -->input
22:46:17.344 INFO  manager.ListenerWD -- sendKeys -->
22:46:17.347 INFO  manager.ListenerWD -- sendKeys -->input
22:46:17.367 INFO  manager.ListenerWD -- sendKeys -->
22:46:17.370 INFO  manager.ListenerWD -- sendKeys -->input
22:46:17.386 INFO  manager.ListenerWD -- Before find element-->By.cssSelector: [placeholder='Phone']
22:46:17.395 INFO  manager.ListenerWD -- After find element-->By.cssSelector: [placeholder='Phone']
22:46:17.399 INFO  manager.ListenerWD -- Location of element-->input
22:46:17.406 INFO  manager.ListenerWD -- Before click element-->inputtext -->
22:46:17.439 INFO  manager.ListenerWD -- After click element-->input
22:46:17.454 INFO  manager.ListenerWD -- sendKeys -->
22:46:17.456 INFO  manager.ListenerWD -- sendKeys -->input
22:46:17.492 INFO  manager.ListenerWD -- sendKeys -->
22:46:17.497 INFO  manager.ListenerWD -- sendKeys -->input
22:46:17.527 INFO  manager.ListenerWD -- sendKeys -->
22:46:17.531 INFO  manager.ListenerWD -- sendKeys -->input
22:46:17.554 INFO  manager.ListenerWD -- Before find element-->By.cssSelector: [placeholder='email']
22:46:17.564 INFO  manager.ListenerWD -- After find element-->By.cssSelector: [placeholder='email']
22:46:17.567 INFO  manager.ListenerWD -- Location of element-->input
22:46:17.574 INFO  manager.ListenerWD -- Before click element-->inputtext -->
22:46:17.606 INFO  manager.ListenerWD -- After click element-->input
22:46:17.622 INFO  manager.ListenerWD -- sendKeys -->
22:46:17.624 INFO  manager.ListenerWD -- sendKeys -->input
22:46:17.651 INFO  manager.ListenerWD -- sendKeys -->
22:46:17.655 INFO  manager.ListenerWD -- sendKeys -->input
22:46:17.671 INFO  manager.ListenerWD -- sendKeys -->
22:46:17.673 INFO  manager.ListenerWD -- sendKeys -->input
22:46:17.700 INFO  manager.ListenerWD -- Before find element-->By.cssSelector: [placeholder='Address']
22:46:17.713 INFO  manager.ListenerWD -- After find element-->By.cssSelector: [placeholder='Address']
22:46:17.718 INFO  manager.ListenerWD -- Location of element-->input
22:46:17.729 INFO  manager.ListenerWD -- Before click element-->inputtext -->
22:46:17.768 INFO  manager.ListenerWD -- After click element-->input
22:46:17.785 INFO  manager.ListenerWD -- sendKeys -->
22:46:17.787 INFO  manager.ListenerWD -- sendKeys -->input
22:46:17.816 INFO  manager.ListenerWD -- sendKeys -->
22:46:17.819 INFO  manager.ListenerWD -- sendKeys -->input
22:46:17.836 INFO  manager.ListenerWD -- sendKeys -->
22:46:17.839 INFO  manager.ListenerWD -- sendKeys -->input
22:46:17.851 INFO  manager.ListenerWD -- Before find element-->By.cssSelector: [placeholder = 'description']
22:46:17.861 INFO  manager.ListenerWD -- After find element-->By.cssSelector: [placeholder = 'description']
22:46:17.864 INFO  manager.ListenerWD -- Location of element-->input
22:46:17.871 INFO  manager.ListenerWD -- Before click element-->inputtext -->
22:46:17.895 INFO  manager.ListenerWD -- After click element-->input
22:46:17.909 INFO  manager.ListenerWD -- sendKeys -->
22:46:17.912 INFO  manager.ListenerWD -- sendKeys -->input
22:46:17.934 INFO  manager.ListenerWD -- sendKeys -->
22:46:17.937 INFO  manager.ListenerWD -- sendKeys -->input
22:46:17.955 INFO  manager.ListenerWD -- sendKeys -->
22:46:17.957 INFO  manager.ListenerWD -- sendKeys -->input
22:46:17.970 INFO  manager.ListenerWD -- Before find element-->By.cssSelector: .add_form__2rsm2>button
22:46:17.980 INFO  manager.ListenerWD -- After find element-->By.cssSelector: .add_form__2rsm2>button
22:46:17.984 INFO  manager.ListenerWD -- Location of element-->button
22:46:17.990 INFO  manager.ListenerWD -- Before click element-->buttontext -->Save
22:46:18.022 INFO  manager.ListenerWD -- After click element-->button
22:46:18.030 INFO  manager.ListenerWD -- Huston, we have a problem!
22:46:18.030 INFO  manager.ListenerWD -- Failed method:alert
22:46:18.030 INFO  manager.ListenerWD -- **********************
22:46:18.030 INFO  manager.ListenerWD -- Arguments:null
22:46:18.030 INFO  manager.ListenerWD -- **********************
22:46:18.030 INFO  manager.ListenerWD -- Exception:NoAlertPresentException
22:46:18.030 INFO  manager.ListenerWD -- **********************
22:46:18.030 INFO  manager.ListenerWD -- Messageno such alert
  (Session info: chrome=149.0.7827.103)
Build info: version: '4.26.0', revision: '8ccf0219d7'
System info: os.name: 'Windows 11', os.arch: 'amd64', os.version: '10.0', java.version: '21.0.10'
Driver info: org.openqa.selenium.chrome.ChromeDriver
Command: [038c10b5803740a17b1a3f02cee03e09, getAlertText {}]
Capabilities {acceptInsecureCerts: false, browserName: chrome, browserVersion: 149.0.7827.103, chrome: {chromedriverVersion: 149.0.7827.55 (3188f8a607ae..., userDataDir: C:\Users\Nina\AppData\Local...}, fedcm:accounts: true, goog:chromeOptions: {debuggerAddress: localhost:57409}, goog:processID: 18072, networkConnectionEnabled: false, pageLoadStrategy: normal, platformName: windows, proxy: Proxy(), se:cdp: ws://localhost:57409/devtoo..., se:cdpVersion: 149.0.7827.103, setWindowRect: true, strictFileInteractability: false, timeouts: {implicit: 0, pageLoad: 300000, script: 30000}, unhandledPromptBehavior: dismiss and notify, webauthn:extension:credBlob: true, webauthn:extension:largeBlob: true, webauthn:extension:minPinLength: true, webauthn:extension:prf: true, webauthn:virtualAuthenticators: true}
Session ID: 038c10b5803740a17b1a3f02cee03e09
22:46:18.030 INFO  manager.ListenerWD -- **********************
22:46:18.030 INFO  manager.ListenerWD -- Screen with error is --->src/test/screenshots/screen_1573.png
22:46:18.547 INFO  tests.TestBase -- Assert check is alert present with error test 'Phone not valid' 
22:46:18.562 INFO  tests.TestBase -- Assert check Add button is active
22:46:18.563 INFO  tests.TestBase -- ==============================================
22:46:18.564 INFO  tests.TestBase -- Name of method (test) -->addNewContactWrongPhone
22:46:18.565 INFO  tests.TestBase -- Test data --> name: Tony, lastName:Molly, phone: , email: molly@gmail.com, address: Haifa, description: empty phone
22:46:18.565 INFO  manager.ListenerWD -- Before find element-->By.cssSelector: a[href='/add']
22:46:18.574 INFO  manager.ListenerWD -- After find element-->By.cssSelector: a[href='/add']
22:46:18.576 INFO  manager.ListenerWD -- Location of element-->a
22:46:18.582 INFO  manager.ListenerWD -- Before click element-->atext -->ADD
22:46:18.610 INFO  manager.ListenerWD -- After click element-->a
22:46:18.610 INFO  manager.ListenerWD -- Before find element-->By.cssSelector: [placeholder='Name']
22:46:18.622 INFO  manager.ListenerWD -- After find element-->By.cssSelector: [placeholder='Name']
22:46:18.625 INFO  manager.ListenerWD -- Location of element-->input
22:46:18.636 INFO  manager.ListenerWD -- Before click element-->inputtext -->
22:46:18.670 INFO  manager.ListenerWD -- After click element-->input
22:46:18.690 INFO  manager.ListenerWD -- sendKeys -->
22:46:18.693 INFO  manager.ListenerWD -- sendKeys -->input
22:46:18.724 INFO  manager.ListenerWD -- sendKeys -->
22:46:18.727 INFO  manager.ListenerWD -- sendKeys -->input
22:46:18.746 INFO  manager.ListenerWD -- sendKeys -->
22:46:18.748 INFO  manager.ListenerWD -- sendKeys -->input
22:46:18.758 INFO  manager.ListenerWD -- Before find element-->By.cssSelector: [placeholder='Last Name']
22:46:18.765 INFO  manager.ListenerWD -- After find element-->By.cssSelector: [placeholder='Last Name']
22:46:18.767 INFO  manager.ListenerWD -- Location of element-->input
22:46:18.772 INFO  manager.ListenerWD -- Before click element-->inputtext -->
22:46:18.795 INFO  manager.ListenerWD -- After click element-->input
22:46:18.809 INFO  manager.ListenerWD -- sendKeys -->
22:46:18.811 INFO  manager.ListenerWD -- sendKeys -->input
22:46:18.831 INFO  manager.ListenerWD -- sendKeys -->
22:46:18.833 INFO  manager.ListenerWD -- sendKeys -->input
22:46:18.846 INFO  manager.ListenerWD -- sendKeys -->
22:46:18.849 INFO  manager.ListenerWD -- sendKeys -->input
22:46:18.859 INFO  manager.ListenerWD -- Before find element-->By.cssSelector: [placeholder='Phone']
22:46:18.867 INFO  manager.ListenerWD -- After find element-->By.cssSelector: [placeholder='Phone']
22:46:18.869 INFO  manager.ListenerWD -- Location of element-->input
22:46:18.874 INFO  manager.ListenerWD -- Before click element-->inputtext -->
22:46:18.897 INFO  manager.ListenerWD -- After click element-->input
22:46:18.911 INFO  manager.ListenerWD -- sendKeys -->
22:46:18.913 INFO  manager.ListenerWD -- sendKeys -->input
22:46:18.934 INFO  manager.ListenerWD -- sendKeys -->
22:46:18.936 INFO  manager.ListenerWD -- sendKeys -->input
22:46:18.950 INFO  manager.ListenerWD -- sendKeys -->
22:46:18.952 INFO  manager.ListenerWD -- sendKeys -->input
22:46:18.961 INFO  manager.ListenerWD -- Before find element-->By.cssSelector: [placeholder='email']
22:46:18.968 INFO  manager.ListenerWD -- After find element-->By.cssSelector: [placeholder='email']
22:46:18.970 INFO  manager.ListenerWD -- Location of element-->input
22:46:18.975 INFO  manager.ListenerWD -- Before click element-->inputtext -->
22:46:19.000 INFO  manager.ListenerWD -- After click element-->input
22:46:19.013 INFO  manager.ListenerWD -- sendKeys -->
22:46:19.015 INFO  manager.ListenerWD -- sendKeys -->input
22:46:19.038 INFO  manager.ListenerWD -- sendKeys -->
22:46:19.041 INFO  manager.ListenerWD -- sendKeys -->input
22:46:19.056 INFO  manager.ListenerWD -- sendKeys -->
22:46:19.058 INFO  manager.ListenerWD -- sendKeys -->input
22:46:19.073 INFO  manager.ListenerWD -- Before find element-->By.cssSelector: [placeholder='Address']
22:46:19.082 INFO  manager.ListenerWD -- After find element-->By.cssSelector: [placeholder='Address']
22:46:19.084 INFO  manager.ListenerWD -- Location of element-->input
22:46:19.090 INFO  manager.ListenerWD -- Before click element-->inputtext -->
22:46:19.118 INFO  manager.ListenerWD -- After click element-->input
22:46:19.132 INFO  manager.ListenerWD -- sendKeys -->
22:46:19.135 INFO  manager.ListenerWD -- sendKeys -->input
22:46:19.159 INFO  manager.ListenerWD -- sendKeys -->
22:46:19.161 INFO  manager.ListenerWD -- sendKeys -->input
22:46:19.178 INFO  manager.ListenerWD -- sendKeys -->
22:46:19.179 INFO  manager.ListenerWD -- sendKeys -->input
22:46:19.191 INFO  manager.ListenerWD -- Before find element-->By.cssSelector: [placeholder = 'description']
22:46:19.198 INFO  manager.ListenerWD -- After find element-->By.cssSelector: [placeholder = 'description']
22:46:19.201 INFO  manager.ListenerWD -- Location of element-->input
22:46:19.207 INFO  manager.ListenerWD -- Before click element-->inputtext -->
22:46:19.230 INFO  manager.ListenerWD -- After click element-->input
22:46:19.266 INFO  manager.ListenerWD -- sendKeys -->
22:46:19.270 INFO  manager.ListenerWD -- sendKeys -->input
22:46:19.310 INFO  manager.ListenerWD -- sendKeys -->
22:46:19.314 INFO  manager.ListenerWD -- sendKeys -->input
22:46:19.333 INFO  manager.ListenerWD -- sendKeys -->
22:46:19.336 INFO  manager.ListenerWD -- sendKeys -->input
22:46:19.352 INFO  manager.ListenerWD -- Before find element-->By.cssSelector: .add_form__2rsm2>button
22:46:19.362 INFO  manager.ListenerWD -- After find element-->By.cssSelector: .add_form__2rsm2>button
22:46:19.366 INFO  manager.ListenerWD -- Location of element-->button
22:46:19.375 INFO  manager.ListenerWD -- Before click element-->buttontext -->Save
22:46:19.406 INFO  manager.ListenerWD -- After click element-->button
22:46:19.412 INFO  manager.ListenerWD -- Huston, we have a problem!
22:46:19.412 INFO  manager.ListenerWD -- Failed method:alert
22:46:19.412 INFO  manager.ListenerWD -- **********************
22:46:19.412 INFO  manager.ListenerWD -- Arguments:null
22:46:19.412 INFO  manager.ListenerWD -- **********************
22:46:19.412 INFO  manager.ListenerWD -- Exception:NoAlertPresentException
22:46:19.412 INFO  manager.ListenerWD -- **********************
22:46:19.412 INFO  manager.ListenerWD -- Messageno such alert
  (Session info: chrome=149.0.7827.103)
Build info: version: '4.26.0', revision: '8ccf0219d7'
System info: os.name: 'Windows 11', os.arch: 'amd64', os.version: '10.0', java.version: '21.0.10'
Driver info: org.openqa.selenium.chrome.ChromeDriver
Command: [038c10b5803740a17b1a3f02cee03e09, getAlertText {}]
Capabilities {acceptInsecureCerts: false, browserName: chrome, browserVersion: 149.0.7827.103, chrome: {chromedriverVersion: 149.0.7827.55 (3188f8a607ae..., userDataDir: C:\Users\Nina\AppData\Local...}, fedcm:accounts: true, goog:chromeOptions: {debuggerAddress: localhost:57409}, goog:processID: 18072, networkConnectionEnabled: false, pageLoadStrategy: normal, platformName: windows, proxy: Proxy(), se:cdp: ws://localhost:57409/devtoo..., se:cdpVersion: 149.0.7827.103, setWindowRect: true, strictFileInteractability: false, timeouts: {implicit: 0, pageLoad: 300000, script: 30000}, unhandledPromptBehavior: dismiss and notify, webauthn:extension:credBlob: true, webauthn:extension:largeBlob: true, webauthn:extension:minPinLength: true, webauthn:extension:prf: true, webauthn:virtualAuthenticators: true}
Session ID: 038c10b5803740a17b1a3f02cee03e09
22:46:19.412 INFO  manager.ListenerWD -- **********************
22:46:19.412 INFO  manager.ListenerWD -- Screen with error is --->src/test/screenshots/screen_1688.png
22:46:19.927 INFO  tests.TestBase -- Assert check is alert present with error test 'Phone not valid' 
22:46:19.935 INFO  tests.TestBase -- Assert check Add button is active
22:46:19.937 INFO  tests.TestBase -- ==============================================
22:46:19.937 INFO  tests.TestBase -- Name of method (test) -->addNewContactWrongPhone
22:46:19.938 INFO  tests.TestBase -- Test data --> name: Tony, lastName:Molly, phone: , email: molly@gmail.com, address: Haifa, description: empty phone
22:46:19.938 INFO  manager.ListenerWD -- Before find element-->By.cssSelector: a[href='/add']
22:46:19.946 INFO  manager.ListenerWD -- After find element-->By.cssSelector: a[href='/add']
22:46:19.949 INFO  manager.ListenerWD -- Location of element-->a
22:46:19.954 INFO  manager.ListenerWD -- Before click element-->atext -->ADD
22:46:19.985 INFO  manager.ListenerWD -- After click element-->a
22:46:19.985 INFO  manager.ListenerWD -- Before find element-->By.cssSelector: [placeholder='Name']
22:46:19.993 INFO  manager.ListenerWD -- After find element-->By.cssSelector: [placeholder='Name']
22:46:19.997 INFO  manager.ListenerWD -- Location of element-->input
22:46:20.004 INFO  manager.ListenerWD -- Before click element-->inputtext -->
22:46:20.034 INFO  manager.ListenerWD -- After click element-->input
22:46:20.052 INFO  manager.ListenerWD -- sendKeys -->
22:46:20.054 INFO  manager.ListenerWD -- sendKeys -->input
22:46:20.085 INFO  manager.ListenerWD -- sendKeys -->
22:46:20.088 INFO  manager.ListenerWD -- sendKeys -->input
22:46:20.107 INFO  manager.ListenerWD -- sendKeys -->
22:46:20.111 INFO  manager.ListenerWD -- sendKeys -->input
22:46:20.125 INFO  manager.ListenerWD -- Before find element-->By.cssSelector: [placeholder='Last Name']
22:46:20.136 INFO  manager.ListenerWD -- After find element-->By.cssSelector: [placeholder='Last Name']
22:46:20.140 INFO  manager.ListenerWD -- Location of element-->input
22:46:20.146 INFO  manager.ListenerWD -- Before click element-->inputtext -->
22:46:20.170 INFO  manager.ListenerWD -- After click element-->input
22:46:20.184 INFO  manager.ListenerWD -- sendKeys -->
22:46:20.186 INFO  manager.ListenerWD -- sendKeys -->input
22:46:20.206 INFO  manager.ListenerWD -- sendKeys -->
22:46:20.209 INFO  manager.ListenerWD -- sendKeys -->input
22:46:20.223 INFO  manager.ListenerWD -- sendKeys -->
22:46:20.225 INFO  manager.ListenerWD -- sendKeys -->input
22:46:20.235 INFO  manager.ListenerWD -- Before find element-->By.cssSelector: [placeholder='Phone']
22:46:20.243 INFO  manager.ListenerWD -- After find element-->By.cssSelector: [placeholder='Phone']
22:46:20.246 INFO  manager.ListenerWD -- Location of element-->input
22:46:20.251 INFO  manager.ListenerWD -- Before click element-->inputtext -->
22:46:20.276 INFO  manager.ListenerWD -- After click element-->input
22:46:20.289 INFO  manager.ListenerWD -- sendKeys -->
22:46:20.291 INFO  manager.ListenerWD -- sendKeys -->input
22:46:20.306 INFO  manager.ListenerWD -- sendKeys -->
22:46:20.310 INFO  manager.ListenerWD -- sendKeys -->input
22:46:20.326 INFO  manager.ListenerWD -- sendKeys -->
22:46:20.328 INFO  manager.ListenerWD -- sendKeys -->input
22:46:20.342 INFO  manager.ListenerWD -- Before find element-->By.cssSelector: [placeholder='email']
22:46:20.351 INFO  manager.ListenerWD -- After find element-->By.cssSelector: [placeholder='email']
22:46:20.353 INFO  manager.ListenerWD -- Location of element-->input
22:46:20.359 INFO  manager.ListenerWD -- Before click element-->inputtext -->
22:46:20.384 INFO  manager.ListenerWD -- After click element-->input
22:46:20.399 INFO  manager.ListenerWD -- sendKeys -->
22:46:20.402 INFO  manager.ListenerWD -- sendKeys -->input
22:46:20.423 INFO  manager.ListenerWD -- sendKeys -->
22:46:20.425 INFO  manager.ListenerWD -- sendKeys -->input
22:46:20.437 INFO  manager.ListenerWD -- sendKeys -->
22:46:20.439 INFO  manager.ListenerWD -- sendKeys -->input
22:46:20.452 INFO  manager.ListenerWD -- Before find element-->By.cssSelector: [placeholder='Address']
22:46:20.461 INFO  manager.ListenerWD -- After find element-->By.cssSelector: [placeholder='Address']
22:46:20.463 INFO  manager.ListenerWD -- Location of element-->input
22:46:20.468 INFO  manager.ListenerWD -- Before click element-->inputtext -->
22:46:20.492 INFO  manager.ListenerWD -- After click element-->input
22:46:20.505 INFO  manager.ListenerWD -- sendKeys -->
22:46:20.507 INFO  manager.ListenerWD -- sendKeys -->input
22:46:20.527 INFO  manager.ListenerWD -- sendKeys -->
22:46:20.530 INFO  manager.ListenerWD -- sendKeys -->input
22:46:20.543 INFO  manager.ListenerWD -- sendKeys -->
22:46:20.546 INFO  manager.ListenerWD -- sendKeys -->input
22:46:20.556 INFO  manager.ListenerWD -- Before find element-->By.cssSelector: [placeholder = 'description']
22:46:20.564 INFO  manager.ListenerWD -- After find element-->By.cssSelector: [placeholder = 'description']
22:46:20.568 INFO  manager.ListenerWD -- Location of element-->input
22:46:20.574 INFO  manager.ListenerWD -- Before click element-->inputtext -->
22:46:20.602 INFO  manager.ListenerWD -- After click element-->input
22:46:20.621 INFO  manager.ListenerWD -- sendKeys -->
22:46:20.623 INFO  manager.ListenerWD -- sendKeys -->input
22:46:20.653 INFO  manager.ListenerWD -- sendKeys -->
22:46:20.655 INFO  manager.ListenerWD -- sendKeys -->input
22:46:20.670 INFO  manager.ListenerWD -- sendKeys -->
22:46:20.672 INFO  manager.ListenerWD -- sendKeys -->input
22:46:20.684 INFO  manager.ListenerWD -- Before find element-->By.cssSelector: .add_form__2rsm2>button
22:46:20.691 INFO  manager.ListenerWD -- After find element-->By.cssSelector: .add_form__2rsm2>button
22:46:20.693 INFO  manager.ListenerWD -- Location of element-->button
22:46:20.698 INFO  manager.ListenerWD -- Before click element-->buttontext -->Save
22:46:20.719 INFO  manager.ListenerWD -- After click element-->button
22:46:20.724 INFO  manager.ListenerWD -- Huston, we have a problem!
22:46:20.724 INFO  manager.ListenerWD -- Failed method:alert
22:46:20.724 INFO  manager.ListenerWD -- **********************
22:46:20.724 INFO  manager.ListenerWD -- Arguments:null
22:46:20.724 INFO  manager.ListenerWD -- **********************
22:46:20.724 INFO  manager.ListenerWD -- Exception:NoAlertPresentException
22:46:20.724 INFO  manager.ListenerWD -- **********************
22:46:20.724 INFO  manager.ListenerWD -- Messageno such alert
  (Session info: chrome=149.0.7827.103)
Build info: version: '4.26.0', revision: '8ccf0219d7'
System info: os.name: 'Windows 11', os.arch: 'amd64', os.version: '10.0', java.version: '21.0.10'
Driver info: org.openqa.selenium.chrome.ChromeDriver
Command: [038c10b5803740a17b1a3f02cee03e09, getAlertText {}]
Capabilities {acceptInsecureCerts: false, browserName: chrome, browserVersion: 149.0.7827.103, chrome: {chromedriverVersion: 149.0.7827.55 (3188f8a607ae..., userDataDir: C:\Users\Nina\AppData\Local...}, fedcm:accounts: true, goog:chromeOptions: {debuggerAddress: localhost:57409}, goog:processID: 18072, networkConnectionEnabled: false, pageLoadStrategy: normal, platformName: windows, proxy: Proxy(), se:cdp: ws://localhost:57409/devtoo..., se:cdpVersion: 149.0.7827.103, setWindowRect: true, strictFileInteractability: false, timeouts: {implicit: 0, pageLoad: 300000, script: 30000}, unhandledPromptBehavior: dismiss and notify, webauthn:extension:credBlob: true, webauthn:extension:largeBlob: true, webauthn:extension:minPinLength: true, webauthn:extension:prf: true, webauthn:virtualAuthenticators: true}
Session ID: 038c10b5803740a17b1a3f02cee03e09
22:46:20.724 INFO  manager.ListenerWD -- **********************
22:46:20.724 INFO  manager.ListenerWD -- Screen with error is --->src/test/screenshots/screen_1400.png
22:46:21.248 INFO  tests.TestBase -- Assert check is alert present with error test 'Phone not valid' 
22:46:21.265 INFO  tests.TestBase -- Assert check Add button is active
22:46:21.268 INFO  tests.TestBase -- ==============================================
22:46:21.272 INFO  tests.TestBase -- Name of method (test) -->loginSuccess
22:46:21.292 INFO  manager.ListenerWD -- Before find element-->By.xpath: //button[text()='Sign Out']
22:46:21.308 INFO  manager.ListenerWD -- After find element-->By.xpath: //button[text()='Sign Out']
22:46:21.313 INFO  manager.ListenerWD -- Location of element-->button
22:46:21.324 INFO  manager.ListenerWD -- Before click element-->buttontext -->Sign Out
22:46:21.376 INFO  tests.TestBase -- Before method finished logout
22:46:21.380 INFO  tests.TestBase -- Start test with name 'loginSuccess'
22:46:21.380 INFO  tests.TestBase -- Test data ---> email: lolik@gmail.com & password: Lolik123!
22:46:21.380 INFO  manager.ListenerWD -- Before find element-->By.cssSelector: a[href='/login']
22:46:21.395 INFO  manager.ListenerWD -- After find element-->By.cssSelector: a[href='/login']
22:46:21.401 INFO  manager.ListenerWD -- Location of element-->a
22:46:21.412 INFO  manager.ListenerWD -- Before click element-->atext -->LOGIN
22:46:21.459 INFO  manager.ListenerWD -- After click element-->a
22:46:21.459 INFO  manager.HelperBase -- Open form by ckick on button with locator a[href='/login']
22:46:21.459 INFO  manager.ListenerWD -- Before find element-->By.name: email
22:46:21.474 INFO  manager.ListenerWD -- After find element-->By.name: email
22:46:21.480 INFO  manager.ListenerWD -- Location of element-->input
22:46:21.488 INFO  manager.ListenerWD -- Before click element-->inputtext -->
22:46:21.536 INFO  manager.ListenerWD -- After click element-->input
22:46:21.554 INFO  manager.ListenerWD -- sendKeys -->
22:46:21.556 INFO  manager.ListenerWD -- sendKeys -->input
22:46:21.575 INFO  manager.ListenerWD -- sendKeys -->
22:46:21.578 INFO  manager.ListenerWD -- sendKeys -->input
22:46:21.594 INFO  manager.ListenerWD -- sendKeys -->
22:46:21.596 INFO  manager.ListenerWD -- sendKeys -->input
22:46:21.610 INFO  manager.HelperBase -- type in input with locator By.name("email") 
22:46:21.610 INFO  manager.ListenerWD -- Before find element-->By.xpath: //input[@placeholder='Password']
22:46:21.620 INFO  manager.ListenerWD -- After find element-->By.xpath: //input[@placeholder='Password']
22:46:21.622 INFO  manager.ListenerWD -- Location of element-->input
22:46:21.628 INFO  manager.ListenerWD -- Before click element-->inputtext -->
22:46:21.656 INFO  manager.ListenerWD -- After click element-->input
22:46:21.670 INFO  manager.ListenerWD -- sendKeys -->
22:46:21.673 INFO  manager.ListenerWD -- sendKeys -->input
22:46:21.689 INFO  manager.ListenerWD -- sendKeys -->
22:46:21.691 INFO  manager.ListenerWD -- sendKeys -->input
22:46:21.707 INFO  manager.ListenerWD -- sendKeys -->
22:46:21.709 INFO  manager.ListenerWD -- sendKeys -->input
22:46:21.723 INFO  manager.ListenerWD -- Before find element-->By.xpath: //button[text()='Login']
22:46:21.732 INFO  manager.ListenerWD -- After find element-->By.xpath: //button[text()='Login']
22:46:21.735 INFO  manager.ListenerWD -- Location of element-->button
22:46:21.741 INFO  manager.ListenerWD -- Before click element-->buttontext -->Login
22:46:22.091 INFO  tests.TestBase -- Assert check is element button 'Sign out' present
22:46:22.092 INFO  tests.TestBase -- ==============================================
22:46:22.093 INFO  tests.TestBase -- Name of method (test) -->loginSuccess
22:46:22.102 INFO  manager.ListenerWD -- Before find element-->By.xpath: //button[text()='Sign Out']
22:46:22.108 INFO  manager.ListenerWD -- After find element-->By.xpath: //button[text()='Sign Out']
22:46:22.111 INFO  manager.ListenerWD -- Location of element-->button
22:46:22.117 INFO  manager.ListenerWD -- Before click element-->buttontext -->Sign Out
22:46:22.143 INFO  tests.TestBase -- Before method finished logout
22:46:22.147 INFO  tests.TestBase -- Start test with name 'loginSuccess'
22:46:22.147 INFO  tests.TestBase -- Test data ---> email: sonya@gmail.com & password: Ss12345$
22:46:22.147 INFO  manager.ListenerWD -- Before find element-->By.cssSelector: a[href='/login']
22:46:22.155 INFO  manager.ListenerWD -- After find element-->By.cssSelector: a[href='/login']
22:46:22.159 INFO  manager.ListenerWD -- Location of element-->a
22:46:22.166 INFO  manager.ListenerWD -- Before click element-->atext -->LOGIN
22:46:22.197 INFO  manager.ListenerWD -- After click element-->a
22:46:22.197 INFO  manager.HelperBase -- Open form by ckick on button with locator a[href='/login']
22:46:22.197 INFO  manager.ListenerWD -- Before find element-->By.name: email
22:46:22.204 INFO  manager.ListenerWD -- After find element-->By.name: email
22:46:22.208 INFO  manager.ListenerWD -- Location of element-->input
22:46:22.213 INFO  manager.ListenerWD -- Before click element-->inputtext -->
22:46:22.247 INFO  manager.ListenerWD -- After click element-->input
22:46:22.263 INFO  manager.ListenerWD -- sendKeys -->
22:46:22.265 INFO  manager.ListenerWD -- sendKeys -->input
22:46:22.282 INFO  manager.ListenerWD -- sendKeys -->
22:46:22.284 INFO  manager.ListenerWD -- sendKeys -->input
22:46:22.302 INFO  manager.ListenerWD -- sendKeys -->
22:46:22.304 INFO  manager.ListenerWD -- sendKeys -->input
22:46:22.321 INFO  manager.HelperBase -- type in input with locator By.name("email") 
22:46:22.321 INFO  manager.ListenerWD -- Before find element-->By.xpath: //input[@placeholder='Password']
22:46:22.333 INFO  manager.ListenerWD -- After find element-->By.xpath: //input[@placeholder='Password']
22:46:22.336 INFO  manager.ListenerWD -- Location of element-->input
22:46:22.343 INFO  manager.ListenerWD -- Before click element-->inputtext -->
22:46:22.373 INFO  manager.ListenerWD -- After click element-->input
22:46:22.389 INFO  manager.ListenerWD -- sendKeys -->
22:46:22.392 INFO  manager.ListenerWD -- sendKeys -->input
22:46:22.409 INFO  manager.ListenerWD -- sendKeys -->
22:46:22.412 INFO  manager.ListenerWD -- sendKeys -->input
22:46:22.429 INFO  manager.ListenerWD -- sendKeys -->
22:46:22.432 INFO  manager.ListenerWD -- sendKeys -->input
22:46:22.445 INFO  manager.ListenerWD -- Before find element-->By.xpath: //button[text()='Login']
22:46:22.452 INFO  manager.ListenerWD -- After find element-->By.xpath: //button[text()='Login']
22:46:22.454 INFO  manager.ListenerWD -- Location of element-->button
22:46:22.459 INFO  manager.ListenerWD -- Before click element-->buttontext -->Login
22:46:22.870 INFO  tests.TestBase -- Assert check is element button 'Sign out' present
22:46:22.871 INFO  tests.TestBase -- ==============================================
22:46:22.872 INFO  tests.TestBase -- Name of method (test) -->loginSuccess
22:46:22.880 INFO  manager.ListenerWD -- Before find element-->By.xpath: //button[text()='Sign Out']
22:46:22.887 INFO  manager.ListenerWD -- After find element-->By.xpath: //button[text()='Sign Out']
22:46:22.889 INFO  manager.ListenerWD -- Location of element-->button
22:46:22.895 INFO  manager.ListenerWD -- Before click element-->buttontext -->Sign Out
22:46:22.921 INFO  tests.TestBase -- Before method finished logout
22:46:22.922 INFO  tests.TestBase -- Start test with name 'loginSuccess'
22:46:22.923 INFO  tests.TestBase -- Test data ---> email: art276@art.com & password: $Art1$2$3456789
22:46:22.923 INFO  manager.ListenerWD -- Before find element-->By.cssSelector: a[href='/login']
22:46:22.930 INFO  manager.ListenerWD -- After find element-->By.cssSelector: a[href='/login']
22:46:22.933 INFO  manager.ListenerWD -- Location of element-->a
22:46:22.937 INFO  manager.ListenerWD -- Before click element-->atext -->LOGIN
22:46:22.961 INFO  manager.ListenerWD -- After click element-->a
22:46:22.961 INFO  manager.HelperBase -- Open form by ckick on button with locator a[href='/login']
22:46:22.961 INFO  manager.ListenerWD -- Before find element-->By.name: email
22:46:22.967 INFO  manager.ListenerWD -- After find element-->By.name: email
22:46:22.970 INFO  manager.ListenerWD -- Location of element-->input
22:46:22.976 INFO  manager.ListenerWD -- Before click element-->inputtext -->
22:46:23.006 INFO  manager.ListenerWD -- After click element-->input
22:46:23.020 INFO  manager.ListenerWD -- sendKeys -->
22:46:23.022 INFO  manager.ListenerWD -- sendKeys -->input
22:46:23.035 INFO  manager.ListenerWD -- sendKeys -->
22:46:23.038 INFO  manager.ListenerWD -- sendKeys -->input
22:46:23.062 INFO  manager.ListenerWD -- sendKeys -->
22:46:23.065 INFO  manager.ListenerWD -- sendKeys -->input
22:46:23.081 INFO  manager.HelperBase -- type in input with locator By.name("email") 
22:46:23.082 INFO  manager.ListenerWD -- Before find element-->By.xpath: //input[@placeholder='Password']
22:46:23.093 INFO  manager.ListenerWD -- After find element-->By.xpath: //input[@placeholder='Password']
22:46:23.096 INFO  manager.ListenerWD -- Location of element-->input
22:46:23.104 INFO  manager.ListenerWD -- Before click element-->inputtext -->
22:46:23.131 INFO  manager.ListenerWD -- After click element-->input
22:46:23.145 INFO  manager.ListenerWD -- sendKeys -->
22:46:23.147 INFO  manager.ListenerWD -- sendKeys -->input
22:46:23.162 INFO  manager.ListenerWD -- sendKeys -->
22:46:23.164 INFO  manager.ListenerWD -- sendKeys -->input
22:46:23.178 INFO  manager.ListenerWD -- sendKeys -->
22:46:23.180 INFO  manager.ListenerWD -- sendKeys -->input
22:46:23.192 INFO  manager.ListenerWD -- Before find element-->By.xpath: //button[text()='Login']
22:46:23.200 INFO  manager.ListenerWD -- After find element-->By.xpath: //button[text()='Login']
22:46:23.203 INFO  manager.ListenerWD -- Location of element-->button
22:46:23.208 INFO  manager.ListenerWD -- Before click element-->buttontext -->Login
22:46:23.646 INFO  tests.TestBase -- Assert check is element button 'Sign out' present
22:46:23.647 INFO  tests.TestBase -- ==============================================
22:46:23.648 INFO  tests.TestBase -- Name of method (test) -->loginSuccess1
22:46:23.661 INFO  manager.ListenerWD -- Before find element-->By.xpath: //button[text()='Sign Out']
22:46:23.674 INFO  manager.ListenerWD -- After find element-->By.xpath: //button[text()='Sign Out']
22:46:23.678 INFO  manager.ListenerWD -- Location of element-->button
22:46:23.689 INFO  manager.ListenerWD -- Before click element-->buttontext -->Sign Out
22:46:23.723 INFO  tests.TestBase -- Before method finished logout
22:46:23.725 INFO  manager.ListenerWD -- Before find element-->By.cssSelector: a[href='/login']
22:46:23.733 INFO  manager.ListenerWD -- After find element-->By.cssSelector: a[href='/login']
22:46:23.736 INFO  manager.ListenerWD -- Location of element-->a
22:46:23.741 INFO  manager.ListenerWD -- Before click element-->atext -->LOGIN
22:46:23.763 INFO  manager.ListenerWD -- After click element-->a
22:46:23.763 INFO  manager.HelperBase -- Open form by ckick on button with locator a[href='/login']
22:46:23.763 INFO  manager.ListenerWD -- Before find element-->By.name: email
22:46:23.772 INFO  manager.ListenerWD -- After find element-->By.name: email
22:46:23.774 INFO  manager.ListenerWD -- Location of element-->input
22:46:23.779 INFO  manager.ListenerWD -- Before click element-->inputtext -->
22:46:23.810 INFO  manager.ListenerWD -- After click element-->input
22:46:23.824 INFO  manager.ListenerWD -- sendKeys -->
22:46:23.826 INFO  manager.ListenerWD -- sendKeys -->input
22:46:23.840 INFO  manager.ListenerWD -- sendKeys -->
22:46:23.842 INFO  manager.ListenerWD -- sendKeys -->input
22:46:23.857 INFO  manager.ListenerWD -- sendKeys -->
22:46:23.858 INFO  manager.ListenerWD -- sendKeys -->input
22:46:23.872 INFO  manager.ListenerWD -- Before find element-->By.xpath: //input[@placeholder='Password']
22:46:23.878 INFO  manager.ListenerWD -- After find element-->By.xpath: //input[@placeholder='Password']
22:46:23.881 INFO  manager.ListenerWD -- Location of element-->input
22:46:23.886 INFO  manager.ListenerWD -- Before click element-->inputtext -->
22:46:23.908 INFO  manager.ListenerWD -- After click element-->input
22:46:23.921 INFO  manager.ListenerWD -- sendKeys -->
22:46:23.924 INFO  manager.ListenerWD -- sendKeys -->input
22:46:23.937 INFO  manager.ListenerWD -- sendKeys -->
22:46:23.939 INFO  manager.ListenerWD -- sendKeys -->input
22:46:23.952 INFO  manager.ListenerWD -- sendKeys -->
22:46:23.955 INFO  manager.ListenerWD -- sendKeys -->input
22:46:23.967 INFO  manager.ListenerWD -- Before find element-->By.xpath: //button[text()='Login']
22:46:23.975 INFO  manager.ListenerWD -- After find element-->By.xpath: //button[text()='Login']
22:46:23.977 INFO  manager.ListenerWD -- Location of element-->button
22:46:23.985 INFO  manager.ListenerWD -- Before click element-->buttontext -->Login
22:46:24.340 INFO  tests.TestBase -- ==============================================
22:46:24.341 INFO  tests.TestBase -- Name of method (test) -->loginSuccessModel
22:46:24.354 INFO  manager.ListenerWD -- Before find element-->By.xpath: //button[text()='Sign Out']
22:46:24.363 INFO  manager.ListenerWD -- After find element-->By.xpath: //button[text()='Sign Out']
22:46:24.366 INFO  manager.ListenerWD -- Location of element-->button
22:46:24.374 INFO  manager.ListenerWD -- Before click element-->buttontext -->Sign Out
22:46:24.410 INFO  tests.TestBase -- Before method finished logout
22:46:24.414 INFO  tests.TestBase -- Test data---> User{email='lolik@gmail.com', password='Lolik123!'}
22:46:24.414 INFO  manager.ListenerWD -- Before find element-->By.cssSelector: a[href='/login']
22:46:24.423 INFO  manager.ListenerWD -- After find element-->By.cssSelector: a[href='/login']
22:46:24.427 INFO  manager.ListenerWD -- Location of element-->a
22:46:24.433 INFO  manager.ListenerWD -- Before click element-->atext -->LOGIN
22:46:24.465 INFO  manager.ListenerWD -- After click element-->a
22:46:24.465 INFO  manager.HelperBase -- Open form by ckick on button with locator a[href='/login']
22:46:24.466 INFO  manager.ListenerWD -- Before find element-->By.name: email
22:46:24.477 INFO  manager.ListenerWD -- After find element-->By.name: email
22:46:24.481 INFO  manager.ListenerWD -- Location of element-->input
22:46:24.488 INFO  manager.ListenerWD -- Before click element-->inputtext -->
22:46:24.530 INFO  manager.ListenerWD -- After click element-->input
22:46:24.546 INFO  manager.ListenerWD -- sendKeys -->
22:46:24.548 INFO  manager.ListenerWD -- sendKeys -->input
22:46:24.566 INFO  manager.ListenerWD -- sendKeys -->
22:46:24.568 INFO  manager.ListenerWD -- sendKeys -->input
22:46:24.583 INFO  manager.ListenerWD -- sendKeys -->
22:46:24.585 INFO  manager.ListenerWD -- sendKeys -->input
22:46:24.598 INFO  manager.ListenerWD -- Before find element-->By.xpath: //input[@placeholder='Password']
22:46:24.605 INFO  manager.ListenerWD -- After find element-->By.xpath: //input[@placeholder='Password']
22:46:24.608 INFO  manager.ListenerWD -- Location of element-->input
22:46:24.613 INFO  manager.ListenerWD -- Before click element-->inputtext -->
22:46:24.635 INFO  manager.ListenerWD -- After click element-->input
22:46:24.648 INFO  manager.ListenerWD -- sendKeys -->
22:46:24.650 INFO  manager.ListenerWD -- sendKeys -->input
22:46:24.663 INFO  manager.ListenerWD -- sendKeys -->
22:46:24.665 INFO  manager.ListenerWD -- sendKeys -->input
22:46:24.678 INFO  manager.ListenerWD -- sendKeys -->
22:46:24.680 INFO  manager.ListenerWD -- sendKeys -->input
22:46:24.692 INFO  manager.ListenerWD -- Before find element-->By.xpath: //button[text()='Login']
22:46:24.700 INFO  manager.ListenerWD -- After find element-->By.xpath: //button[text()='Login']
22:46:24.702 INFO  manager.ListenerWD -- Location of element-->button
22:46:24.707 INFO  manager.ListenerWD -- Before click element-->buttontext -->Login
22:46:25.122 INFO  tests.TestBase -- Assert check is element button 'Sign out' present
22:46:25.123 INFO  tests.TestBase -- ==============================================
22:46:25.124 INFO  tests.TestBase -- Name of method (test) -->loginSuccessModel
22:46:25.132 INFO  manager.ListenerWD -- Before find element-->By.xpath: //button[text()='Sign Out']
22:46:25.140 INFO  manager.ListenerWD -- After find element-->By.xpath: //button[text()='Sign Out']
22:46:25.142 INFO  manager.ListenerWD -- Location of element-->button
22:46:25.147 INFO  manager.ListenerWD -- Before click element-->buttontext -->Sign Out
22:46:25.169 INFO  tests.TestBase -- Before method finished logout
22:46:25.170 INFO  tests.TestBase -- Test data---> User{email='sonya@gmail.com', password='Ss12345$'}
22:46:25.170 INFO  manager.ListenerWD -- Before find element-->By.cssSelector: a[href='/login']
22:46:25.182 INFO  manager.ListenerWD -- After find element-->By.cssSelector: a[href='/login']
22:46:25.185 INFO  manager.ListenerWD -- Location of element-->a
22:46:25.190 INFO  manager.ListenerWD -- Before click element-->atext -->LOGIN
22:46:25.215 INFO  manager.ListenerWD -- After click element-->a
22:46:25.215 INFO  manager.HelperBase -- Open form by ckick on button with locator a[href='/login']
22:46:25.215 INFO  manager.ListenerWD -- Before find element-->By.name: email
22:46:25.223 INFO  manager.ListenerWD -- After find element-->By.name: email
22:46:25.226 INFO  manager.ListenerWD -- Location of element-->input
22:46:25.231 INFO  manager.ListenerWD -- Before click element-->inputtext -->
22:46:25.269 INFO  manager.ListenerWD -- After click element-->input
22:46:25.289 INFO  manager.ListenerWD -- sendKeys -->
22:46:25.292 INFO  manager.ListenerWD -- sendKeys -->input
22:46:25.310 INFO  manager.ListenerWD -- sendKeys -->
22:46:25.312 INFO  manager.ListenerWD -- sendKeys -->input
22:46:25.329 INFO  manager.ListenerWD -- sendKeys -->
22:46:25.332 INFO  manager.ListenerWD -- sendKeys -->input
22:46:25.346 INFO  manager.ListenerWD -- Before find element-->By.xpath: //input[@placeholder='Password']
22:46:25.355 INFO  manager.ListenerWD -- After find element-->By.xpath: //input[@placeholder='Password']
22:46:25.357 INFO  manager.ListenerWD -- Location of element-->input
22:46:25.363 INFO  manager.ListenerWD -- Before click element-->inputtext -->
22:46:25.389 INFO  manager.ListenerWD -- After click element-->input
22:46:25.403 INFO  manager.ListenerWD -- sendKeys -->
22:46:25.405 INFO  manager.ListenerWD -- sendKeys -->input
22:46:25.420 INFO  manager.ListenerWD -- sendKeys -->
22:46:25.422 INFO  manager.ListenerWD -- sendKeys -->input
22:46:25.437 INFO  manager.ListenerWD -- sendKeys -->
22:46:25.439 INFO  manager.ListenerWD -- sendKeys -->input
22:46:25.451 INFO  manager.ListenerWD -- Before find element-->By.xpath: //button[text()='Login']
22:46:25.457 INFO  manager.ListenerWD -- After find element-->By.xpath: //button[text()='Login']
22:46:25.461 INFO  manager.ListenerWD -- Location of element-->button
22:46:25.466 INFO  manager.ListenerWD -- Before click element-->buttontext -->Login
22:46:25.874 INFO  tests.TestBase -- Assert check is element button 'Sign out' present
22:46:25.875 INFO  tests.TestBase -- ==============================================
22:46:25.876 INFO  tests.TestBase -- Name of method (test) -->loginSuccessModelDPF
22:46:25.885 INFO  manager.ListenerWD -- Before find element-->By.xpath: //button[text()='Sign Out']
22:46:25.891 INFO  manager.ListenerWD -- After find element-->By.xpath: //button[text()='Sign Out']
22:46:25.894 INFO  manager.ListenerWD -- Location of element-->button
22:46:25.899 INFO  manager.ListenerWD -- Before click element-->buttontext -->Sign Out
22:46:25.925 INFO  tests.TestBase -- Before method finished logout
22:46:25.927 INFO  tests.TestBase -- Test data---> User{email='lolik@gmail.com', password='Lolik123!'}
22:46:25.928 INFO  manager.ListenerWD -- Before find element-->By.cssSelector: a[href='/login']
22:46:25.939 INFO  manager.ListenerWD -- After find element-->By.cssSelector: a[href='/login']
22:46:25.941 INFO  manager.ListenerWD -- Location of element-->a
22:46:25.946 INFO  manager.ListenerWD -- Before click element-->atext -->LOGIN
22:46:25.967 INFO  manager.ListenerWD -- After click element-->a
22:46:25.967 INFO  manager.HelperBase -- Open form by ckick on button with locator a[href='/login']
22:46:25.967 INFO  manager.ListenerWD -- Before find element-->By.name: email
22:46:25.974 INFO  manager.ListenerWD -- After find element-->By.name: email
22:46:25.976 INFO  manager.ListenerWD -- Location of element-->input
22:46:25.980 INFO  manager.ListenerWD -- Before click element-->inputtext -->
22:46:26.010 INFO  manager.ListenerWD -- After click element-->input
22:46:26.024 INFO  manager.ListenerWD -- sendKeys -->
22:46:26.027 INFO  manager.ListenerWD -- sendKeys -->input
22:46:26.040 INFO  manager.ListenerWD -- sendKeys -->
22:46:26.041 INFO  manager.ListenerWD -- sendKeys -->input
22:46:26.054 INFO  manager.ListenerWD -- sendKeys -->
22:46:26.057 INFO  manager.ListenerWD -- sendKeys -->input
22:46:26.070 INFO  manager.ListenerWD -- Before find element-->By.xpath: //input[@placeholder='Password']
22:46:26.077 INFO  manager.ListenerWD -- After find element-->By.xpath: //input[@placeholder='Password']
22:46:26.079 INFO  manager.ListenerWD -- Location of element-->input
22:46:26.084 INFO  manager.ListenerWD -- Before click element-->inputtext -->
22:46:26.106 INFO  manager.ListenerWD -- After click element-->input
22:46:26.119 INFO  manager.ListenerWD -- sendKeys -->
22:46:26.121 INFO  manager.ListenerWD -- sendKeys -->input
22:46:26.134 INFO  manager.ListenerWD -- sendKeys -->
22:46:26.137 INFO  manager.ListenerWD -- sendKeys -->input
22:46:26.151 INFO  manager.ListenerWD -- sendKeys -->
22:46:26.153 INFO  manager.ListenerWD -- sendKeys -->input
22:46:26.165 INFO  manager.ListenerWD -- Before find element-->By.xpath: //button[text()='Login']
22:46:26.171 INFO  manager.ListenerWD -- After find element-->By.xpath: //button[text()='Login']
22:46:26.173 INFO  manager.ListenerWD -- Location of element-->button
22:46:26.179 INFO  manager.ListenerWD -- Before click element-->buttontext -->Login
22:46:26.526 INFO  tests.TestBase -- Assert check is element button 'Sign out' present
22:46:26.528 INFO  tests.TestBase -- ==============================================
22:46:26.529 INFO  tests.TestBase -- Name of method (test) -->loginSuccessModelDPF
22:46:26.537 INFO  manager.ListenerWD -- Before find element-->By.xpath: //button[text()='Sign Out']
22:46:26.543 INFO  manager.ListenerWD -- After find element-->By.xpath: //button[text()='Sign Out']
22:46:26.546 INFO  manager.ListenerWD -- Location of element-->button
22:46:26.555 INFO  manager.ListenerWD -- Before click element-->buttontext -->Sign Out
22:46:26.585 INFO  tests.TestBase -- Before method finished logout
22:46:26.586 INFO  tests.TestBase -- Test data---> User{email='sonya@gmail.com', password='Ss12345$'}
22:46:26.586 INFO  manager.ListenerWD -- Before find element-->By.cssSelector: a[href='/login']
22:46:26.596 INFO  manager.ListenerWD -- After find element-->By.cssSelector: a[href='/login']
22:46:26.599 INFO  manager.ListenerWD -- Location of element-->a
22:46:26.605 INFO  manager.ListenerWD -- Before click element-->atext -->LOGIN
22:46:26.628 INFO  manager.ListenerWD -- After click element-->a
22:46:26.628 INFO  manager.HelperBase -- Open form by ckick on button with locator a[href='/login']
22:46:26.628 INFO  manager.ListenerWD -- Before find element-->By.name: email
22:46:26.635 INFO  manager.ListenerWD -- After find element-->By.name: email
22:46:26.637 INFO  manager.ListenerWD -- Location of element-->input
22:46:26.643 INFO  manager.ListenerWD -- Before click element-->inputtext -->
22:46:26.674 INFO  manager.ListenerWD -- After click element-->input
22:46:26.687 INFO  manager.ListenerWD -- sendKeys -->
22:46:26.690 INFO  manager.ListenerWD -- sendKeys -->input
22:46:26.704 INFO  manager.ListenerWD -- sendKeys -->
22:46:26.706 INFO  manager.ListenerWD -- sendKeys -->input
22:46:26.720 INFO  manager.ListenerWD -- sendKeys -->
22:46:26.722 INFO  manager.ListenerWD -- sendKeys -->input
22:46:26.735 INFO  manager.ListenerWD -- Before find element-->By.xpath: //input[@placeholder='Password']
22:46:26.745 INFO  manager.ListenerWD -- After find element-->By.xpath: //input[@placeholder='Password']
22:46:26.749 INFO  manager.ListenerWD -- Location of element-->input
22:46:26.758 INFO  manager.ListenerWD -- Before click element-->inputtext -->
22:46:26.790 INFO  manager.ListenerWD -- After click element-->input
22:46:26.807 INFO  manager.ListenerWD -- sendKeys -->
22:46:26.809 INFO  manager.ListenerWD -- sendKeys -->input
22:46:26.827 INFO  manager.ListenerWD -- sendKeys -->
22:46:26.829 INFO  manager.ListenerWD -- sendKeys -->input
22:46:26.847 INFO  manager.ListenerWD -- sendKeys -->
22:46:26.849 INFO  manager.ListenerWD -- sendKeys -->input
22:46:26.861 INFO  manager.ListenerWD -- Before find element-->By.xpath: //button[text()='Login']
22:46:26.868 INFO  manager.ListenerWD -- After find element-->By.xpath: //button[text()='Login']
22:46:26.870 INFO  manager.ListenerWD -- Location of element-->button
22:46:26.875 INFO  manager.ListenerWD -- Before click element-->buttontext -->Login
22:46:27.217 INFO  tests.TestBase -- Assert check is element button 'Sign out' present
22:46:27.218 INFO  tests.TestBase -- ==============================================
22:46:27.218 INFO  tests.TestBase -- Name of method (test) -->loginSuccessModelDPF
22:46:27.230 INFO  manager.ListenerWD -- Before find element-->By.xpath: //button[text()='Sign Out']
22:46:27.238 INFO  manager.ListenerWD -- After find element-->By.xpath: //button[text()='Sign Out']
22:46:27.240 INFO  manager.ListenerWD -- Location of element-->button
22:46:27.245 INFO  manager.ListenerWD -- Before click element-->buttontext -->Sign Out
22:46:27.271 INFO  tests.TestBase -- Before method finished logout
22:46:27.273 INFO  tests.TestBase -- Test data---> User{email='lolik@gmail.com', password='Lolik123!'}
22:46:27.273 INFO  manager.ListenerWD -- Before find element-->By.cssSelector: a[href='/login']
22:46:27.280 INFO  manager.ListenerWD -- After find element-->By.cssSelector: a[href='/login']
22:46:27.282 INFO  manager.ListenerWD -- Location of element-->a
22:46:27.287 INFO  manager.ListenerWD -- Before click element-->atext -->LOGIN
22:46:27.310 INFO  manager.ListenerWD -- After click element-->a
22:46:27.310 INFO  manager.HelperBase -- Open form by ckick on button with locator a[href='/login']
22:46:27.310 INFO  manager.ListenerWD -- Before find element-->By.name: email
22:46:27.316 INFO  manager.ListenerWD -- After find element-->By.name: email
22:46:27.318 INFO  manager.ListenerWD -- Location of element-->input
22:46:27.325 INFO  manager.ListenerWD -- Before click element-->inputtext -->
22:46:27.359 INFO  manager.ListenerWD -- After click element-->input
22:46:27.375 INFO  manager.ListenerWD -- sendKeys -->
22:46:27.376 INFO  manager.ListenerWD -- sendKeys -->input
22:46:27.391 INFO  manager.ListenerWD -- sendKeys -->
22:46:27.393 INFO  manager.ListenerWD -- sendKeys -->input
22:46:27.408 INFO  manager.ListenerWD -- sendKeys -->
22:46:27.410 INFO  manager.ListenerWD -- sendKeys -->input
22:46:27.422 INFO  manager.ListenerWD -- Before find element-->By.xpath: //input[@placeholder='Password']
22:46:27.430 INFO  manager.ListenerWD -- After find element-->By.xpath: //input[@placeholder='Password']
22:46:27.432 INFO  manager.ListenerWD -- Location of element-->input
22:46:27.438 INFO  manager.ListenerWD -- Before click element-->inputtext -->
22:46:27.462 INFO  manager.ListenerWD -- After click element-->input
22:46:27.475 INFO  manager.ListenerWD -- sendKeys -->
22:46:27.478 INFO  manager.ListenerWD -- sendKeys -->input
22:46:27.492 INFO  manager.ListenerWD -- sendKeys -->
22:46:27.494 INFO  manager.ListenerWD -- sendKeys -->input
22:46:27.509 INFO  manager.ListenerWD -- sendKeys -->
22:46:27.511 INFO  manager.ListenerWD -- sendKeys -->input
22:46:27.522 INFO  manager.ListenerWD -- Before find element-->By.xpath: //button[text()='Login']
22:46:27.530 INFO  manager.ListenerWD -- After find element-->By.xpath: //button[text()='Login']
22:46:27.532 INFO  manager.ListenerWD -- Location of element-->button
22:46:27.538 INFO  manager.ListenerWD -- Before click element-->buttontext -->Login
22:46:27.889 INFO  tests.TestBase -- Assert check is element button 'Sign out' present
22:46:27.890 INFO  tests.TestBase -- ==============================================
22:46:27.892 INFO  tests.TestBase -- Name of method (test) -->loginUnregisteredUser
22:46:27.906 INFO  manager.ListenerWD -- Before find element-->By.xpath: //button[text()='Sign Out']
22:46:27.919 INFO  manager.ListenerWD -- After find element-->By.xpath: //button[text()='Sign Out']
22:46:27.925 INFO  manager.ListenerWD -- Location of element-->button
22:46:27.933 INFO  manager.ListenerWD -- Before click element-->buttontext -->Sign Out
22:46:27.976 INFO  tests.TestBase -- Before method finished logout
22:46:27.977 INFO  tests.TestBase -- Test data --> email:'loli_k@mail.ru & password: Lolik123!
22:46:27.977 INFO  manager.ListenerWD -- Before find element-->By.cssSelector: a[href='/login']
22:46:27.988 INFO  manager.ListenerWD -- After find element-->By.cssSelector: a[href='/login']
22:46:27.992 INFO  manager.ListenerWD -- Location of element-->a
22:46:28.001 INFO  manager.ListenerWD -- Before click element-->atext -->LOGIN
22:46:28.034 INFO  manager.ListenerWD -- After click element-->a
22:46:28.034 INFO  manager.HelperBase -- Open form by ckick on button with locator a[href='/login']
22:46:28.034 INFO  manager.ListenerWD -- Before find element-->By.name: email
22:46:28.043 INFO  manager.ListenerWD -- After find element-->By.name: email
22:46:28.046 INFO  manager.ListenerWD -- Location of element-->input
22:46:28.053 INFO  manager.ListenerWD -- Before click element-->inputtext -->
22:46:28.090 INFO  manager.ListenerWD -- After click element-->input
22:46:28.107 INFO  manager.ListenerWD -- sendKeys -->
22:46:28.108 INFO  manager.ListenerWD -- sendKeys -->input
22:46:28.123 INFO  manager.ListenerWD -- sendKeys -->
22:46:28.126 INFO  manager.ListenerWD -- sendKeys -->input
22:46:28.140 INFO  manager.ListenerWD -- sendKeys -->
22:46:28.142 INFO  manager.ListenerWD -- sendKeys -->input
22:46:28.155 INFO  manager.HelperBase -- type in input with locator By.name("email") 
22:46:28.156 INFO  manager.ListenerWD -- Before find element-->By.xpath: //input[@placeholder='Password']
22:46:28.163 INFO  manager.ListenerWD -- After find element-->By.xpath: //input[@placeholder='Password']
22:46:28.166 INFO  manager.ListenerWD -- Location of element-->input
22:46:28.172 INFO  manager.ListenerWD -- Before click element-->inputtext -->
22:46:28.200 INFO  manager.ListenerWD -- After click element-->input
22:46:28.215 INFO  manager.ListenerWD -- sendKeys -->
22:46:28.217 INFO  manager.ListenerWD -- sendKeys -->input
22:46:28.233 INFO  manager.ListenerWD -- sendKeys -->
22:46:28.235 INFO  manager.ListenerWD -- sendKeys -->input
22:46:28.251 INFO  manager.ListenerWD -- sendKeys -->
22:46:28.253 INFO  manager.ListenerWD -- sendKeys -->input
22:46:28.268 INFO  manager.ListenerWD -- Before find element-->By.xpath: //button[text()='Login']
22:46:28.277 INFO  manager.ListenerWD -- After find element-->By.xpath: //button[text()='Login']
22:46:28.282 INFO  manager.ListenerWD -- Location of element-->button
22:46:28.292 INFO  manager.ListenerWD -- Before click element-->buttontext -->Login
22:46:28.325 INFO  manager.ListenerWD -- Huston, we have a problem!
22:46:28.325 INFO  manager.ListenerWD -- Failed method:alert
22:46:28.325 INFO  manager.ListenerWD -- **********************
22:46:28.325 INFO  manager.ListenerWD -- Arguments:null
22:46:28.325 INFO  manager.ListenerWD -- **********************
22:46:28.325 INFO  manager.ListenerWD -- Exception:NoAlertPresentException
22:46:28.325 INFO  manager.ListenerWD -- **********************
22:46:28.325 INFO  manager.ListenerWD -- Messageno such alert
  (Session info: chrome=149.0.7827.103)
Build info: version: '4.26.0', revision: '8ccf0219d7'
System info: os.name: 'Windows 11', os.arch: 'amd64', os.version: '10.0', java.version: '21.0.10'
Driver info: org.openqa.selenium.chrome.ChromeDriver
Command: [038c10b5803740a17b1a3f02cee03e09, getAlertText {}]
Capabilities {acceptInsecureCerts: false, browserName: chrome, browserVersion: 149.0.7827.103, chrome: {chromedriverVersion: 149.0.7827.55 (3188f8a607ae..., userDataDir: C:\Users\Nina\AppData\Local...}, fedcm:accounts: true, goog:chromeOptions: {debuggerAddress: localhost:57409}, goog:processID: 18072, networkConnectionEnabled: false, pageLoadStrategy: normal, platformName: windows, proxy: Proxy(), se:cdp: ws://localhost:57409/devtoo..., se:cdpVersion: 149.0.7827.103, setWindowRect: true, strictFileInteractability: false, timeouts: {implicit: 0, pageLoad: 300000, script: 30000}, unhandledPromptBehavior: dismiss and notify, webauthn:extension:credBlob: true, webauthn:extension:largeBlob: true, webauthn:extension:minPinLength: true, webauthn:extension:prf: true, webauthn:virtualAuthenticators: true}
Session ID: 038c10b5803740a17b1a3f02cee03e09
22:46:28.326 INFO  manager.ListenerWD -- **********************
22:46:28.326 INFO  manager.ListenerWD -- Screen with error is --->src/test/screenshots/screen_1436.png
22:46:28.841 INFO  tests.TestBase -- Assert check is alert present with error test 'Wrong email or password' 
22:46:28.842 INFO  tests.TestBase -- ==============================================
22:46:28.844 INFO  tests.TestBase -- Name of method (test) -->loginWrongEmail
22:46:33.857 INFO  tests.TestBase -- Test data --> email:'lolikgmail.com & password: Lolik123!
22:46:33.857 INFO  manager.ListenerWD -- Before find element-->By.cssSelector: a[href='/login']
22:46:33.864 INFO  manager.ListenerWD -- After find element-->By.cssSelector: a[href='/login']
22:46:33.866 INFO  manager.ListenerWD -- Location of element-->a
22:46:33.870 INFO  manager.ListenerWD -- Before click element-->atext -->LOGIN
22:46:33.897 INFO  manager.ListenerWD -- After click element-->a
22:46:33.897 INFO  manager.HelperBase -- Open form by ckick on button with locator a[href='/login']
22:46:33.897 INFO  manager.ListenerWD -- Before find element-->By.name: email
22:46:33.904 INFO  manager.ListenerWD -- After find element-->By.name: email
22:46:33.906 INFO  manager.ListenerWD -- Location of element-->input
22:46:33.911 INFO  manager.ListenerWD -- Before click element-->inputtext -->
22:46:33.937 INFO  manager.ListenerWD -- After click element-->input
22:46:33.950 INFO  manager.ListenerWD -- sendKeys -->
22:46:33.954 INFO  manager.ListenerWD -- sendKeys -->input
22:46:33.974 INFO  manager.ListenerWD -- sendKeys -->
22:46:33.977 INFO  manager.ListenerWD -- sendKeys -->input
22:46:33.991 INFO  manager.ListenerWD -- sendKeys -->
22:46:33.992 INFO  manager.ListenerWD -- sendKeys -->input
22:46:34.004 INFO  manager.HelperBase -- type in input with locator By.name("email") 
22:46:34.005 INFO  manager.ListenerWD -- Before find element-->By.xpath: //input[@placeholder='Password']
22:46:34.011 INFO  manager.ListenerWD -- After find element-->By.xpath: //input[@placeholder='Password']
22:46:34.014 INFO  manager.ListenerWD -- Location of element-->input
22:46:34.018 INFO  manager.ListenerWD -- Before click element-->inputtext -->
22:46:34.043 INFO  manager.ListenerWD -- After click element-->input
22:46:34.059 INFO  manager.ListenerWD -- sendKeys -->
22:46:34.061 INFO  manager.ListenerWD -- sendKeys -->input
22:46:34.082 INFO  manager.ListenerWD -- sendKeys -->
22:46:34.083 INFO  manager.ListenerWD -- sendKeys -->input
22:46:34.096 INFO  manager.ListenerWD -- sendKeys -->
22:46:34.098 INFO  manager.ListenerWD -- sendKeys -->input
22:46:34.110 INFO  manager.ListenerWD -- Before find element-->By.xpath: //button[text()='Login']
22:46:34.117 INFO  manager.ListenerWD -- After find element-->By.xpath: //button[text()='Login']
22:46:34.119 INFO  manager.ListenerWD -- Location of element-->button
22:46:34.124 INFO  manager.ListenerWD -- Before click element-->buttontext -->Login
22:46:34.150 INFO  manager.ListenerWD -- Huston, we have a problem!
22:46:34.151 INFO  manager.ListenerWD -- Failed method:alert
22:46:34.151 INFO  manager.ListenerWD -- **********************
22:46:34.151 INFO  manager.ListenerWD -- Arguments:null
22:46:34.151 INFO  manager.ListenerWD -- **********************
22:46:34.151 INFO  manager.ListenerWD -- Exception:NoAlertPresentException
22:46:34.151 INFO  manager.ListenerWD -- **********************
22:46:34.151 INFO  manager.ListenerWD -- Messageno such alert
  (Session info: chrome=149.0.7827.103)
Build info: version: '4.26.0', revision: '8ccf0219d7'
System info: os.name: 'Windows 11', os.arch: 'amd64', os.version: '10.0', java.version: '21.0.10'
Driver info: org.openqa.selenium.chrome.ChromeDriver
Command: [038c10b5803740a17b1a3f02cee03e09, getAlertText {}]
Capabilities {acceptInsecureCerts: false, browserName: chrome, browserVersion: 149.0.7827.103, chrome: {chromedriverVersion: 149.0.7827.55 (3188f8a607ae..., userDataDir: C:\Users\Nina\AppData\Local...}, fedcm:accounts: true, goog:chromeOptions: {debuggerAddress: localhost:57409}, goog:processID: 18072, networkConnectionEnabled: false, pageLoadStrategy: normal, platformName: windows, proxy: Proxy(), se:cdp: ws://localhost:57409/devtoo..., se:cdpVersion: 149.0.7827.103, setWindowRect: true, strictFileInteractability: false, timeouts: {implicit: 0, pageLoad: 300000, script: 30000}, unhandledPromptBehavior: dismiss and notify, webauthn:extension:credBlob: true, webauthn:extension:largeBlob: true, webauthn:extension:minPinLength: true, webauthn:extension:prf: true, webauthn:virtualAuthenticators: true}
Session ID: 038c10b5803740a17b1a3f02cee03e09
22:46:34.151 INFO  manager.ListenerWD -- **********************
22:46:34.151 INFO  manager.ListenerWD -- Screen with error is --->src/test/screenshots/screen_1521.png
22:46:34.670 INFO  tests.TestBase -- Assert check is alert present with error test 'Wrong email or password' 
22:46:34.672 INFO  tests.TestBase -- ==============================================
22:46:34.673 INFO  tests.TestBase -- Name of method (test) -->loginWrongPassword
22:46:39.689 INFO  tests.TestBase -- Test data --> email:'lolik@gmail.com & password: Lolik123
22:46:39.689 INFO  manager.ListenerWD -- Before find element-->By.cssSelector: a[href='/login']
22:46:39.697 INFO  manager.ListenerWD -- After find element-->By.cssSelector: a[href='/login']
22:46:39.699 INFO  manager.ListenerWD -- Location of element-->a
22:46:39.707 INFO  manager.ListenerWD -- Before click element-->atext -->LOGIN
22:46:39.733 INFO  manager.ListenerWD -- After click element-->a
22:46:39.733 INFO  manager.HelperBase -- Open form by ckick on button with locator a[href='/login']
22:46:39.733 INFO  manager.ListenerWD -- Before find element-->By.name: email
22:46:39.739 INFO  manager.ListenerWD -- After find element-->By.name: email
22:46:39.742 INFO  manager.ListenerWD -- Location of element-->input
22:46:39.746 INFO  manager.ListenerWD -- Before click element-->inputtext -->
22:46:39.772 INFO  manager.ListenerWD -- After click element-->input
22:46:39.786 INFO  manager.ListenerWD -- sendKeys -->
22:46:39.788 INFO  manager.ListenerWD -- sendKeys -->input
22:46:39.809 INFO  manager.ListenerWD -- sendKeys -->
22:46:39.810 INFO  manager.ListenerWD -- sendKeys -->input
22:46:39.822 INFO  manager.ListenerWD -- sendKeys -->
22:46:39.824 INFO  manager.ListenerWD -- sendKeys -->input
22:46:39.838 INFO  manager.HelperBase -- type in input with locator By.name("email") 
22:46:39.838 INFO  manager.ListenerWD -- Before find element-->By.xpath: //input[@placeholder='Password']
22:46:39.844 INFO  manager.ListenerWD -- After find element-->By.xpath: //input[@placeholder='Password']
22:46:39.846 INFO  manager.ListenerWD -- Location of element-->input
22:46:39.851 INFO  manager.ListenerWD -- Before click element-->inputtext -->
22:46:39.873 INFO  manager.ListenerWD -- After click element-->input
22:46:39.887 INFO  manager.ListenerWD -- sendKeys -->
22:46:39.888 INFO  manager.ListenerWD -- sendKeys -->input
22:46:39.908 INFO  manager.ListenerWD -- sendKeys -->
22:46:39.910 INFO  manager.ListenerWD -- sendKeys -->input
22:46:39.924 INFO  manager.ListenerWD -- sendKeys -->
22:46:39.925 INFO  manager.ListenerWD -- sendKeys -->input
22:46:39.936 INFO  manager.ListenerWD -- Before find element-->By.xpath: //button[text()='Login']
22:46:39.943 INFO  manager.ListenerWD -- After find element-->By.xpath: //button[text()='Login']
22:46:39.945 INFO  manager.ListenerWD -- Location of element-->button
22:46:39.950 INFO  manager.ListenerWD -- Before click element-->buttontext -->Login
22:46:39.976 INFO  manager.ListenerWD -- Huston, we have a problem!
22:46:39.976 INFO  manager.ListenerWD -- Failed method:alert
22:46:39.976 INFO  manager.ListenerWD -- **********************
22:46:39.976 INFO  manager.ListenerWD -- Arguments:null
22:46:39.976 INFO  manager.ListenerWD -- **********************
22:46:39.976 INFO  manager.ListenerWD -- Exception:NoAlertPresentException
22:46:39.976 INFO  manager.ListenerWD -- **********************
22:46:39.977 INFO  manager.ListenerWD -- Messageno such alert
  (Session info: chrome=149.0.7827.103)
Build info: version: '4.26.0', revision: '8ccf0219d7'
System info: os.name: 'Windows 11', os.arch: 'amd64', os.version: '10.0', java.version: '21.0.10'
Driver info: org.openqa.selenium.chrome.ChromeDriver
Command: [038c10b5803740a17b1a3f02cee03e09, getAlertText {}]
Capabilities {acceptInsecureCerts: false, browserName: chrome, browserVersion: 149.0.7827.103, chrome: {chromedriverVersion: 149.0.7827.55 (3188f8a607ae..., userDataDir: C:\Users\Nina\AppData\Local...}, fedcm:accounts: true, goog:chromeOptions: {debuggerAddress: localhost:57409}, goog:processID: 18072, networkConnectionEnabled: false, pageLoadStrategy: normal, platformName: windows, proxy: Proxy(), se:cdp: ws://localhost:57409/devtoo..., se:cdpVersion: 149.0.7827.103, setWindowRect: true, strictFileInteractability: false, timeouts: {implicit: 0, pageLoad: 300000, script: 30000}, unhandledPromptBehavior: dismiss and notify, webauthn:extension:credBlob: true, webauthn:extension:largeBlob: true, webauthn:extension:minPinLength: true, webauthn:extension:prf: true, webauthn:virtualAuthenticators: true}
Session ID: 038c10b5803740a17b1a3f02cee03e09
22:46:39.977 INFO  manager.ListenerWD -- **********************
22:46:39.977 INFO  manager.ListenerWD -- Screen with error is --->src/test/screenshots/screen_1871.png
22:46:40.501 INFO  tests.TestBase -- Assert check is alert present with error test 'Wrong email or password' 
22:46:40.503 INFO  tests.TestBase -- ==============================================
22:46:40.504 INFO  tests.TestBase -- Name of method (test) -->registrationExistsUser
22:46:45.511 INFO  tests.TestBase -- Test data --> email:'margo@gmail.com & password: Mmar123456$
22:46:45.511 INFO  manager.ListenerWD -- Before find element-->By.cssSelector: a[href='/login']
22:46:45.518 INFO  manager.ListenerWD -- After find element-->By.cssSelector: a[href='/login']
22:46:45.519 INFO  manager.ListenerWD -- Location of element-->a
22:46:45.524 INFO  manager.ListenerWD -- Before click element-->atext -->LOGIN
22:46:45.549 INFO  manager.ListenerWD -- After click element-->a
22:46:45.549 INFO  manager.HelperBase -- Open form by ckick on button with locator a[href='/login']
22:46:45.549 INFO  manager.ListenerWD -- Before find element-->By.name: email
22:46:45.557 INFO  manager.ListenerWD -- After find element-->By.name: email
22:46:45.560 INFO  manager.ListenerWD -- Location of element-->input
22:46:45.565 INFO  manager.ListenerWD -- Before click element-->inputtext -->
22:46:45.590 INFO  manager.ListenerWD -- After click element-->input
22:46:45.604 INFO  manager.ListenerWD -- sendKeys -->
22:46:45.607 INFO  manager.ListenerWD -- sendKeys -->input
22:46:45.628 INFO  manager.ListenerWD -- sendKeys -->
22:46:45.631 INFO  manager.ListenerWD -- sendKeys -->input
22:46:45.645 INFO  manager.ListenerWD -- sendKeys -->
22:46:45.647 INFO  manager.ListenerWD -- sendKeys -->input
22:46:45.661 INFO  manager.ListenerWD -- Before find element-->By.xpath: //input[@placeholder='Password']
22:46:45.668 INFO  manager.ListenerWD -- After find element-->By.xpath: //input[@placeholder='Password']
22:46:45.670 INFO  manager.ListenerWD -- Location of element-->input
22:46:45.676 INFO  manager.ListenerWD -- Before click element-->inputtext -->
22:46:45.698 INFO  manager.ListenerWD -- After click element-->input
22:46:45.713 INFO  manager.ListenerWD -- sendKeys -->
22:46:45.715 INFO  manager.ListenerWD -- sendKeys -->input
22:46:45.739 INFO  manager.ListenerWD -- sendKeys -->
22:46:45.742 INFO  manager.ListenerWD -- sendKeys -->input
22:46:45.759 INFO  manager.ListenerWD -- sendKeys -->
22:46:45.761 INFO  manager.ListenerWD -- sendKeys -->input
22:46:45.774 INFO  manager.ListenerWD -- Before find element-->By.xpath: //button[text()='Registration']
22:46:45.784 INFO  manager.ListenerWD -- After find element-->By.xpath: //button[text()='Registration']
22:46:45.786 INFO  manager.ListenerWD -- Location of element-->button
22:46:45.792 INFO  manager.ListenerWD -- Before click element-->buttontext -->Registration
22:46:45.826 INFO  manager.ListenerWD -- Huston, we have a problem!
22:46:45.826 INFO  manager.ListenerWD -- Failed method:alert
22:46:45.826 INFO  manager.ListenerWD -- **********************
22:46:45.826 INFO  manager.ListenerWD -- Arguments:null
22:46:45.826 INFO  manager.ListenerWD -- **********************
22:46:45.826 INFO  manager.ListenerWD -- Exception:NoAlertPresentException
22:46:45.826 INFO  manager.ListenerWD -- **********************
22:46:45.826 INFO  manager.ListenerWD -- Messageno such alert
  (Session info: chrome=149.0.7827.103)
Build info: version: '4.26.0', revision: '8ccf0219d7'
System info: os.name: 'Windows 11', os.arch: 'amd64', os.version: '10.0', java.version: '21.0.10'
Driver info: org.openqa.selenium.chrome.ChromeDriver
Command: [038c10b5803740a17b1a3f02cee03e09, getAlertText {}]
Capabilities {acceptInsecureCerts: false, browserName: chrome, browserVersion: 149.0.7827.103, chrome: {chromedriverVersion: 149.0.7827.55 (3188f8a607ae..., userDataDir: C:\Users\Nina\AppData\Local...}, fedcm:accounts: true, goog:chromeOptions: {debuggerAddress: localhost:57409}, goog:processID: 18072, networkConnectionEnabled: false, pageLoadStrategy: normal, platformName: windows, proxy: Proxy(), se:cdp: ws://localhost:57409/devtoo..., se:cdpVersion: 149.0.7827.103, setWindowRect: true, strictFileInteractability: false, timeouts: {implicit: 0, pageLoad: 300000, script: 30000}, unhandledPromptBehavior: dismiss and notify, webauthn:extension:credBlob: true, webauthn:extension:largeBlob: true, webauthn:extension:minPinLength: true, webauthn:extension:prf: true, webauthn:virtualAuthenticators: true}
Session ID: 038c10b5803740a17b1a3f02cee03e09
22:46:45.826 INFO  manager.ListenerWD -- **********************
22:46:45.826 INFO  manager.ListenerWD -- Screen with error is --->src/test/screenshots/screen_1745.png
22:46:46.336 INFO  manager.ListenerWD -- Huston, we have a problem!
22:46:46.336 INFO  manager.ListenerWD -- Failed method:alert
22:46:46.336 INFO  manager.ListenerWD -- **********************
22:46:46.336 INFO  manager.ListenerWD -- Arguments:null
22:46:46.336 INFO  manager.ListenerWD -- **********************
22:46:46.336 INFO  manager.ListenerWD -- Exception:NoAlertPresentException
22:46:46.336 INFO  manager.ListenerWD -- **********************
22:46:46.336 INFO  manager.ListenerWD -- Messageno such alert
  (Session info: chrome=149.0.7827.103)
Build info: version: '4.26.0', revision: '8ccf0219d7'
System info: os.name: 'Windows 11', os.arch: 'amd64', os.version: '10.0', java.version: '21.0.10'
Driver info: org.openqa.selenium.chrome.ChromeDriver
Command: [038c10b5803740a17b1a3f02cee03e09, getAlertText {}]
Capabilities {acceptInsecureCerts: false, browserName: chrome, browserVersion: 149.0.7827.103, chrome: {chromedriverVersion: 149.0.7827.55 (3188f8a607ae..., userDataDir: C:\Users\Nina\AppData\Local...}, fedcm:accounts: true, goog:chromeOptions: {debuggerAddress: localhost:57409}, goog:processID: 18072, networkConnectionEnabled: false, pageLoadStrategy: normal, platformName: windows, proxy: Proxy(), se:cdp: ws://localhost:57409/devtoo..., se:cdpVersion: 149.0.7827.103, setWindowRect: true, strictFileInteractability: false, timeouts: {implicit: 0, pageLoad: 300000, script: 30000}, unhandledPromptBehavior: dismiss and notify, webauthn:extension:credBlob: true, webauthn:extension:largeBlob: true, webauthn:extension:minPinLength: true, webauthn:extension:prf: true, webauthn:virtualAuthenticators: true}
Session ID: 038c10b5803740a17b1a3f02cee03e09
22:46:46.336 INFO  manager.ListenerWD -- **********************
22:46:46.336 INFO  manager.ListenerWD -- Screen with error is --->src/test/screenshots/screen_1756.png
22:46:46.852 INFO  tests.TestBase -- Assert check is alert present with error test 'User already exist' 
22:46:46.854 INFO  tests.TestBase -- ==============================================
22:46:46.855 INFO  tests.TestBase -- Name of method (test) -->registrationSuccess
22:46:51.873 INFO  tests.TestBase -- Start test with name 'registrationSuccess'
22:46:51.873 INFO  tests.TestBase -- Test data --> email:'mert1215@gmail.com & password: Mert123456!
22:46:51.873 INFO  manager.ListenerWD -- Before find element-->By.cssSelector: a[href='/login']
22:46:51.880 INFO  manager.ListenerWD -- After find element-->By.cssSelector: a[href='/login']
22:46:51.882 INFO  manager.ListenerWD -- Location of element-->a
22:46:51.887 INFO  manager.ListenerWD -- Before click element-->atext -->LOGIN
22:46:51.912 INFO  manager.ListenerWD -- After click element-->a
22:46:51.912 INFO  manager.HelperBase -- Open form by ckick on button with locator a[href='/login']
22:46:51.912 INFO  manager.ListenerWD -- Before find element-->By.name: email
22:46:51.918 INFO  manager.ListenerWD -- After find element-->By.name: email
22:46:51.922 INFO  manager.ListenerWD -- Location of element-->input
22:46:51.926 INFO  manager.ListenerWD -- Before click element-->inputtext -->
22:46:51.950 INFO  manager.ListenerWD -- After click element-->input
22:46:51.965 INFO  manager.ListenerWD -- sendKeys -->
22:46:51.967 INFO  manager.ListenerWD -- sendKeys -->input
22:46:51.987 INFO  manager.ListenerWD -- sendKeys -->
22:46:51.989 INFO  manager.ListenerWD -- sendKeys -->input
22:46:52.004 INFO  manager.ListenerWD -- sendKeys -->
22:46:52.006 INFO  manager.ListenerWD -- sendKeys -->input
22:46:52.021 INFO  manager.ListenerWD -- Before find element-->By.xpath: //input[@placeholder='Password']
22:46:52.028 INFO  manager.ListenerWD -- After find element-->By.xpath: //input[@placeholder='Password']
22:46:52.030 INFO  manager.ListenerWD -- Location of element-->input
22:46:52.036 INFO  manager.ListenerWD -- Before click element-->inputtext -->
22:46:52.059 INFO  manager.ListenerWD -- After click element-->input
22:46:52.072 INFO  manager.ListenerWD -- sendKeys -->
22:46:52.074 INFO  manager.ListenerWD -- sendKeys -->input
22:46:52.095 INFO  manager.ListenerWD -- sendKeys -->
22:46:52.098 INFO  manager.ListenerWD -- sendKeys -->input
22:46:52.115 INFO  manager.ListenerWD -- sendKeys -->
22:46:52.118 INFO  manager.ListenerWD -- sendKeys -->input
22:46:52.130 INFO  manager.ListenerWD -- Before find element-->By.xpath: //button[text()='Registration']
22:46:52.139 INFO  manager.ListenerWD -- After find element-->By.xpath: //button[text()='Registration']
22:46:52.142 INFO  manager.ListenerWD -- Location of element-->button
22:46:52.148 INFO  manager.ListenerWD -- Before click element-->buttontext -->Registration
22:46:52.486 INFO  tests.TestBase -- Assert check is element button 'Sign out' present
22:46:52.486 INFO  manager.ListenerWD -- Before find element-->By.cssSelector: .contact-page_message__2qafk>h1
22:46:52.753 INFO  manager.ListenerWD -- After find element-->By.cssSelector: .contact-page_message__2qafk>h1
22:46:52.757 INFO  manager.ListenerWD -- Location of element-->h1
22:46:52.764 INFO  tests.TestBase -- Assert check is message 'No contacts here'
22:46:52.765 INFO  tests.TestBase -- ==============================================
22:46:52.766 INFO  tests.TestBase -- Name of method (test) -->wrongEmailRegistration
22:46:52.775 INFO  manager.ListenerWD -- Before find element-->By.xpath: //button[text()='Sign Out']
22:46:52.784 INFO  manager.ListenerWD -- After find element-->By.xpath: //button[text()='Sign Out']
22:46:52.786 INFO  manager.ListenerWD -- Location of element-->button
22:46:52.792 INFO  manager.ListenerWD -- Before click element-->buttontext -->Sign Out
22:46:52.822 INFO  tests.TestBase -- Before method finished logout
22:46:52.824 INFO  tests.TestBase -- Test data --> email:'mertgmail.com & password: Mert123456!
22:46:52.825 INFO  manager.ListenerWD -- Before find element-->By.cssSelector: a[href='/login']
22:46:52.831 INFO  manager.ListenerWD -- After find element-->By.cssSelector: a[href='/login']
22:46:52.834 INFO  manager.ListenerWD -- Location of element-->a
22:46:52.839 INFO  manager.ListenerWD -- Before click element-->atext -->LOGIN
22:46:52.862 INFO  manager.ListenerWD -- After click element-->a
22:46:52.862 INFO  manager.HelperBase -- Open form by ckick on button with locator a[href='/login']
22:46:52.862 INFO  manager.ListenerWD -- Before find element-->By.name: email
22:46:52.868 INFO  manager.ListenerWD -- After find element-->By.name: email
22:46:52.871 INFO  manager.ListenerWD -- Location of element-->input
22:46:52.876 INFO  manager.ListenerWD -- Before click element-->inputtext -->
22:46:52.909 INFO  manager.ListenerWD -- After click element-->input
22:46:52.923 INFO  manager.ListenerWD -- sendKeys -->
22:46:52.925 INFO  manager.ListenerWD -- sendKeys -->input
22:46:52.939 INFO  manager.ListenerWD -- sendKeys -->
22:46:52.941 INFO  manager.ListenerWD -- sendKeys -->input
22:46:52.955 INFO  manager.ListenerWD -- sendKeys -->
22:46:52.957 INFO  manager.ListenerWD -- sendKeys -->input
22:46:52.970 INFO  manager.ListenerWD -- Before find element-->By.xpath: //input[@placeholder='Password']
22:46:52.977 INFO  manager.ListenerWD -- After find element-->By.xpath: //input[@placeholder='Password']
22:46:52.979 INFO  manager.ListenerWD -- Location of element-->input
22:46:52.984 INFO  manager.ListenerWD -- Before click element-->inputtext -->
22:46:53.009 INFO  manager.ListenerWD -- After click element-->input
22:46:53.022 INFO  manager.ListenerWD -- sendKeys -->
22:46:53.024 INFO  manager.ListenerWD -- sendKeys -->input
22:46:53.038 INFO  manager.ListenerWD -- sendKeys -->
22:46:53.041 INFO  manager.ListenerWD -- sendKeys -->input
22:46:53.054 INFO  manager.ListenerWD -- sendKeys -->
22:46:53.056 INFO  manager.ListenerWD -- sendKeys -->input
22:46:53.075 INFO  manager.ListenerWD -- Before find element-->By.xpath: //button[text()='Registration']
22:46:53.084 INFO  manager.ListenerWD -- After find element-->By.xpath: //button[text()='Registration']
22:46:53.086 INFO  manager.ListenerWD -- Location of element-->button
22:46:53.094 INFO  manager.ListenerWD -- Before click element-->buttontext -->Registration
22:46:53.134 INFO  manager.ListenerWD -- Huston, we have a problem!
22:46:53.134 INFO  manager.ListenerWD -- Failed method:alert
22:46:53.134 INFO  manager.ListenerWD -- **********************
22:46:53.134 INFO  manager.ListenerWD -- Arguments:null
22:46:53.134 INFO  manager.ListenerWD -- **********************
22:46:53.134 INFO  manager.ListenerWD -- Exception:NoAlertPresentException
22:46:53.134 INFO  manager.ListenerWD -- **********************
22:46:53.134 INFO  manager.ListenerWD -- Messageno such alert
  (Session info: chrome=149.0.7827.103)
Build info: version: '4.26.0', revision: '8ccf0219d7'
System info: os.name: 'Windows 11', os.arch: 'amd64', os.version: '10.0', java.version: '21.0.10'
Driver info: org.openqa.selenium.chrome.ChromeDriver
Command: [038c10b5803740a17b1a3f02cee03e09, getAlertText {}]
Capabilities {acceptInsecureCerts: false, browserName: chrome, browserVersion: 149.0.7827.103, chrome: {chromedriverVersion: 149.0.7827.55 (3188f8a607ae..., userDataDir: C:\Users\Nina\AppData\Local...}, fedcm:accounts: true, goog:chromeOptions: {debuggerAddress: localhost:57409}, goog:processID: 18072, networkConnectionEnabled: false, pageLoadStrategy: normal, platformName: windows, proxy: Proxy(), se:cdp: ws://localhost:57409/devtoo..., se:cdpVersion: 149.0.7827.103, setWindowRect: true, strictFileInteractability: false, timeouts: {implicit: 0, pageLoad: 300000, script: 30000}, unhandledPromptBehavior: dismiss and notify, webauthn:extension:credBlob: true, webauthn:extension:largeBlob: true, webauthn:extension:minPinLength: true, webauthn:extension:prf: true, webauthn:virtualAuthenticators: true}
Session ID: 038c10b5803740a17b1a3f02cee03e09
22:46:53.134 INFO  manager.ListenerWD -- **********************
22:46:53.134 INFO  manager.ListenerWD -- Screen with error is --->src/test/screenshots/screen_1443.png
22:46:53.655 INFO  tests.TestBase -- Assert check is alert present with error test 'Wrong email or password' 
22:46:53.656 INFO  manager.ListenerWD -- Before find element-->By.xpath: //*[text()='Registration failed with code 400']
22:46:53.667 INFO  manager.ListenerWD -- After find element-->By.xpath: //*[text()='Registration failed with code 400']
22:46:53.669 INFO  manager.ListenerWD -- Location of element-->div
22:46:53.671 INFO  tests.TestBase -- ==============================================
22:46:53.673 INFO  tests.TestBase -- Name of method (test) -->wrongPasswordRegistration
22:46:58.723 INFO  tests.TestBase -- Test data --> email:'mert@gmail.com & password: Mert123456
22:46:58.723 INFO  manager.ListenerWD -- Before find element-->By.cssSelector: a[href='/login']
22:46:58.729 INFO  manager.ListenerWD -- After find element-->By.cssSelector: a[href='/login']
22:46:58.733 INFO  manager.ListenerWD -- Location of element-->a
22:46:58.737 INFO  manager.ListenerWD -- Before click element-->atext -->LOGIN
22:46:58.766 INFO  manager.ListenerWD -- After click element-->a
22:46:58.766 INFO  manager.HelperBase -- Open form by ckick on button with locator a[href='/login']
22:46:58.766 INFO  manager.ListenerWD -- Before find element-->By.name: email
22:46:58.774 INFO  manager.ListenerWD -- After find element-->By.name: email
22:46:58.777 INFO  manager.ListenerWD -- Location of element-->input
22:46:58.782 INFO  manager.ListenerWD -- Before click element-->inputtext -->
22:46:58.806 INFO  manager.ListenerWD -- After click element-->input
22:46:58.821 INFO  manager.ListenerWD -- sendKeys -->
22:46:58.823 INFO  manager.ListenerWD -- sendKeys -->input
22:46:58.844 INFO  manager.ListenerWD -- sendKeys -->
22:46:58.846 INFO  manager.ListenerWD -- sendKeys -->input
22:46:58.860 INFO  manager.ListenerWD -- sendKeys -->
22:46:58.862 INFO  manager.ListenerWD -- sendKeys -->input
22:46:58.874 INFO  manager.ListenerWD -- Before find element-->By.xpath: //input[@placeholder='Password']
22:46:58.881 INFO  manager.ListenerWD -- After find element-->By.xpath: //input[@placeholder='Password']
22:46:58.883 INFO  manager.ListenerWD -- Location of element-->input
22:46:58.889 INFO  manager.ListenerWD -- Before click element-->inputtext -->
22:46:58.912 INFO  manager.ListenerWD -- After click element-->input
22:46:58.925 INFO  manager.ListenerWD -- sendKeys -->
22:46:58.928 INFO  manager.ListenerWD -- sendKeys -->input
22:46:58.948 INFO  manager.ListenerWD -- sendKeys -->
22:46:58.950 INFO  manager.ListenerWD -- sendKeys -->input
22:46:58.964 INFO  manager.ListenerWD -- sendKeys -->
22:46:58.966 INFO  manager.ListenerWD -- sendKeys -->input
22:46:58.978 INFO  manager.ListenerWD -- Before find element-->By.xpath: //button[text()='Registration']
22:46:58.985 INFO  manager.ListenerWD -- After find element-->By.xpath: //button[text()='Registration']
22:46:58.987 INFO  manager.ListenerWD -- Location of element-->button
22:46:58.992 INFO  manager.ListenerWD -- Before click element-->buttontext -->Registration
22:46:59.022 INFO  manager.ListenerWD -- Huston, we have a problem!
22:46:59.022 INFO  manager.ListenerWD -- Failed method:alert
22:46:59.022 INFO  manager.ListenerWD -- **********************
22:46:59.022 INFO  manager.ListenerWD -- Arguments:null
22:46:59.022 INFO  manager.ListenerWD -- **********************
22:46:59.022 INFO  manager.ListenerWD -- Exception:NoAlertPresentException
22:46:59.022 INFO  manager.ListenerWD -- **********************
22:46:59.022 INFO  manager.ListenerWD -- Messageno such alert
  (Session info: chrome=149.0.7827.103)
Build info: version: '4.26.0', revision: '8ccf0219d7'
System info: os.name: 'Windows 11', os.arch: 'amd64', os.version: '10.0', java.version: '21.0.10'
Driver info: org.openqa.selenium.chrome.ChromeDriver
Command: [038c10b5803740a17b1a3f02cee03e09, getAlertText {}]
Capabilities {acceptInsecureCerts: false, browserName: chrome, browserVersion: 149.0.7827.103, chrome: {chromedriverVersion: 149.0.7827.55 (3188f8a607ae..., userDataDir: C:\Users\Nina\AppData\Local...}, fedcm:accounts: true, goog:chromeOptions: {debuggerAddress: localhost:57409}, goog:processID: 18072, networkConnectionEnabled: false, pageLoadStrategy: normal, platformName: windows, proxy: Proxy(), se:cdp: ws://localhost:57409/devtoo..., se:cdpVersion: 149.0.7827.103, setWindowRect: true, strictFileInteractability: false, timeouts: {implicit: 0, pageLoad: 300000, script: 30000}, unhandledPromptBehavior: dismiss and notify, webauthn:extension:credBlob: true, webauthn:extension:largeBlob: true, webauthn:extension:minPinLength: true, webauthn:extension:prf: true, webauthn:virtualAuthenticators: true}
Session ID: 038c10b5803740a17b1a3f02cee03e09
22:46:59.022 INFO  manager.ListenerWD -- **********************
22:46:59.022 INFO  manager.ListenerWD -- Screen with error is --->src/test/screenshots/screen_1967.png
22:46:59.536 INFO  tests.TestBase -- Assert check is alert present with error test 'Wrong email or password' 
22:46:59.536 INFO  manager.ListenerWD -- Before find element-->By.xpath: //*[text()='Registration failed with code 400']
22:46:59.548 INFO  manager.ListenerWD -- After find element-->By.xpath: //*[text()='Registration failed with code 400']
22:46:59.550 INFO  manager.ListenerWD -- Location of element-->div
22:46:59.551 INFO  tests.TestBase -- ==============================================
22:46:59.552 INFO  tests.TestBase -- Name of method (test) -->removeAllContacts
22:47:04.581 INFO  manager.ListenerWD -- Before find element-->By.cssSelector: a[href='/login']
22:47:04.589 INFO  manager.ListenerWD -- After find element-->By.cssSelector: a[href='/login']
22:47:04.591 INFO  manager.ListenerWD -- Location of element-->a
22:47:04.595 INFO  manager.ListenerWD -- Before click element-->atext -->LOGIN
22:47:04.621 INFO  manager.ListenerWD -- After click element-->a
22:47:04.621 INFO  manager.HelperBase -- Open form by ckick on button with locator a[href='/login']
22:47:04.621 INFO  manager.ListenerWD -- Before find element-->By.name: email
22:47:04.628 INFO  manager.ListenerWD -- After find element-->By.name: email
22:47:04.631 INFO  manager.ListenerWD -- Location of element-->input
22:47:04.635 INFO  manager.ListenerWD -- Before click element-->inputtext -->
22:47:04.659 INFO  manager.ListenerWD -- After click element-->input
22:47:04.673 INFO  manager.ListenerWD -- sendKeys -->
22:47:04.674 INFO  manager.ListenerWD -- sendKeys -->input
22:47:04.694 INFO  manager.ListenerWD -- sendKeys -->
22:47:04.697 INFO  manager.ListenerWD -- sendKeys -->input
22:47:04.710 INFO  manager.ListenerWD -- sendKeys -->
22:47:04.712 INFO  manager.ListenerWD -- sendKeys -->input
22:47:04.733 INFO  manager.ListenerWD -- Before find element-->By.xpath: //input[@placeholder='Password']
22:47:04.743 INFO  manager.ListenerWD -- After find element-->By.xpath: //input[@placeholder='Password']
22:47:04.747 INFO  manager.ListenerWD -- Location of element-->input
22:47:04.754 INFO  manager.ListenerWD -- Before click element-->inputtext -->
22:47:04.787 INFO  manager.ListenerWD -- After click element-->input
22:47:04.806 INFO  manager.ListenerWD -- sendKeys -->
22:47:04.809 INFO  manager.ListenerWD -- sendKeys -->input
22:47:04.837 INFO  manager.ListenerWD -- sendKeys -->
22:47:04.840 INFO  manager.ListenerWD -- sendKeys -->input
22:47:04.856 INFO  manager.ListenerWD -- sendKeys -->
22:47:04.858 INFO  manager.ListenerWD -- sendKeys -->input
22:47:04.870 INFO  manager.ListenerWD -- Before find element-->By.xpath: //button[text()='Login']
22:47:04.876 INFO  manager.ListenerWD -- After find element-->By.xpath: //button[text()='Login']
22:47:04.878 INFO  manager.ListenerWD -- Location of element-->button
22:47:04.884 INFO  manager.ListenerWD -- Before click element-->buttontext -->Login
22:47:05.628 INFO  manager.ListenerWD -- Before find element-->By.cssSelector: .contact-item_card__2SOIM
22:47:05.637 INFO  manager.ListenerWD -- After find element-->By.cssSelector: .contact-item_card__2SOIM
22:47:05.641 INFO  manager.ListenerWD -- Location of element-->div
22:47:05.645 INFO  manager.ListenerWD -- Before click element-->divtext -->Harry
555667771033
22:47:05.675 INFO  manager.ListenerWD -- After click element-->div
22:47:05.675 INFO  manager.ListenerWD -- Before find element-->By.xpath: //button[text()='Remove']
22:47:05.685 INFO  manager.ListenerWD -- After find element-->By.xpath: //button[text()='Remove']
22:47:05.687 INFO  manager.ListenerWD -- Location of element-->button
22:47:05.693 INFO  manager.ListenerWD -- Before click element-->buttontext -->Remove
22:47:05.719 INFO  manager.ListenerWD -- After click element-->button
22:47:06.739 INFO  manager.ListenerWD -- Before find element-->By.cssSelector: .contact-item_card__2SOIM
22:47:06.748 INFO  manager.ListenerWD -- After find element-->By.cssSelector: .contact-item_card__2SOIM
22:47:06.752 INFO  manager.ListenerWD -- Location of element-->div
22:47:06.758 INFO  manager.ListenerWD -- Before click element-->divtext -->Harry
555667771271
22:47:06.784 INFO  manager.ListenerWD -- After click element-->div
22:47:06.784 INFO  manager.ListenerWD -- Before find element-->By.xpath: //button[text()='Remove']
22:47:06.792 INFO  manager.ListenerWD -- After find element-->By.xpath: //button[text()='Remove']
22:47:06.794 INFO  manager.ListenerWD -- Location of element-->button
22:47:06.800 INFO  manager.ListenerWD -- Before click element-->buttontext -->Remove
22:47:06.822 INFO  manager.ListenerWD -- After click element-->button
22:47:07.854 INFO  manager.ListenerWD -- Before find element-->By.cssSelector: .contact-item_card__2SOIM
22:47:07.861 INFO  manager.ListenerWD -- After find element-->By.cssSelector: .contact-item_card__2SOIM
22:47:07.863 INFO  manager.ListenerWD -- Location of element-->div
22:47:07.870 INFO  manager.ListenerWD -- Before click element-->divtext -->Tony
34343434246
22:47:07.895 INFO  manager.ListenerWD -- After click element-->div
22:47:07.895 INFO  manager.ListenerWD -- Before find element-->By.xpath: //button[text()='Remove']
22:47:07.903 INFO  manager.ListenerWD -- After find element-->By.xpath: //button[text()='Remove']
22:47:07.905 INFO  manager.ListenerWD -- Location of element-->button
22:47:07.909 INFO  manager.ListenerWD -- Before click element-->buttontext -->Remove
22:47:07.931 INFO  manager.ListenerWD -- After click element-->button
22:47:08.961 INFO  manager.ListenerWD -- Before find element-->By.cssSelector: .contact-item_card__2SOIM
22:47:08.967 INFO  manager.ListenerWD -- After find element-->By.cssSelector: .contact-item_card__2SOIM
22:47:08.969 INFO  manager.ListenerWD -- Location of element-->div
22:47:08.974 INFO  manager.ListenerWD -- Before click element-->divtext -->Tony
6555652654
22:47:08.998 INFO  manager.ListenerWD -- After click element-->div
22:47:08.998 INFO  manager.ListenerWD -- Before find element-->By.xpath: //button[text()='Remove']
22:47:09.004 INFO  manager.ListenerWD -- After find element-->By.xpath: //button[text()='Remove']
22:47:09.007 INFO  manager.ListenerWD -- Location of element-->button
22:47:09.011 INFO  manager.ListenerWD -- Before click element-->buttontext -->Remove
22:47:09.035 INFO  manager.ListenerWD -- After click element-->button
22:47:10.053 INFO  manager.ListenerWD -- Before find element-->By.cssSelector: .contact-item_card__2SOIM
22:47:10.060 INFO  manager.ListenerWD -- After find element-->By.cssSelector: .contact-item_card__2SOIM
22:47:10.062 INFO  manager.ListenerWD -- Location of element-->div
22:47:10.067 INFO  manager.ListenerWD -- Before click element-->divtext -->TonyReq2770
343434342770
22:47:10.089 INFO  manager.ListenerWD -- After click element-->div
22:47:10.089 INFO  manager.ListenerWD -- Before find element-->By.xpath: //button[text()='Remove']
22:47:10.096 INFO  manager.ListenerWD -- After find element-->By.xpath: //button[text()='Remove']
22:47:10.098 INFO  manager.ListenerWD -- Location of element-->button
22:47:10.103 INFO  manager.ListenerWD -- Before click element-->buttontext -->Remove
22:47:10.121 INFO  manager.ListenerWD -- After click element-->button
22:47:16.182 INFO  manager.ListenerWD -- Before find element-->By.cssSelector: .contact-page_message__2qafk>h1
22:47:16.192 INFO  manager.ListenerWD -- After find element-->By.cssSelector: .contact-page_message__2qafk>h1
22:47:16.195 INFO  manager.ListenerWD -- Location of element-->h1
22:47:16.199 INFO  tests.TestBase -- ==============================================
22:47:16.199 INFO  tests.TestBase -- Name of method (test) -->removeFirstContact
22:47:21.236 INFO  manager.ListenerWD -- Before find element-->By.cssSelector: a[href='/add']
22:47:21.246 INFO  manager.ListenerWD -- After find element-->By.cssSelector: a[href='/add']
22:47:21.249 INFO  manager.ListenerWD -- Location of element-->a
22:47:21.257 INFO  manager.ListenerWD -- Before click element-->atext -->ADD
22:47:21.309 INFO  manager.ListenerWD -- After click element-->a
22:47:21.309 INFO  manager.ListenerWD -- Before find element-->By.cssSelector: [placeholder='Name']
22:47:21.320 INFO  manager.ListenerWD -- After find element-->By.cssSelector: [placeholder='Name']
22:47:21.325 INFO  manager.ListenerWD -- Location of element-->input
22:47:21.331 INFO  manager.ListenerWD -- Before click element-->inputtext -->
22:47:21.361 INFO  manager.ListenerWD -- After click element-->input
22:47:21.375 INFO  manager.ListenerWD -- sendKeys -->
22:47:21.377 INFO  manager.ListenerWD -- sendKeys -->input
22:47:21.390 INFO  manager.ListenerWD -- sendKeys -->
22:47:21.392 INFO  manager.ListenerWD -- sendKeys -->input
22:47:21.407 INFO  manager.ListenerWD -- sendKeys -->
22:47:21.409 INFO  manager.ListenerWD -- sendKeys -->input
22:47:21.420 INFO  manager.ListenerWD -- Before find element-->By.cssSelector: [placeholder='Last Name']
22:47:21.428 INFO  manager.ListenerWD -- After find element-->By.cssSelector: [placeholder='Last Name']
22:47:21.430 INFO  manager.ListenerWD -- Location of element-->input
22:47:21.435 INFO  manager.ListenerWD -- Before click element-->inputtext -->
22:47:21.459 INFO  manager.ListenerWD -- After click element-->input
22:47:21.472 INFO  manager.ListenerWD -- sendKeys -->
22:47:21.474 INFO  manager.ListenerWD -- sendKeys -->input
22:47:21.488 INFO  manager.ListenerWD -- sendKeys -->
22:47:21.490 INFO  manager.ListenerWD -- sendKeys -->input
22:47:21.505 INFO  manager.ListenerWD -- sendKeys -->
22:47:21.507 INFO  manager.ListenerWD -- sendKeys -->input
22:47:21.518 INFO  manager.ListenerWD -- Before find element-->By.cssSelector: [placeholder='Phone']
22:47:21.526 INFO  manager.ListenerWD -- After find element-->By.cssSelector: [placeholder='Phone']
22:47:21.528 INFO  manager.ListenerWD -- Location of element-->input
22:47:21.533 INFO  manager.ListenerWD -- Before click element-->inputtext -->
22:47:21.557 INFO  manager.ListenerWD -- After click element-->input
22:47:21.569 INFO  manager.ListenerWD -- sendKeys -->
22:47:21.571 INFO  manager.ListenerWD -- sendKeys -->input
22:47:21.586 INFO  manager.ListenerWD -- sendKeys -->
22:47:21.588 INFO  manager.ListenerWD -- sendKeys -->input
22:47:21.600 INFO  manager.ListenerWD -- sendKeys -->
22:47:21.605 INFO  manager.ListenerWD -- sendKeys -->input
22:47:21.617 INFO  manager.ListenerWD -- Before find element-->By.cssSelector: [placeholder='email']
22:47:21.626 INFO  manager.ListenerWD -- After find element-->By.cssSelector: [placeholder='email']
22:47:21.628 INFO  manager.ListenerWD -- Location of element-->input
22:47:21.633 INFO  manager.ListenerWD -- Before click element-->inputtext -->
22:47:21.655 INFO  manager.ListenerWD -- After click element-->input
22:47:21.668 INFO  manager.ListenerWD -- sendKeys -->
22:47:21.669 INFO  manager.ListenerWD -- sendKeys -->input
22:47:21.682 INFO  manager.ListenerWD -- sendKeys -->
22:47:21.684 INFO  manager.ListenerWD -- sendKeys -->input
22:47:21.699 INFO  manager.ListenerWD -- sendKeys -->
22:47:21.701 INFO  manager.ListenerWD -- sendKeys -->input
22:47:21.716 INFO  manager.ListenerWD -- Before find element-->By.cssSelector: [placeholder='Address']
22:47:21.725 INFO  manager.ListenerWD -- After find element-->By.cssSelector: [placeholder='Address']
22:47:21.728 INFO  manager.ListenerWD -- Location of element-->input
22:47:21.732 INFO  manager.ListenerWD -- Before click element-->inputtext -->
22:47:21.755 INFO  manager.ListenerWD -- After click element-->input
22:47:21.769 INFO  manager.ListenerWD -- sendKeys -->
22:47:21.770 INFO  manager.ListenerWD -- sendKeys -->input
22:47:21.784 INFO  manager.ListenerWD -- sendKeys -->
22:47:21.786 INFO  manager.ListenerWD -- sendKeys -->input
22:47:21.797 INFO  manager.ListenerWD -- sendKeys -->
22:47:21.800 INFO  manager.ListenerWD -- sendKeys -->input
22:47:21.811 INFO  manager.ListenerWD -- Before find element-->By.cssSelector: [placeholder = 'description']
22:47:21.819 INFO  manager.ListenerWD -- After find element-->By.cssSelector: [placeholder = 'description']
22:47:21.822 INFO  manager.ListenerWD -- Location of element-->input
22:47:21.826 INFO  manager.ListenerWD -- Before click element-->inputtext -->
22:47:21.849 INFO  manager.ListenerWD -- After click element-->input
22:47:21.862 INFO  manager.ListenerWD -- sendKeys -->
22:47:21.864 INFO  manager.ListenerWD -- sendKeys -->input
22:47:21.877 INFO  manager.ListenerWD -- sendKeys -->
22:47:21.878 INFO  manager.ListenerWD -- sendKeys -->input
22:47:21.891 INFO  manager.ListenerWD -- sendKeys -->
22:47:21.893 INFO  manager.ListenerWD -- sendKeys -->input
22:47:21.903 INFO  manager.ListenerWD -- Before find element-->By.cssSelector: .add_form__2rsm2>button
22:47:21.911 INFO  manager.ListenerWD -- After find element-->By.cssSelector: .add_form__2rsm2>button
22:47:21.914 INFO  manager.ListenerWD -- Location of element-->button
22:47:21.919 INFO  manager.ListenerWD -- Before click element-->buttontext -->Save
22:47:21.943 INFO  manager.ListenerWD -- After click element-->button
22:47:22.446 INFO  manager.ListenerWD -- Before find element-->By.cssSelector: a[href='/add']
22:47:22.452 INFO  manager.ListenerWD -- After find element-->By.cssSelector: a[href='/add']
22:47:22.456 INFO  manager.ListenerWD -- Location of element-->a
22:47:22.460 INFO  manager.ListenerWD -- Before click element-->atext -->ADD
22:47:22.485 INFO  manager.ListenerWD -- After click element-->a
22:47:22.485 INFO  manager.ListenerWD -- Before find element-->By.cssSelector: [placeholder='Name']
22:47:22.493 INFO  manager.ListenerWD -- After find element-->By.cssSelector: [placeholder='Name']
22:47:22.495 INFO  manager.ListenerWD -- Location of element-->input
22:47:22.500 INFO  manager.ListenerWD -- Before click element-->inputtext -->
22:47:22.524 INFO  manager.ListenerWD -- After click element-->input
22:47:22.537 INFO  manager.ListenerWD -- sendKeys -->
22:47:22.539 INFO  manager.ListenerWD -- sendKeys -->input
22:47:22.554 INFO  manager.ListenerWD -- sendKeys -->
22:47:22.556 INFO  manager.ListenerWD -- sendKeys -->input
22:47:22.569 INFO  manager.ListenerWD -- sendKeys -->
22:47:22.571 INFO  manager.ListenerWD -- sendKeys -->input
22:47:22.581 INFO  manager.ListenerWD -- Before find element-->By.cssSelector: [placeholder='Last Name']
22:47:22.588 INFO  manager.ListenerWD -- After find element-->By.cssSelector: [placeholder='Last Name']
22:47:22.590 INFO  manager.ListenerWD -- Location of element-->input
22:47:22.595 INFO  manager.ListenerWD -- Before click element-->inputtext -->
22:47:22.619 INFO  manager.ListenerWD -- After click element-->input
22:47:22.631 INFO  manager.ListenerWD -- sendKeys -->
22:47:22.633 INFO  manager.ListenerWD -- sendKeys -->input
22:47:22.646 INFO  manager.ListenerWD -- sendKeys -->
22:47:22.647 INFO  manager.ListenerWD -- sendKeys -->input
22:47:22.661 INFO  manager.ListenerWD -- sendKeys -->
22:47:22.663 INFO  manager.ListenerWD -- sendKeys -->input
22:47:22.673 INFO  manager.ListenerWD -- Before find element-->By.cssSelector: [placeholder='Phone']
22:47:22.680 INFO  manager.ListenerWD -- After find element-->By.cssSelector: [placeholder='Phone']
22:47:22.682 INFO  manager.ListenerWD -- Location of element-->input
22:47:22.688 INFO  manager.ListenerWD -- Before click element-->inputtext -->
22:47:22.709 INFO  manager.ListenerWD -- After click element-->input
22:47:22.722 INFO  manager.ListenerWD -- sendKeys -->
22:47:22.723 INFO  manager.ListenerWD -- sendKeys -->input
22:47:22.736 INFO  manager.ListenerWD -- sendKeys -->
22:47:22.738 INFO  manager.ListenerWD -- sendKeys -->input
22:47:22.753 INFO  manager.ListenerWD -- sendKeys -->
22:47:22.755 INFO  manager.ListenerWD -- sendKeys -->input
22:47:22.769 INFO  manager.ListenerWD -- Before find element-->By.cssSelector: [placeholder='email']
22:47:22.776 INFO  manager.ListenerWD -- After find element-->By.cssSelector: [placeholder='email']
22:47:22.778 INFO  manager.ListenerWD -- Location of element-->input
22:47:22.784 INFO  manager.ListenerWD -- Before click element-->inputtext -->
22:47:22.809 INFO  manager.ListenerWD -- After click element-->input
22:47:22.821 INFO  manager.ListenerWD -- sendKeys -->
22:47:22.823 INFO  manager.ListenerWD -- sendKeys -->input
22:47:22.837 INFO  manager.ListenerWD -- sendKeys -->
22:47:22.839 INFO  manager.ListenerWD -- sendKeys -->input
22:47:22.853 INFO  manager.ListenerWD -- sendKeys -->
22:47:22.855 INFO  manager.ListenerWD -- sendKeys -->input
22:47:22.868 INFO  manager.ListenerWD -- Before find element-->By.cssSelector: [placeholder='Address']
22:47:22.874 INFO  manager.ListenerWD -- After find element-->By.cssSelector: [placeholder='Address']
22:47:22.876 INFO  manager.ListenerWD -- Location of element-->input
22:47:22.881 INFO  manager.ListenerWD -- Before click element-->inputtext -->
22:47:22.905 INFO  manager.ListenerWD -- After click element-->input
22:47:22.920 INFO  manager.ListenerWD -- sendKeys -->
22:47:22.922 INFO  manager.ListenerWD -- sendKeys -->input
22:47:22.939 INFO  manager.ListenerWD -- sendKeys -->
22:47:22.941 INFO  manager.ListenerWD -- sendKeys -->input
22:47:22.956 INFO  manager.ListenerWD -- sendKeys -->
22:47:22.958 INFO  manager.ListenerWD -- sendKeys -->input
22:47:22.970 INFO  manager.ListenerWD -- Before find element-->By.cssSelector: [placeholder = 'description']
22:47:22.976 INFO  manager.ListenerWD -- After find element-->By.cssSelector: [placeholder = 'description']
22:47:22.978 INFO  manager.ListenerWD -- Location of element-->input
22:47:22.984 INFO  manager.ListenerWD -- Before click element-->inputtext -->
22:47:23.005 INFO  manager.ListenerWD -- After click element-->input
22:47:23.018 INFO  manager.ListenerWD -- sendKeys -->
22:47:23.020 INFO  manager.ListenerWD -- sendKeys -->input
22:47:23.033 INFO  manager.ListenerWD -- sendKeys -->
22:47:23.035 INFO  manager.ListenerWD -- sendKeys -->input
22:47:23.050 INFO  manager.ListenerWD -- sendKeys -->
22:47:23.052 INFO  manager.ListenerWD -- sendKeys -->input
22:47:23.062 INFO  manager.ListenerWD -- Before find element-->By.cssSelector: .add_form__2rsm2>button
22:47:23.070 INFO  manager.ListenerWD -- After find element-->By.cssSelector: .add_form__2rsm2>button
22:47:23.071 INFO  manager.ListenerWD -- Location of element-->button
22:47:23.077 INFO  manager.ListenerWD -- Before click element-->buttontext -->Save
22:47:23.097 INFO  manager.ListenerWD -- After click element-->button
22:47:23.598 INFO  manager.ListenerWD -- Before find element-->By.cssSelector: a[href='/add']
22:47:23.606 INFO  manager.ListenerWD -- After find element-->By.cssSelector: a[href='/add']
22:47:23.610 INFO  manager.ListenerWD -- Location of element-->a
22:47:23.615 INFO  manager.ListenerWD -- Before click element-->atext -->ADD
22:47:23.640 INFO  manager.ListenerWD -- After click element-->a
22:47:23.640 INFO  manager.ListenerWD -- Before find element-->By.cssSelector: [placeholder='Name']
22:47:23.648 INFO  manager.ListenerWD -- After find element-->By.cssSelector: [placeholder='Name']
22:47:23.650 INFO  manager.ListenerWD -- Location of element-->input
22:47:23.655 INFO  manager.ListenerWD -- Before click element-->inputtext -->
22:47:23.679 INFO  manager.ListenerWD -- After click element-->input
22:47:23.693 INFO  manager.ListenerWD -- sendKeys -->
22:47:23.695 INFO  manager.ListenerWD -- sendKeys -->input
22:47:23.708 INFO  manager.ListenerWD -- sendKeys -->
22:47:23.710 INFO  manager.ListenerWD -- sendKeys -->input
22:47:23.723 INFO  manager.ListenerWD -- sendKeys -->
22:47:23.725 INFO  manager.ListenerWD -- sendKeys -->input
22:47:23.737 INFO  manager.ListenerWD -- Before find element-->By.cssSelector: [placeholder='Last Name']
22:47:23.743 INFO  manager.ListenerWD -- After find element-->By.cssSelector: [placeholder='Last Name']
22:47:23.746 INFO  manager.ListenerWD -- Location of element-->input
22:47:23.751 INFO  manager.ListenerWD -- Before click element-->inputtext -->
22:47:23.773 INFO  manager.ListenerWD -- After click element-->input
22:47:23.786 INFO  manager.ListenerWD -- sendKeys -->
22:47:23.789 INFO  manager.ListenerWD -- sendKeys -->input
22:47:23.800 INFO  manager.ListenerWD -- sendKeys -->
22:47:23.803 INFO  manager.ListenerWD -- sendKeys -->input
22:47:23.815 INFO  manager.ListenerWD -- sendKeys -->
22:47:23.817 INFO  manager.ListenerWD -- sendKeys -->input
22:47:23.828 INFO  manager.ListenerWD -- Before find element-->By.cssSelector: [placeholder='Phone']
22:47:23.834 INFO  manager.ListenerWD -- After find element-->By.cssSelector: [placeholder='Phone']
22:47:23.836 INFO  manager.ListenerWD -- Location of element-->input
22:47:23.841 INFO  manager.ListenerWD -- Before click element-->inputtext -->
22:47:23.864 INFO  manager.ListenerWD -- After click element-->input
22:47:23.880 INFO  manager.ListenerWD -- sendKeys -->
22:47:23.882 INFO  manager.ListenerWD -- sendKeys -->input
22:47:23.896 INFO  manager.ListenerWD -- sendKeys -->
22:47:23.898 INFO  manager.ListenerWD -- sendKeys -->input
22:47:23.913 INFO  manager.ListenerWD -- sendKeys -->
22:47:23.915 INFO  manager.ListenerWD -- sendKeys -->input
22:47:23.928 INFO  manager.ListenerWD -- Before find element-->By.cssSelector: [placeholder='email']
22:47:23.937 INFO  manager.ListenerWD -- After find element-->By.cssSelector: [placeholder='email']
22:47:23.939 INFO  manager.ListenerWD -- Location of element-->input
22:47:23.946 INFO  manager.ListenerWD -- Before click element-->inputtext -->
22:47:23.969 INFO  manager.ListenerWD -- After click element-->input
22:47:23.982 INFO  manager.ListenerWD -- sendKeys -->
22:47:23.984 INFO  manager.ListenerWD -- sendKeys -->input
22:47:23.997 INFO  manager.ListenerWD -- sendKeys -->
22:47:23.999 INFO  manager.ListenerWD -- sendKeys -->input
22:47:24.012 INFO  manager.ListenerWD -- sendKeys -->
22:47:24.014 INFO  manager.ListenerWD -- sendKeys -->input
22:47:24.028 INFO  manager.ListenerWD -- Before find element-->By.cssSelector: [placeholder='Address']
22:47:24.034 INFO  manager.ListenerWD -- After find element-->By.cssSelector: [placeholder='Address']
22:47:24.037 INFO  manager.ListenerWD -- Location of element-->input
22:47:24.042 INFO  manager.ListenerWD -- Before click element-->inputtext -->
22:47:24.065 INFO  manager.ListenerWD -- After click element-->input
22:47:24.078 INFO  manager.ListenerWD -- sendKeys -->
22:47:24.080 INFO  manager.ListenerWD -- sendKeys -->input
22:47:24.093 INFO  manager.ListenerWD -- sendKeys -->
22:47:24.095 INFO  manager.ListenerWD -- sendKeys -->input
22:47:24.108 INFO  manager.ListenerWD -- sendKeys -->
22:47:24.110 INFO  manager.ListenerWD -- sendKeys -->input
22:47:24.121 INFO  manager.ListenerWD -- Before find element-->By.cssSelector: [placeholder = 'description']
22:47:24.127 INFO  manager.ListenerWD -- After find element-->By.cssSelector: [placeholder = 'description']
22:47:24.129 INFO  manager.ListenerWD -- Location of element-->input
22:47:24.135 INFO  manager.ListenerWD -- Before click element-->inputtext -->
22:47:24.158 INFO  manager.ListenerWD -- After click element-->input
22:47:24.175 INFO  manager.ListenerWD -- sendKeys -->
22:47:24.177 INFO  manager.ListenerWD -- sendKeys -->input
22:47:24.193 INFO  manager.ListenerWD -- sendKeys -->
22:47:24.195 INFO  manager.ListenerWD -- sendKeys -->input
22:47:24.209 INFO  manager.ListenerWD -- sendKeys -->
22:47:24.212 INFO  manager.ListenerWD -- sendKeys -->input
22:47:24.224 INFO  manager.ListenerWD -- Before find element-->By.cssSelector: .add_form__2rsm2>button
22:47:24.231 INFO  manager.ListenerWD -- After find element-->By.cssSelector: .add_form__2rsm2>button
22:47:24.234 INFO  manager.ListenerWD -- Location of element-->button
22:47:24.240 INFO  manager.ListenerWD -- Before click element-->buttontext -->Save
22:47:24.268 INFO  manager.ListenerWD -- After click element-->button
22:47:24.804 INFO  manager.HelperBase -- Number of Contacts before remove is-->3
22:47:24.804 INFO  manager.ListenerWD -- Before find element-->By.cssSelector: .contact-item_card__2SOIM
22:47:24.811 INFO  manager.ListenerWD -- After find element-->By.cssSelector: .contact-item_card__2SOIM
22:47:24.816 INFO  manager.ListenerWD -- Location of element-->div
22:47:24.822 INFO  manager.ListenerWD -- Before click element-->divtext -->Harry
555667771640
22:47:24.846 INFO  manager.ListenerWD -- After click element-->div
22:47:24.846 INFO  manager.ListenerWD -- Before find element-->By.xpath: //button[text()='Remove']
22:47:24.854 INFO  manager.ListenerWD -- After find element-->By.xpath: //button[text()='Remove']
22:47:24.856 INFO  manager.ListenerWD -- Location of element-->button
22:47:24.862 INFO  manager.ListenerWD -- Before click element-->buttontext -->Remove
22:47:24.882 INFO  manager.ListenerWD -- After click element-->button
22:47:25.901 INFO  manager.HelperBase -- Number of Contacts after remove is-->2
22:47:25.902 INFO  tests.TestBase -- ==============================================
