08:34:57.699 INFO  manager.ApplicationManager -- All tests runs in Chrome Browser
08:34:57.967 INFO  manager.ListenerWD -- Navigate to -->https://telranedu.web.app/
08:34:58.823 INFO  manager.ApplicationManager -- The link --->https://telranedu.web.app/home
08:34:58.836 INFO  manager.TestNGListener -- Start testing  on date-->Thu Jun 04 08:34:58 IDT 2026
08:34:58.844 INFO  tests.TestBase -- test data---> email: lolik@gmail.com & password: Lolik123!
08:35:03.909 INFO  manager.ListenerWD -- Before find element-->By.cssSelector: a[href='/login']
08:35:03.935 INFO  manager.ListenerWD -- After find element-->By.cssSelector: a[href='/login']
08:35:03.986 INFO  manager.ListenerWD -- Location of element-->a
08:35:03.999 INFO  manager.ListenerWD -- Before click element-->atext -->LOGIN
08:35:04.038 INFO  manager.ListenerWD -- After click element-->a
08:35:04.038 INFO  manager.HelperBase -- Open form by ckick on button with locator a[href='/login']
08:35:04.038 INFO  manager.ListenerWD -- Before find element-->By.name: email
08:35:04.052 INFO  manager.ListenerWD -- After find element-->By.name: email
08:35:04.057 INFO  manager.ListenerWD -- Location of element-->input
08:35:04.064 INFO  manager.ListenerWD -- Before click element-->inputtext -->
08:35:04.098 INFO  manager.ListenerWD -- After click element-->input
08:35:04.118 INFO  manager.ListenerWD -- sendKeys -->
08:35:04.121 INFO  manager.ListenerWD -- sendKeys -->input
08:35:04.141 INFO  manager.ListenerWD -- sendKeys -->
08:35:04.145 INFO  manager.ListenerWD -- sendKeys -->input
08:35:04.164 INFO  manager.ListenerWD -- sendKeys -->
08:35:04.167 INFO  manager.ListenerWD -- sendKeys -->input
08:35:04.182 INFO  manager.ListenerWD -- Before find element-->By.xpath: //input[@placeholder='Password']
08:35:04.193 INFO  manager.ListenerWD -- After find element-->By.xpath: //input[@placeholder='Password']
08:35:04.196 INFO  manager.ListenerWD -- Location of element-->input
08:35:04.202 INFO  manager.ListenerWD -- Before click element-->inputtext -->
08:35:04.229 INFO  manager.ListenerWD -- After click element-->input
08:35:04.245 INFO  manager.ListenerWD -- sendKeys -->
08:35:04.248 INFO  manager.ListenerWD -- sendKeys -->input
08:35:04.261 INFO  manager.ListenerWD -- sendKeys -->
08:35:04.263 INFO  manager.ListenerWD -- sendKeys -->input
08:35:04.277 INFO  manager.ListenerWD -- sendKeys -->
08:35:04.280 INFO  manager.ListenerWD -- sendKeys -->input
08:35:04.294 INFO  manager.ListenerWD -- Before find element-->By.xpath: //button[text()='Login']
08:35:04.304 INFO  manager.ListenerWD -- After find element-->By.xpath: //button[text()='Login']
08:35:04.307 INFO  manager.ListenerWD -- Location of element-->button
08:35:04.313 INFO  manager.ListenerWD -- Before click element-->buttontext -->Login
08:35:04.348 INFO  tests.TestBase -- User logged in successfully
08:35:04.354 INFO  tests.TestBase -- Name of method (test)-->addNewContactEmptyAddress
08:35:04.354 INFO  manager.TestNGListener -- Start test -->addNewContactEmptyAddress
08:35:04.355 INFO  tests.TestBase -- Test data --> name: Tony, lastName:Molly, phone: 343434342323, email: molly@gmail.com, address: , description: empty address
08:35:04.355 INFO  manager.ListenerWD -- Before find element-->By.cssSelector: a[href='/add']
08:35:05.760 INFO  manager.ListenerWD -- After find element-->By.cssSelector: a[href='/add']
08:35:05.764 INFO  manager.ListenerWD -- Location of element-->a
08:35:05.773 INFO  manager.ListenerWD -- Before click element-->atext -->ADD
08:35:05.807 INFO  manager.ListenerWD -- After click element-->a
08:35:05.808 INFO  manager.ListenerWD -- Before find element-->By.cssSelector: [placeholder='Name']
08:35:05.818 INFO  manager.ListenerWD -- After find element-->By.cssSelector: [placeholder='Name']
08:35:05.821 INFO  manager.ListenerWD -- Location of element-->input
08:35:05.827 INFO  manager.ListenerWD -- Before click element-->inputtext -->
08:35:05.855 INFO  manager.ListenerWD -- After click element-->input
08:35:05.869 INFO  manager.ListenerWD -- sendKeys -->
08:35:05.872 INFO  manager.ListenerWD -- sendKeys -->input
08:35:05.886 INFO  manager.ListenerWD -- sendKeys -->
08:35:05.888 INFO  manager.ListenerWD -- sendKeys -->input
08:35:05.903 INFO  manager.ListenerWD -- sendKeys -->
08:35:05.905 INFO  manager.ListenerWD -- sendKeys -->input
08:35:05.916 INFO  manager.ListenerWD -- Before find element-->By.cssSelector: [placeholder='Last Name']
08:35:05.926 INFO  manager.ListenerWD -- After find element-->By.cssSelector: [placeholder='Last Name']
08:35:05.929 INFO  manager.ListenerWD -- Location of element-->input
08:35:05.939 INFO  manager.ListenerWD -- Before click element-->inputtext -->
08:35:05.967 INFO  manager.ListenerWD -- After click element-->input
08:35:05.981 INFO  manager.ListenerWD -- sendKeys -->
08:35:05.983 INFO  manager.ListenerWD -- sendKeys -->input
08:35:05.998 INFO  manager.ListenerWD -- sendKeys -->
08:35:06.001 INFO  manager.ListenerWD -- sendKeys -->input
08:35:06.014 INFO  manager.ListenerWD -- sendKeys -->
08:35:06.017 INFO  manager.ListenerWD -- sendKeys -->input
08:35:06.029 INFO  manager.ListenerWD -- Before find element-->By.cssSelector: [placeholder='Phone']
08:35:06.038 INFO  manager.ListenerWD -- After find element-->By.cssSelector: [placeholder='Phone']
08:35:06.042 INFO  manager.ListenerWD -- Location of element-->input
08:35:06.048 INFO  manager.ListenerWD -- Before click element-->inputtext -->
08:35:06.073 INFO  manager.ListenerWD -- After click element-->input
08:35:06.086 INFO  manager.ListenerWD -- sendKeys -->
08:35:06.089 INFO  manager.ListenerWD -- sendKeys -->input
08:35:06.103 INFO  manager.ListenerWD -- sendKeys -->
08:35:06.105 INFO  manager.ListenerWD -- sendKeys -->input
08:35:06.119 INFO  manager.ListenerWD -- sendKeys -->
08:35:06.121 INFO  manager.ListenerWD -- sendKeys -->input
08:35:06.134 INFO  manager.ListenerWD -- Before find element-->By.cssSelector: [placeholder='email']
08:35:06.144 INFO  manager.ListenerWD -- After find element-->By.cssSelector: [placeholder='email']
08:35:06.147 INFO  manager.ListenerWD -- Location of element-->input
08:35:06.154 INFO  manager.ListenerWD -- Before click element-->inputtext -->
08:35:06.178 INFO  manager.ListenerWD -- After click element-->input
08:35:06.192 INFO  manager.ListenerWD -- sendKeys -->
08:35:06.194 INFO  manager.ListenerWD -- sendKeys -->input
08:35:06.207 INFO  manager.ListenerWD -- sendKeys -->
08:35:06.210 INFO  manager.ListenerWD -- sendKeys -->input
08:35:06.224 INFO  manager.ListenerWD -- sendKeys -->
08:35:06.226 INFO  manager.ListenerWD -- sendKeys -->input
08:35:06.238 INFO  manager.ListenerWD -- Before find element-->By.cssSelector: [placeholder='Address']
08:35:06.248 INFO  manager.ListenerWD -- After find element-->By.cssSelector: [placeholder='Address']
08:35:06.251 INFO  manager.ListenerWD -- Location of element-->input
08:35:06.257 INFO  manager.ListenerWD -- Before click element-->inputtext -->
08:35:06.283 INFO  manager.ListenerWD -- After click element-->input
08:35:06.298 INFO  manager.ListenerWD -- sendKeys -->
08:35:06.300 INFO  manager.ListenerWD -- sendKeys -->input
08:35:06.313 INFO  manager.ListenerWD -- sendKeys -->
08:35:06.315 INFO  manager.ListenerWD -- sendKeys -->input
08:35:06.329 INFO  manager.ListenerWD -- sendKeys -->
08:35:06.332 INFO  manager.ListenerWD -- sendKeys -->input
08:35:06.341 INFO  manager.ListenerWD -- Before find element-->By.cssSelector: [placeholder = 'description']
08:35:06.351 INFO  manager.ListenerWD -- After find element-->By.cssSelector: [placeholder = 'description']
08:35:06.354 INFO  manager.ListenerWD -- Location of element-->input
08:35:06.359 INFO  manager.ListenerWD -- Before click element-->inputtext -->
08:35:06.384 INFO  manager.ListenerWD -- After click element-->input
08:35:06.398 INFO  manager.ListenerWD -- sendKeys -->
08:35:06.400 INFO  manager.ListenerWD -- sendKeys -->input
08:35:06.415 INFO  manager.ListenerWD -- sendKeys -->
08:35:06.417 INFO  manager.ListenerWD -- sendKeys -->input
08:35:06.431 INFO  manager.ListenerWD -- sendKeys -->
08:35:06.433 INFO  manager.ListenerWD -- sendKeys -->input
08:35:06.445 INFO  manager.ListenerWD -- Before find element-->By.cssSelector: .add_form__2rsm2>button
08:35:06.453 INFO  manager.ListenerWD -- After find element-->By.cssSelector: .add_form__2rsm2>button
08:35:06.456 INFO  manager.ListenerWD -- Location of element-->button
08:35:06.461 INFO  manager.ListenerWD -- Before click element-->buttontext -->Save
08:35:06.483 INFO  manager.ListenerWD -- After click element-->button
08:35:06.493 INFO  tests.TestBase -- Assert check Add button is active
08:35:06.494 INFO  manager.TestNGListener -- Success test -->addNewContactEmptyAddress
08:35:06.494 INFO  tests.TestBase -- ==============================================
08:35:06.496 INFO  tests.TestBase -- Name of method (test)-->addNewContactEmptyLastName
08:35:06.496 INFO  manager.TestNGListener -- Start test -->addNewContactEmptyLastName
08:35:06.496 INFO  tests.TestBase -- Test data --> name: Tony , lastName:, phone: 343434342323,email: molly@gmail.com, address: Haifa, description: empty last name
08:35:06.496 INFO  manager.ListenerWD -- Before find element-->By.cssSelector: a[href='/add']
08:35:06.503 INFO  manager.ListenerWD -- After find element-->By.cssSelector: a[href='/add']
08:35:06.506 INFO  manager.ListenerWD -- Location of element-->a
08:35:06.511 INFO  manager.ListenerWD -- Before click element-->atext -->ADD
08:35:06.536 INFO  manager.ListenerWD -- After click element-->a
08:35:06.536 INFO  manager.ListenerWD -- Before find element-->By.cssSelector: [placeholder='Name']
08:35:06.544 INFO  manager.ListenerWD -- After find element-->By.cssSelector: [placeholder='Name']
08:35:06.547 INFO  manager.ListenerWD -- Location of element-->input
08:35:06.552 INFO  manager.ListenerWD -- Before click element-->inputtext -->
08:35:06.576 INFO  manager.ListenerWD -- After click element-->input
08:35:06.598 INFO  manager.ListenerWD -- sendKeys -->
08:35:06.600 INFO  manager.ListenerWD -- sendKeys -->input
08:35:06.622 INFO  manager.ListenerWD -- sendKeys -->
08:35:06.625 INFO  manager.ListenerWD -- sendKeys -->input
08:35:06.640 INFO  manager.ListenerWD -- sendKeys -->
08:35:06.642 INFO  manager.ListenerWD -- sendKeys -->input
08:35:06.653 INFO  manager.ListenerWD -- Before find element-->By.cssSelector: [placeholder='Last Name']
08:35:06.659 INFO  manager.ListenerWD -- After find element-->By.cssSelector: [placeholder='Last Name']
08:35:06.662 INFO  manager.ListenerWD -- Location of element-->input
08:35:06.668 INFO  manager.ListenerWD -- Before click element-->inputtext -->
08:35:06.697 INFO  manager.ListenerWD -- After click element-->input
08:35:06.713 INFO  manager.ListenerWD -- sendKeys -->
08:35:06.715 INFO  manager.ListenerWD -- sendKeys -->input
08:35:06.735 INFO  manager.ListenerWD -- sendKeys -->
08:35:06.738 INFO  manager.ListenerWD -- sendKeys -->input
08:35:06.751 INFO  manager.ListenerWD -- sendKeys -->
08:35:06.753 INFO  manager.ListenerWD -- sendKeys -->input
08:35:06.762 INFO  manager.ListenerWD -- Before find element-->By.cssSelector: [placeholder='Phone']
08:35:06.768 INFO  manager.ListenerWD -- After find element-->By.cssSelector: [placeholder='Phone']
08:35:06.771 INFO  manager.ListenerWD -- Location of element-->input
08:35:06.777 INFO  manager.ListenerWD -- Before click element-->inputtext -->
08:35:06.801 INFO  manager.ListenerWD -- After click element-->input
08:35:06.817 INFO  manager.ListenerWD -- sendKeys -->
08:35:06.820 INFO  manager.ListenerWD -- sendKeys -->input
08:35:06.841 INFO  manager.ListenerWD -- sendKeys -->
08:35:06.843 INFO  manager.ListenerWD -- sendKeys -->input
08:35:06.856 INFO  manager.ListenerWD -- sendKeys -->
08:35:06.859 INFO  manager.ListenerWD -- sendKeys -->input
08:35:06.871 INFO  manager.ListenerWD -- Before find element-->By.cssSelector: [placeholder='email']
08:35:06.878 INFO  manager.ListenerWD -- After find element-->By.cssSelector: [placeholder='email']
08:35:06.881 INFO  manager.ListenerWD -- Location of element-->input
08:35:06.888 INFO  manager.ListenerWD -- Before click element-->inputtext -->
08:35:06.912 INFO  manager.ListenerWD -- After click element-->input
08:35:06.925 INFO  manager.ListenerWD -- sendKeys -->
08:35:06.927 INFO  manager.ListenerWD -- sendKeys -->input
08:35:06.947 INFO  manager.ListenerWD -- sendKeys -->
08:35:06.949 INFO  manager.ListenerWD -- sendKeys -->input
08:35:06.963 INFO  manager.ListenerWD -- sendKeys -->
08:35:06.965 INFO  manager.ListenerWD -- sendKeys -->input
08:35:06.977 INFO  manager.ListenerWD -- Before find element-->By.cssSelector: [placeholder='Address']
08:35:06.983 INFO  manager.ListenerWD -- After find element-->By.cssSelector: [placeholder='Address']
08:35:06.985 INFO  manager.ListenerWD -- Location of element-->input
08:35:06.990 INFO  manager.ListenerWD -- Before click element-->inputtext -->
08:35:07.011 INFO  manager.ListenerWD -- After click element-->input
08:35:07.024 INFO  manager.ListenerWD -- sendKeys -->
08:35:07.026 INFO  manager.ListenerWD -- sendKeys -->input
08:35:07.039 INFO  manager.ListenerWD -- sendKeys -->
08:35:07.042 INFO  manager.ListenerWD -- sendKeys -->input
08:35:07.055 INFO  manager.ListenerWD -- sendKeys -->
08:35:07.058 INFO  manager.ListenerWD -- sendKeys -->input
08:35:07.069 INFO  manager.ListenerWD -- Before find element-->By.cssSelector: [placeholder = 'description']
08:35:07.074 INFO  manager.ListenerWD -- After find element-->By.cssSelector: [placeholder = 'description']
08:35:07.077 INFO  manager.ListenerWD -- Location of element-->input
08:35:07.083 INFO  manager.ListenerWD -- Before click element-->inputtext -->
08:35:07.106 INFO  manager.ListenerWD -- After click element-->input
08:35:07.122 INFO  manager.ListenerWD -- sendKeys -->
08:35:07.125 INFO  manager.ListenerWD -- sendKeys -->input
08:35:07.147 INFO  manager.ListenerWD -- sendKeys -->
08:35:07.150 INFO  manager.ListenerWD -- sendKeys -->input
08:35:07.166 INFO  manager.ListenerWD -- sendKeys -->
08:35:07.168 INFO  manager.ListenerWD -- sendKeys -->input
08:35:07.181 INFO  manager.ListenerWD -- Before find element-->By.cssSelector: .add_form__2rsm2>button
08:35:07.187 INFO  manager.ListenerWD -- After find element-->By.cssSelector: .add_form__2rsm2>button
08:35:07.189 INFO  manager.ListenerWD -- Location of element-->button
08:35:07.194 INFO  manager.ListenerWD -- Before click element-->buttontext -->Save
08:35:07.214 INFO  manager.ListenerWD -- After click element-->button
08:35:07.220 INFO  tests.TestBase -- Assert check Add button is active
08:35:07.220 INFO  manager.TestNGListener -- Success test -->addNewContactEmptyLastName
08:35:07.221 INFO  tests.TestBase -- ==============================================
08:35:07.221 INFO  tests.TestBase -- Name of method (test)-->addNewContactEmptyName
08:35:07.221 INFO  manager.TestNGListener -- Start test -->addNewContactEmptyName
08:35:07.221 INFO  tests.TestBase -- Test data --> name: , lastName:Molly, phone: 343434342323,email: molly@gmail.com, address: Haifa, description: empty name
08:35:07.221 INFO  manager.ListenerWD -- Before find element-->By.cssSelector: a[href='/add']
08:35:07.228 INFO  manager.ListenerWD -- After find element-->By.cssSelector: a[href='/add']
08:35:07.232 INFO  manager.ListenerWD -- Location of element-->a
08:35:07.239 INFO  manager.ListenerWD -- Before click element-->atext -->ADD
08:35:07.264 INFO  manager.ListenerWD -- After click element-->a
08:35:07.264 INFO  manager.ListenerWD -- Before find element-->By.cssSelector: [placeholder='Name']
08:35:07.270 INFO  manager.ListenerWD -- After find element-->By.cssSelector: [placeholder='Name']
08:35:07.273 INFO  manager.ListenerWD -- Location of element-->input
08:35:07.279 INFO  manager.ListenerWD -- Before click element-->inputtext -->
08:35:07.304 INFO  manager.ListenerWD -- After click element-->input
08:35:07.318 INFO  manager.ListenerWD -- sendKeys -->
08:35:07.321 INFO  manager.ListenerWD -- sendKeys -->input
08:35:07.342 INFO  manager.ListenerWD -- sendKeys -->
08:35:07.344 INFO  manager.ListenerWD -- sendKeys -->input
08:35:07.359 INFO  manager.ListenerWD -- sendKeys -->
08:35:07.361 INFO  manager.ListenerWD -- sendKeys -->input
08:35:07.370 INFO  manager.ListenerWD -- Before find element-->By.cssSelector: [placeholder='Last Name']
08:35:07.377 INFO  manager.ListenerWD -- After find element-->By.cssSelector: [placeholder='Last Name']
08:35:07.379 INFO  manager.ListenerWD -- Location of element-->input
08:35:07.384 INFO  manager.ListenerWD -- Before click element-->inputtext -->
08:35:07.413 INFO  manager.ListenerWD -- After click element-->input
08:35:07.431 INFO  manager.ListenerWD -- sendKeys -->
08:35:07.433 INFO  manager.ListenerWD -- sendKeys -->input
08:35:07.449 INFO  manager.ListenerWD -- sendKeys -->
08:35:07.452 INFO  manager.ListenerWD -- sendKeys -->input
08:35:07.468 INFO  manager.ListenerWD -- sendKeys -->
08:35:07.470 INFO  manager.ListenerWD -- sendKeys -->input
08:35:07.484 INFO  manager.ListenerWD -- Before find element-->By.cssSelector: [placeholder='Phone']
08:35:07.493 INFO  manager.ListenerWD -- After find element-->By.cssSelector: [placeholder='Phone']
08:35:07.496 INFO  manager.ListenerWD -- Location of element-->input
08:35:07.504 INFO  manager.ListenerWD -- Before click element-->inputtext -->
08:35:07.533 INFO  manager.ListenerWD -- After click element-->input
08:35:07.549 INFO  manager.ListenerWD -- sendKeys -->
08:35:07.552 INFO  manager.ListenerWD -- sendKeys -->input
08:35:07.578 INFO  manager.ListenerWD -- sendKeys -->
08:35:07.581 INFO  manager.ListenerWD -- sendKeys -->input
08:35:07.598 INFO  manager.ListenerWD -- sendKeys -->
08:35:07.600 INFO  manager.ListenerWD -- sendKeys -->input
08:35:07.617 INFO  manager.ListenerWD -- Before find element-->By.cssSelector: [placeholder='email']
08:35:07.627 INFO  manager.ListenerWD -- After find element-->By.cssSelector: [placeholder='email']
08:35:07.630 INFO  manager.ListenerWD -- Location of element-->input
08:35:07.636 INFO  manager.ListenerWD -- Before click element-->inputtext -->
08:35:07.666 INFO  manager.ListenerWD -- After click element-->input
08:35:07.683 INFO  manager.ListenerWD -- sendKeys -->
08:35:07.685 INFO  manager.ListenerWD -- sendKeys -->input
08:35:07.710 INFO  manager.ListenerWD -- sendKeys -->
08:35:07.713 INFO  manager.ListenerWD -- sendKeys -->input
08:35:07.732 INFO  manager.ListenerWD -- sendKeys -->
08:35:07.734 INFO  manager.ListenerWD -- sendKeys -->input
08:35:07.750 INFO  manager.ListenerWD -- Before find element-->By.cssSelector: [placeholder='Address']
08:35:07.758 INFO  manager.ListenerWD -- After find element-->By.cssSelector: [placeholder='Address']
08:35:07.760 INFO  manager.ListenerWD -- Location of element-->input
08:35:07.767 INFO  manager.ListenerWD -- Before click element-->inputtext -->
08:35:07.793 INFO  manager.ListenerWD -- After click element-->input
08:35:07.809 INFO  manager.ListenerWD -- sendKeys -->
08:35:07.812 INFO  manager.ListenerWD -- sendKeys -->input
08:35:07.835 INFO  manager.ListenerWD -- sendKeys -->
08:35:07.838 INFO  manager.ListenerWD -- sendKeys -->input
08:35:07.856 INFO  manager.ListenerWD -- sendKeys -->
08:35:07.860 INFO  manager.ListenerWD -- sendKeys -->input
08:35:07.873 INFO  manager.ListenerWD -- Before find element-->By.cssSelector: [placeholder = 'description']
08:35:07.882 INFO  manager.ListenerWD -- After find element-->By.cssSelector: [placeholder = 'description']
08:35:07.884 INFO  manager.ListenerWD -- Location of element-->input
08:35:07.890 INFO  manager.ListenerWD -- Before click element-->inputtext -->
08:35:07.917 INFO  manager.ListenerWD -- After click element-->input
08:35:07.934 INFO  manager.ListenerWD -- sendKeys -->
08:35:07.937 INFO  manager.ListenerWD -- sendKeys -->input
08:35:07.961 INFO  manager.ListenerWD -- sendKeys -->
08:35:07.963 INFO  manager.ListenerWD -- sendKeys -->input
08:35:07.981 INFO  manager.ListenerWD -- sendKeys -->
08:35:07.984 INFO  manager.ListenerWD -- sendKeys -->input
08:35:07.996 INFO  manager.ListenerWD -- Before find element-->By.cssSelector: .add_form__2rsm2>button
08:35:08.006 INFO  manager.ListenerWD -- After find element-->By.cssSelector: .add_form__2rsm2>button
08:35:08.009 INFO  manager.ListenerWD -- Location of element-->button
08:35:08.016 INFO  manager.ListenerWD -- Before click element-->buttontext -->Save
08:35:08.041 INFO  manager.ListenerWD -- After click element-->button
08:35:08.052 INFO  tests.TestBase -- Assert check Add button is active
08:35:08.052 INFO  manager.TestNGListener -- Success test -->addNewContactEmptyName
08:35:08.052 INFO  tests.TestBase -- ==============================================
08:35:08.059 INFO  tests.TestBase -- Name of method (test)-->addNewContactSuccessAllFields
08:35:08.059 INFO  manager.TestNGListener -- Start test -->addNewContactSuccessAllFields
08:35:08.064 INFO  manager.ListenerWD -- Before find element-->By.cssSelector: a[href='/add']
08:35:08.076 INFO  manager.ListenerWD -- After find element-->By.cssSelector: a[href='/add']
08:35:08.081 INFO  manager.ListenerWD -- Location of element-->a
08:35:08.089 INFO  manager.ListenerWD -- Before click element-->atext -->ADD
08:35:08.117 INFO  manager.ListenerWD -- After click element-->a
08:35:08.117 INFO  manager.ListenerWD -- Before find element-->By.cssSelector: [placeholder='Name']
08:35:08.128 INFO  manager.ListenerWD -- After find element-->By.cssSelector: [placeholder='Name']
08:35:08.131 INFO  manager.ListenerWD -- Location of element-->input
08:35:08.137 INFO  manager.ListenerWD -- Before click element-->inputtext -->
08:35:08.164 INFO  manager.ListenerWD -- After click element-->input
08:35:08.181 INFO  manager.ListenerWD -- sendKeys -->
08:35:08.183 INFO  manager.ListenerWD -- sendKeys -->input
08:35:08.200 INFO  manager.ListenerWD -- sendKeys -->
08:35:08.202 INFO  manager.ListenerWD -- sendKeys -->input
08:35:08.219 INFO  manager.ListenerWD -- sendKeys -->
08:35:08.221 INFO  manager.ListenerWD -- sendKeys -->input
08:35:08.234 INFO  manager.ListenerWD -- Before find element-->By.cssSelector: [placeholder='Last Name']
08:35:08.242 INFO  manager.ListenerWD -- After find element-->By.cssSelector: [placeholder='Last Name']
08:35:08.245 INFO  manager.ListenerWD -- Location of element-->input
08:35:08.251 INFO  manager.ListenerWD -- Before click element-->inputtext -->
08:35:08.279 INFO  manager.ListenerWD -- After click element-->input
08:35:08.297 INFO  manager.ListenerWD -- sendKeys -->
08:35:08.300 INFO  manager.ListenerWD -- sendKeys -->input
08:35:08.325 INFO  manager.ListenerWD -- sendKeys -->
08:35:08.327 INFO  manager.ListenerWD -- sendKeys -->input
08:35:08.343 INFO  manager.ListenerWD -- sendKeys -->
08:35:08.345 INFO  manager.ListenerWD -- sendKeys -->input
08:35:08.357 INFO  manager.ListenerWD -- Before find element-->By.cssSelector: [placeholder='Phone']
08:35:08.365 INFO  manager.ListenerWD -- After find element-->By.cssSelector: [placeholder='Phone']
08:35:08.368 INFO  manager.ListenerWD -- Location of element-->input
08:35:08.374 INFO  manager.ListenerWD -- Before click element-->inputtext -->
08:35:08.400 INFO  manager.ListenerWD -- After click element-->input
08:35:08.416 INFO  manager.ListenerWD -- sendKeys -->
08:35:08.418 INFO  manager.ListenerWD -- sendKeys -->input
08:35:08.443 INFO  manager.ListenerWD -- sendKeys -->
08:35:08.445 INFO  manager.ListenerWD -- sendKeys -->input
08:35:08.461 INFO  manager.ListenerWD -- sendKeys -->
08:35:08.464 INFO  manager.ListenerWD -- sendKeys -->input
08:35:08.477 INFO  manager.ListenerWD -- Before find element-->By.cssSelector: [placeholder='email']
08:35:08.485 INFO  manager.ListenerWD -- After find element-->By.cssSelector: [placeholder='email']
08:35:08.488 INFO  manager.ListenerWD -- Location of element-->input
08:35:08.493 INFO  manager.ListenerWD -- Before click element-->inputtext -->
08:35:08.520 INFO  manager.ListenerWD -- After click element-->input
08:35:08.536 INFO  manager.ListenerWD -- sendKeys -->
08:35:08.538 INFO  manager.ListenerWD -- sendKeys -->input
08:35:08.563 INFO  manager.ListenerWD -- sendKeys -->
08:35:08.565 INFO  manager.ListenerWD -- sendKeys -->input
08:35:08.579 INFO  manager.ListenerWD -- sendKeys -->
08:35:08.582 INFO  manager.ListenerWD -- sendKeys -->input
08:35:08.595 INFO  manager.ListenerWD -- Before find element-->By.cssSelector: [placeholder='Address']
08:35:08.604 INFO  manager.ListenerWD -- After find element-->By.cssSelector: [placeholder='Address']
08:35:08.606 INFO  manager.ListenerWD -- Location of element-->input
08:35:08.614 INFO  manager.ListenerWD -- Before click element-->inputtext -->
08:35:08.643 INFO  manager.ListenerWD -- After click element-->input
08:35:08.659 INFO  manager.ListenerWD -- sendKeys -->
08:35:08.662 INFO  manager.ListenerWD -- sendKeys -->input
08:35:08.685 INFO  manager.ListenerWD -- sendKeys -->
08:35:08.688 INFO  manager.ListenerWD -- sendKeys -->input
08:35:08.705 INFO  manager.ListenerWD -- sendKeys -->
08:35:08.708 INFO  manager.ListenerWD -- sendKeys -->input
08:35:08.720 INFO  manager.ListenerWD -- Before find element-->By.cssSelector: [placeholder = 'description']
08:35:08.729 INFO  manager.ListenerWD -- After find element-->By.cssSelector: [placeholder = 'description']
08:35:08.731 INFO  manager.ListenerWD -- Location of element-->input
08:35:08.739 INFO  manager.ListenerWD -- Before click element-->inputtext -->
08:35:08.766 INFO  manager.ListenerWD -- After click element-->input
08:35:08.784 INFO  manager.ListenerWD -- sendKeys -->
08:35:08.787 INFO  manager.ListenerWD -- sendKeys -->input
08:35:08.810 INFO  manager.ListenerWD -- sendKeys -->
08:35:08.812 INFO  manager.ListenerWD -- sendKeys -->input
08:35:08.828 INFO  manager.ListenerWD -- sendKeys -->
08:35:08.831 INFO  manager.ListenerWD -- sendKeys -->input
08:35:09.069 INFO  manager.ListenerWD -- Before find element-->By.cssSelector: .add_form__2rsm2>button
08:35:09.080 INFO  manager.ListenerWD -- After find element-->By.cssSelector: .add_form__2rsm2>button
08:35:09.085 INFO  manager.ListenerWD -- Location of element-->button
08:35:09.093 INFO  manager.ListenerWD -- Before click element-->buttontext -->Save
08:35:09.120 INFO  manager.ListenerWD -- After click element-->button
08:35:09.632 INFO  tests.TestBase -- Assert check is add contact by name
08:35:09.713 INFO  tests.TestBase -- Assert check is add contact by phone
08:35:09.713 INFO  manager.TestNGListener -- Success test -->addNewContactSuccessAllFields
08:35:09.713 INFO  tests.TestBase -- ==============================================
08:35:09.714 INFO  tests.TestBase -- Name of method (test)-->addNewContactSuccessAllFields
08:35:09.714 INFO  manager.TestNGListener -- Start test -->addNewContactSuccessAllFields
08:35:09.714 INFO  manager.ListenerWD -- Before find element-->By.cssSelector: a[href='/add']
08:35:09.722 INFO  manager.ListenerWD -- After find element-->By.cssSelector: a[href='/add']
08:35:09.725 INFO  manager.ListenerWD -- Location of element-->a
08:35:09.732 INFO  manager.ListenerWD -- Before click element-->atext -->ADD
08:35:09.764 INFO  manager.ListenerWD -- After click element-->a
08:35:09.764 INFO  manager.ListenerWD -- Before find element-->By.cssSelector: [placeholder='Name']
08:35:09.774 INFO  manager.ListenerWD -- After find element-->By.cssSelector: [placeholder='Name']
08:35:09.777 INFO  manager.ListenerWD -- Location of element-->input
08:35:09.783 INFO  manager.ListenerWD -- Before click element-->inputtext -->
08:35:09.811 INFO  manager.ListenerWD -- After click element-->input
08:35:09.826 INFO  manager.ListenerWD -- sendKeys -->
08:35:09.829 INFO  manager.ListenerWD -- sendKeys -->input
08:35:09.846 INFO  manager.ListenerWD -- sendKeys -->
08:35:09.849 INFO  manager.ListenerWD -- sendKeys -->input
08:35:09.865 INFO  manager.ListenerWD -- sendKeys -->
08:35:09.868 INFO  manager.ListenerWD -- sendKeys -->input
08:35:09.881 INFO  manager.ListenerWD -- Before find element-->By.cssSelector: [placeholder='Last Name']
08:35:09.890 INFO  manager.ListenerWD -- After find element-->By.cssSelector: [placeholder='Last Name']
08:35:09.893 INFO  manager.ListenerWD -- Location of element-->input
08:35:09.899 INFO  manager.ListenerWD -- Before click element-->inputtext -->
08:35:09.927 INFO  manager.ListenerWD -- After click element-->input
08:35:09.943 INFO  manager.ListenerWD -- sendKeys -->
08:35:09.946 INFO  manager.ListenerWD -- sendKeys -->input
08:35:09.963 INFO  manager.ListenerWD -- sendKeys -->
08:35:09.966 INFO  manager.ListenerWD -- sendKeys -->input
08:35:09.983 INFO  manager.ListenerWD -- sendKeys -->
08:35:09.987 INFO  manager.ListenerWD -- sendKeys -->input
08:35:10.001 INFO  manager.ListenerWD -- Before find element-->By.cssSelector: [placeholder='Phone']
08:35:10.009 INFO  manager.ListenerWD -- After find element-->By.cssSelector: [placeholder='Phone']
08:35:10.012 INFO  manager.ListenerWD -- Location of element-->input
08:35:10.018 INFO  manager.ListenerWD -- Before click element-->inputtext -->
08:35:10.047 INFO  manager.ListenerWD -- After click element-->input
08:35:10.065 INFO  manager.ListenerWD -- sendKeys -->
08:35:10.067 INFO  manager.ListenerWD -- sendKeys -->input
08:35:10.085 INFO  manager.ListenerWD -- sendKeys -->
08:35:10.087 INFO  manager.ListenerWD -- sendKeys -->input
08:35:10.104 INFO  manager.ListenerWD -- sendKeys -->
08:35:10.106 INFO  manager.ListenerWD -- sendKeys -->input
08:35:10.119 INFO  manager.ListenerWD -- Before find element-->By.cssSelector: [placeholder='email']
08:35:10.128 INFO  manager.ListenerWD -- After find element-->By.cssSelector: [placeholder='email']
08:35:10.131 INFO  manager.ListenerWD -- Location of element-->input
08:35:10.137 INFO  manager.ListenerWD -- Before click element-->inputtext -->
08:35:10.165 INFO  manager.ListenerWD -- After click element-->input
08:35:10.181 INFO  manager.ListenerWD -- sendKeys -->
08:35:10.183 INFO  manager.ListenerWD -- sendKeys -->input
08:35:10.199 INFO  manager.ListenerWD -- sendKeys -->
08:35:10.202 INFO  manager.ListenerWD -- sendKeys -->input
08:35:10.219 INFO  manager.ListenerWD -- sendKeys -->
08:35:10.222 INFO  manager.ListenerWD -- sendKeys -->input
08:35:10.239 INFO  manager.ListenerWD -- Before find element-->By.cssSelector: [placeholder='Address']
08:35:10.250 INFO  manager.ListenerWD -- After find element-->By.cssSelector: [placeholder='Address']
08:35:10.253 INFO  manager.ListenerWD -- Location of element-->input
08:35:10.260 INFO  manager.ListenerWD -- Before click element-->inputtext -->
08:35:10.288 INFO  manager.ListenerWD -- After click element-->input
08:35:10.303 INFO  manager.ListenerWD -- sendKeys -->
08:35:10.305 INFO  manager.ListenerWD -- sendKeys -->input
08:35:10.322 INFO  manager.ListenerWD -- sendKeys -->
08:35:10.325 INFO  manager.ListenerWD -- sendKeys -->input
08:35:10.340 INFO  manager.ListenerWD -- sendKeys -->
08:35:10.343 INFO  manager.ListenerWD -- sendKeys -->input
08:35:10.357 INFO  manager.ListenerWD -- Before find element-->By.cssSelector: [placeholder = 'description']
08:35:10.365 INFO  manager.ListenerWD -- After find element-->By.cssSelector: [placeholder = 'description']
08:35:10.368 INFO  manager.ListenerWD -- Location of element-->input
08:35:10.373 INFO  manager.ListenerWD -- Before click element-->inputtext -->
08:35:10.399 INFO  manager.ListenerWD -- After click element-->input
08:35:10.415 INFO  manager.ListenerWD -- sendKeys -->
08:35:10.417 INFO  manager.ListenerWD -- sendKeys -->input
08:35:10.434 INFO  manager.ListenerWD -- sendKeys -->
08:35:10.436 INFO  manager.ListenerWD -- sendKeys -->input
08:35:10.629 INFO  manager.ListenerWD -- Before find element-->By.cssSelector: .add_form__2rsm2>button
08:35:10.638 INFO  manager.ListenerWD -- After find element-->By.cssSelector: .add_form__2rsm2>button
08:35:10.641 INFO  manager.ListenerWD -- Location of element-->button
08:35:10.648 INFO  manager.ListenerWD -- Before click element-->buttontext -->Save
08:35:10.672 INFO  manager.ListenerWD -- After click element-->button
08:35:11.180 INFO  tests.TestBase -- Assert check is add contact by name
08:35:11.260 INFO  tests.TestBase -- Assert check is add contact by phone
08:35:11.261 INFO  manager.TestNGListener -- Success test -->addNewContactSuccessAllFields
08:35:11.261 INFO  tests.TestBase -- ==============================================
08:35:11.262 INFO  tests.TestBase -- Name of method (test)-->addNewContactSuccessAllFieldsCSV
08:35:11.263 INFO  manager.TestNGListener -- Start test -->addNewContactSuccessAllFieldsCSV
08:35:11.263 INFO  manager.ListenerWD -- Before find element-->By.cssSelector: a[href='/add']
08:35:11.272 INFO  manager.ListenerWD -- After find element-->By.cssSelector: a[href='/add']
08:35:11.276 INFO  manager.ListenerWD -- Location of element-->a
08:35:11.283 INFO  manager.ListenerWD -- Before click element-->atext -->ADD
08:35:11.313 INFO  manager.ListenerWD -- After click element-->a
08:35:11.313 INFO  manager.ListenerWD -- Before find element-->By.cssSelector: [placeholder='Name']
08:35:11.322 INFO  manager.ListenerWD -- After find element-->By.cssSelector: [placeholder='Name']
08:35:11.325 INFO  manager.ListenerWD -- Location of element-->input
08:35:11.332 INFO  manager.ListenerWD -- Before click element-->inputtext -->
08:35:11.360 INFO  manager.ListenerWD -- After click element-->input
08:35:11.376 INFO  manager.ListenerWD -- sendKeys -->
08:35:11.378 INFO  manager.ListenerWD -- sendKeys -->input
08:35:11.394 INFO  manager.ListenerWD -- sendKeys -->
08:35:11.397 INFO  manager.ListenerWD -- sendKeys -->input
08:35:11.414 INFO  manager.ListenerWD -- sendKeys -->
08:35:11.416 INFO  manager.ListenerWD -- sendKeys -->input
08:35:11.428 INFO  manager.ListenerWD -- Before find element-->By.cssSelector: [placeholder='Last Name']
08:35:11.436 INFO  manager.ListenerWD -- After find element-->By.cssSelector: [placeholder='Last Name']
08:35:11.439 INFO  manager.ListenerWD -- Location of element-->input
08:35:11.445 INFO  manager.ListenerWD -- Before click element-->inputtext -->
08:35:11.473 INFO  manager.ListenerWD -- After click element-->input
08:35:11.489 INFO  manager.ListenerWD -- sendKeys -->
08:35:11.491 INFO  manager.ListenerWD -- sendKeys -->input
08:35:11.508 INFO  manager.ListenerWD -- sendKeys -->
08:35:11.510 INFO  manager.ListenerWD -- sendKeys -->input
08:35:11.525 INFO  manager.ListenerWD -- sendKeys -->
08:35:11.527 INFO  manager.ListenerWD -- sendKeys -->input
08:35:11.539 INFO  manager.ListenerWD -- Before find element-->By.cssSelector: [placeholder='Phone']
08:35:11.547 INFO  manager.ListenerWD -- After find element-->By.cssSelector: [placeholder='Phone']
08:35:11.550 INFO  manager.ListenerWD -- Location of element-->input
08:35:11.555 INFO  manager.ListenerWD -- Before click element-->inputtext -->
08:35:11.583 INFO  manager.ListenerWD -- After click element-->input
08:35:11.598 INFO  manager.ListenerWD -- sendKeys -->
08:35:11.600 INFO  manager.ListenerWD -- sendKeys -->input
08:35:11.617 INFO  manager.ListenerWD -- sendKeys -->
08:35:11.619 INFO  manager.ListenerWD -- sendKeys -->input
08:35:11.635 INFO  manager.ListenerWD -- sendKeys -->
08:35:11.637 INFO  manager.ListenerWD -- sendKeys -->input
08:35:11.651 INFO  manager.ListenerWD -- Before find element-->By.cssSelector: [placeholder='email']
08:35:11.658 INFO  manager.ListenerWD -- After find element-->By.cssSelector: [placeholder='email']
08:35:11.661 INFO  manager.ListenerWD -- Location of element-->input
08:35:11.667 INFO  manager.ListenerWD -- Before click element-->inputtext -->
08:35:11.696 INFO  manager.ListenerWD -- After click element-->input
08:35:11.713 INFO  manager.ListenerWD -- sendKeys -->
08:35:11.715 INFO  manager.ListenerWD -- sendKeys -->input
08:35:11.731 INFO  manager.ListenerWD -- sendKeys -->
08:35:11.734 INFO  manager.ListenerWD -- sendKeys -->input
08:35:11.750 INFO  manager.ListenerWD -- sendKeys -->
08:35:11.752 INFO  manager.ListenerWD -- sendKeys -->input
08:35:11.766 INFO  manager.ListenerWD -- Before find element-->By.cssSelector: [placeholder='Address']
08:35:11.774 INFO  manager.ListenerWD -- After find element-->By.cssSelector: [placeholder='Address']
08:35:11.777 INFO  manager.ListenerWD -- Location of element-->input
08:35:11.782 INFO  manager.ListenerWD -- Before click element-->inputtext -->
08:35:11.810 INFO  manager.ListenerWD -- After click element-->input
08:35:11.827 INFO  manager.ListenerWD -- sendKeys -->
08:35:11.829 INFO  manager.ListenerWD -- sendKeys -->input
08:35:11.846 INFO  manager.ListenerWD -- sendKeys -->
08:35:11.848 INFO  manager.ListenerWD -- sendKeys -->input
08:35:11.864 INFO  manager.ListenerWD -- sendKeys -->
08:35:11.867 INFO  manager.ListenerWD -- sendKeys -->input
08:35:11.879 INFO  manager.ListenerWD -- Before find element-->By.cssSelector: [placeholder = 'description']
08:35:11.886 INFO  manager.ListenerWD -- After find element-->By.cssSelector: [placeholder = 'description']
08:35:11.888 INFO  manager.ListenerWD -- Location of element-->input
08:35:11.893 INFO  manager.ListenerWD -- Before click element-->inputtext -->
08:35:11.919 INFO  manager.ListenerWD -- After click element-->input
08:35:11.935 INFO  manager.ListenerWD -- sendKeys -->
08:35:11.938 INFO  manager.ListenerWD -- sendKeys -->input
08:35:11.952 INFO  manager.ListenerWD -- sendKeys -->
08:35:11.954 INFO  manager.ListenerWD -- sendKeys -->input
08:35:11.970 INFO  manager.ListenerWD -- sendKeys -->
08:35:11.973 INFO  manager.ListenerWD -- sendKeys -->input
08:35:12.167 INFO  manager.ListenerWD -- Before find element-->By.cssSelector: .add_form__2rsm2>button
08:35:12.175 INFO  manager.ListenerWD -- After find element-->By.cssSelector: .add_form__2rsm2>button
08:35:12.178 INFO  manager.ListenerWD -- Location of element-->button
08:35:12.184 INFO  manager.ListenerWD -- Before click element-->buttontext -->Save
08:35:12.206 INFO  manager.ListenerWD -- After click element-->button
08:35:12.775 INFO  manager.TestNGListener -- Success test -->addNewContactSuccessAllFieldsCSV
08:35:12.775 INFO  tests.TestBase -- ==============================================
08:35:12.776 INFO  tests.TestBase -- Name of method (test)-->addNewContactSuccessAllFieldsCSV
08:35:12.776 INFO  manager.TestNGListener -- Start test -->addNewContactSuccessAllFieldsCSV
08:35:12.776 INFO  manager.ListenerWD -- Before find element-->By.cssSelector: a[href='/add']
08:35:12.784 INFO  manager.ListenerWD -- After find element-->By.cssSelector: a[href='/add']
08:35:12.788 INFO  manager.ListenerWD -- Location of element-->a
08:35:12.796 INFO  manager.ListenerWD -- Before click element-->atext -->ADD
08:35:12.823 INFO  manager.ListenerWD -- After click element-->a
08:35:12.823 INFO  manager.ListenerWD -- Before find element-->By.cssSelector: [placeholder='Name']
08:35:12.831 INFO  manager.ListenerWD -- After find element-->By.cssSelector: [placeholder='Name']
08:35:12.835 INFO  manager.ListenerWD -- Location of element-->input
08:35:12.841 INFO  manager.ListenerWD -- Before click element-->inputtext -->
08:35:12.869 INFO  manager.ListenerWD -- After click element-->input
08:35:12.886 INFO  manager.ListenerWD -- sendKeys -->
08:35:12.888 INFO  manager.ListenerWD -- sendKeys -->input
08:35:12.905 INFO  manager.ListenerWD -- sendKeys -->
08:35:12.908 INFO  manager.ListenerWD -- sendKeys -->input
08:35:12.925 INFO  manager.ListenerWD -- sendKeys -->
08:35:12.927 INFO  manager.ListenerWD -- sendKeys -->input
08:35:12.938 INFO  manager.ListenerWD -- Before find element-->By.cssSelector: [placeholder='Last Name']
08:35:12.946 INFO  manager.ListenerWD -- After find element-->By.cssSelector: [placeholder='Last Name']
08:35:12.949 INFO  manager.ListenerWD -- Location of element-->input
08:35:12.955 INFO  manager.ListenerWD -- Before click element-->inputtext -->
08:35:12.983 INFO  manager.ListenerWD -- After click element-->input
08:35:12.998 INFO  manager.ListenerWD -- sendKeys -->
08:35:13.000 INFO  manager.ListenerWD -- sendKeys -->input
08:35:13.018 INFO  manager.ListenerWD -- sendKeys -->
08:35:13.022 INFO  manager.ListenerWD -- sendKeys -->input
08:35:13.040 INFO  manager.ListenerWD -- sendKeys -->
08:35:13.042 INFO  manager.ListenerWD -- sendKeys -->input
08:35:13.056 INFO  manager.ListenerWD -- Before find element-->By.cssSelector: [placeholder='Phone']
08:35:13.064 INFO  manager.ListenerWD -- After find element-->By.cssSelector: [placeholder='Phone']
08:35:13.068 INFO  manager.ListenerWD -- Location of element-->input
08:35:13.074 INFO  manager.ListenerWD -- Before click element-->inputtext -->
08:35:13.101 INFO  manager.ListenerWD -- After click element-->input
08:35:13.117 INFO  manager.ListenerWD -- sendKeys -->
08:35:13.120 INFO  manager.ListenerWD -- sendKeys -->input
08:35:13.137 INFO  manager.ListenerWD -- sendKeys -->
08:35:13.139 INFO  manager.ListenerWD -- sendKeys -->input
08:35:13.156 INFO  manager.ListenerWD -- sendKeys -->
08:35:13.158 INFO  manager.ListenerWD -- sendKeys -->input
08:35:13.172 INFO  manager.ListenerWD -- Before find element-->By.cssSelector: [placeholder='email']
08:35:13.180 INFO  manager.ListenerWD -- After find element-->By.cssSelector: [placeholder='email']
08:35:13.183 INFO  manager.ListenerWD -- Location of element-->input
08:35:13.190 INFO  manager.ListenerWD -- Before click element-->inputtext -->
08:35:13.217 INFO  manager.ListenerWD -- After click element-->input
08:35:13.232 INFO  manager.ListenerWD -- sendKeys -->
08:35:13.233 INFO  manager.ListenerWD -- sendKeys -->input
08:35:13.249 INFO  manager.ListenerWD -- sendKeys -->
08:35:13.252 INFO  manager.ListenerWD -- sendKeys -->input
08:35:13.268 INFO  manager.ListenerWD -- sendKeys -->
08:35:13.270 INFO  manager.ListenerWD -- sendKeys -->input
08:35:13.286 INFO  manager.ListenerWD -- Before find element-->By.cssSelector: [placeholder='Address']
08:35:13.294 INFO  manager.ListenerWD -- After find element-->By.cssSelector: [placeholder='Address']
08:35:13.297 INFO  manager.ListenerWD -- Location of element-->input
08:35:13.303 INFO  manager.ListenerWD -- Before click element-->inputtext -->
08:35:13.330 INFO  manager.ListenerWD -- After click element-->input
08:35:13.346 INFO  manager.ListenerWD -- sendKeys -->
08:35:13.349 INFO  manager.ListenerWD -- sendKeys -->input
08:35:13.364 INFO  manager.ListenerWD -- sendKeys -->
08:35:13.367 INFO  manager.ListenerWD -- sendKeys -->input
08:35:13.383 INFO  manager.ListenerWD -- sendKeys -->
08:35:13.386 INFO  manager.ListenerWD -- sendKeys -->input
08:35:13.398 INFO  manager.ListenerWD -- Before find element-->By.cssSelector: [placeholder = 'description']
08:35:13.405 INFO  manager.ListenerWD -- After find element-->By.cssSelector: [placeholder = 'description']
08:35:13.408 INFO  manager.ListenerWD -- Location of element-->input
08:35:13.414 INFO  manager.ListenerWD -- Before click element-->inputtext -->
08:35:13.442 INFO  manager.ListenerWD -- After click element-->input
08:35:13.460 INFO  manager.ListenerWD -- sendKeys -->
08:35:13.462 INFO  manager.ListenerWD -- sendKeys -->input
08:35:13.479 INFO  manager.ListenerWD -- sendKeys -->
08:35:13.483 INFO  manager.ListenerWD -- sendKeys -->input
08:35:13.500 INFO  manager.ListenerWD -- sendKeys -->
08:35:13.503 INFO  manager.ListenerWD -- sendKeys -->input
08:35:13.693 INFO  manager.ListenerWD -- Before find element-->By.cssSelector: .add_form__2rsm2>button
08:35:13.704 INFO  manager.ListenerWD -- After find element-->By.cssSelector: .add_form__2rsm2>button
08:35:13.708 INFO  manager.ListenerWD -- Location of element-->button
08:35:13.714 INFO  manager.ListenerWD -- Before click element-->buttontext -->Save
08:35:13.737 INFO  manager.ListenerWD -- After click element-->button
08:35:14.299 INFO  manager.TestNGListener -- Success test -->addNewContactSuccessAllFieldsCSV
08:35:14.300 INFO  tests.TestBase -- ==============================================
08:35:14.301 INFO  tests.TestBase -- Name of method (test)-->addNewContactSuccessAllFieldsCSV
08:35:14.301 INFO  manager.TestNGListener -- Start test -->addNewContactSuccessAllFieldsCSV
08:35:14.301 INFO  manager.ListenerWD -- Before find element-->By.cssSelector: a[href='/add']
08:35:14.308 INFO  manager.ListenerWD -- After find element-->By.cssSelector: a[href='/add']
08:35:14.311 INFO  manager.ListenerWD -- Location of element-->a
08:35:14.318 INFO  manager.ListenerWD -- Before click element-->atext -->ADD
08:35:14.344 INFO  manager.ListenerWD -- After click element-->a
08:35:14.345 INFO  manager.ListenerWD -- Before find element-->By.cssSelector: [placeholder='Name']
08:35:14.353 INFO  manager.ListenerWD -- After find element-->By.cssSelector: [placeholder='Name']
08:35:14.355 INFO  manager.ListenerWD -- Location of element-->input
08:35:14.362 INFO  manager.ListenerWD -- Before click element-->inputtext -->
08:35:14.392 INFO  manager.ListenerWD -- After click element-->input
08:35:14.407 INFO  manager.ListenerWD -- sendKeys -->
08:35:14.410 INFO  manager.ListenerWD -- sendKeys -->input
08:35:14.427 INFO  manager.ListenerWD -- sendKeys -->
08:35:14.430 INFO  manager.ListenerWD -- sendKeys -->input
08:35:14.447 INFO  manager.ListenerWD -- sendKeys -->
08:35:14.450 INFO  manager.ListenerWD -- sendKeys -->input
08:35:14.463 INFO  manager.ListenerWD -- Before find element-->By.cssSelector: [placeholder='Last Name']
08:35:14.471 INFO  manager.ListenerWD -- After find element-->By.cssSelector: [placeholder='Last Name']
08:35:14.474 INFO  manager.ListenerWD -- Location of element-->input
08:35:14.480 INFO  manager.ListenerWD -- Before click element-->inputtext -->
08:35:14.507 INFO  manager.ListenerWD -- After click element-->input
08:35:14.523 INFO  manager.ListenerWD -- sendKeys -->
08:35:14.525 INFO  manager.ListenerWD -- sendKeys -->input
08:35:14.542 INFO  manager.ListenerWD -- sendKeys -->
08:35:14.544 INFO  manager.ListenerWD -- sendKeys -->input
08:35:14.562 INFO  manager.ListenerWD -- sendKeys -->
08:35:14.565 INFO  manager.ListenerWD -- sendKeys -->input
08:35:14.577 INFO  manager.ListenerWD -- Before find element-->By.cssSelector: [placeholder='Phone']
08:35:14.585 INFO  manager.ListenerWD -- After find element-->By.cssSelector: [placeholder='Phone']
08:35:14.588 INFO  manager.ListenerWD -- Location of element-->input
08:35:14.594 INFO  manager.ListenerWD -- Before click element-->inputtext -->
08:35:14.621 INFO  manager.ListenerWD -- After click element-->input
08:35:14.636 INFO  manager.ListenerWD -- sendKeys -->
08:35:14.639 INFO  manager.ListenerWD -- sendKeys -->input
08:35:14.656 INFO  manager.ListenerWD -- sendKeys -->
08:35:14.659 INFO  manager.ListenerWD -- sendKeys -->input
08:35:14.677 INFO  manager.ListenerWD -- sendKeys -->
08:35:14.679 INFO  manager.ListenerWD -- sendKeys -->input
08:35:14.694 INFO  manager.ListenerWD -- Before find element-->By.cssSelector: [placeholder='email']
08:35:14.701 INFO  manager.ListenerWD -- After find element-->By.cssSelector: [placeholder='email']
08:35:14.704 INFO  manager.ListenerWD -- Location of element-->input
08:35:14.710 INFO  manager.ListenerWD -- Before click element-->inputtext -->
08:35:14.735 INFO  manager.ListenerWD -- After click element-->input
08:35:14.751 INFO  manager.ListenerWD -- sendKeys -->
08:35:14.754 INFO  manager.ListenerWD -- sendKeys -->input
08:35:14.769 INFO  manager.ListenerWD -- sendKeys -->
08:35:14.771 INFO  manager.ListenerWD -- sendKeys -->input
08:35:14.787 INFO  manager.ListenerWD -- sendKeys -->
08:35:14.789 INFO  manager.ListenerWD -- sendKeys -->input
08:35:14.803 INFO  manager.ListenerWD -- Before find element-->By.cssSelector: [placeholder='Address']
08:35:14.810 INFO  manager.ListenerWD -- After find element-->By.cssSelector: [placeholder='Address']
08:35:14.813 INFO  manager.ListenerWD -- Location of element-->input
08:35:14.818 INFO  manager.ListenerWD -- Before click element-->inputtext -->
08:35:14.844 INFO  manager.ListenerWD -- After click element-->input
08:35:14.859 INFO  manager.ListenerWD -- sendKeys -->
08:35:14.861 INFO  manager.ListenerWD -- sendKeys -->input
08:35:14.875 INFO  manager.ListenerWD -- sendKeys -->
08:35:14.878 INFO  manager.ListenerWD -- sendKeys -->input
08:35:14.893 INFO  manager.ListenerWD -- sendKeys -->
08:35:14.896 INFO  manager.ListenerWD -- sendKeys -->input
08:35:14.907 INFO  manager.ListenerWD -- Before find element-->By.cssSelector: [placeholder = 'description']
08:35:14.915 INFO  manager.ListenerWD -- After find element-->By.cssSelector: [placeholder = 'description']
08:35:14.917 INFO  manager.ListenerWD -- Location of element-->input
08:35:14.924 INFO  manager.ListenerWD -- Before click element-->inputtext -->
08:35:14.949 INFO  manager.ListenerWD -- After click element-->input
08:35:14.964 INFO  manager.ListenerWD -- sendKeys -->
08:35:14.966 INFO  manager.ListenerWD -- sendKeys -->input
08:35:14.981 INFO  manager.ListenerWD -- sendKeys -->
08:35:14.983 INFO  manager.ListenerWD -- sendKeys -->input
08:35:14.998 INFO  manager.ListenerWD -- sendKeys -->
08:35:15.000 INFO  manager.ListenerWD -- sendKeys -->input
08:35:15.188 INFO  manager.ListenerWD -- Before find element-->By.cssSelector: .add_form__2rsm2>button
08:35:15.198 INFO  manager.ListenerWD -- After find element-->By.cssSelector: .add_form__2rsm2>button
08:35:15.202 INFO  manager.ListenerWD -- Location of element-->button
08:35:15.208 INFO  manager.ListenerWD -- Before click element-->buttontext -->Save
08:35:15.234 INFO  manager.ListenerWD -- After click element-->button
08:35:15.813 INFO  manager.TestNGListener -- Success test -->addNewContactSuccessAllFieldsCSV
08:35:15.813 INFO  tests.TestBase -- ==============================================
08:35:15.814 INFO  tests.TestBase -- Name of method (test)-->addNewContactSuccessRequiredFields
08:35:15.814 INFO  manager.TestNGListener -- Start test -->addNewContactSuccessRequiredFields
08:35:15.816 INFO  tests.TestBase -- Test data --> name: Tony, lastName:Molly, phone: 343434342115email: molly2115@gmail.com, address: Haifa
08:35:15.816 INFO  manager.ListenerWD -- Before find element-->By.cssSelector: a[href='/add']
08:35:15.825 INFO  manager.ListenerWD -- After find element-->By.cssSelector: a[href='/add']
08:35:15.829 INFO  manager.ListenerWD -- Location of element-->a
08:35:15.835 INFO  manager.ListenerWD -- Before click element-->atext -->ADD
08:35:15.862 INFO  manager.ListenerWD -- After click element-->a
08:35:15.862 INFO  manager.ListenerWD -- Before find element-->By.cssSelector: [placeholder='Name']
08:35:15.871 INFO  manager.ListenerWD -- After find element-->By.cssSelector: [placeholder='Name']
08:35:15.874 INFO  manager.ListenerWD -- Location of element-->input
08:35:15.881 INFO  manager.ListenerWD -- Before click element-->inputtext -->
08:35:15.908 INFO  manager.ListenerWD -- After click element-->input
08:35:15.924 INFO  manager.ListenerWD -- sendKeys -->
08:35:15.926 INFO  manager.ListenerWD -- sendKeys -->input
08:35:15.942 INFO  manager.ListenerWD -- sendKeys -->
08:35:15.945 INFO  manager.ListenerWD -- sendKeys -->input
08:35:15.962 INFO  manager.ListenerWD -- sendKeys -->
08:35:15.965 INFO  manager.ListenerWD -- sendKeys -->input
08:35:15.978 INFO  manager.ListenerWD -- Before find element-->By.cssSelector: [placeholder='Last Name']
08:35:15.984 INFO  manager.ListenerWD -- After find element-->By.cssSelector: [placeholder='Last Name']
08:35:15.987 INFO  manager.ListenerWD -- Location of element-->input
08:35:15.993 INFO  manager.ListenerWD -- Before click element-->inputtext -->
08:35:16.019 INFO  manager.ListenerWD -- After click element-->input
08:35:16.034 INFO  manager.ListenerWD -- sendKeys -->
08:35:16.037 INFO  manager.ListenerWD -- sendKeys -->input
08:35:16.055 INFO  manager.ListenerWD -- sendKeys -->
08:35:16.057 INFO  manager.ListenerWD -- sendKeys -->input
08:35:16.073 INFO  manager.ListenerWD -- sendKeys -->
08:35:16.076 INFO  manager.ListenerWD -- sendKeys -->input
08:35:16.087 INFO  manager.ListenerWD -- Before find element-->By.cssSelector: [placeholder='Phone']
08:35:16.094 INFO  manager.ListenerWD -- After find element-->By.cssSelector: [placeholder='Phone']
08:35:16.097 INFO  manager.ListenerWD -- Location of element-->input
08:35:16.104 INFO  manager.ListenerWD -- Before click element-->inputtext -->
08:35:16.129 INFO  manager.ListenerWD -- After click element-->input
08:35:16.145 INFO  manager.ListenerWD -- sendKeys -->
08:35:16.147 INFO  manager.ListenerWD -- sendKeys -->input
08:35:16.161 INFO  manager.ListenerWD -- sendKeys -->
08:35:16.164 INFO  manager.ListenerWD -- sendKeys -->input
08:35:16.182 INFO  manager.ListenerWD -- sendKeys -->
08:35:16.184 INFO  manager.ListenerWD -- sendKeys -->input
08:35:16.197 INFO  manager.ListenerWD -- Before find element-->By.cssSelector: [placeholder='email']
08:35:16.204 INFO  manager.ListenerWD -- After find element-->By.cssSelector: [placeholder='email']
08:35:16.207 INFO  manager.ListenerWD -- Location of element-->input
08:35:16.212 INFO  manager.ListenerWD -- Before click element-->inputtext -->
08:35:16.236 INFO  manager.ListenerWD -- After click element-->input
08:35:16.252 INFO  manager.ListenerWD -- sendKeys -->
08:35:16.254 INFO  manager.ListenerWD -- sendKeys -->input
08:35:16.269 INFO  manager.ListenerWD -- sendKeys -->
08:35:16.272 INFO  manager.ListenerWD -- sendKeys -->input
08:35:16.288 INFO  manager.ListenerWD -- sendKeys -->
08:35:16.291 INFO  manager.ListenerWD -- sendKeys -->input
08:35:16.306 INFO  manager.ListenerWD -- Before find element-->By.cssSelector: [placeholder='Address']
08:35:16.312 INFO  manager.ListenerWD -- After find element-->By.cssSelector: [placeholder='Address']
08:35:16.315 INFO  manager.ListenerWD -- Location of element-->input
08:35:16.322 INFO  manager.ListenerWD -- Before click element-->inputtext -->
08:35:16.350 INFO  manager.ListenerWD -- After click element-->input
08:35:16.366 INFO  manager.ListenerWD -- sendKeys -->
08:35:16.368 INFO  manager.ListenerWD -- sendKeys -->input
08:35:16.384 INFO  manager.ListenerWD -- sendKeys -->
08:35:16.386 INFO  manager.ListenerWD -- sendKeys -->input
08:35:16.404 INFO  manager.ListenerWD -- sendKeys -->
08:35:16.406 INFO  manager.ListenerWD -- sendKeys -->input
08:35:16.420 INFO  manager.ListenerWD -- Before find element-->By.cssSelector: [placeholder = 'description']
08:35:16.427 INFO  manager.ListenerWD -- After find element-->By.cssSelector: [placeholder = 'description']
08:35:16.430 INFO  manager.ListenerWD -- Location of element-->input
08:35:16.436 INFO  manager.ListenerWD -- Before click element-->inputtext -->
08:35:16.466 INFO  manager.ListenerWD -- After click element-->input
08:35:16.481 INFO  manager.ListenerWD -- sendKeys -->
08:35:16.483 INFO  manager.ListenerWD -- sendKeys -->input
08:35:16.500 INFO  manager.ListenerWD -- sendKeys -->
08:35:16.502 INFO  manager.ListenerWD -- sendKeys -->input
08:35:16.513 INFO  manager.ListenerWD -- Before find element-->By.cssSelector: .add_form__2rsm2>button
08:35:16.520 INFO  manager.ListenerWD -- After find element-->By.cssSelector: .add_form__2rsm2>button
08:35:16.523 INFO  manager.ListenerWD -- Location of element-->button
08:35:16.528 INFO  manager.ListenerWD -- Before click element-->buttontext -->Save
08:35:16.553 INFO  manager.ListenerWD -- After click element-->button
08:35:17.038 INFO  tests.TestBase -- Assert check is add contact by name
08:35:17.142 INFO  tests.TestBase -- Assert check is add contact by phone
08:35:17.142 INFO  manager.TestNGListener -- Success test -->addNewContactSuccessRequiredFields
08:35:17.142 INFO  tests.TestBase -- ==============================================
08:35:17.143 INFO  tests.TestBase -- Name of method (test)-->addNewContactWrongEmail
08:35:17.143 INFO  manager.TestNGListener -- Start test -->addNewContactWrongEmail
08:35:17.143 INFO  tests.TestBase -- Test data --> name: Tony, lastName:Molly, phone: 343434342323, email: mollygmail.com, address: Haifa, description: wrong email
08:35:17.143 INFO  manager.ListenerWD -- Before find element-->By.cssSelector: a[href='/add']
08:35:17.151 INFO  manager.ListenerWD -- After find element-->By.cssSelector: a[href='/add']
08:35:17.153 INFO  manager.ListenerWD -- Location of element-->a
08:35:17.158 INFO  manager.ListenerWD -- Before click element-->atext -->ADD
08:35:17.186 INFO  manager.ListenerWD -- After click element-->a
08:35:17.186 INFO  manager.ListenerWD -- Before find element-->By.cssSelector: [placeholder='Name']
08:35:17.193 INFO  manager.ListenerWD -- After find element-->By.cssSelector: [placeholder='Name']
08:35:17.196 INFO  manager.ListenerWD -- Location of element-->input
08:35:17.202 INFO  manager.ListenerWD -- Before click element-->inputtext -->
08:35:17.229 INFO  manager.ListenerWD -- After click element-->input
08:35:17.245 INFO  manager.ListenerWD -- sendKeys -->
08:35:17.247 INFO  manager.ListenerWD -- sendKeys -->input
08:35:17.263 INFO  manager.ListenerWD -- sendKeys -->
08:35:17.265 INFO  manager.ListenerWD -- sendKeys -->input
08:35:17.282 INFO  manager.ListenerWD -- sendKeys -->
08:35:17.284 INFO  manager.ListenerWD -- sendKeys -->input
08:35:17.297 INFO  manager.ListenerWD -- Before find element-->By.cssSelector: [placeholder='Last Name']
08:35:17.303 INFO  manager.ListenerWD -- After find element-->By.cssSelector: [placeholder='Last Name']
08:35:17.306 INFO  manager.ListenerWD -- Location of element-->input
08:35:17.312 INFO  manager.ListenerWD -- Before click element-->inputtext -->
08:35:17.338 INFO  manager.ListenerWD -- After click element-->input
08:35:17.352 INFO  manager.ListenerWD -- sendKeys -->
08:35:17.354 INFO  manager.ListenerWD -- sendKeys -->input
08:35:17.371 INFO  manager.ListenerWD -- sendKeys -->
08:35:17.374 INFO  manager.ListenerWD -- sendKeys -->input
08:35:17.392 INFO  manager.ListenerWD -- sendKeys -->
08:35:17.393 INFO  manager.ListenerWD -- sendKeys -->input
08:35:17.405 INFO  manager.ListenerWD -- Before find element-->By.cssSelector: [placeholder='Phone']
08:35:17.412 INFO  manager.ListenerWD -- After find element-->By.cssSelector: [placeholder='Phone']
08:35:17.415 INFO  manager.ListenerWD -- Location of element-->input
08:35:17.421 INFO  manager.ListenerWD -- Before click element-->inputtext -->
08:35:17.447 INFO  manager.ListenerWD -- After click element-->input
08:35:17.464 INFO  manager.ListenerWD -- sendKeys -->
08:35:17.466 INFO  manager.ListenerWD -- sendKeys -->input
08:35:17.481 INFO  manager.ListenerWD -- sendKeys -->
08:35:17.484 INFO  manager.ListenerWD -- sendKeys -->input
08:35:17.500 INFO  manager.ListenerWD -- sendKeys -->
08:35:17.502 INFO  manager.ListenerWD -- sendKeys -->input
08:35:17.515 INFO  manager.ListenerWD -- Before find element-->By.cssSelector: [placeholder='email']
08:35:17.523 INFO  manager.ListenerWD -- After find element-->By.cssSelector: [placeholder='email']
08:35:17.525 INFO  manager.ListenerWD -- Location of element-->input
08:35:17.531 INFO  manager.ListenerWD -- Before click element-->inputtext -->
08:35:17.558 INFO  manager.ListenerWD -- After click element-->input
08:35:17.575 INFO  manager.ListenerWD -- sendKeys -->
08:35:17.577 INFO  manager.ListenerWD -- sendKeys -->input
08:35:17.594 INFO  manager.ListenerWD -- sendKeys -->
08:35:17.597 INFO  manager.ListenerWD -- sendKeys -->input
08:35:17.613 INFO  manager.ListenerWD -- sendKeys -->
08:35:17.616 INFO  manager.ListenerWD -- sendKeys -->input
08:35:17.631 INFO  manager.ListenerWD -- Before find element-->By.cssSelector: [placeholder='Address']
08:35:17.637 INFO  manager.ListenerWD -- After find element-->By.cssSelector: [placeholder='Address']
08:35:17.640 INFO  manager.ListenerWD -- Location of element-->input
08:35:17.645 INFO  manager.ListenerWD -- Before click element-->inputtext -->
08:35:17.670 INFO  manager.ListenerWD -- After click element-->input
08:35:17.685 INFO  manager.ListenerWD -- sendKeys -->
08:35:17.687 INFO  manager.ListenerWD -- sendKeys -->input
08:35:17.703 INFO  manager.ListenerWD -- sendKeys -->
08:35:17.706 INFO  manager.ListenerWD -- sendKeys -->input
08:35:17.721 INFO  manager.ListenerWD -- sendKeys -->
08:35:17.722 INFO  manager.ListenerWD -- sendKeys -->input
08:35:17.734 INFO  manager.ListenerWD -- Before find element-->By.cssSelector: [placeholder = 'description']
08:35:17.741 INFO  manager.ListenerWD -- After find element-->By.cssSelector: [placeholder = 'description']
08:35:17.743 INFO  manager.ListenerWD -- Location of element-->input
08:35:17.748 INFO  manager.ListenerWD -- Before click element-->inputtext -->
08:35:17.774 INFO  manager.ListenerWD -- After click element-->input
08:35:17.789 INFO  manager.ListenerWD -- sendKeys -->
08:35:17.791 INFO  manager.ListenerWD -- sendKeys -->input
08:35:17.806 INFO  manager.ListenerWD -- sendKeys -->
08:35:17.808 INFO  manager.ListenerWD -- sendKeys -->input
08:35:17.824 INFO  manager.ListenerWD -- sendKeys -->
08:35:17.826 INFO  manager.ListenerWD -- sendKeys -->input
08:35:17.839 INFO  manager.ListenerWD -- Before find element-->By.cssSelector: .add_form__2rsm2>button
08:35:17.845 INFO  manager.ListenerWD -- After find element-->By.cssSelector: .add_form__2rsm2>button
08:35:17.847 INFO  manager.ListenerWD -- Location of element-->button
08:35:17.853 INFO  manager.ListenerWD -- Before click element-->buttontext -->Save
08:35:17.875 INFO  manager.ListenerWD -- After click element-->button
08:35:17.881 INFO  tests.TestBase -- Assert check Add button is active
08:35:17.891 INFO  manager.ListenerWD -- Huston, we have a problem!
08:35:17.891 INFO  manager.ListenerWD -- Failed method:alert
08:35:17.891 INFO  manager.ListenerWD -- **********************
08:35:17.891 INFO  manager.ListenerWD -- Arguments:null
08:35:17.891 INFO  manager.ListenerWD -- **********************
08:35:17.891 INFO  manager.ListenerWD -- Exception:NoAlertPresentException
08:35:17.891 INFO  manager.ListenerWD -- **********************
08:35:17.891 INFO  manager.ListenerWD -- Messageno such alert
  (Session info: chrome=148.0.7778.179)
Build info: version: '4.26.0', revision: '8ccf0219d7'
System info: os.name: 'Windows 10', os.arch: 'amd64', os.version: '10.0', java.version: '17.0.12'
Driver info: org.openqa.selenium.chrome.ChromeDriver
Command: [cc5e69a98f05e21a90efb838c5c32d73, getAlertText {}]
Capabilities {acceptInsecureCerts: false, browserName: chrome, browserVersion: 148.0.7778.179, chrome: {chromedriverVersion: 147.0.7727.57 (b4f28b5637d0..., userDataDir: C:\Users\Nina\AppData\Local...}, fedcm:accounts: true, goog:chromeOptions: {debuggerAddress: localhost:60756}, goog:processID: 31596, networkConnectionEnabled: false, pageLoadStrategy: normal, platformName: windows, proxy: Proxy(), se:cdp: ws://localhost:60756/devtoo..., se:cdpVersion: 148.0.7778.179, setWindowRect: true, strictFileInteractability: false, timeouts: {implicit: 0, pageLoad: 300000, script: 30000}, unhandledPromptBehavior: dismiss and notify, webauthn:extension:credBlob: true, webauthn:extension:largeBlob: true, webauthn:extension:minPinLength: true, webauthn:extension:prf: true, webauthn:virtualAuthenticators: true}
Session ID: cc5e69a98f05e21a90efb838c5c32d73
08:35:17.891 INFO  manager.ListenerWD -- **********************
08:35:17.892 INFO  manager.ListenerWD -- Screen with error is --->src/test/screenshots/screen_1972.png
08:35:18.425 INFO  tests.TestBase -- Assert check is alert present with error test 'Email not valid' 
08:35:18.425 INFO  manager.TestNGListener -- Success test -->addNewContactWrongEmail
08:35:18.426 INFO  tests.TestBase -- ==============================================
08:35:18.427 INFO  tests.TestBase -- Name of method (test)-->addNewContactWrongPhone
08:35:18.427 INFO  manager.TestNGListener -- Start test -->addNewContactWrongPhone
08:35:18.427 INFO  tests.TestBase -- Test data --> name: Tony, lastName:Molly, phone: , email: molly@gmail.com, address: Haifa, description: empty phone
08:35:18.427 INFO  manager.ListenerWD -- Before find element-->By.cssSelector: a[href='/add']
08:35:18.436 INFO  manager.ListenerWD -- After find element-->By.cssSelector: a[href='/add']
08:35:18.441 INFO  manager.ListenerWD -- Location of element-->a
08:35:18.448 INFO  manager.ListenerWD -- Before click element-->atext -->ADD
08:35:18.478 INFO  manager.ListenerWD -- After click element-->a
08:35:18.478 INFO  manager.ListenerWD -- Before find element-->By.cssSelector: [placeholder='Name']
08:35:18.485 INFO  manager.ListenerWD -- After find element-->By.cssSelector: [placeholder='Name']
08:35:18.489 INFO  manager.ListenerWD -- Location of element-->input
08:35:18.495 INFO  manager.ListenerWD -- Before click element-->inputtext -->
08:35:18.527 INFO  manager.ListenerWD -- After click element-->input
08:35:18.547 INFO  manager.ListenerWD -- sendKeys -->
08:35:18.548 INFO  manager.ListenerWD -- sendKeys -->input
08:35:18.576 INFO  manager.ListenerWD -- sendKeys -->
08:35:18.579 INFO  manager.ListenerWD -- sendKeys -->input
08:35:18.595 INFO  manager.ListenerWD -- sendKeys -->
08:35:18.599 INFO  manager.ListenerWD -- sendKeys -->input
08:35:18.611 INFO  manager.ListenerWD -- Before find element-->By.cssSelector: [placeholder='Last Name']
08:35:18.618 INFO  manager.ListenerWD -- After find element-->By.cssSelector: [placeholder='Last Name']
08:35:18.621 INFO  manager.ListenerWD -- Location of element-->input
08:35:18.627 INFO  manager.ListenerWD -- Before click element-->inputtext -->
08:35:18.653 INFO  manager.ListenerWD -- After click element-->input
08:35:18.668 INFO  manager.ListenerWD -- sendKeys -->
08:35:18.672 INFO  manager.ListenerWD -- sendKeys -->input
08:35:18.696 INFO  manager.ListenerWD -- sendKeys -->
08:35:18.699 INFO  manager.ListenerWD -- sendKeys -->input
08:35:18.713 INFO  manager.ListenerWD -- sendKeys -->
08:35:18.715 INFO  manager.ListenerWD -- sendKeys -->input
08:35:18.726 INFO  manager.ListenerWD -- Before find element-->By.cssSelector: [placeholder='Phone']
08:35:18.733 INFO  manager.ListenerWD -- After find element-->By.cssSelector: [placeholder='Phone']
08:35:18.737 INFO  manager.ListenerWD -- Location of element-->input
08:35:18.742 INFO  manager.ListenerWD -- Before click element-->inputtext -->
08:35:18.768 INFO  manager.ListenerWD -- After click element-->input
08:35:18.783 INFO  manager.ListenerWD -- sendKeys -->
08:35:18.786 INFO  manager.ListenerWD -- sendKeys -->input
08:35:18.809 INFO  manager.ListenerWD -- sendKeys -->
08:35:18.812 INFO  manager.ListenerWD -- sendKeys -->input
08:35:18.825 INFO  manager.ListenerWD -- sendKeys -->
08:35:18.828 INFO  manager.ListenerWD -- sendKeys -->input
08:35:18.838 INFO  manager.ListenerWD -- Before find element-->By.cssSelector: [placeholder='email']
08:35:18.846 INFO  manager.ListenerWD -- After find element-->By.cssSelector: [placeholder='email']
08:35:18.848 INFO  manager.ListenerWD -- Location of element-->input
08:35:18.853 INFO  manager.ListenerWD -- Before click element-->inputtext -->
08:35:18.879 INFO  manager.ListenerWD -- After click element-->input
08:35:18.895 INFO  manager.ListenerWD -- sendKeys -->
08:35:18.896 INFO  manager.ListenerWD -- sendKeys -->input
08:35:18.920 INFO  manager.ListenerWD -- sendKeys -->
08:35:18.922 INFO  manager.ListenerWD -- sendKeys -->input
08:35:18.938 INFO  manager.ListenerWD -- sendKeys -->
08:35:18.940 INFO  manager.ListenerWD -- sendKeys -->input
08:35:18.953 INFO  manager.ListenerWD -- Before find element-->By.cssSelector: [placeholder='Address']
08:35:18.960 INFO  manager.ListenerWD -- After find element-->By.cssSelector: [placeholder='Address']
08:35:18.965 INFO  manager.ListenerWD -- Location of element-->input
08:35:18.972 INFO  manager.ListenerWD -- Before click element-->inputtext -->
08:35:19.000 INFO  manager.ListenerWD -- After click element-->input
08:35:19.015 INFO  manager.ListenerWD -- sendKeys -->
08:35:19.017 INFO  manager.ListenerWD -- sendKeys -->input
08:35:19.039 INFO  manager.ListenerWD -- sendKeys -->
08:35:19.041 INFO  manager.ListenerWD -- sendKeys -->input
08:35:19.057 INFO  manager.ListenerWD -- sendKeys -->
08:35:19.059 INFO  manager.ListenerWD -- sendKeys -->input
08:35:19.071 INFO  manager.ListenerWD -- Before find element-->By.cssSelector: [placeholder = 'description']
08:35:19.077 INFO  manager.ListenerWD -- After find element-->By.cssSelector: [placeholder = 'description']
08:35:19.079 INFO  manager.ListenerWD -- Location of element-->input
08:35:19.084 INFO  manager.ListenerWD -- Before click element-->inputtext -->
08:35:19.110 INFO  manager.ListenerWD -- After click element-->input
08:35:19.126 INFO  manager.ListenerWD -- sendKeys -->
08:35:19.128 INFO  manager.ListenerWD -- sendKeys -->input
08:35:19.151 INFO  manager.ListenerWD -- sendKeys -->
08:35:19.154 INFO  manager.ListenerWD -- sendKeys -->input
08:35:19.170 INFO  manager.ListenerWD -- sendKeys -->
08:35:19.174 INFO  manager.ListenerWD -- sendKeys -->input
08:35:19.186 INFO  manager.ListenerWD -- Before find element-->By.cssSelector: .add_form__2rsm2>button
08:35:19.192 INFO  manager.ListenerWD -- After find element-->By.cssSelector: .add_form__2rsm2>button
08:35:19.194 INFO  manager.ListenerWD -- Location of element-->button
08:35:19.200 INFO  manager.ListenerWD -- Before click element-->buttontext -->Save
08:35:19.222 INFO  manager.ListenerWD -- After click element-->button
08:35:19.225 INFO  manager.ListenerWD -- Huston, we have a problem!
08:35:19.225 INFO  manager.ListenerWD -- Failed method:alert
08:35:19.225 INFO  manager.ListenerWD -- **********************
08:35:19.225 INFO  manager.ListenerWD -- Arguments:null
08:35:19.225 INFO  manager.ListenerWD -- **********************
08:35:19.226 INFO  manager.ListenerWD -- Exception:NoAlertPresentException
08:35:19.226 INFO  manager.ListenerWD -- **********************
08:35:19.226 INFO  manager.ListenerWD -- Messageno such alert
  (Session info: chrome=148.0.7778.179)
Build info: version: '4.26.0', revision: '8ccf0219d7'
System info: os.name: 'Windows 10', os.arch: 'amd64', os.version: '10.0', java.version: '17.0.12'
Driver info: org.openqa.selenium.chrome.ChromeDriver
Command: [cc5e69a98f05e21a90efb838c5c32d73, getAlertText {}]
Capabilities {acceptInsecureCerts: false, browserName: chrome, browserVersion: 148.0.7778.179, chrome: {chromedriverVersion: 147.0.7727.57 (b4f28b5637d0..., userDataDir: C:\Users\Nina\AppData\Local...}, fedcm:accounts: true, goog:chromeOptions: {debuggerAddress: localhost:60756}, goog:processID: 31596, networkConnectionEnabled: false, pageLoadStrategy: normal, platformName: windows, proxy: Proxy(), se:cdp: ws://localhost:60756/devtoo..., se:cdpVersion: 148.0.7778.179, setWindowRect: true, strictFileInteractability: false, timeouts: {implicit: 0, pageLoad: 300000, script: 30000}, unhandledPromptBehavior: dismiss and notify, webauthn:extension:credBlob: true, webauthn:extension:largeBlob: true, webauthn:extension:minPinLength: true, webauthn:extension:prf: true, webauthn:virtualAuthenticators: true}
Session ID: cc5e69a98f05e21a90efb838c5c32d73
08:35:19.226 INFO  manager.ListenerWD -- **********************
08:35:19.226 INFO  manager.ListenerWD -- Screen with error is --->src/test/screenshots/screen_1581.png
08:35:19.750 INFO  tests.TestBase -- Assert check is alert present with error test 'Phone not valid' 
08:35:19.761 INFO  tests.TestBase -- Assert check Add button is active
08:35:19.762 INFO  manager.TestNGListener -- Success test -->addNewContactWrongPhone
08:35:19.762 INFO  tests.TestBase -- ==============================================
08:35:19.763 INFO  tests.TestBase -- Name of method (test)-->addNewContactWrongPhone
08:35:19.763 INFO  manager.TestNGListener -- Start test -->addNewContactWrongPhone
08:35:19.763 INFO  tests.TestBase -- Test data --> name: Tony, lastName:Molly, phone: , email: molly@gmail.com, address: Haifa, description: empty phone
08:35:19.763 INFO  manager.ListenerWD -- Before find element-->By.cssSelector: a[href='/add']
08:35:19.771 INFO  manager.ListenerWD -- After find element-->By.cssSelector: a[href='/add']
08:35:19.776 INFO  manager.ListenerWD -- Location of element-->a
08:35:19.783 INFO  manager.ListenerWD -- Before click element-->atext -->ADD
08:35:19.813 INFO  manager.ListenerWD -- After click element-->a
08:35:19.814 INFO  manager.ListenerWD -- Before find element-->By.cssSelector: [placeholder='Name']
08:35:19.823 INFO  manager.ListenerWD -- After find element-->By.cssSelector: [placeholder='Name']
08:35:19.827 INFO  manager.ListenerWD -- Location of element-->input
08:35:19.835 INFO  manager.ListenerWD -- Before click element-->inputtext -->
08:35:19.869 INFO  manager.ListenerWD -- After click element-->input
08:35:19.888 INFO  manager.ListenerWD -- sendKeys -->
08:35:19.891 INFO  manager.ListenerWD -- sendKeys -->input
08:35:19.919 INFO  manager.ListenerWD -- sendKeys -->
08:35:19.921 INFO  manager.ListenerWD -- sendKeys -->input
08:35:19.937 INFO  manager.ListenerWD -- sendKeys -->
08:35:19.939 INFO  manager.ListenerWD -- sendKeys -->input
08:35:19.951 INFO  manager.ListenerWD -- Before find element-->By.cssSelector: [placeholder='Last Name']
08:35:19.958 INFO  manager.ListenerWD -- After find element-->By.cssSelector: [placeholder='Last Name']
08:35:19.960 INFO  manager.ListenerWD -- Location of element-->input
08:35:19.966 INFO  manager.ListenerWD -- Before click element-->inputtext -->
08:35:19.993 INFO  manager.ListenerWD -- After click element-->input
08:35:20.009 INFO  manager.ListenerWD -- sendKeys -->
08:35:20.011 INFO  manager.ListenerWD -- sendKeys -->input
08:35:20.034 INFO  manager.ListenerWD -- sendKeys -->
08:35:20.036 INFO  manager.ListenerWD -- sendKeys -->input
08:35:20.051 INFO  manager.ListenerWD -- sendKeys -->
08:35:20.054 INFO  manager.ListenerWD -- sendKeys -->input
08:35:20.066 INFO  manager.ListenerWD -- Before find element-->By.cssSelector: [placeholder='Phone']
08:35:20.073 INFO  manager.ListenerWD -- After find element-->By.cssSelector: [placeholder='Phone']
08:35:20.075 INFO  manager.ListenerWD -- Location of element-->input
08:35:20.081 INFO  manager.ListenerWD -- Before click element-->inputtext -->
08:35:20.108 INFO  manager.ListenerWD -- After click element-->input
08:35:20.123 INFO  manager.ListenerWD -- sendKeys -->
08:35:20.125 INFO  manager.ListenerWD -- sendKeys -->input
08:35:20.150 INFO  manager.ListenerWD -- sendKeys -->
08:35:20.152 INFO  manager.ListenerWD -- sendKeys -->input
08:35:20.168 INFO  manager.ListenerWD -- sendKeys -->
08:35:20.170 INFO  manager.ListenerWD -- sendKeys -->input
08:35:20.184 INFO  manager.ListenerWD -- Before find element-->By.cssSelector: [placeholder='email']
08:35:20.190 INFO  manager.ListenerWD -- After find element-->By.cssSelector: [placeholder='email']
08:35:20.192 INFO  manager.ListenerWD -- Location of element-->input
08:35:20.198 INFO  manager.ListenerWD -- Before click element-->inputtext -->
08:35:20.225 INFO  manager.ListenerWD -- After click element-->input
08:35:20.243 INFO  manager.ListenerWD -- sendKeys -->
08:35:20.245 INFO  manager.ListenerWD -- sendKeys -->input
08:35:20.269 INFO  manager.ListenerWD -- sendKeys -->
08:35:20.271 INFO  manager.ListenerWD -- sendKeys -->input
08:35:20.288 INFO  manager.ListenerWD -- sendKeys -->
08:35:20.290 INFO  manager.ListenerWD -- sendKeys -->input
08:35:20.304 INFO  manager.ListenerWD -- Before find element-->By.cssSelector: [placeholder='Address']
08:35:20.310 INFO  manager.ListenerWD -- After find element-->By.cssSelector: [placeholder='Address']
08:35:20.313 INFO  manager.ListenerWD -- Location of element-->input
08:35:20.318 INFO  manager.ListenerWD -- Before click element-->inputtext -->
08:35:20.345 INFO  manager.ListenerWD -- After click element-->input
08:35:20.361 INFO  manager.ListenerWD -- sendKeys -->
08:35:20.364 INFO  manager.ListenerWD -- sendKeys -->input
08:35:20.388 INFO  manager.ListenerWD -- sendKeys -->
08:35:20.390 INFO  manager.ListenerWD -- sendKeys -->input
08:35:20.405 INFO  manager.ListenerWD -- sendKeys -->
08:35:20.407 INFO  manager.ListenerWD -- sendKeys -->input
08:35:20.419 INFO  manager.ListenerWD -- Before find element-->By.cssSelector: [placeholder = 'description']
08:35:20.425 INFO  manager.ListenerWD -- After find element-->By.cssSelector: [placeholder = 'description']
08:35:20.428 INFO  manager.ListenerWD -- Location of element-->input
08:35:20.435 INFO  manager.ListenerWD -- Before click element-->inputtext -->
08:35:20.461 INFO  manager.ListenerWD -- After click element-->input
08:35:20.477 INFO  manager.ListenerWD -- sendKeys -->
08:35:20.479 INFO  manager.ListenerWD -- sendKeys -->input
08:35:20.501 INFO  manager.ListenerWD -- sendKeys -->
08:35:20.503 INFO  manager.ListenerWD -- sendKeys -->input
08:35:20.517 INFO  manager.ListenerWD -- sendKeys -->
08:35:20.520 INFO  manager.ListenerWD -- sendKeys -->input
08:35:20.532 INFO  manager.ListenerWD -- Before find element-->By.cssSelector: .add_form__2rsm2>button
08:35:20.538 INFO  manager.ListenerWD -- After find element-->By.cssSelector: .add_form__2rsm2>button
08:35:20.541 INFO  manager.ListenerWD -- Location of element-->button
08:35:20.546 INFO  manager.ListenerWD -- Before click element-->buttontext -->Save
08:35:20.569 INFO  manager.ListenerWD -- After click element-->button
08:35:20.573 INFO  manager.ListenerWD -- Huston, we have a problem!
08:35:20.573 INFO  manager.ListenerWD -- Failed method:alert
08:35:20.573 INFO  manager.ListenerWD -- **********************
08:35:20.573 INFO  manager.ListenerWD -- Arguments:null
08:35:20.573 INFO  manager.ListenerWD -- **********************
08:35:20.573 INFO  manager.ListenerWD -- Exception:NoAlertPresentException
08:35:20.573 INFO  manager.ListenerWD -- **********************
08:35:20.573 INFO  manager.ListenerWD -- Messageno such alert
  (Session info: chrome=148.0.7778.179)
Build info: version: '4.26.0', revision: '8ccf0219d7'
System info: os.name: 'Windows 10', os.arch: 'amd64', os.version: '10.0', java.version: '17.0.12'
Driver info: org.openqa.selenium.chrome.ChromeDriver
Command: [cc5e69a98f05e21a90efb838c5c32d73, getAlertText {}]
Capabilities {acceptInsecureCerts: false, browserName: chrome, browserVersion: 148.0.7778.179, chrome: {chromedriverVersion: 147.0.7727.57 (b4f28b5637d0..., userDataDir: C:\Users\Nina\AppData\Local...}, fedcm:accounts: true, goog:chromeOptions: {debuggerAddress: localhost:60756}, goog:processID: 31596, networkConnectionEnabled: false, pageLoadStrategy: normal, platformName: windows, proxy: Proxy(), se:cdp: ws://localhost:60756/devtoo..., se:cdpVersion: 148.0.7778.179, setWindowRect: true, strictFileInteractability: false, timeouts: {implicit: 0, pageLoad: 300000, script: 30000}, unhandledPromptBehavior: dismiss and notify, webauthn:extension:credBlob: true, webauthn:extension:largeBlob: true, webauthn:extension:minPinLength: true, webauthn:extension:prf: true, webauthn:virtualAuthenticators: true}
Session ID: cc5e69a98f05e21a90efb838c5c32d73
08:35:20.573 INFO  manager.ListenerWD -- **********************
08:35:20.573 INFO  manager.ListenerWD -- Screen with error is --->src/test/screenshots/screen_1031.png
08:35:21.093 INFO  tests.TestBase -- Assert check is alert present with error test 'Phone not valid' 
08:35:21.103 INFO  tests.TestBase -- Assert check Add button is active
08:35:21.103 INFO  manager.TestNGListener -- Success test -->addNewContactWrongPhone
08:35:21.104 INFO  tests.TestBase -- ==============================================
08:35:21.104 INFO  tests.TestBase -- Name of method (test)-->addNewContactWrongPhone
08:35:21.104 INFO  manager.TestNGListener -- Start test -->addNewContactWrongPhone
08:35:21.105 INFO  tests.TestBase -- Test data --> name: Tony, lastName:Molly, phone: , email: molly@gmail.com, address: Haifa, description: empty phone
08:35:21.105 INFO  manager.ListenerWD -- Before find element-->By.cssSelector: a[href='/add']
08:35:21.112 INFO  manager.ListenerWD -- After find element-->By.cssSelector: a[href='/add']
08:35:21.116 INFO  manager.ListenerWD -- Location of element-->a
08:35:21.122 INFO  manager.ListenerWD -- Before click element-->atext -->ADD
08:35:21.151 INFO  manager.ListenerWD -- After click element-->a
08:35:21.151 INFO  manager.ListenerWD -- Before find element-->By.cssSelector: [placeholder='Name']
08:35:21.159 INFO  manager.ListenerWD -- After find element-->By.cssSelector: [placeholder='Name']
08:35:21.164 INFO  manager.ListenerWD -- Location of element-->input
08:35:21.170 INFO  manager.ListenerWD -- Before click element-->inputtext -->
08:35:21.201 INFO  manager.ListenerWD -- After click element-->input
08:35:21.219 INFO  manager.ListenerWD -- sendKeys -->
08:35:21.221 INFO  manager.ListenerWD -- sendKeys -->input
08:35:21.245 INFO  manager.ListenerWD -- sendKeys -->
08:35:21.248 INFO  manager.ListenerWD -- sendKeys -->input
08:35:21.264 INFO  manager.ListenerWD -- sendKeys -->
08:35:21.267 INFO  manager.ListenerWD -- sendKeys -->input
08:35:21.281 INFO  manager.ListenerWD -- Before find element-->By.cssSelector: [placeholder='Last Name']
08:35:21.287 INFO  manager.ListenerWD -- After find element-->By.cssSelector: [placeholder='Last Name']
08:35:21.290 INFO  manager.ListenerWD -- Location of element-->input
08:35:21.295 INFO  manager.ListenerWD -- Before click element-->inputtext -->
08:35:21.321 INFO  manager.ListenerWD -- After click element-->input
08:35:21.336 INFO  manager.ListenerWD -- sendKeys -->
08:35:21.340 INFO  manager.ListenerWD -- sendKeys -->input
08:35:21.360 INFO  manager.ListenerWD -- sendKeys -->
08:35:21.362 INFO  manager.ListenerWD -- sendKeys -->input
08:35:21.378 INFO  manager.ListenerWD -- sendKeys -->
08:35:21.380 INFO  manager.ListenerWD -- sendKeys -->input
08:35:21.390 INFO  manager.ListenerWD -- Before find element-->By.cssSelector: [placeholder='Phone']
08:35:21.397 INFO  manager.ListenerWD -- After find element-->By.cssSelector: [placeholder='Phone']
08:35:21.400 INFO  manager.ListenerWD -- Location of element-->input
08:35:21.405 INFO  manager.ListenerWD -- Before click element-->inputtext -->
08:35:21.429 INFO  manager.ListenerWD -- After click element-->input
08:35:21.445 INFO  manager.ListenerWD -- sendKeys -->
08:35:21.447 INFO  manager.ListenerWD -- sendKeys -->input
08:35:21.469 INFO  manager.ListenerWD -- sendKeys -->
08:35:21.472 INFO  manager.ListenerWD -- sendKeys -->input
08:35:21.487 INFO  manager.ListenerWD -- sendKeys -->
08:35:21.489 INFO  manager.ListenerWD -- sendKeys -->input
08:35:21.502 INFO  manager.ListenerWD -- Before find element-->By.cssSelector: [placeholder='email']
08:35:21.509 INFO  manager.ListenerWD -- After find element-->By.cssSelector: [placeholder='email']
08:35:21.511 INFO  manager.ListenerWD -- Location of element-->input
08:35:21.516 INFO  manager.ListenerWD -- Before click element-->inputtext -->
08:35:21.542 INFO  manager.ListenerWD -- After click element-->input
08:35:21.558 INFO  manager.ListenerWD -- sendKeys -->
08:35:21.560 INFO  manager.ListenerWD -- sendKeys -->input
08:35:21.583 INFO  manager.ListenerWD -- sendKeys -->
08:35:21.585 INFO  manager.ListenerWD -- sendKeys -->input
08:35:21.600 INFO  manager.ListenerWD -- sendKeys -->
08:35:21.602 INFO  manager.ListenerWD -- sendKeys -->input
08:35:21.614 INFO  manager.ListenerWD -- Before find element-->By.cssSelector: [placeholder='Address']
08:35:21.621 INFO  manager.ListenerWD -- After find element-->By.cssSelector: [placeholder='Address']
08:35:21.623 INFO  manager.ListenerWD -- Location of element-->input
08:35:21.628 INFO  manager.ListenerWD -- Before click element-->inputtext -->
08:35:21.656 INFO  manager.ListenerWD -- After click element-->input
08:35:21.672 INFO  manager.ListenerWD -- sendKeys -->
08:35:21.674 INFO  manager.ListenerWD -- sendKeys -->input
08:35:21.697 INFO  manager.ListenerWD -- sendKeys -->
08:35:21.699 INFO  manager.ListenerWD -- sendKeys -->input
08:35:21.714 INFO  manager.ListenerWD -- sendKeys -->
08:35:21.716 INFO  manager.ListenerWD -- sendKeys -->input
08:35:21.726 INFO  manager.ListenerWD -- Before find element-->By.cssSelector: [placeholder = 'description']
08:35:21.733 INFO  manager.ListenerWD -- After find element-->By.cssSelector: [placeholder = 'description']
08:35:21.735 INFO  manager.ListenerWD -- Location of element-->input
08:35:21.740 INFO  manager.ListenerWD -- Before click element-->inputtext -->
08:35:21.765 INFO  manager.ListenerWD -- After click element-->input
08:35:21.782 INFO  manager.ListenerWD -- sendKeys -->
08:35:21.784 INFO  manager.ListenerWD -- sendKeys -->input
08:35:21.808 INFO  manager.ListenerWD -- sendKeys -->
08:35:21.810 INFO  manager.ListenerWD -- sendKeys -->input
08:35:21.825 INFO  manager.ListenerWD -- sendKeys -->
08:35:21.827 INFO  manager.ListenerWD -- sendKeys -->input
08:35:21.838 INFO  manager.ListenerWD -- Before find element-->By.cssSelector: .add_form__2rsm2>button
08:35:21.845 INFO  manager.ListenerWD -- After find element-->By.cssSelector: .add_form__2rsm2>button
08:35:21.847 INFO  manager.ListenerWD -- Location of element-->button
08:35:21.852 INFO  manager.ListenerWD -- Before click element-->buttontext -->Save
08:35:21.876 INFO  manager.ListenerWD -- After click element-->button
08:35:21.879 INFO  manager.ListenerWD -- Huston, we have a problem!
08:35:21.879 INFO  manager.ListenerWD -- Failed method:alert
08:35:21.879 INFO  manager.ListenerWD -- **********************
08:35:21.879 INFO  manager.ListenerWD -- Arguments:null
08:35:21.879 INFO  manager.ListenerWD -- **********************
08:35:21.879 INFO  manager.ListenerWD -- Exception:NoAlertPresentException
08:35:21.879 INFO  manager.ListenerWD -- **********************
08:35:21.879 INFO  manager.ListenerWD -- Messageno such alert
  (Session info: chrome=148.0.7778.179)
Build info: version: '4.26.0', revision: '8ccf0219d7'
System info: os.name: 'Windows 10', os.arch: 'amd64', os.version: '10.0', java.version: '17.0.12'
Driver info: org.openqa.selenium.chrome.ChromeDriver
Command: [cc5e69a98f05e21a90efb838c5c32d73, getAlertText {}]
Capabilities {acceptInsecureCerts: false, browserName: chrome, browserVersion: 148.0.7778.179, chrome: {chromedriverVersion: 147.0.7727.57 (b4f28b5637d0..., userDataDir: C:\Users\Nina\AppData\Local...}, fedcm:accounts: true, goog:chromeOptions: {debuggerAddress: localhost:60756}, goog:processID: 31596, networkConnectionEnabled: false, pageLoadStrategy: normal, platformName: windows, proxy: Proxy(), se:cdp: ws://localhost:60756/devtoo..., se:cdpVersion: 148.0.7778.179, setWindowRect: true, strictFileInteractability: false, timeouts: {implicit: 0, pageLoad: 300000, script: 30000}, unhandledPromptBehavior: dismiss and notify, webauthn:extension:credBlob: true, webauthn:extension:largeBlob: true, webauthn:extension:minPinLength: true, webauthn:extension:prf: true, webauthn:virtualAuthenticators: true}
Session ID: cc5e69a98f05e21a90efb838c5c32d73
08:35:21.879 INFO  manager.ListenerWD -- **********************
08:35:21.879 INFO  manager.ListenerWD -- Screen with error is --->src/test/screenshots/screen_1600.png
08:35:22.411 INFO  tests.TestBase -- Assert check is alert present with error test 'Phone not valid' 
08:35:22.424 INFO  tests.TestBase -- Assert check Add button is active
08:35:22.425 INFO  manager.TestNGListener -- Success test -->addNewContactWrongPhone
08:35:22.425 INFO  tests.TestBase -- ==============================================
08:35:22.426 INFO  tests.TestBase -- Name of method (test)-->addNewContactWrongPhone
08:35:22.426 INFO  manager.TestNGListener -- Start test -->addNewContactWrongPhone
08:35:22.426 INFO  tests.TestBase -- Test data --> name: Tony, lastName:Molly, phone: , email: molly@gmail.com, address: Haifa, description: empty phone
08:35:22.426 INFO  manager.ListenerWD -- Before find element-->By.cssSelector: a[href='/add']
08:35:22.434 INFO  manager.ListenerWD -- After find element-->By.cssSelector: a[href='/add']
08:35:22.436 INFO  manager.ListenerWD -- Location of element-->a
08:35:22.445 INFO  manager.ListenerWD -- Before click element-->atext -->ADD
08:35:22.480 INFO  manager.ListenerWD -- After click element-->a
08:35:22.480 INFO  manager.ListenerWD -- Before find element-->By.cssSelector: [placeholder='Name']
08:35:22.487 INFO  manager.ListenerWD -- After find element-->By.cssSelector: [placeholder='Name']
08:35:22.490 INFO  manager.ListenerWD -- Location of element-->input
08:35:22.496 INFO  manager.ListenerWD -- Before click element-->inputtext -->
08:35:22.526 INFO  manager.ListenerWD -- After click element-->input
08:35:22.544 INFO  manager.ListenerWD -- sendKeys -->
08:35:22.546 INFO  manager.ListenerWD -- sendKeys -->input
08:35:22.572 INFO  manager.ListenerWD -- sendKeys -->
08:35:22.575 INFO  manager.ListenerWD -- sendKeys -->input
08:35:22.593 INFO  manager.ListenerWD -- sendKeys -->
08:35:22.596 INFO  manager.ListenerWD -- sendKeys -->input
08:35:22.609 INFO  manager.ListenerWD -- Before find element-->By.cssSelector: [placeholder='Last Name']
08:35:22.617 INFO  manager.ListenerWD -- After find element-->By.cssSelector: [placeholder='Last Name']
08:35:22.619 INFO  manager.ListenerWD -- Location of element-->input
08:35:22.624 INFO  manager.ListenerWD -- Before click element-->inputtext -->
08:35:22.652 INFO  manager.ListenerWD -- After click element-->input
08:35:22.667 INFO  manager.ListenerWD -- sendKeys -->
08:35:22.672 INFO  manager.ListenerWD -- sendKeys -->input
08:35:22.697 INFO  manager.ListenerWD -- sendKeys -->
08:35:22.699 INFO  manager.ListenerWD -- sendKeys -->input
08:35:22.714 INFO  manager.ListenerWD -- sendKeys -->
08:35:22.716 INFO  manager.ListenerWD -- sendKeys -->input
08:35:22.727 INFO  manager.ListenerWD -- Before find element-->By.cssSelector: [placeholder='Phone']
08:35:22.732 INFO  manager.ListenerWD -- After find element-->By.cssSelector: [placeholder='Phone']
08:35:22.735 INFO  manager.ListenerWD -- Location of element-->input
08:35:22.741 INFO  manager.ListenerWD -- Before click element-->inputtext -->
08:35:22.768 INFO  manager.ListenerWD -- After click element-->input
08:35:22.783 INFO  manager.ListenerWD -- sendKeys -->
08:35:22.787 INFO  manager.ListenerWD -- sendKeys -->input
08:35:22.810 INFO  manager.ListenerWD -- sendKeys -->
08:35:22.812 INFO  manager.ListenerWD -- sendKeys -->input
08:35:22.826 INFO  manager.ListenerWD -- sendKeys -->
08:35:22.829 INFO  manager.ListenerWD -- sendKeys -->input
08:35:22.839 INFO  manager.ListenerWD -- Before find element-->By.cssSelector: [placeholder='email']
08:35:22.845 INFO  manager.ListenerWD -- After find element-->By.cssSelector: [placeholder='email']
08:35:22.846 INFO  manager.ListenerWD -- Location of element-->input
08:35:22.852 INFO  manager.ListenerWD -- Before click element-->inputtext -->
08:35:22.878 INFO  manager.ListenerWD -- After click element-->input
08:35:22.894 INFO  manager.ListenerWD -- sendKeys -->
08:35:22.896 INFO  manager.ListenerWD -- sendKeys -->input
08:35:22.918 INFO  manager.ListenerWD -- sendKeys -->
08:35:22.920 INFO  manager.ListenerWD -- sendKeys -->input
08:35:22.934 INFO  manager.ListenerWD -- sendKeys -->
08:35:22.937 INFO  manager.ListenerWD -- sendKeys -->input
08:35:22.949 INFO  manager.ListenerWD -- Before find element-->By.cssSelector: [placeholder='Address']
08:35:22.956 INFO  manager.ListenerWD -- After find element-->By.cssSelector: [placeholder='Address']
08:35:22.958 INFO  manager.ListenerWD -- Location of element-->input
08:35:22.963 INFO  manager.ListenerWD -- Before click element-->inputtext -->
08:35:22.988 INFO  manager.ListenerWD -- After click element-->input
08:35:23.003 INFO  manager.ListenerWD -- sendKeys -->
08:35:23.005 INFO  manager.ListenerWD -- sendKeys -->input
08:35:23.028 INFO  manager.ListenerWD -- sendKeys -->
08:35:23.030 INFO  manager.ListenerWD -- sendKeys -->input
08:35:23.044 INFO  manager.ListenerWD -- sendKeys -->
08:35:23.047 INFO  manager.ListenerWD -- sendKeys -->input
08:35:23.058 INFO  manager.ListenerWD -- Before find element-->By.cssSelector: [placeholder = 'description']
08:35:23.064 INFO  manager.ListenerWD -- After find element-->By.cssSelector: [placeholder = 'description']
08:35:23.066 INFO  manager.ListenerWD -- Location of element-->input
08:35:23.072 INFO  manager.ListenerWD -- Before click element-->inputtext -->
08:35:23.097 INFO  manager.ListenerWD -- After click element-->input
08:35:23.112 INFO  manager.ListenerWD -- sendKeys -->
08:35:23.115 INFO  manager.ListenerWD -- sendKeys -->input
08:35:23.139 INFO  manager.ListenerWD -- sendKeys -->
08:35:23.141 INFO  manager.ListenerWD -- sendKeys -->input
08:35:23.155 INFO  manager.ListenerWD -- sendKeys -->
08:35:23.157 INFO  manager.ListenerWD -- sendKeys -->input
08:35:23.168 INFO  manager.ListenerWD -- Before find element-->By.cssSelector: .add_form__2rsm2>button
08:35:23.176 INFO  manager.ListenerWD -- After find element-->By.cssSelector: .add_form__2rsm2>button
08:35:23.178 INFO  manager.ListenerWD -- Location of element-->button
08:35:23.184 INFO  manager.ListenerWD -- Before click element-->buttontext -->Save
08:35:23.206 INFO  manager.ListenerWD -- After click element-->button
08:35:23.210 INFO  manager.ListenerWD -- Huston, we have a problem!
08:35:23.210 INFO  manager.ListenerWD -- Failed method:alert
08:35:23.210 INFO  manager.ListenerWD -- **********************
08:35:23.210 INFO  manager.ListenerWD -- Arguments:null
08:35:23.210 INFO  manager.ListenerWD -- **********************
08:35:23.210 INFO  manager.ListenerWD -- Exception:NoAlertPresentException
08:35:23.210 INFO  manager.ListenerWD -- **********************
08:35:23.210 INFO  manager.ListenerWD -- Messageno such alert
  (Session info: chrome=148.0.7778.179)
Build info: version: '4.26.0', revision: '8ccf0219d7'
System info: os.name: 'Windows 10', os.arch: 'amd64', os.version: '10.0', java.version: '17.0.12'
Driver info: org.openqa.selenium.chrome.ChromeDriver
Command: [cc5e69a98f05e21a90efb838c5c32d73, getAlertText {}]
Capabilities {acceptInsecureCerts: false, browserName: chrome, browserVersion: 148.0.7778.179, chrome: {chromedriverVersion: 147.0.7727.57 (b4f28b5637d0..., userDataDir: C:\Users\Nina\AppData\Local...}, fedcm:accounts: true, goog:chromeOptions: {debuggerAddress: localhost:60756}, goog:processID: 31596, networkConnectionEnabled: false, pageLoadStrategy: normal, platformName: windows, proxy: Proxy(), se:cdp: ws://localhost:60756/devtoo..., se:cdpVersion: 148.0.7778.179, setWindowRect: true, strictFileInteractability: false, timeouts: {implicit: 0, pageLoad: 300000, script: 30000}, unhandledPromptBehavior: dismiss and notify, webauthn:extension:credBlob: true, webauthn:extension:largeBlob: true, webauthn:extension:minPinLength: true, webauthn:extension:prf: true, webauthn:virtualAuthenticators: true}
Session ID: cc5e69a98f05e21a90efb838c5c32d73
08:35:23.210 INFO  manager.ListenerWD -- **********************
08:35:23.210 INFO  manager.ListenerWD -- Screen with error is --->src/test/screenshots/screen_1634.png
08:35:23.733 INFO  tests.TestBase -- Assert check is alert present with error test 'Phone not valid' 
08:35:23.746 INFO  tests.TestBase -- Assert check Add button is active
08:35:23.747 INFO  manager.TestNGListener -- Success test -->addNewContactWrongPhone
08:35:23.747 INFO  tests.TestBase -- ==============================================
08:35:23.748 INFO  tests.TestBase -- Name of method (test)-->addNewContactWrongPhone
08:35:23.748 INFO  manager.TestNGListener -- Start test -->addNewContactWrongPhone
08:35:23.748 INFO  tests.TestBase -- Test data --> name: Tony, lastName:Molly, phone: , email: molly@gmail.com, address: Haifa, description: empty phone
08:35:23.748 INFO  manager.ListenerWD -- Before find element-->By.cssSelector: a[href='/add']
08:35:23.756 INFO  manager.ListenerWD -- After find element-->By.cssSelector: a[href='/add']
08:35:23.759 INFO  manager.ListenerWD -- Location of element-->a
08:35:23.766 INFO  manager.ListenerWD -- Before click element-->atext -->ADD
08:35:23.801 INFO  manager.ListenerWD -- After click element-->a
08:35:23.801 INFO  manager.ListenerWD -- Before find element-->By.cssSelector: [placeholder='Name']
08:35:23.808 INFO  manager.ListenerWD -- After find element-->By.cssSelector: [placeholder='Name']
08:35:23.810 INFO  manager.ListenerWD -- Location of element-->input
08:35:23.816 INFO  manager.ListenerWD -- Before click element-->inputtext -->
08:35:23.846 INFO  manager.ListenerWD -- After click element-->input
08:35:23.864 INFO  manager.ListenerWD -- sendKeys -->
08:35:23.866 INFO  manager.ListenerWD -- sendKeys -->input
08:35:23.890 INFO  manager.ListenerWD -- sendKeys -->
08:35:23.892 INFO  manager.ListenerWD -- sendKeys -->input
08:35:23.909 INFO  manager.ListenerWD -- sendKeys -->
08:35:23.912 INFO  manager.ListenerWD -- sendKeys -->input
08:35:23.924 INFO  manager.ListenerWD -- Before find element-->By.cssSelector: [placeholder='Last Name']
08:35:23.931 INFO  manager.ListenerWD -- After find element-->By.cssSelector: [placeholder='Last Name']
08:35:23.933 INFO  manager.ListenerWD -- Location of element-->input
08:35:23.940 INFO  manager.ListenerWD -- Before click element-->inputtext -->
08:35:23.966 INFO  manager.ListenerWD -- After click element-->input
08:35:23.981 INFO  manager.ListenerWD -- sendKeys -->
08:35:23.983 INFO  manager.ListenerWD -- sendKeys -->input
08:35:24.006 INFO  manager.ListenerWD -- sendKeys -->
08:35:24.008 INFO  manager.ListenerWD -- sendKeys -->input
08:35:24.023 INFO  manager.ListenerWD -- sendKeys -->
08:35:24.025 INFO  manager.ListenerWD -- sendKeys -->input
08:35:24.035 INFO  manager.ListenerWD -- Before find element-->By.cssSelector: [placeholder='Phone']
08:35:24.041 INFO  manager.ListenerWD -- After find element-->By.cssSelector: [placeholder='Phone']
08:35:24.044 INFO  manager.ListenerWD -- Location of element-->input
08:35:24.050 INFO  manager.ListenerWD -- Before click element-->inputtext -->
08:35:24.077 INFO  manager.ListenerWD -- After click element-->input
08:35:24.090 INFO  manager.ListenerWD -- sendKeys -->
08:35:24.093 INFO  manager.ListenerWD -- sendKeys -->input
08:35:24.108 INFO  manager.ListenerWD -- sendKeys -->
08:35:24.110 INFO  manager.ListenerWD -- sendKeys -->input
08:35:24.125 INFO  manager.ListenerWD -- sendKeys -->
08:35:24.127 INFO  manager.ListenerWD -- sendKeys -->input
08:35:24.139 INFO  manager.ListenerWD -- Before find element-->By.cssSelector: [placeholder='email']
08:35:24.146 INFO  manager.ListenerWD -- After find element-->By.cssSelector: [placeholder='email']
08:35:24.148 INFO  manager.ListenerWD -- Location of element-->input
08:35:24.153 INFO  manager.ListenerWD -- Before click element-->inputtext -->
08:35:24.179 INFO  manager.ListenerWD -- After click element-->input
08:35:24.196 INFO  manager.ListenerWD -- sendKeys -->
08:35:24.198 INFO  manager.ListenerWD -- sendKeys -->input
08:35:24.220 INFO  manager.ListenerWD -- sendKeys -->
08:35:24.223 INFO  manager.ListenerWD -- sendKeys -->input
08:35:24.239 INFO  manager.ListenerWD -- sendKeys -->
08:35:24.241 INFO  manager.ListenerWD -- sendKeys -->input
08:35:24.254 INFO  manager.ListenerWD -- Before find element-->By.cssSelector: [placeholder='Address']
08:35:24.260 INFO  manager.ListenerWD -- After find element-->By.cssSelector: [placeholder='Address']
08:35:24.262 INFO  manager.ListenerWD -- Location of element-->input
08:35:24.267 INFO  manager.ListenerWD -- Before click element-->inputtext -->
08:35:24.294 INFO  manager.ListenerWD -- After click element-->input
08:35:24.310 INFO  manager.ListenerWD -- sendKeys -->
08:35:24.312 INFO  manager.ListenerWD -- sendKeys -->input
08:35:24.336 INFO  manager.ListenerWD -- sendKeys -->
08:35:24.338 INFO  manager.ListenerWD -- sendKeys -->input
08:35:24.354 INFO  manager.ListenerWD -- sendKeys -->
08:35:24.356 INFO  manager.ListenerWD -- sendKeys -->input
08:35:24.368 INFO  manager.ListenerWD -- Before find element-->By.cssSelector: [placeholder = 'description']
08:35:24.373 INFO  manager.ListenerWD -- After find element-->By.cssSelector: [placeholder = 'description']
08:35:24.375 INFO  manager.ListenerWD -- Location of element-->input
08:35:24.381 INFO  manager.ListenerWD -- Before click element-->inputtext -->
08:35:24.409 INFO  manager.ListenerWD -- After click element-->input
08:35:24.426 INFO  manager.ListenerWD -- sendKeys -->
08:35:24.428 INFO  manager.ListenerWD -- sendKeys -->input
08:35:24.450 INFO  manager.ListenerWD -- sendKeys -->
08:35:24.452 INFO  manager.ListenerWD -- sendKeys -->input
08:35:24.468 INFO  manager.ListenerWD -- sendKeys -->
08:35:24.470 INFO  manager.ListenerWD -- sendKeys -->input
08:35:24.485 INFO  manager.ListenerWD -- Before find element-->By.cssSelector: .add_form__2rsm2>button
08:35:24.491 INFO  manager.ListenerWD -- After find element-->By.cssSelector: .add_form__2rsm2>button
08:35:24.493 INFO  manager.ListenerWD -- Location of element-->button
08:35:24.499 INFO  manager.ListenerWD -- Before click element-->buttontext -->Save
08:35:24.523 INFO  manager.ListenerWD -- After click element-->button
08:35:24.526 INFO  manager.ListenerWD -- Huston, we have a problem!
08:35:24.526 INFO  manager.ListenerWD -- Failed method:alert
08:35:24.526 INFO  manager.ListenerWD -- **********************
08:35:24.526 INFO  manager.ListenerWD -- Arguments:null
08:35:24.526 INFO  manager.ListenerWD -- **********************
08:35:24.526 INFO  manager.ListenerWD -- Exception:NoAlertPresentException
08:35:24.526 INFO  manager.ListenerWD -- **********************
08:35:24.526 INFO  manager.ListenerWD -- Messageno such alert
  (Session info: chrome=148.0.7778.179)
Build info: version: '4.26.0', revision: '8ccf0219d7'
System info: os.name: 'Windows 10', os.arch: 'amd64', os.version: '10.0', java.version: '17.0.12'
Driver info: org.openqa.selenium.chrome.ChromeDriver
Command: [cc5e69a98f05e21a90efb838c5c32d73, getAlertText {}]
Capabilities {acceptInsecureCerts: false, browserName: chrome, browserVersion: 148.0.7778.179, chrome: {chromedriverVersion: 147.0.7727.57 (b4f28b5637d0..., userDataDir: C:\Users\Nina\AppData\Local...}, fedcm:accounts: true, goog:chromeOptions: {debuggerAddress: localhost:60756}, goog:processID: 31596, networkConnectionEnabled: false, pageLoadStrategy: normal, platformName: windows, proxy: Proxy(), se:cdp: ws://localhost:60756/devtoo..., se:cdpVersion: 148.0.7778.179, setWindowRect: true, strictFileInteractability: false, timeouts: {implicit: 0, pageLoad: 300000, script: 30000}, unhandledPromptBehavior: dismiss and notify, webauthn:extension:credBlob: true, webauthn:extension:largeBlob: true, webauthn:extension:minPinLength: true, webauthn:extension:prf: true, webauthn:virtualAuthenticators: true}
Session ID: cc5e69a98f05e21a90efb838c5c32d73
08:35:24.526 INFO  manager.ListenerWD -- **********************
08:35:24.526 INFO  manager.ListenerWD -- Screen with error is --->src/test/screenshots/screen_1850.png
08:35:25.055 INFO  tests.TestBase -- Assert check is alert present with error test 'Phone not valid' 
08:35:25.066 INFO  tests.TestBase -- Assert check Add button is active
08:35:25.066 INFO  manager.TestNGListener -- Success test -->addNewContactWrongPhone
08:35:25.067 INFO  tests.TestBase -- ==============================================
08:35:25.069 INFO  tests.TestBase -- Name of method (test)-->loginSuccess
08:35:25.081 INFO  manager.ListenerWD -- Before find element-->By.xpath: //button[text()='Sign Out']
08:35:25.092 INFO  manager.ListenerWD -- After find element-->By.xpath: //button[text()='Sign Out']
08:35:25.095 INFO  manager.ListenerWD -- Location of element-->button
08:35:25.102 INFO  manager.ListenerWD -- Before click element-->buttontext -->Sign Out
08:35:25.138 INFO  tests.TestBase -- Before method finished logout
08:35:25.139 INFO  manager.TestNGListener -- Start test -->loginSuccess
08:35:25.139 INFO  tests.TestBase -- Start test with name 'loginSuccess'
08:35:25.140 INFO  tests.TestBase -- Test data ---> email: lolik@gmail.com & password: Lolik123!
08:35:25.140 INFO  manager.ListenerWD -- Before find element-->By.cssSelector: a[href='/login']
08:35:25.149 INFO  manager.ListenerWD -- After find element-->By.cssSelector: a[href='/login']
08:35:25.152 INFO  manager.ListenerWD -- Location of element-->a
08:35:25.158 INFO  manager.ListenerWD -- Before click element-->atext -->LOGIN
08:35:25.191 INFO  manager.ListenerWD -- After click element-->a
08:35:25.191 INFO  manager.HelperBase -- Open form by ckick on button with locator a[href='/login']
08:35:25.191 INFO  manager.ListenerWD -- Before find element-->By.name: email
08:35:25.200 INFO  manager.ListenerWD -- After find element-->By.name: email
08:35:25.203 INFO  manager.ListenerWD -- Location of element-->input
08:35:25.209 INFO  manager.ListenerWD -- Before click element-->inputtext -->
08:35:25.249 INFO  manager.ListenerWD -- After click element-->input
08:35:25.266 INFO  manager.ListenerWD -- sendKeys -->
08:35:25.268 INFO  manager.ListenerWD -- sendKeys -->input
08:35:25.284 INFO  manager.ListenerWD -- sendKeys -->
08:35:25.286 INFO  manager.ListenerWD -- sendKeys -->input
08:35:25.302 INFO  manager.ListenerWD -- sendKeys -->
08:35:25.304 INFO  manager.ListenerWD -- sendKeys -->input
08:35:25.319 INFO  manager.HelperBase -- type in input with locator By.name("email") 
08:35:25.319 INFO  manager.ListenerWD -- Before find element-->By.xpath: //input[@placeholder='Password']
08:35:25.327 INFO  manager.ListenerWD -- After find element-->By.xpath: //input[@placeholder='Password']
08:35:25.329 INFO  manager.ListenerWD -- Location of element-->input
08:35:25.335 INFO  manager.ListenerWD -- Before click element-->inputtext -->
08:35:25.371 INFO  manager.ListenerWD -- After click element-->input
08:35:25.387 INFO  manager.ListenerWD -- sendKeys -->
08:35:25.389 INFO  manager.ListenerWD -- sendKeys -->input
08:35:25.406 INFO  manager.ListenerWD -- sendKeys -->
08:35:25.409 INFO  manager.ListenerWD -- sendKeys -->input
08:35:25.425 INFO  manager.ListenerWD -- sendKeys -->
08:35:25.427 INFO  manager.ListenerWD -- sendKeys -->input
08:35:25.441 INFO  manager.ListenerWD -- Before find element-->By.xpath: //button[text()='Login']
08:35:25.450 INFO  manager.ListenerWD -- After find element-->By.xpath: //button[text()='Login']
08:35:25.452 INFO  manager.ListenerWD -- Location of element-->button
08:35:25.458 INFO  manager.ListenerWD -- Before click element-->buttontext -->Login
08:35:25.818 INFO  tests.TestBase -- Assert check is element button 'Sign out' present
08:35:25.818 INFO  manager.TestNGListener -- Success test -->loginSuccess
08:35:25.819 INFO  tests.TestBase -- ==============================================
08:35:25.820 INFO  tests.TestBase -- Name of method (test)-->loginSuccess
08:35:25.829 INFO  manager.ListenerWD -- Before find element-->By.xpath: //button[text()='Sign Out']
08:35:25.836 INFO  manager.ListenerWD -- After find element-->By.xpath: //button[text()='Sign Out']
08:35:25.838 INFO  manager.ListenerWD -- Location of element-->button
08:35:25.845 INFO  manager.ListenerWD -- Before click element-->buttontext -->Sign Out
08:35:25.881 INFO  tests.TestBase -- Before method finished logout
08:35:25.882 INFO  manager.TestNGListener -- Start test -->loginSuccess
08:35:25.882 INFO  tests.TestBase -- Start test with name 'loginSuccess'
08:35:25.882 INFO  tests.TestBase -- Test data ---> email: sonya@gmail.com & password: Ss12345$
08:35:25.882 INFO  manager.ListenerWD -- Before find element-->By.cssSelector: a[href='/login']
08:35:25.888 INFO  manager.ListenerWD -- After find element-->By.cssSelector: a[href='/login']
08:35:25.891 INFO  manager.ListenerWD -- Location of element-->a
08:35:25.897 INFO  manager.ListenerWD -- Before click element-->atext -->LOGIN
08:35:25.923 INFO  manager.ListenerWD -- After click element-->a
08:35:25.923 INFO  manager.HelperBase -- Open form by ckick on button with locator a[href='/login']
08:35:25.923 INFO  manager.ListenerWD -- Before find element-->By.name: email
08:35:25.930 INFO  manager.ListenerWD -- After find element-->By.name: email
08:35:25.933 INFO  manager.ListenerWD -- Location of element-->input
08:35:25.939 INFO  manager.ListenerWD -- Before click element-->inputtext -->
08:35:25.973 INFO  manager.ListenerWD -- After click element-->input
08:35:25.988 INFO  manager.ListenerWD -- sendKeys -->
08:35:25.990 INFO  manager.ListenerWD -- sendKeys -->input
08:35:26.006 INFO  manager.ListenerWD -- sendKeys -->
08:35:26.008 INFO  manager.ListenerWD -- sendKeys -->input
08:35:26.024 INFO  manager.ListenerWD -- sendKeys -->
08:35:26.027 INFO  manager.ListenerWD -- sendKeys -->input
08:35:26.042 INFO  manager.HelperBase -- type in input with locator By.name("email") 
08:35:26.042 INFO  manager.ListenerWD -- Before find element-->By.xpath: //input[@placeholder='Password']
08:35:26.049 INFO  manager.ListenerWD -- After find element-->By.xpath: //input[@placeholder='Password']
08:35:26.052 INFO  manager.ListenerWD -- Location of element-->input
08:35:26.058 INFO  manager.ListenerWD -- Before click element-->inputtext -->
08:35:26.091 INFO  manager.ListenerWD -- After click element-->input
08:35:26.105 INFO  manager.ListenerWD -- sendKeys -->
08:35:26.107 INFO  manager.ListenerWD -- sendKeys -->input
08:35:26.124 INFO  manager.ListenerWD -- sendKeys -->
08:35:26.126 INFO  manager.ListenerWD -- sendKeys -->input
08:35:26.142 INFO  manager.ListenerWD -- sendKeys -->
08:35:26.143 INFO  manager.ListenerWD -- sendKeys -->input
08:35:26.156 INFO  manager.ListenerWD -- Before find element-->By.xpath: //button[text()='Login']
08:35:26.163 INFO  manager.ListenerWD -- After find element-->By.xpath: //button[text()='Login']
08:35:26.166 INFO  manager.ListenerWD -- Location of element-->button
08:35:26.172 INFO  manager.ListenerWD -- Before click element-->buttontext -->Login
08:35:26.461 INFO  tests.TestBase -- Assert check is element button 'Sign out' present
08:35:26.461 INFO  manager.TestNGListener -- Success test -->loginSuccess
08:35:26.462 INFO  tests.TestBase -- ==============================================
08:35:26.462 INFO  tests.TestBase -- Name of method (test)-->loginSuccess
08:35:26.471 INFO  manager.ListenerWD -- Before find element-->By.xpath: //button[text()='Sign Out']
08:35:26.478 INFO  manager.ListenerWD -- After find element-->By.xpath: //button[text()='Sign Out']
08:35:26.481 INFO  manager.ListenerWD -- Location of element-->button
08:35:26.487 INFO  manager.ListenerWD -- Before click element-->buttontext -->Sign Out
08:35:26.518 INFO  tests.TestBase -- Before method finished logout
08:35:26.518 INFO  manager.TestNGListener -- Start test -->loginSuccess
08:35:26.518 INFO  tests.TestBase -- Start test with name 'loginSuccess'
08:35:26.518 INFO  tests.TestBase -- Test data ---> email: art276@art.com & password: $Art1$2$3456789
08:35:26.518 INFO  manager.ListenerWD -- Before find element-->By.cssSelector: a[href='/login']
08:35:26.525 INFO  manager.ListenerWD -- After find element-->By.cssSelector: a[href='/login']
08:35:26.527 INFO  manager.ListenerWD -- Location of element-->a
08:35:26.533 INFO  manager.ListenerWD -- Before click element-->atext -->LOGIN
08:35:26.559 INFO  manager.ListenerWD -- After click element-->a
08:35:26.559 INFO  manager.HelperBase -- Open form by ckick on button with locator a[href='/login']
08:35:26.559 INFO  manager.ListenerWD -- Before find element-->By.name: email
08:35:26.567 INFO  manager.ListenerWD -- After find element-->By.name: email
08:35:26.569 INFO  manager.ListenerWD -- Location of element-->input
08:35:26.575 INFO  manager.ListenerWD -- Before click element-->inputtext -->
08:35:26.607 INFO  manager.ListenerWD -- After click element-->input
08:35:26.622 INFO  manager.ListenerWD -- sendKeys -->
08:35:26.624 INFO  manager.ListenerWD -- sendKeys -->input
08:35:26.639 INFO  manager.ListenerWD -- sendKeys -->
08:35:26.641 INFO  manager.ListenerWD -- sendKeys -->input
08:35:26.657 INFO  manager.ListenerWD -- sendKeys -->
08:35:26.660 INFO  manager.ListenerWD -- sendKeys -->input
08:35:26.674 INFO  manager.HelperBase -- type in input with locator By.name("email") 
08:35:26.674 INFO  manager.ListenerWD -- Before find element-->By.xpath: //input[@placeholder='Password']
08:35:26.680 INFO  manager.ListenerWD -- After find element-->By.xpath: //input[@placeholder='Password']
08:35:26.683 INFO  manager.ListenerWD -- Location of element-->input
08:35:26.688 INFO  manager.ListenerWD -- Before click element-->inputtext -->
08:35:26.723 INFO  manager.ListenerWD -- After click element-->input
08:35:26.738 INFO  manager.ListenerWD -- sendKeys -->
08:35:26.739 INFO  manager.ListenerWD -- sendKeys -->input
08:35:26.754 INFO  manager.ListenerWD -- sendKeys -->
08:35:26.757 INFO  manager.ListenerWD -- sendKeys -->input
08:35:26.774 INFO  manager.ListenerWD -- sendKeys -->
08:35:26.776 INFO  manager.ListenerWD -- sendKeys -->input
08:35:26.791 INFO  manager.ListenerWD -- Before find element-->By.xpath: //button[text()='Login']
08:35:26.798 INFO  manager.ListenerWD -- After find element-->By.xpath: //button[text()='Login']
08:35:26.800 INFO  manager.ListenerWD -- Location of element-->button
08:35:26.805 INFO  manager.ListenerWD -- Before click element-->buttontext -->Login
08:35:27.150 INFO  tests.TestBase -- Assert check is element button 'Sign out' present
08:35:27.151 INFO  manager.TestNGListener -- Success test -->loginSuccess
08:35:27.151 INFO  tests.TestBase -- ==============================================
08:35:27.152 INFO  tests.TestBase -- Name of method (test)-->loginSuccess1
08:35:27.161 INFO  manager.ListenerWD -- Before find element-->By.xpath: //button[text()='Sign Out']
08:35:27.167 INFO  manager.ListenerWD -- After find element-->By.xpath: //button[text()='Sign Out']
08:35:27.170 INFO  manager.ListenerWD -- Location of element-->button
08:35:27.178 INFO  manager.ListenerWD -- Before click element-->buttontext -->Sign Out
08:35:27.208 INFO  tests.TestBase -- Before method finished logout
08:35:27.208 INFO  manager.TestNGListener -- Start test -->loginSuccess1
08:35:27.209 INFO  manager.ListenerWD -- Before find element-->By.cssSelector: a[href='/login']
08:35:27.216 INFO  manager.ListenerWD -- After find element-->By.cssSelector: a[href='/login']
08:35:27.219 INFO  manager.ListenerWD -- Location of element-->a
08:35:27.225 INFO  manager.ListenerWD -- Before click element-->atext -->LOGIN
08:35:27.251 INFO  manager.ListenerWD -- After click element-->a
08:35:27.251 INFO  manager.HelperBase -- Open form by ckick on button with locator a[href='/login']
08:35:27.251 INFO  manager.ListenerWD -- Before find element-->By.name: email
08:35:27.259 INFO  manager.ListenerWD -- After find element-->By.name: email
08:35:27.262 INFO  manager.ListenerWD -- Location of element-->input
08:35:27.268 INFO  manager.ListenerWD -- Before click element-->inputtext -->
08:35:27.310 INFO  manager.ListenerWD -- After click element-->input
08:35:27.326 INFO  manager.ListenerWD -- sendKeys -->
08:35:27.328 INFO  manager.ListenerWD -- sendKeys -->input
08:35:27.344 INFO  manager.ListenerWD -- sendKeys -->
08:35:27.346 INFO  manager.ListenerWD -- sendKeys -->input
08:35:27.363 INFO  manager.ListenerWD -- sendKeys -->
08:35:27.367 INFO  manager.ListenerWD -- sendKeys -->input
08:35:27.381 INFO  manager.ListenerWD -- Before find element-->By.xpath: //input[@placeholder='Password']
08:35:27.389 INFO  manager.ListenerWD -- After find element-->By.xpath: //input[@placeholder='Password']
08:35:27.393 INFO  manager.ListenerWD -- Location of element-->input
08:35:27.401 INFO  manager.ListenerWD -- Before click element-->inputtext -->
08:35:27.434 INFO  manager.ListenerWD -- After click element-->input
08:35:27.450 INFO  manager.ListenerWD -- sendKeys -->
08:35:27.452 INFO  manager.ListenerWD -- sendKeys -->input
08:35:27.469 INFO  manager.ListenerWD -- sendKeys -->
08:35:27.471 INFO  manager.ListenerWD -- sendKeys -->input
08:35:27.487 INFO  manager.ListenerWD -- sendKeys -->
08:35:27.489 INFO  manager.ListenerWD -- sendKeys -->input
08:35:27.503 INFO  manager.ListenerWD -- Before find element-->By.xpath: //button[text()='Login']
08:35:27.509 INFO  manager.ListenerWD -- After find element-->By.xpath: //button[text()='Login']
08:35:27.512 INFO  manager.ListenerWD -- Location of element-->button
08:35:27.518 INFO  manager.ListenerWD -- Before click element-->buttontext -->Login
08:35:27.802 INFO  manager.TestNGListener -- Success test -->loginSuccess1
08:35:27.802 INFO  tests.TestBase -- ==============================================
08:35:27.803 INFO  tests.TestBase -- Name of method (test)-->loginSuccessModel
08:35:27.812 INFO  manager.ListenerWD -- Before find element-->By.xpath: //button[text()='Sign Out']
08:35:27.818 INFO  manager.ListenerWD -- After find element-->By.xpath: //button[text()='Sign Out']
08:35:27.820 INFO  manager.ListenerWD -- Location of element-->button
08:35:27.825 INFO  manager.ListenerWD -- Before click element-->buttontext -->Sign Out
08:35:27.852 INFO  tests.TestBase -- Before method finished logout
08:35:27.853 INFO  manager.TestNGListener -- Start test -->loginSuccessModel
08:35:27.853 INFO  tests.TestBase -- Test data---> User{email='lolik@gmail.com', password='Lolik123!'}
08:35:27.853 INFO  manager.ListenerWD -- Before find element-->By.cssSelector: a[href='/login']
08:35:27.860 INFO  manager.ListenerWD -- After find element-->By.cssSelector: a[href='/login']
08:35:27.863 INFO  manager.ListenerWD -- Location of element-->a
08:35:27.868 INFO  manager.ListenerWD -- Before click element-->atext -->LOGIN
08:35:27.895 INFO  manager.ListenerWD -- After click element-->a
08:35:27.897 INFO  manager.HelperBase -- Open form by ckick on button with locator a[href='/login']
08:35:27.897 INFO  manager.ListenerWD -- Before find element-->By.name: email
08:35:27.903 INFO  manager.ListenerWD -- After find element-->By.name: email
08:35:27.905 INFO  manager.ListenerWD -- Location of element-->input
08:35:27.911 INFO  manager.ListenerWD -- Before click element-->inputtext -->
08:35:27.943 INFO  manager.ListenerWD -- After click element-->input
08:35:27.958 INFO  manager.ListenerWD -- sendKeys -->
08:35:27.960 INFO  manager.ListenerWD -- sendKeys -->input
08:35:27.975 INFO  manager.ListenerWD -- sendKeys -->
08:35:27.978 INFO  manager.ListenerWD -- sendKeys -->input
08:35:27.994 INFO  manager.ListenerWD -- sendKeys -->
08:35:27.997 INFO  manager.ListenerWD -- sendKeys -->input
08:35:28.012 INFO  manager.ListenerWD -- Before find element-->By.xpath: //input[@placeholder='Password']
08:35:28.019 INFO  manager.ListenerWD -- After find element-->By.xpath: //input[@placeholder='Password']
08:35:28.021 INFO  manager.ListenerWD -- Location of element-->input
08:35:28.027 INFO  manager.ListenerWD -- Before click element-->inputtext -->
08:35:28.060 INFO  manager.ListenerWD -- After click element-->input
08:35:28.076 INFO  manager.ListenerWD -- sendKeys -->
08:35:28.078 INFO  manager.ListenerWD -- sendKeys -->input
08:35:28.095 INFO  manager.ListenerWD -- sendKeys -->
08:35:28.097 INFO  manager.ListenerWD -- sendKeys -->input
08:35:28.114 INFO  manager.ListenerWD -- sendKeys -->
08:35:28.116 INFO  manager.ListenerWD -- sendKeys -->input
08:35:28.130 INFO  manager.ListenerWD -- Before find element-->By.xpath: //button[text()='Login']
08:35:28.136 INFO  manager.ListenerWD -- After find element-->By.xpath: //button[text()='Login']
08:35:28.139 INFO  manager.ListenerWD -- Location of element-->button
08:35:28.145 INFO  manager.ListenerWD -- Before click element-->buttontext -->Login
08:35:28.436 INFO  tests.TestBase -- Assert check is element button 'Sign out' present
08:35:28.436 INFO  manager.TestNGListener -- Success test -->loginSuccessModel
08:35:28.437 INFO  tests.TestBase -- ==============================================
08:35:28.437 INFO  tests.TestBase -- Name of method (test)-->loginSuccessModel
08:35:28.449 INFO  manager.ListenerWD -- Before find element-->By.xpath: //button[text()='Sign Out']
08:35:28.457 INFO  manager.ListenerWD -- After find element-->By.xpath: //button[text()='Sign Out']
08:35:28.459 INFO  manager.ListenerWD -- Location of element-->button
08:35:28.465 INFO  manager.ListenerWD -- Before click element-->buttontext -->Sign Out
08:35:28.495 INFO  tests.TestBase -- Before method finished logout
08:35:28.495 INFO  manager.TestNGListener -- Start test -->loginSuccessModel
08:35:28.495 INFO  tests.TestBase -- Test data---> User{email='sonya@gmail.com', password='Ss12345$'}
08:35:28.496 INFO  manager.ListenerWD -- Before find element-->By.cssSelector: a[href='/login']
08:35:28.502 INFO  manager.ListenerWD -- After find element-->By.cssSelector: a[href='/login']
08:35:28.505 INFO  manager.ListenerWD -- Location of element-->a
08:35:28.511 INFO  manager.ListenerWD -- Before click element-->atext -->LOGIN
08:35:28.537 INFO  manager.ListenerWD -- After click element-->a
08:35:28.537 INFO  manager.HelperBase -- Open form by ckick on button with locator a[href='/login']
08:35:28.537 INFO  manager.ListenerWD -- Before find element-->By.name: email
08:35:28.544 INFO  manager.ListenerWD -- After find element-->By.name: email
08:35:28.547 INFO  manager.ListenerWD -- Location of element-->input
08:35:28.552 INFO  manager.ListenerWD -- Before click element-->inputtext -->
08:35:28.584 INFO  manager.ListenerWD -- After click element-->input
08:35:28.598 INFO  manager.ListenerWD -- sendKeys -->
08:35:28.600 INFO  manager.ListenerWD -- sendKeys -->input
08:35:28.616 INFO  manager.ListenerWD -- sendKeys -->
08:35:28.618 INFO  manager.ListenerWD -- sendKeys -->input
08:35:28.632 INFO  manager.ListenerWD -- sendKeys -->
08:35:28.634 INFO  manager.ListenerWD -- sendKeys -->input
08:35:28.648 INFO  manager.ListenerWD -- Before find element-->By.xpath: //input[@placeholder='Password']
08:35:28.655 INFO  manager.ListenerWD -- After find element-->By.xpath: //input[@placeholder='Password']
08:35:28.657 INFO  manager.ListenerWD -- Location of element-->input
08:35:28.662 INFO  manager.ListenerWD -- Before click element-->inputtext -->
08:35:28.695 INFO  manager.ListenerWD -- After click element-->input
08:35:28.710 INFO  manager.ListenerWD -- sendKeys -->
08:35:28.713 INFO  manager.ListenerWD -- sendKeys -->input
08:35:28.727 INFO  manager.ListenerWD -- sendKeys -->
08:35:28.730 INFO  manager.ListenerWD -- sendKeys -->input
08:35:28.746 INFO  manager.ListenerWD -- sendKeys -->
08:35:28.748 INFO  manager.ListenerWD -- sendKeys -->input
08:35:28.761 INFO  manager.ListenerWD -- Before find element-->By.xpath: //button[text()='Login']
08:35:28.768 INFO  manager.ListenerWD -- After find element-->By.xpath: //button[text()='Login']
08:35:28.770 INFO  manager.ListenerWD -- Location of element-->button
08:35:28.776 INFO  manager.ListenerWD -- Before click element-->buttontext -->Login
08:35:29.071 INFO  tests.TestBase -- Assert check is element button 'Sign out' present
08:35:29.071 INFO  manager.TestNGListener -- Success test -->loginSuccessModel
08:35:29.071 INFO  tests.TestBase -- ==============================================
08:35:29.072 INFO  tests.TestBase -- Name of method (test)-->loginSuccessModelDPF
08:35:29.083 INFO  manager.ListenerWD -- Before find element-->By.xpath: //button[text()='Sign Out']
08:35:29.089 INFO  manager.ListenerWD -- After find element-->By.xpath: //button[text()='Sign Out']
08:35:29.094 INFO  manager.ListenerWD -- Location of element-->button
08:35:29.100 INFO  manager.ListenerWD -- Before click element-->buttontext -->Sign Out
08:35:29.129 INFO  tests.TestBase -- Before method finished logout
08:35:29.129 INFO  manager.TestNGListener -- Start test -->loginSuccessModelDPF
08:35:29.129 INFO  tests.TestBase -- Test data---> User{email='lolik@gmail.com', password='Lolik123!'}
08:35:29.130 INFO  manager.ListenerWD -- Before find element-->By.cssSelector: a[href='/login']
08:35:29.137 INFO  manager.ListenerWD -- After find element-->By.cssSelector: a[href='/login']
08:35:29.139 INFO  manager.ListenerWD -- Location of element-->a
08:35:29.145 INFO  manager.ListenerWD -- Before click element-->atext -->LOGIN
08:35:29.172 INFO  manager.ListenerWD -- After click element-->a
08:35:29.172 INFO  manager.HelperBase -- Open form by ckick on button with locator a[href='/login']
08:35:29.172 INFO  manager.ListenerWD -- Before find element-->By.name: email
08:35:29.178 INFO  manager.ListenerWD -- After find element-->By.name: email
08:35:29.181 INFO  manager.ListenerWD -- Location of element-->input
08:35:29.187 INFO  manager.ListenerWD -- Before click element-->inputtext -->
08:35:29.221 INFO  manager.ListenerWD -- After click element-->input
08:35:29.236 INFO  manager.ListenerWD -- sendKeys -->
08:35:29.237 INFO  manager.ListenerWD -- sendKeys -->input
08:35:29.253 INFO  manager.ListenerWD -- sendKeys -->
08:35:29.256 INFO  manager.ListenerWD -- sendKeys -->input
08:35:29.272 INFO  manager.ListenerWD -- sendKeys -->
08:35:29.273 INFO  manager.ListenerWD -- sendKeys -->input
08:35:29.287 INFO  manager.ListenerWD -- Before find element-->By.xpath: //input[@placeholder='Password']
08:35:29.298 INFO  manager.ListenerWD -- After find element-->By.xpath: //input[@placeholder='Password']
08:35:29.301 INFO  manager.ListenerWD -- Location of element-->input
08:35:29.307 INFO  manager.ListenerWD -- Before click element-->inputtext -->
08:35:29.344 INFO  manager.ListenerWD -- After click element-->input
08:35:29.358 INFO  manager.ListenerWD -- sendKeys -->
08:35:29.360 INFO  manager.ListenerWD -- sendKeys -->input
08:35:29.375 INFO  manager.ListenerWD -- sendKeys -->
08:35:29.376 INFO  manager.ListenerWD -- sendKeys -->input
08:35:29.393 INFO  manager.ListenerWD -- sendKeys -->
08:35:29.395 INFO  manager.ListenerWD -- sendKeys -->input
08:35:29.407 INFO  manager.ListenerWD -- Before find element-->By.xpath: //button[text()='Login']
08:35:29.413 INFO  manager.ListenerWD -- After find element-->By.xpath: //button[text()='Login']
08:35:29.415 INFO  manager.ListenerWD -- Location of element-->button
08:35:29.421 INFO  manager.ListenerWD -- Before click element-->buttontext -->Login
08:35:29.770 INFO  tests.TestBase -- Assert check is element button 'Sign out' present
08:35:29.770 INFO  manager.TestNGListener -- Success test -->loginSuccessModelDPF
08:35:29.771 INFO  tests.TestBase -- ==============================================
08:35:29.771 INFO  tests.TestBase -- Name of method (test)-->loginSuccessModelDPF
08:35:29.779 INFO  manager.ListenerWD -- Before find element-->By.xpath: //button[text()='Sign Out']
08:35:29.787 INFO  manager.ListenerWD -- After find element-->By.xpath: //button[text()='Sign Out']
08:35:29.789 INFO  manager.ListenerWD -- Location of element-->button
08:35:29.796 INFO  manager.ListenerWD -- Before click element-->buttontext -->Sign Out
08:35:29.827 INFO  tests.TestBase -- Before method finished logout
08:35:29.828 INFO  manager.TestNGListener -- Start test -->loginSuccessModelDPF
08:35:29.828 INFO  tests.TestBase -- Test data---> User{email='sonya@gmail.com', password='Ss12345$'}
08:35:29.828 INFO  manager.ListenerWD -- Before find element-->By.cssSelector: a[href='/login']
08:35:29.835 INFO  manager.ListenerWD -- After find element-->By.cssSelector: a[href='/login']
08:35:29.838 INFO  manager.ListenerWD -- Location of element-->a
08:35:29.843 INFO  manager.ListenerWD -- Before click element-->atext -->LOGIN
08:35:29.869 INFO  manager.ListenerWD -- After click element-->a
08:35:29.869 INFO  manager.HelperBase -- Open form by ckick on button with locator a[href='/login']
08:35:29.870 INFO  manager.ListenerWD -- Before find element-->By.name: email
08:35:29.876 INFO  manager.ListenerWD -- After find element-->By.name: email
08:35:29.878 INFO  manager.ListenerWD -- Location of element-->input
08:35:29.884 INFO  manager.ListenerWD -- Before click element-->inputtext -->
08:35:29.914 INFO  manager.ListenerWD -- After click element-->input
08:35:29.931 INFO  manager.ListenerWD -- sendKeys -->
08:35:29.933 INFO  manager.ListenerWD -- sendKeys -->input
08:35:29.947 INFO  manager.ListenerWD -- sendKeys -->
08:35:29.949 INFO  manager.ListenerWD -- sendKeys -->input
08:35:29.964 INFO  manager.ListenerWD -- sendKeys -->
08:35:29.966 INFO  manager.ListenerWD -- sendKeys -->input
08:35:29.980 INFO  manager.ListenerWD -- Before find element-->By.xpath: //input[@placeholder='Password']
08:35:29.987 INFO  manager.ListenerWD -- After find element-->By.xpath: //input[@placeholder='Password']
08:35:29.990 INFO  manager.ListenerWD -- Location of element-->input
08:35:29.995 INFO  manager.ListenerWD -- Before click element-->inputtext -->
08:35:30.028 INFO  manager.ListenerWD -- After click element-->input
08:35:30.042 INFO  manager.ListenerWD -- sendKeys -->
08:35:30.045 INFO  manager.ListenerWD -- sendKeys -->input
08:35:30.059 INFO  manager.ListenerWD -- sendKeys -->
08:35:30.062 INFO  manager.ListenerWD -- sendKeys -->input
08:35:30.077 INFO  manager.ListenerWD -- sendKeys -->
08:35:30.080 INFO  manager.ListenerWD -- sendKeys -->input
08:35:30.092 INFO  manager.ListenerWD -- Before find element-->By.xpath: //button[text()='Login']
08:35:30.100 INFO  manager.ListenerWD -- After find element-->By.xpath: //button[text()='Login']
08:35:30.102 INFO  manager.ListenerWD -- Location of element-->button
08:35:30.107 INFO  manager.ListenerWD -- Before click element-->buttontext -->Login
08:35:30.451 INFO  tests.TestBase -- Assert check is element button 'Sign out' present
08:35:30.451 INFO  manager.TestNGListener -- Success test -->loginSuccessModelDPF
08:35:30.451 INFO  tests.TestBase -- ==============================================
08:35:30.452 INFO  tests.TestBase -- Name of method (test)-->loginSuccessModelDPF
08:35:30.459 INFO  manager.ListenerWD -- Before find element-->By.xpath: //button[text()='Sign Out']
08:35:30.466 INFO  manager.ListenerWD -- After find element-->By.xpath: //button[text()='Sign Out']
08:35:30.468 INFO  manager.ListenerWD -- Location of element-->button
08:35:30.477 INFO  manager.ListenerWD -- Before click element-->buttontext -->Sign Out
08:35:30.507 INFO  tests.TestBase -- Before method finished logout
08:35:30.508 INFO  manager.TestNGListener -- Start test -->loginSuccessModelDPF
08:35:30.508 INFO  tests.TestBase -- Test data---> User{email='lolik@gmail.com', password='Lolik123!'}
08:35:30.508 INFO  manager.ListenerWD -- Before find element-->By.cssSelector: a[href='/login']
08:35:30.515 INFO  manager.ListenerWD -- After find element-->By.cssSelector: a[href='/login']
08:35:30.517 INFO  manager.ListenerWD -- Location of element-->a
08:35:30.523 INFO  manager.ListenerWD -- Before click element-->atext -->LOGIN
08:35:30.548 INFO  manager.ListenerWD -- After click element-->a
08:35:30.549 INFO  manager.HelperBase -- Open form by ckick on button with locator a[href='/login']
08:35:30.549 INFO  manager.ListenerWD -- Before find element-->By.name: email
08:35:30.556 INFO  manager.ListenerWD -- After find element-->By.name: email
08:35:30.559 INFO  manager.ListenerWD -- Location of element-->input
08:35:30.565 INFO  manager.ListenerWD -- Before click element-->inputtext -->
08:35:30.598 INFO  manager.ListenerWD -- After click element-->input
08:35:30.614 INFO  manager.ListenerWD -- sendKeys -->
08:35:30.616 INFO  manager.ListenerWD -- sendKeys -->input
08:35:30.630 INFO  manager.ListenerWD -- sendKeys -->
08:35:30.632 INFO  manager.ListenerWD -- sendKeys -->input
08:35:30.647 INFO  manager.ListenerWD -- sendKeys -->
08:35:30.648 INFO  manager.ListenerWD -- sendKeys -->input
08:35:30.663 INFO  manager.ListenerWD -- Before find element-->By.xpath: //input[@placeholder='Password']
08:35:30.670 INFO  manager.ListenerWD -- After find element-->By.xpath: //input[@placeholder='Password']
08:35:30.672 INFO  manager.ListenerWD -- Location of element-->input
08:35:30.677 INFO  manager.ListenerWD -- Before click element-->inputtext -->
08:35:30.711 INFO  manager.ListenerWD -- After click element-->input
08:35:30.726 INFO  manager.ListenerWD -- sendKeys -->
08:35:30.728 INFO  manager.ListenerWD -- sendKeys -->input
08:35:30.744 INFO  manager.ListenerWD -- sendKeys -->
08:35:30.747 INFO  manager.ListenerWD -- sendKeys -->input
08:35:30.763 INFO  manager.ListenerWD -- sendKeys -->
08:35:30.765 INFO  manager.ListenerWD -- sendKeys -->input
08:35:30.778 INFO  manager.ListenerWD -- Before find element-->By.xpath: //button[text()='Login']
08:35:30.784 INFO  manager.ListenerWD -- After find element-->By.xpath: //button[text()='Login']
08:35:30.786 INFO  manager.ListenerWD -- Location of element-->button
08:35:30.792 INFO  manager.ListenerWD -- Before click element-->buttontext -->Login
08:35:31.136 INFO  tests.TestBase -- Assert check is element button 'Sign out' present
08:35:31.137 INFO  manager.TestNGListener -- Success test -->loginSuccessModelDPF
08:35:31.137 INFO  tests.TestBase -- ==============================================
08:35:31.138 INFO  tests.TestBase -- Name of method (test)-->loginUnregisteredUser
08:35:31.146 INFO  manager.ListenerWD -- Before find element-->By.xpath: //button[text()='Sign Out']
08:35:31.152 INFO  manager.ListenerWD -- After find element-->By.xpath: //button[text()='Sign Out']
08:35:31.155 INFO  manager.ListenerWD -- Location of element-->button
08:35:31.163 INFO  manager.ListenerWD -- Before click element-->buttontext -->Sign Out
08:35:31.191 INFO  tests.TestBase -- Before method finished logout
08:35:31.192 INFO  manager.TestNGListener -- Start test -->loginUnregisteredUser
08:35:31.192 INFO  tests.TestBase -- Test data --> email:'loli_k@mail.ru & password: Lolik123!
08:35:31.192 INFO  manager.ListenerWD -- Before find element-->By.cssSelector: a[href='/login']
08:35:31.199 INFO  manager.ListenerWD -- After find element-->By.cssSelector: a[href='/login']
08:35:31.202 INFO  manager.ListenerWD -- Location of element-->a
08:35:31.208 INFO  manager.ListenerWD -- Before click element-->atext -->LOGIN
08:35:31.233 INFO  manager.ListenerWD -- After click element-->a
08:35:31.233 INFO  manager.HelperBase -- Open form by ckick on button with locator a[href='/login']
08:35:31.233 INFO  manager.ListenerWD -- Before find element-->By.name: email
08:35:31.239 INFO  manager.ListenerWD -- After find element-->By.name: email
08:35:31.242 INFO  manager.ListenerWD -- Location of element-->input
08:35:31.247 INFO  manager.ListenerWD -- Before click element-->inputtext -->
08:35:31.279 INFO  manager.ListenerWD -- After click element-->input
08:35:31.296 INFO  manager.ListenerWD -- sendKeys -->
08:35:31.297 INFO  manager.ListenerWD -- sendKeys -->input
08:35:31.313 INFO  manager.ListenerWD -- sendKeys -->
08:35:31.315 INFO  manager.ListenerWD -- sendKeys -->input
08:35:31.331 INFO  manager.ListenerWD -- sendKeys -->
08:35:31.333 INFO  manager.ListenerWD -- sendKeys -->input
08:35:31.349 INFO  manager.HelperBase -- type in input with locator By.name("email") 
08:35:31.349 INFO  manager.ListenerWD -- Before find element-->By.xpath: //input[@placeholder='Password']
08:35:31.355 INFO  manager.ListenerWD -- After find element-->By.xpath: //input[@placeholder='Password']
08:35:31.358 INFO  manager.ListenerWD -- Location of element-->input
08:35:31.364 INFO  manager.ListenerWD -- Before click element-->inputtext -->
08:35:31.397 INFO  manager.ListenerWD -- After click element-->input
08:35:31.413 INFO  manager.ListenerWD -- sendKeys -->
08:35:31.415 INFO  manager.ListenerWD -- sendKeys -->input
08:35:31.431 INFO  manager.ListenerWD -- sendKeys -->
08:35:31.434 INFO  manager.ListenerWD -- sendKeys -->input
08:35:31.449 INFO  manager.ListenerWD -- sendKeys -->
08:35:31.452 INFO  manager.ListenerWD -- sendKeys -->input
08:35:31.463 INFO  manager.ListenerWD -- Before find element-->By.xpath: //button[text()='Login']
08:35:31.470 INFO  manager.ListenerWD -- After find element-->By.xpath: //button[text()='Login']
08:35:31.472 INFO  manager.ListenerWD -- Location of element-->button
08:35:31.478 INFO  manager.ListenerWD -- Before click element-->buttontext -->Login
08:35:31.509 INFO  manager.ListenerWD -- Huston, we have a problem!
08:35:31.509 INFO  manager.ListenerWD -- Failed method:alert
08:35:31.509 INFO  manager.ListenerWD -- **********************
08:35:31.509 INFO  manager.ListenerWD -- Arguments:null
08:35:31.509 INFO  manager.ListenerWD -- **********************
08:35:31.509 INFO  manager.ListenerWD -- Exception:NoAlertPresentException
08:35:31.509 INFO  manager.ListenerWD -- **********************
08:35:31.509 INFO  manager.ListenerWD -- Messageno such alert
  (Session info: chrome=148.0.7778.179)
Build info: version: '4.26.0', revision: '8ccf0219d7'
System info: os.name: 'Windows 10', os.arch: 'amd64', os.version: '10.0', java.version: '17.0.12'
Driver info: org.openqa.selenium.chrome.ChromeDriver
Command: [cc5e69a98f05e21a90efb838c5c32d73, getAlertText {}]
Capabilities {acceptInsecureCerts: false, browserName: chrome, browserVersion: 148.0.7778.179, chrome: {chromedriverVersion: 147.0.7727.57 (b4f28b5637d0..., userDataDir: C:\Users\Nina\AppData\Local...}, fedcm:accounts: true, goog:chromeOptions: {debuggerAddress: localhost:60756}, goog:processID: 31596, networkConnectionEnabled: false, pageLoadStrategy: normal, platformName: windows, proxy: Proxy(), se:cdp: ws://localhost:60756/devtoo..., se:cdpVersion: 148.0.7778.179, setWindowRect: true, strictFileInteractability: false, timeouts: {implicit: 0, pageLoad: 300000, script: 30000}, unhandledPromptBehavior: dismiss and notify, webauthn:extension:credBlob: true, webauthn:extension:largeBlob: true, webauthn:extension:minPinLength: true, webauthn:extension:prf: true, webauthn:virtualAuthenticators: true}
Session ID: cc5e69a98f05e21a90efb838c5c32d73
08:35:31.509 INFO  manager.ListenerWD -- **********************
08:35:31.510 INFO  manager.ListenerWD -- Screen with error is --->src/test/screenshots/screen_1456.png
08:35:32.030 INFO  tests.TestBase -- Assert check is alert present with error test 'Wrong email or password' 
08:35:32.031 INFO  manager.TestNGListener -- Success test -->loginUnregisteredUser
08:35:32.031 INFO  tests.TestBase -- ==============================================
08:35:32.032 INFO  tests.TestBase -- Name of method (test)-->loginWrongEmail
08:35:37.081 INFO  manager.TestNGListener -- Start test -->loginWrongEmail
08:35:37.082 INFO  tests.TestBase -- Test data --> email:'lolikgmail.com & password: Lolik123!
08:35:37.082 INFO  manager.ListenerWD -- Before find element-->By.cssSelector: a[href='/login']
08:35:37.092 INFO  manager.ListenerWD -- After find element-->By.cssSelector: a[href='/login']
08:35:37.095 INFO  manager.ListenerWD -- Location of element-->a
08:35:37.102 INFO  manager.ListenerWD -- Before click element-->atext -->LOGIN
08:35:37.134 INFO  manager.ListenerWD -- After click element-->a
08:35:37.134 INFO  manager.HelperBase -- Open form by ckick on button with locator a[href='/login']
08:35:37.135 INFO  manager.ListenerWD -- Before find element-->By.name: email
08:35:37.141 INFO  manager.ListenerWD -- After find element-->By.name: email
08:35:37.143 INFO  manager.ListenerWD -- Location of element-->input
08:35:37.149 INFO  manager.ListenerWD -- Before click element-->inputtext -->
08:35:37.178 INFO  manager.ListenerWD -- After click element-->input
08:35:37.194 INFO  manager.ListenerWD -- sendKeys -->
08:35:37.197 INFO  manager.ListenerWD -- sendKeys -->input
08:35:37.220 INFO  manager.ListenerWD -- sendKeys -->
08:35:37.222 INFO  manager.ListenerWD -- sendKeys -->input
08:35:37.237 INFO  manager.ListenerWD -- sendKeys -->
08:35:37.240 INFO  manager.ListenerWD -- sendKeys -->input
08:35:37.253 INFO  manager.HelperBase -- type in input with locator By.name("email") 
08:35:37.253 INFO  manager.ListenerWD -- Before find element-->By.xpath: //input[@placeholder='Password']
08:35:37.260 INFO  manager.ListenerWD -- After find element-->By.xpath: //input[@placeholder='Password']
08:35:37.262 INFO  manager.ListenerWD -- Location of element-->input
08:35:37.268 INFO  manager.ListenerWD -- Before click element-->inputtext -->
08:35:37.297 INFO  manager.ListenerWD -- After click element-->input
08:35:37.313 INFO  manager.ListenerWD -- sendKeys -->
08:35:37.315 INFO  manager.ListenerWD -- sendKeys -->input
08:35:37.339 INFO  manager.ListenerWD -- sendKeys -->
08:35:37.342 INFO  manager.ListenerWD -- sendKeys -->input
08:35:37.357 INFO  manager.ListenerWD -- sendKeys -->
08:35:37.360 INFO  manager.ListenerWD -- sendKeys -->input
08:35:37.373 INFO  manager.ListenerWD -- Before find element-->By.xpath: //button[text()='Login']
08:35:37.380 INFO  manager.ListenerWD -- After find element-->By.xpath: //button[text()='Login']
08:35:37.382 INFO  manager.ListenerWD -- Location of element-->button
08:35:37.388 INFO  manager.ListenerWD -- Before click element-->buttontext -->Login
08:35:37.419 INFO  manager.ListenerWD -- Huston, we have a problem!
08:35:37.419 INFO  manager.ListenerWD -- Failed method:alert
08:35:37.419 INFO  manager.ListenerWD -- **********************
08:35:37.419 INFO  manager.ListenerWD -- Arguments:null
08:35:37.419 INFO  manager.ListenerWD -- **********************
08:35:37.419 INFO  manager.ListenerWD -- Exception:NoAlertPresentException
08:35:37.419 INFO  manager.ListenerWD -- **********************
08:35:37.419 INFO  manager.ListenerWD -- Messageno such alert
  (Session info: chrome=148.0.7778.179)
Build info: version: '4.26.0', revision: '8ccf0219d7'
System info: os.name: 'Windows 10', os.arch: 'amd64', os.version: '10.0', java.version: '17.0.12'
Driver info: org.openqa.selenium.chrome.ChromeDriver
Command: [cc5e69a98f05e21a90efb838c5c32d73, getAlertText {}]
Capabilities {acceptInsecureCerts: false, browserName: chrome, browserVersion: 148.0.7778.179, chrome: {chromedriverVersion: 147.0.7727.57 (b4f28b5637d0..., userDataDir: C:\Users\Nina\AppData\Local...}, fedcm:accounts: true, goog:chromeOptions: {debuggerAddress: localhost:60756}, goog:processID: 31596, networkConnectionEnabled: false, pageLoadStrategy: normal, platformName: windows, proxy: Proxy(), se:cdp: ws://localhost:60756/devtoo..., se:cdpVersion: 148.0.7778.179, setWindowRect: true, strictFileInteractability: false, timeouts: {implicit: 0, pageLoad: 300000, script: 30000}, unhandledPromptBehavior: dismiss and notify, webauthn:extension:credBlob: true, webauthn:extension:largeBlob: true, webauthn:extension:minPinLength: true, webauthn:extension:prf: true, webauthn:virtualAuthenticators: true}
Session ID: cc5e69a98f05e21a90efb838c5c32d73
08:35:37.419 INFO  manager.ListenerWD -- **********************
08:35:37.419 INFO  manager.ListenerWD -- Screen with error is --->src/test/screenshots/screen_1741.png
08:35:37.940 INFO  tests.TestBase -- Assert check is alert present with error test 'Wrong email or password' 
08:35:37.940 INFO  manager.TestNGListener -- Success test -->loginWrongEmail
08:35:37.941 INFO  tests.TestBase -- ==============================================
08:35:37.942 INFO  tests.TestBase -- Name of method (test)-->loginWrongPassword
08:35:42.990 INFO  manager.TestNGListener -- Start test -->loginWrongPassword
08:35:42.991 INFO  tests.TestBase -- Test data --> email:'lolik@gmail.com & password: Lolik123
08:35:42.991 INFO  manager.ListenerWD -- Before find element-->By.cssSelector: a[href='/login']
08:35:43.001 INFO  manager.ListenerWD -- After find element-->By.cssSelector: a[href='/login']
08:35:43.005 INFO  manager.ListenerWD -- Location of element-->a
08:35:43.012 INFO  manager.ListenerWD -- Before click element-->atext -->LOGIN
08:35:43.045 INFO  manager.ListenerWD -- After click element-->a
08:35:43.045 INFO  manager.HelperBase -- Open form by ckick on button with locator a[href='/login']
08:35:43.045 INFO  manager.ListenerWD -- Before find element-->By.name: email
08:35:43.051 INFO  manager.ListenerWD -- After find element-->By.name: email
08:35:43.054 INFO  manager.ListenerWD -- Location of element-->input
08:35:43.059 INFO  manager.ListenerWD -- Before click element-->inputtext -->
08:35:43.087 INFO  manager.ListenerWD -- After click element-->input
08:35:43.106 INFO  manager.ListenerWD -- sendKeys -->
08:35:43.108 INFO  manager.ListenerWD -- sendKeys -->input
08:35:43.129 INFO  manager.ListenerWD -- sendKeys -->
08:35:43.131 INFO  manager.ListenerWD -- sendKeys -->input
08:35:43.146 INFO  manager.ListenerWD -- sendKeys -->
08:35:43.148 INFO  manager.ListenerWD -- sendKeys -->input
08:35:43.160 INFO  manager.HelperBase -- type in input with locator By.name("email") 
08:35:43.160 INFO  manager.ListenerWD -- Before find element-->By.xpath: //input[@placeholder='Password']
08:35:43.167 INFO  manager.ListenerWD -- After find element-->By.xpath: //input[@placeholder='Password']
08:35:43.169 INFO  manager.ListenerWD -- Location of element-->input
08:35:43.174 INFO  manager.ListenerWD -- Before click element-->inputtext -->
08:35:43.200 INFO  manager.ListenerWD -- After click element-->input
08:35:43.216 INFO  manager.ListenerWD -- sendKeys -->
08:35:43.218 INFO  manager.ListenerWD -- sendKeys -->input
08:35:43.242 INFO  manager.ListenerWD -- sendKeys -->
08:35:43.244 INFO  manager.ListenerWD -- sendKeys -->input
08:35:43.257 INFO  manager.ListenerWD -- sendKeys -->
08:35:43.258 INFO  manager.ListenerWD -- sendKeys -->input
08:35:43.270 INFO  manager.ListenerWD -- Before find element-->By.xpath: //button[text()='Login']
08:35:43.276 INFO  manager.ListenerWD -- After find element-->By.xpath: //button[text()='Login']
08:35:43.278 INFO  manager.ListenerWD -- Location of element-->button
08:35:43.283 INFO  manager.ListenerWD -- Before click element-->buttontext -->Login
08:35:43.311 INFO  manager.ListenerWD -- Huston, we have a problem!
08:35:43.311 INFO  manager.ListenerWD -- Failed method:alert
08:35:43.311 INFO  manager.ListenerWD -- **********************
08:35:43.311 INFO  manager.ListenerWD -- Arguments:null
08:35:43.311 INFO  manager.ListenerWD -- **********************
08:35:43.311 INFO  manager.ListenerWD -- Exception:NoAlertPresentException
08:35:43.311 INFO  manager.ListenerWD -- **********************
08:35:43.311 INFO  manager.ListenerWD -- Messageno such alert
  (Session info: chrome=148.0.7778.179)
Build info: version: '4.26.0', revision: '8ccf0219d7'
System info: os.name: 'Windows 10', os.arch: 'amd64', os.version: '10.0', java.version: '17.0.12'
Driver info: org.openqa.selenium.chrome.ChromeDriver
Command: [cc5e69a98f05e21a90efb838c5c32d73, getAlertText {}]
Capabilities {acceptInsecureCerts: false, browserName: chrome, browserVersion: 148.0.7778.179, chrome: {chromedriverVersion: 147.0.7727.57 (b4f28b5637d0..., userDataDir: C:\Users\Nina\AppData\Local...}, fedcm:accounts: true, goog:chromeOptions: {debuggerAddress: localhost:60756}, goog:processID: 31596, networkConnectionEnabled: false, pageLoadStrategy: normal, platformName: windows, proxy: Proxy(), se:cdp: ws://localhost:60756/devtoo..., se:cdpVersion: 148.0.7778.179, setWindowRect: true, strictFileInteractability: false, timeouts: {implicit: 0, pageLoad: 300000, script: 30000}, unhandledPromptBehavior: dismiss and notify, webauthn:extension:credBlob: true, webauthn:extension:largeBlob: true, webauthn:extension:minPinLength: true, webauthn:extension:prf: true, webauthn:virtualAuthenticators: true}
Session ID: cc5e69a98f05e21a90efb838c5c32d73
08:35:43.311 INFO  manager.ListenerWD -- **********************
08:35:43.311 INFO  manager.ListenerWD -- Screen with error is --->src/test/screenshots/screen_1579.png
08:35:43.828 INFO  tests.TestBase -- Assert check is alert present with error test 'Wrong email or password' 
08:35:43.828 INFO  manager.TestNGListener -- Success test -->loginWrongPassword
08:35:43.829 INFO  tests.TestBase -- ==============================================
08:35:43.830 INFO  tests.TestBase -- Name of method (test)-->registrationExistsUser
08:35:48.844 INFO  manager.TestNGListener -- Start test -->registrationExistsUser
08:35:48.845 INFO  tests.TestBase -- Test data --> email:'margo@gmail.com & password: Mmar123456$
08:35:48.845 INFO  manager.ListenerWD -- Before find element-->By.cssSelector: a[href='/login']
08:35:48.855 INFO  manager.ListenerWD -- After find element-->By.cssSelector: a[href='/login']
08:35:48.860 INFO  manager.ListenerWD -- Location of element-->a
08:35:48.869 INFO  manager.ListenerWD -- Before click element-->atext -->LOGIN
08:35:48.905 INFO  manager.ListenerWD -- After click element-->a
08:35:48.905 INFO  manager.HelperBase -- Open form by ckick on button with locator a[href='/login']
08:35:48.905 INFO  manager.ListenerWD -- Before find element-->By.name: email
08:35:48.911 INFO  manager.ListenerWD -- After find element-->By.name: email
08:35:48.913 INFO  manager.ListenerWD -- Location of element-->input
08:35:48.918 INFO  manager.ListenerWD -- Before click element-->inputtext -->
08:35:48.945 INFO  manager.ListenerWD -- After click element-->input
08:35:48.962 INFO  manager.ListenerWD -- sendKeys -->
08:35:48.964 INFO  manager.ListenerWD -- sendKeys -->input
08:35:48.988 INFO  manager.ListenerWD -- sendKeys -->
08:35:48.990 INFO  manager.ListenerWD -- sendKeys -->input
08:35:49.003 INFO  manager.ListenerWD -- sendKeys -->
08:35:49.005 INFO  manager.ListenerWD -- sendKeys -->input
08:35:49.018 INFO  manager.ListenerWD -- Before find element-->By.xpath: //input[@placeholder='Password']
08:35:49.024 INFO  manager.ListenerWD -- After find element-->By.xpath: //input[@placeholder='Password']
08:35:49.027 INFO  manager.ListenerWD -- Location of element-->input
08:35:49.032 INFO  manager.ListenerWD -- Before click element-->inputtext -->
08:35:49.062 INFO  manager.ListenerWD -- After click element-->input
08:35:49.079 INFO  manager.ListenerWD -- sendKeys -->
08:35:49.081 INFO  manager.ListenerWD -- sendKeys -->input
08:35:49.104 INFO  manager.ListenerWD -- sendKeys -->
08:35:49.106 INFO  manager.ListenerWD -- sendKeys -->input
08:35:49.121 INFO  manager.ListenerWD -- sendKeys -->
08:35:49.123 INFO  manager.ListenerWD -- sendKeys -->input
08:35:49.137 INFO  manager.ListenerWD -- Before find element-->By.xpath: //button[text()='Registration']
08:35:49.145 INFO  manager.ListenerWD -- After find element-->By.xpath: //button[text()='Registration']
08:35:49.148 INFO  manager.ListenerWD -- Location of element-->button
08:35:49.154 INFO  manager.ListenerWD -- Before click element-->buttontext -->Registration
08:35:49.184 INFO  manager.ListenerWD -- Huston, we have a problem!
08:35:49.184 INFO  manager.ListenerWD -- Failed method:alert
08:35:49.184 INFO  manager.ListenerWD -- **********************
08:35:49.184 INFO  manager.ListenerWD -- Arguments:null
08:35:49.184 INFO  manager.ListenerWD -- **********************
08:35:49.184 INFO  manager.ListenerWD -- Exception:NoAlertPresentException
08:35:49.184 INFO  manager.ListenerWD -- **********************
08:35:49.184 INFO  manager.ListenerWD -- Messageno such alert
  (Session info: chrome=148.0.7778.179)
Build info: version: '4.26.0', revision: '8ccf0219d7'
System info: os.name: 'Windows 10', os.arch: 'amd64', os.version: '10.0', java.version: '17.0.12'
Driver info: org.openqa.selenium.chrome.ChromeDriver
Command: [cc5e69a98f05e21a90efb838c5c32d73, getAlertText {}]
Capabilities {acceptInsecureCerts: false, browserName: chrome, browserVersion: 148.0.7778.179, chrome: {chromedriverVersion: 147.0.7727.57 (b4f28b5637d0..., userDataDir: C:\Users\Nina\AppData\Local...}, fedcm:accounts: true, goog:chromeOptions: {debuggerAddress: localhost:60756}, goog:processID: 31596, networkConnectionEnabled: false, pageLoadStrategy: normal, platformName: windows, proxy: Proxy(), se:cdp: ws://localhost:60756/devtoo..., se:cdpVersion: 148.0.7778.179, setWindowRect: true, strictFileInteractability: false, timeouts: {implicit: 0, pageLoad: 300000, script: 30000}, unhandledPromptBehavior: dismiss and notify, webauthn:extension:credBlob: true, webauthn:extension:largeBlob: true, webauthn:extension:minPinLength: true, webauthn:extension:prf: true, webauthn:virtualAuthenticators: true}
Session ID: cc5e69a98f05e21a90efb838c5c32d73
08:35:49.184 INFO  manager.ListenerWD -- **********************
08:35:49.184 INFO  manager.ListenerWD -- Screen with error is --->src/test/screenshots/screen_1952.png
08:35:49.706 INFO  tests.TestBase -- Assert check is alert present with error test 'User already exist' 
08:35:49.706 INFO  manager.TestNGListener -- Success test -->registrationExistsUser
08:35:49.706 INFO  tests.TestBase -- ==============================================
08:35:49.707 INFO  tests.TestBase -- Name of method (test)-->registrationSuccess
08:35:54.748 INFO  manager.TestNGListener -- Start test -->registrationSuccess
08:35:54.748 INFO  tests.TestBase -- Start test with name 'registrationSuccess'
08:35:54.749 INFO  tests.TestBase -- Test data --> email:'mert1671@gmail.com & password: Mert123456!
08:35:54.749 INFO  manager.ListenerWD -- Before find element-->By.cssSelector: a[href='/login']
08:35:54.758 INFO  manager.ListenerWD -- After find element-->By.cssSelector: a[href='/login']
08:35:54.762 INFO  manager.ListenerWD -- Location of element-->a
08:35:54.768 INFO  manager.ListenerWD -- Before click element-->atext -->LOGIN
08:35:54.797 INFO  manager.ListenerWD -- After click element-->a
08:35:54.797 INFO  manager.HelperBase -- Open form by ckick on button with locator a[href='/login']
08:35:54.797 INFO  manager.ListenerWD -- Before find element-->By.name: email
08:35:54.804 INFO  manager.ListenerWD -- After find element-->By.name: email
08:35:54.806 INFO  manager.ListenerWD -- Location of element-->input
08:35:54.811 INFO  manager.ListenerWD -- Before click element-->inputtext -->
08:35:54.837 INFO  manager.ListenerWD -- After click element-->input
08:35:54.852 INFO  manager.ListenerWD -- sendKeys -->
08:35:54.856 INFO  manager.ListenerWD -- sendKeys -->input
08:35:54.880 INFO  manager.ListenerWD -- sendKeys -->
08:35:54.882 INFO  manager.ListenerWD -- sendKeys -->input
08:35:54.896 INFO  manager.ListenerWD -- sendKeys -->
08:35:54.898 INFO  manager.ListenerWD -- sendKeys -->input
08:35:54.912 INFO  manager.ListenerWD -- Before find element-->By.xpath: //input[@placeholder='Password']
08:35:54.918 INFO  manager.ListenerWD -- After find element-->By.xpath: //input[@placeholder='Password']
08:35:54.921 INFO  manager.ListenerWD -- Location of element-->input
08:35:54.926 INFO  manager.ListenerWD -- Before click element-->inputtext -->
08:35:54.951 INFO  manager.ListenerWD -- After click element-->input
08:35:54.967 INFO  manager.ListenerWD -- sendKeys -->
08:35:54.969 INFO  manager.ListenerWD -- sendKeys -->input
08:35:54.992 INFO  manager.ListenerWD -- sendKeys -->
08:35:54.994 INFO  manager.ListenerWD -- sendKeys -->input
08:35:55.010 INFO  manager.ListenerWD -- sendKeys -->
08:35:55.013 INFO  manager.ListenerWD -- sendKeys -->input
08:35:55.025 INFO  manager.ListenerWD -- Before find element-->By.xpath: //button[text()='Registration']
08:35:55.031 INFO  manager.ListenerWD -- After find element-->By.xpath: //button[text()='Registration']
08:35:55.033 INFO  manager.ListenerWD -- Location of element-->button
08:35:55.039 INFO  manager.ListenerWD -- Before click element-->buttontext -->Registration
08:35:55.379 INFO  tests.TestBase -- Assert check is element button 'Sign out' present
08:35:55.379 INFO  manager.ListenerWD -- Before find element-->By.cssSelector: .contact-page_message__2qafk>h1
08:35:55.587 INFO  manager.ListenerWD -- After find element-->By.cssSelector: .contact-page_message__2qafk>h1
08:35:55.590 INFO  manager.ListenerWD -- Location of element-->h1
08:35:55.595 INFO  tests.TestBase -- Assert check is message 'No contacts here'
08:35:55.596 INFO  manager.TestNGListener -- Success test -->registrationSuccess
08:35:55.596 INFO  tests.TestBase -- ==============================================
08:35:55.596 INFO  tests.TestBase -- Name of method (test)-->wrongEmailRegistration
08:35:55.605 INFO  manager.ListenerWD -- Before find element-->By.xpath: //button[text()='Sign Out']
08:35:55.612 INFO  manager.ListenerWD -- After find element-->By.xpath: //button[text()='Sign Out']
08:35:55.616 INFO  manager.ListenerWD -- Location of element-->button
08:35:55.623 INFO  manager.ListenerWD -- Before click element-->buttontext -->Sign Out
08:35:55.654 INFO  tests.TestBase -- Before method finished logout
08:35:55.654 INFO  manager.TestNGListener -- Start test -->wrongEmailRegistration
08:35:55.654 INFO  tests.TestBase -- Test data --> email:'mertgmail.com & password: Mert123456!
08:35:55.654 INFO  manager.ListenerWD -- Before find element-->By.cssSelector: a[href='/login']
08:35:55.662 INFO  manager.ListenerWD -- After find element-->By.cssSelector: a[href='/login']
08:35:55.664 INFO  manager.ListenerWD -- Location of element-->a
08:35:55.670 INFO  manager.ListenerWD -- Before click element-->atext -->LOGIN
08:35:55.697 INFO  manager.ListenerWD -- After click element-->a
08:35:55.697 INFO  manager.HelperBase -- Open form by ckick on button with locator a[href='/login']
08:35:55.697 INFO  manager.ListenerWD -- Before find element-->By.name: email
08:35:55.703 INFO  manager.ListenerWD -- After find element-->By.name: email
08:35:55.706 INFO  manager.ListenerWD -- Location of element-->input
08:35:55.711 INFO  manager.ListenerWD -- Before click element-->inputtext -->
08:35:55.746 INFO  manager.ListenerWD -- After click element-->input
08:35:55.762 INFO  manager.ListenerWD -- sendKeys -->
08:35:55.764 INFO  manager.ListenerWD -- sendKeys -->input
08:35:55.778 INFO  manager.ListenerWD -- sendKeys -->
08:35:55.780 INFO  manager.ListenerWD -- sendKeys -->input
08:35:55.796 INFO  manager.ListenerWD -- sendKeys -->
08:35:55.798 INFO  manager.ListenerWD -- sendKeys -->input
08:35:55.811 INFO  manager.ListenerWD -- Before find element-->By.xpath: //input[@placeholder='Password']
08:35:55.818 INFO  manager.ListenerWD -- After find element-->By.xpath: //input[@placeholder='Password']
08:35:55.820 INFO  manager.ListenerWD -- Location of element-->input
08:35:55.826 INFO  manager.ListenerWD -- Before click element-->inputtext -->
08:35:55.859 INFO  manager.ListenerWD -- After click element-->input
08:35:55.876 INFO  manager.ListenerWD -- sendKeys -->
08:35:55.879 INFO  manager.ListenerWD -- sendKeys -->input
08:35:55.894 INFO  manager.ListenerWD -- sendKeys -->
08:35:55.896 INFO  manager.ListenerWD -- sendKeys -->input
08:35:55.912 INFO  manager.ListenerWD -- sendKeys -->
08:35:55.915 INFO  manager.ListenerWD -- sendKeys -->input
08:35:55.929 INFO  manager.ListenerWD -- Before find element-->By.xpath: //button[text()='Registration']
08:35:55.936 INFO  manager.ListenerWD -- After find element-->By.xpath: //button[text()='Registration']
08:35:55.939 INFO  manager.ListenerWD -- Location of element-->button
08:35:55.944 INFO  manager.ListenerWD -- Before click element-->buttontext -->Registration
08:35:55.975 INFO  manager.ListenerWD -- Huston, we have a problem!
08:35:55.975 INFO  manager.ListenerWD -- Failed method:alert
08:35:55.975 INFO  manager.ListenerWD -- **********************
08:35:55.975 INFO  manager.ListenerWD -- Arguments:null
08:35:55.975 INFO  manager.ListenerWD -- **********************
08:35:55.975 INFO  manager.ListenerWD -- Exception:NoAlertPresentException
08:35:55.975 INFO  manager.ListenerWD -- **********************
08:35:55.975 INFO  manager.ListenerWD -- Messageno such alert
  (Session info: chrome=148.0.7778.179)
Build info: version: '4.26.0', revision: '8ccf0219d7'
System info: os.name: 'Windows 10', os.arch: 'amd64', os.version: '10.0', java.version: '17.0.12'
Driver info: org.openqa.selenium.chrome.ChromeDriver
Command: [cc5e69a98f05e21a90efb838c5c32d73, getAlertText {}]
Capabilities {acceptInsecureCerts: false, browserName: chrome, browserVersion: 148.0.7778.179, chrome: {chromedriverVersion: 147.0.7727.57 (b4f28b5637d0..., userDataDir: C:\Users\Nina\AppData\Local...}, fedcm:accounts: true, goog:chromeOptions: {debuggerAddress: localhost:60756}, goog:processID: 31596, networkConnectionEnabled: false, pageLoadStrategy: normal, platformName: windows, proxy: Proxy(), se:cdp: ws://localhost:60756/devtoo..., se:cdpVersion: 148.0.7778.179, setWindowRect: true, strictFileInteractability: false, timeouts: {implicit: 0, pageLoad: 300000, script: 30000}, unhandledPromptBehavior: dismiss and notify, webauthn:extension:credBlob: true, webauthn:extension:largeBlob: true, webauthn:extension:minPinLength: true, webauthn:extension:prf: true, webauthn:virtualAuthenticators: true}
Session ID: cc5e69a98f05e21a90efb838c5c32d73
08:35:55.975 INFO  manager.ListenerWD -- **********************
08:35:55.975 INFO  manager.ListenerWD -- Screen with error is --->src/test/screenshots/screen_1645.png
08:35:56.497 INFO  tests.TestBase -- Assert check is alert present with error test 'Wrong email or password' 
08:35:56.497 INFO  manager.ListenerWD -- Before find element-->By.xpath: //*[text()='Registration failed with code 400']
08:35:56.509 INFO  manager.ListenerWD -- After find element-->By.xpath: //*[text()='Registration failed with code 400']
08:35:56.513 INFO  manager.ListenerWD -- Location of element-->div
08:35:56.513 INFO  manager.TestNGListener -- Success test -->wrongEmailRegistration
08:35:56.513 INFO  tests.TestBase -- ==============================================
08:35:56.514 INFO  tests.TestBase -- Name of method (test)-->wrongPasswordRegistration
08:36:01.566 INFO  manager.TestNGListener -- Start test -->wrongPasswordRegistration
08:36:01.566 INFO  tests.TestBase -- Test data --> email:'mert@gmail.com & password: Mert123456
08:36:01.566 INFO  manager.ListenerWD -- Before find element-->By.cssSelector: a[href='/login']
08:36:01.580 INFO  manager.ListenerWD -- After find element-->By.cssSelector: a[href='/login']
08:36:01.584 INFO  manager.ListenerWD -- Location of element-->a
08:36:01.591 INFO  manager.ListenerWD -- Before click element-->atext -->LOGIN
08:36:01.620 INFO  manager.ListenerWD -- After click element-->a
08:36:01.620 INFO  manager.HelperBase -- Open form by ckick on button with locator a[href='/login']
08:36:01.620 INFO  manager.ListenerWD -- Before find element-->By.name: email
08:36:01.627 INFO  manager.ListenerWD -- After find element-->By.name: email
08:36:01.629 INFO  manager.ListenerWD -- Location of element-->input
08:36:01.635 INFO  manager.ListenerWD -- Before click element-->inputtext -->
08:36:01.665 INFO  manager.ListenerWD -- After click element-->input
08:36:01.682 INFO  manager.ListenerWD -- sendKeys -->
08:36:01.683 INFO  manager.ListenerWD -- sendKeys -->input
08:36:01.708 INFO  manager.ListenerWD -- sendKeys -->
08:36:01.710 INFO  manager.ListenerWD -- sendKeys -->input
08:36:01.726 INFO  manager.ListenerWD -- sendKeys -->
08:36:01.728 INFO  manager.ListenerWD -- sendKeys -->input
08:36:01.743 INFO  manager.ListenerWD -- Before find element-->By.xpath: //input[@placeholder='Password']
08:36:01.750 INFO  manager.ListenerWD -- After find element-->By.xpath: //input[@placeholder='Password']
08:36:01.752 INFO  manager.ListenerWD -- Location of element-->input
08:36:01.758 INFO  manager.ListenerWD -- Before click element-->inputtext -->
08:36:01.785 INFO  manager.ListenerWD -- After click element-->input
08:36:01.801 INFO  manager.ListenerWD -- sendKeys -->
08:36:01.803 INFO  manager.ListenerWD -- sendKeys -->input
08:36:01.829 INFO  manager.ListenerWD -- sendKeys -->
08:36:01.831 INFO  manager.ListenerWD -- sendKeys -->input
08:36:01.847 INFO  manager.ListenerWD -- sendKeys -->
08:36:01.849 INFO  manager.ListenerWD -- sendKeys -->input
08:36:01.861 INFO  manager.ListenerWD -- Before find element-->By.xpath: //button[text()='Registration']
08:36:01.867 INFO  manager.ListenerWD -- After find element-->By.xpath: //button[text()='Registration']
08:36:01.870 INFO  manager.ListenerWD -- Location of element-->button
08:36:01.875 INFO  manager.ListenerWD -- Before click element-->buttontext -->Registration
08:36:01.904 INFO  manager.ListenerWD -- Huston, we have a problem!
08:36:01.905 INFO  manager.ListenerWD -- Failed method:alert
08:36:01.905 INFO  manager.ListenerWD -- **********************
08:36:01.905 INFO  manager.ListenerWD -- Arguments:null
08:36:01.905 INFO  manager.ListenerWD -- **********************
08:36:01.905 INFO  manager.ListenerWD -- Exception:NoAlertPresentException
08:36:01.905 INFO  manager.ListenerWD -- **********************
08:36:01.905 INFO  manager.ListenerWD -- Messageno such alert
  (Session info: chrome=148.0.7778.179)
Build info: version: '4.26.0', revision: '8ccf0219d7'
System info: os.name: 'Windows 10', os.arch: 'amd64', os.version: '10.0', java.version: '17.0.12'
Driver info: org.openqa.selenium.chrome.ChromeDriver
Command: [cc5e69a98f05e21a90efb838c5c32d73, getAlertText {}]
Capabilities {acceptInsecureCerts: false, browserName: chrome, browserVersion: 148.0.7778.179, chrome: {chromedriverVersion: 147.0.7727.57 (b4f28b5637d0..., userDataDir: C:\Users\Nina\AppData\Local...}, fedcm:accounts: true, goog:chromeOptions: {debuggerAddress: localhost:60756}, goog:processID: 31596, networkConnectionEnabled: false, pageLoadStrategy: normal, platformName: windows, proxy: Proxy(), se:cdp: ws://localhost:60756/devtoo..., se:cdpVersion: 148.0.7778.179, setWindowRect: true, strictFileInteractability: false, timeouts: {implicit: 0, pageLoad: 300000, script: 30000}, unhandledPromptBehavior: dismiss and notify, webauthn:extension:credBlob: true, webauthn:extension:largeBlob: true, webauthn:extension:minPinLength: true, webauthn:extension:prf: true, webauthn:virtualAuthenticators: true}
Session ID: cc5e69a98f05e21a90efb838c5c32d73
08:36:01.905 INFO  manager.ListenerWD -- **********************
08:36:01.905 INFO  manager.ListenerWD -- Screen with error is --->src/test/screenshots/screen_1233.png
08:36:02.433 INFO  tests.TestBase -- Assert check is alert present with error test 'Wrong email or password' 
08:36:02.433 INFO  manager.ListenerWD -- Before find element-->By.xpath: //*[text()='Registration failed with code 400']
08:36:02.445 INFO  manager.ListenerWD -- After find element-->By.xpath: //*[text()='Registration failed with code 400']
08:36:02.449 INFO  manager.ListenerWD -- Location of element-->div
08:36:02.449 INFO  manager.TestNGListener -- Success test -->wrongPasswordRegistration
08:36:02.450 INFO  tests.TestBase -- ==============================================
08:36:02.450 INFO  tests.TestBase -- Name of method (test)-->removeAllContacts
08:36:07.493 INFO  manager.ListenerWD -- Before find element-->By.cssSelector: a[href='/login']
08:36:07.499 INFO  manager.ListenerWD -- After find element-->By.cssSelector: a[href='/login']
08:36:07.502 INFO  manager.ListenerWD -- Location of element-->a
08:36:07.510 INFO  manager.ListenerWD -- Before click element-->atext -->LOGIN
08:36:07.541 INFO  manager.ListenerWD -- After click element-->a
08:36:07.541 INFO  manager.HelperBase -- Open form by ckick on button with locator a[href='/login']
08:36:07.541 INFO  manager.ListenerWD -- Before find element-->By.name: email
08:36:07.548 INFO  manager.ListenerWD -- After find element-->By.name: email
08:36:07.550 INFO  manager.ListenerWD -- Location of element-->input
08:36:07.557 INFO  manager.ListenerWD -- Before click element-->inputtext -->
08:36:07.587 INFO  manager.ListenerWD -- After click element-->input
08:36:07.602 INFO  manager.ListenerWD -- sendKeys -->
08:36:07.604 INFO  manager.ListenerWD -- sendKeys -->input
08:36:07.626 INFO  manager.ListenerWD -- sendKeys -->
08:36:07.628 INFO  manager.ListenerWD -- sendKeys -->input
08:36:07.644 INFO  manager.ListenerWD -- sendKeys -->
08:36:07.646 INFO  manager.ListenerWD -- sendKeys -->input
08:36:07.658 INFO  manager.ListenerWD -- Before find element-->By.xpath: //input[@placeholder='Password']
08:36:07.664 INFO  manager.ListenerWD -- After find element-->By.xpath: //input[@placeholder='Password']
08:36:07.666 INFO  manager.ListenerWD -- Location of element-->input
08:36:07.672 INFO  manager.ListenerWD -- Before click element-->inputtext -->
08:36:07.704 INFO  manager.ListenerWD -- After click element-->input
08:36:07.719 INFO  manager.ListenerWD -- sendKeys -->
08:36:07.721 INFO  manager.ListenerWD -- sendKeys -->input
08:36:07.743 INFO  manager.ListenerWD -- sendKeys -->
08:36:07.744 INFO  manager.ListenerWD -- sendKeys -->input
08:36:07.759 INFO  manager.ListenerWD -- sendKeys -->
08:36:07.761 INFO  manager.ListenerWD -- sendKeys -->input
08:36:07.774 INFO  manager.ListenerWD -- Before find element-->By.xpath: //button[text()='Login']
08:36:07.780 INFO  manager.ListenerWD -- After find element-->By.xpath: //button[text()='Login']
08:36:07.782 INFO  manager.ListenerWD -- Location of element-->button
08:36:07.787 INFO  manager.ListenerWD -- Before click element-->buttontext -->Login
08:36:08.311 INFO  manager.TestNGListener -- Start test -->removeAllContacts
08:36:08.348 INFO  manager.ListenerWD -- Before find element-->By.cssSelector: .contact-item_card__2SOIM
08:36:08.360 INFO  manager.ListenerWD -- After find element-->By.cssSelector: .contact-item_card__2SOIM
08:36:08.364 INFO  manager.ListenerWD -- Location of element-->div
08:36:08.371 INFO  manager.ListenerWD -- Before click element-->divtext -->Harry
555667771696
08:36:08.399 INFO  manager.ListenerWD -- After click element-->div
08:36:08.400 INFO  manager.ListenerWD -- Before find element-->By.xpath: //button[text()='Remove']
08:36:08.408 INFO  manager.ListenerWD -- After find element-->By.xpath: //button[text()='Remove']
08:36:08.411 INFO  manager.ListenerWD -- Location of element-->button
08:36:08.417 INFO  manager.ListenerWD -- Before click element-->buttontext -->Remove
08:36:08.440 INFO  manager.ListenerWD -- After click element-->button
08:36:09.485 INFO  manager.ListenerWD -- Before find element-->By.cssSelector: .contact-item_card__2SOIM
08:36:09.494 INFO  manager.ListenerWD -- After find element-->By.cssSelector: .contact-item_card__2SOIM
08:36:09.497 INFO  manager.ListenerWD -- Location of element-->div
08:36:09.504 INFO  manager.ListenerWD -- Before click element-->divtext -->Harry
555667771913
08:36:09.528 INFO  manager.ListenerWD -- After click element-->div
08:36:09.528 INFO  manager.ListenerWD -- Before find element-->By.xpath: //button[text()='Remove']
08:36:09.535 INFO  manager.ListenerWD -- After find element-->By.xpath: //button[text()='Remove']
08:36:09.538 INFO  manager.ListenerWD -- Location of element-->button
08:36:09.544 INFO  manager.ListenerWD -- Before click element-->buttontext -->Remove
08:36:09.569 INFO  manager.ListenerWD -- After click element-->button
08:36:10.619 INFO  manager.ListenerWD -- Before find element-->By.cssSelector: .contact-item_card__2SOIM
08:36:10.629 INFO  manager.ListenerWD -- After find element-->By.cssSelector: .contact-item_card__2SOIM
08:36:10.633 INFO  manager.ListenerWD -- Location of element-->div
08:36:10.640 INFO  manager.ListenerWD -- Before click element-->divtext -->Sara
4757745896
08:36:10.665 INFO  manager.ListenerWD -- After click element-->div
08:36:10.665 INFO  manager.ListenerWD -- Before find element-->By.xpath: //button[text()='Remove']
08:36:10.671 INFO  manager.ListenerWD -- After find element-->By.xpath: //button[text()='Remove']
08:36:10.674 INFO  manager.ListenerWD -- Location of element-->button
08:36:10.680 INFO  manager.ListenerWD -- Before click element-->buttontext -->Remove
08:36:10.701 INFO  manager.ListenerWD -- After click element-->button
08:36:11.750 INFO  manager.ListenerWD -- Before find element-->By.cssSelector: .contact-item_card__2SOIM
08:36:11.759 INFO  manager.ListenerWD -- After find element-->By.cssSelector: .contact-item_card__2SOIM
08:36:11.762 INFO  manager.ListenerWD -- Location of element-->div
08:36:11.770 INFO  manager.ListenerWD -- Before click element-->divtext -->Sara
4757745896
08:36:11.801 INFO  manager.ListenerWD -- After click element-->div
08:36:11.801 INFO  manager.ListenerWD -- Before find element-->By.xpath: //button[text()='Remove']
08:36:11.807 INFO  manager.ListenerWD -- After find element-->By.xpath: //button[text()='Remove']
08:36:11.810 INFO  manager.ListenerWD -- Location of element-->button
08:36:11.815 INFO  manager.ListenerWD -- Before click element-->buttontext -->Remove
08:36:11.840 INFO  manager.ListenerWD -- After click element-->button
08:36:12.889 INFO  manager.ListenerWD -- Before find element-->By.cssSelector: .contact-item_card__2SOIM
08:36:12.899 INFO  manager.ListenerWD -- After find element-->By.cssSelector: .contact-item_card__2SOIM
08:36:12.904 INFO  manager.ListenerWD -- Location of element-->div
08:36:12.910 INFO  manager.ListenerWD -- Before click element-->divtext -->Sara
4757745896
08:36:12.937 INFO  manager.ListenerWD -- After click element-->div
08:36:12.937 INFO  manager.ListenerWD -- Before find element-->By.xpath: //button[text()='Remove']
08:36:12.943 INFO  manager.ListenerWD -- After find element-->By.xpath: //button[text()='Remove']
08:36:12.945 INFO  manager.ListenerWD -- Location of element-->button
08:36:12.951 INFO  manager.ListenerWD -- Before click element-->buttontext -->Remove
08:36:12.974 INFO  manager.ListenerWD -- After click element-->button
08:36:14.014 INFO  manager.ListenerWD -- Before find element-->By.cssSelector: .contact-item_card__2SOIM
08:36:14.022 INFO  manager.ListenerWD -- After find element-->By.cssSelector: .contact-item_card__2SOIM
08:36:14.025 INFO  manager.ListenerWD -- Location of element-->div
08:36:14.033 INFO  manager.ListenerWD -- Before click element-->divtext -->Harry
155555555555
08:36:14.060 INFO  manager.ListenerWD -- After click element-->div
08:36:14.060 INFO  manager.ListenerWD -- Before find element-->By.xpath: //button[text()='Remove']
08:36:14.067 INFO  manager.ListenerWD -- After find element-->By.xpath: //button[text()='Remove']
08:36:14.069 INFO  manager.ListenerWD -- Location of element-->button
08:36:14.075 INFO  manager.ListenerWD -- Before click element-->buttontext -->Remove
08:36:14.098 INFO  manager.ListenerWD -- After click element-->button
08:36:15.141 INFO  manager.ListenerWD -- Before find element-->By.cssSelector: .contact-item_card__2SOIM
08:36:15.149 INFO  manager.ListenerWD -- After find element-->By.cssSelector: .contact-item_card__2SOIM
08:36:15.153 INFO  manager.ListenerWD -- Location of element-->div
08:36:15.159 INFO  manager.ListenerWD -- Before click element-->divtext -->Molly
365945632154
08:36:15.187 INFO  manager.ListenerWD -- After click element-->div
08:36:15.187 INFO  manager.ListenerWD -- Before find element-->By.xpath: //button[text()='Remove']
08:36:15.193 INFO  manager.ListenerWD -- After find element-->By.xpath: //button[text()='Remove']
08:36:15.196 INFO  manager.ListenerWD -- Location of element-->button
08:36:15.202 INFO  manager.ListenerWD -- Before click element-->buttontext -->Remove
08:36:15.226 INFO  manager.ListenerWD -- After click element-->button
08:36:16.275 INFO  manager.ListenerWD -- Before find element-->By.cssSelector: .contact-item_card__2SOIM
08:36:16.288 INFO  manager.ListenerWD -- After find element-->By.cssSelector: .contact-item_card__2SOIM
08:36:16.291 INFO  manager.ListenerWD -- Location of element-->div
08:36:16.297 INFO  manager.ListenerWD -- Before click element-->divtext -->Sara
985465231456
08:36:16.325 INFO  manager.ListenerWD -- After click element-->div
08:36:16.325 INFO  manager.ListenerWD -- Before find element-->By.xpath: //button[text()='Remove']
08:36:16.330 INFO  manager.ListenerWD -- After find element-->By.xpath: //button[text()='Remove']
08:36:16.333 INFO  manager.ListenerWD -- Location of element-->button
08:36:16.338 INFO  manager.ListenerWD -- Before click element-->buttontext -->Remove
08:36:16.360 INFO  manager.ListenerWD -- After click element-->button
08:36:17.383 INFO  manager.ListenerWD -- Before find element-->By.cssSelector: .contact-item_card__2SOIM
08:36:17.390 INFO  manager.ListenerWD -- After find element-->By.cssSelector: .contact-item_card__2SOIM
08:36:17.394 INFO  manager.ListenerWD -- Location of element-->div
08:36:17.400 INFO  manager.ListenerWD -- Before click element-->divtext -->Tony
34343434246
08:36:17.428 INFO  manager.ListenerWD -- After click element-->div
08:36:17.428 INFO  manager.ListenerWD -- Before find element-->By.xpath: //button[text()='Remove']
08:36:17.435 INFO  manager.ListenerWD -- After find element-->By.xpath: //button[text()='Remove']
08:36:17.437 INFO  manager.ListenerWD -- Location of element-->button
08:36:17.443 INFO  manager.ListenerWD -- Before click element-->buttontext -->Remove
08:36:17.467 INFO  manager.ListenerWD -- After click element-->button
08:36:18.506 INFO  manager.ListenerWD -- Before find element-->By.cssSelector: .contact-item_card__2SOIM
08:36:18.513 INFO  manager.ListenerWD -- After find element-->By.cssSelector: .contact-item_card__2SOIM
08:36:18.516 INFO  manager.ListenerWD -- Location of element-->div
08:36:18.523 INFO  manager.ListenerWD -- Before click element-->divtext -->Tony
6555652654
08:36:18.552 INFO  manager.ListenerWD -- After click element-->div
08:36:18.552 INFO  manager.ListenerWD -- Before find element-->By.xpath: //button[text()='Remove']
08:36:18.559 INFO  manager.ListenerWD -- After find element-->By.xpath: //button[text()='Remove']
08:36:18.563 INFO  manager.ListenerWD -- Location of element-->button
08:36:18.569 INFO  manager.ListenerWD -- Before click element-->buttontext -->Remove
08:36:18.592 INFO  manager.ListenerWD -- After click element-->button
08:36:19.625 INFO  manager.ListenerWD -- Before find element-->By.cssSelector: .contact-item_card__2SOIM
08:36:19.632 INFO  manager.ListenerWD -- After find element-->By.cssSelector: .contact-item_card__2SOIM
08:36:19.634 INFO  manager.ListenerWD -- Location of element-->div
08:36:19.642 INFO  manager.ListenerWD -- Before click element-->divtext -->Harry
155555555555
08:36:19.669 INFO  manager.ListenerWD -- After click element-->div
08:36:19.669 INFO  manager.ListenerWD -- Before find element-->By.xpath: //button[text()='Remove']
08:36:19.675 INFO  manager.ListenerWD -- After find element-->By.xpath: //button[text()='Remove']
08:36:19.678 INFO  manager.ListenerWD -- Location of element-->button
08:36:19.683 INFO  manager.ListenerWD -- Before click element-->buttontext -->Remove
08:36:19.708 INFO  manager.ListenerWD -- After click element-->button
08:36:20.729 INFO  manager.ListenerWD -- Before find element-->By.cssSelector: .contact-item_card__2SOIM
08:36:20.736 INFO  manager.ListenerWD -- After find element-->By.cssSelector: .contact-item_card__2SOIM
08:36:20.738 INFO  manager.ListenerWD -- Location of element-->div
08:36:20.746 INFO  manager.ListenerWD -- Before click element-->divtext -->Molly
365945632154
08:36:20.779 INFO  manager.ListenerWD -- After click element-->div
08:36:20.779 INFO  manager.ListenerWD -- Before find element-->By.xpath: //button[text()='Remove']
08:36:20.785 INFO  manager.ListenerWD -- After find element-->By.xpath: //button[text()='Remove']
08:36:20.788 INFO  manager.ListenerWD -- Location of element-->button
08:36:20.793 INFO  manager.ListenerWD -- Before click element-->buttontext -->Remove
08:36:20.818 INFO  manager.ListenerWD -- After click element-->button
08:36:21.839 INFO  manager.ListenerWD -- Before find element-->By.cssSelector: .contact-item_card__2SOIM
08:36:21.852 INFO  manager.ListenerWD -- After find element-->By.cssSelector: .contact-item_card__2SOIM
08:36:21.856 INFO  manager.ListenerWD -- Location of element-->div
08:36:21.862 INFO  manager.ListenerWD -- Before click element-->divtext -->Sara
985465231456
08:36:21.893 INFO  manager.ListenerWD -- After click element-->div
08:36:21.893 INFO  manager.ListenerWD -- Before find element-->By.xpath: //button[text()='Remove']
08:36:21.899 INFO  manager.ListenerWD -- After find element-->By.xpath: //button[text()='Remove']
08:36:21.902 INFO  manager.ListenerWD -- Location of element-->button
08:36:21.909 INFO  manager.ListenerWD -- Before click element-->buttontext -->Remove
08:36:21.933 INFO  manager.ListenerWD -- After click element-->button
08:36:22.954 INFO  manager.ListenerWD -- Before find element-->By.cssSelector: .contact-item_card__2SOIM
08:36:22.962 INFO  manager.ListenerWD -- After find element-->By.cssSelector: .contact-item_card__2SOIM
08:36:22.965 INFO  manager.ListenerWD -- Location of element-->div
08:36:22.974 INFO  manager.ListenerWD -- Before click element-->divtext -->TonyReq2115
343434342115
08:36:23.001 INFO  manager.ListenerWD -- After click element-->div
08:36:23.001 INFO  manager.ListenerWD -- Before find element-->By.xpath: //button[text()='Remove']
08:36:23.008 INFO  manager.ListenerWD -- After find element-->By.xpath: //button[text()='Remove']
08:36:23.010 INFO  manager.ListenerWD -- Location of element-->button
08:36:23.015 INFO  manager.ListenerWD -- Before click element-->buttontext -->Remove
08:36:23.037 INFO  manager.ListenerWD -- After click element-->button
08:36:29.104 INFO  manager.ListenerWD -- Before find element-->By.cssSelector: .contact-page_message__2qafk>h1
08:36:29.117 INFO  manager.ListenerWD -- After find element-->By.cssSelector: .contact-page_message__2qafk>h1
08:36:29.121 INFO  manager.ListenerWD -- Location of element-->h1
08:36:29.126 INFO  manager.TestNGListener -- Success test -->removeAllContacts
08:36:29.126 INFO  tests.TestBase -- ==============================================
08:36:29.127 INFO  tests.TestBase -- Name of method (test)-->removeFirstContact
08:36:34.169 INFO  manager.ListenerWD -- Before find element-->By.cssSelector: a[href='/add']
08:36:34.182 INFO  manager.ListenerWD -- After find element-->By.cssSelector: a[href='/add']
08:36:34.186 INFO  manager.ListenerWD -- Location of element-->a
08:36:34.194 INFO  manager.ListenerWD -- Before click element-->atext -->ADD
08:36:34.237 INFO  manager.ListenerWD -- After click element-->a
08:36:34.237 INFO  manager.ListenerWD -- Before find element-->By.cssSelector: [placeholder='Name']
08:36:34.246 INFO  manager.ListenerWD -- After find element-->By.cssSelector: [placeholder='Name']
08:36:34.248 INFO  manager.ListenerWD -- Location of element-->input
08:36:34.255 INFO  manager.ListenerWD -- Before click element-->inputtext -->
08:36:34.284 INFO  manager.ListenerWD -- After click element-->input
08:36:34.300 INFO  manager.ListenerWD -- sendKeys -->
08:36:34.302 INFO  manager.ListenerWD -- sendKeys -->input
08:36:34.318 INFO  manager.ListenerWD -- sendKeys -->
08:36:34.320 INFO  manager.ListenerWD -- sendKeys -->input
08:36:34.336 INFO  manager.ListenerWD -- sendKeys -->
08:36:34.338 INFO  manager.ListenerWD -- sendKeys -->input
08:36:34.350 INFO  manager.ListenerWD -- Before find element-->By.cssSelector: [placeholder='Last Name']
08:36:34.358 INFO  manager.ListenerWD -- After find element-->By.cssSelector: [placeholder='Last Name']
08:36:34.360 INFO  manager.ListenerWD -- Location of element-->input
08:36:34.365 INFO  manager.ListenerWD -- Before click element-->inputtext -->
08:36:34.391 INFO  manager.ListenerWD -- After click element-->input
08:36:34.406 INFO  manager.ListenerWD -- sendKeys -->
08:36:34.408 INFO  manager.ListenerWD -- sendKeys -->input
08:36:34.422 INFO  manager.ListenerWD -- sendKeys -->
08:36:34.424 INFO  manager.ListenerWD -- sendKeys -->input
08:36:34.439 INFO  manager.ListenerWD -- sendKeys -->
08:36:34.442 INFO  manager.ListenerWD -- sendKeys -->input
08:36:34.452 INFO  manager.ListenerWD -- Before find element-->By.cssSelector: [placeholder='Phone']
08:36:34.460 INFO  manager.ListenerWD -- After find element-->By.cssSelector: [placeholder='Phone']
08:36:34.463 INFO  manager.ListenerWD -- Location of element-->input
08:36:34.468 INFO  manager.ListenerWD -- Before click element-->inputtext -->
08:36:34.494 INFO  manager.ListenerWD -- After click element-->input
08:36:34.508 INFO  manager.ListenerWD -- sendKeys -->
08:36:34.510 INFO  manager.ListenerWD -- sendKeys -->input
08:36:34.525 INFO  manager.ListenerWD -- sendKeys -->
08:36:34.527 INFO  manager.ListenerWD -- sendKeys -->input
08:36:34.542 INFO  manager.ListenerWD -- sendKeys -->
08:36:34.545 INFO  manager.ListenerWD -- sendKeys -->input
08:36:34.557 INFO  manager.ListenerWD -- Before find element-->By.cssSelector: [placeholder='email']
08:36:34.565 INFO  manager.ListenerWD -- After find element-->By.cssSelector: [placeholder='email']
08:36:34.567 INFO  manager.ListenerWD -- Location of element-->input
08:36:34.572 INFO  manager.ListenerWD -- Before click element-->inputtext -->
08:36:34.597 INFO  manager.ListenerWD -- After click element-->input
08:36:34.612 INFO  manager.ListenerWD -- sendKeys -->
08:36:34.613 INFO  manager.ListenerWD -- sendKeys -->input
08:36:34.628 INFO  manager.ListenerWD -- sendKeys -->
08:36:34.630 INFO  manager.ListenerWD -- sendKeys -->input
08:36:34.645 INFO  manager.ListenerWD -- sendKeys -->
08:36:34.647 INFO  manager.ListenerWD -- sendKeys -->input
08:36:34.661 INFO  manager.ListenerWD -- Before find element-->By.cssSelector: [placeholder='Address']
08:36:34.669 INFO  manager.ListenerWD -- After find element-->By.cssSelector: [placeholder='Address']
08:36:34.672 INFO  manager.ListenerWD -- Location of element-->input
08:36:34.678 INFO  manager.ListenerWD -- Before click element-->inputtext -->
08:36:34.705 INFO  manager.ListenerWD -- After click element-->input
08:36:34.720 INFO  manager.ListenerWD -- sendKeys -->
08:36:34.722 INFO  manager.ListenerWD -- sendKeys -->input
08:36:34.738 INFO  manager.ListenerWD -- sendKeys -->
08:36:34.740 INFO  manager.ListenerWD -- sendKeys -->input
08:36:34.756 INFO  manager.ListenerWD -- sendKeys -->
08:36:34.758 INFO  manager.ListenerWD -- sendKeys -->input
08:36:34.771 INFO  manager.ListenerWD -- Before find element-->By.cssSelector: [placeholder = 'description']
08:36:34.778 INFO  manager.ListenerWD -- After find element-->By.cssSelector: [placeholder = 'description']
08:36:34.780 INFO  manager.ListenerWD -- Location of element-->input
08:36:34.785 INFO  manager.ListenerWD -- Before click element-->inputtext -->
08:36:34.813 INFO  manager.ListenerWD -- After click element-->input
08:36:34.827 INFO  manager.ListenerWD -- sendKeys -->
08:36:34.829 INFO  manager.ListenerWD -- sendKeys -->input
08:36:34.843 INFO  manager.ListenerWD -- sendKeys -->
08:36:34.846 INFO  manager.ListenerWD -- sendKeys -->input
08:36:34.862 INFO  manager.ListenerWD -- sendKeys -->
08:36:34.865 INFO  manager.ListenerWD -- sendKeys -->input
08:36:34.877 INFO  manager.ListenerWD -- Before find element-->By.cssSelector: .add_form__2rsm2>button
08:36:34.885 INFO  manager.ListenerWD -- After find element-->By.cssSelector: .add_form__2rsm2>button
08:36:34.887 INFO  manager.ListenerWD -- Location of element-->button
08:36:34.892 INFO  manager.ListenerWD -- Before click element-->buttontext -->Save
08:36:34.916 INFO  manager.ListenerWD -- After click element-->button
08:36:35.419 INFO  manager.ListenerWD -- Before find element-->By.cssSelector: a[href='/add']
08:36:35.435 INFO  manager.ListenerWD -- After find element-->By.cssSelector: a[href='/add']
08:36:35.439 INFO  manager.ListenerWD -- Location of element-->a
08:36:35.447 INFO  manager.ListenerWD -- Before click element-->atext -->ADD
08:36:35.476 INFO  manager.ListenerWD -- After click element-->a
08:36:35.476 INFO  manager.ListenerWD -- Before find element-->By.cssSelector: [placeholder='Name']
08:36:35.483 INFO  manager.ListenerWD -- After find element-->By.cssSelector: [placeholder='Name']
08:36:35.486 INFO  manager.ListenerWD -- Location of element-->input
08:36:35.491 INFO  manager.ListenerWD -- Before click element-->inputtext -->
08:36:35.519 INFO  manager.ListenerWD -- After click element-->input
08:36:35.535 INFO  manager.ListenerWD -- sendKeys -->
08:36:35.537 INFO  manager.ListenerWD -- sendKeys -->input
08:36:35.552 INFO  manager.ListenerWD -- sendKeys -->
08:36:35.554 INFO  manager.ListenerWD -- sendKeys -->input
08:36:35.570 INFO  manager.ListenerWD -- sendKeys -->
08:36:35.572 INFO  manager.ListenerWD -- sendKeys -->input
08:36:35.586 INFO  manager.ListenerWD -- Before find element-->By.cssSelector: [placeholder='Last Name']
08:36:35.593 INFO  manager.ListenerWD -- After find element-->By.cssSelector: [placeholder='Last Name']
08:36:35.595 INFO  manager.ListenerWD -- Location of element-->input
08:36:35.601 INFO  manager.ListenerWD -- Before click element-->inputtext -->
08:36:35.627 INFO  manager.ListenerWD -- After click element-->input
08:36:35.643 INFO  manager.ListenerWD -- sendKeys -->
08:36:35.646 INFO  manager.ListenerWD -- sendKeys -->input
08:36:35.661 INFO  manager.ListenerWD -- sendKeys -->
08:36:35.663 INFO  manager.ListenerWD -- sendKeys -->input
08:36:35.679 INFO  manager.ListenerWD -- sendKeys -->
08:36:35.681 INFO  manager.ListenerWD -- sendKeys -->input
08:36:35.693 INFO  manager.ListenerWD -- Before find element-->By.cssSelector: [placeholder='Phone']
08:36:35.700 INFO  manager.ListenerWD -- After find element-->By.cssSelector: [placeholder='Phone']
08:36:35.702 INFO  manager.ListenerWD -- Location of element-->input
08:36:35.708 INFO  manager.ListenerWD -- Before click element-->inputtext -->
08:36:35.736 INFO  manager.ListenerWD -- After click element-->input
08:36:35.751 INFO  manager.ListenerWD -- sendKeys -->
08:36:35.753 INFO  manager.ListenerWD -- sendKeys -->input
08:36:35.767 INFO  manager.ListenerWD -- sendKeys -->
08:36:35.769 INFO  manager.ListenerWD -- sendKeys -->input
08:36:35.786 INFO  manager.ListenerWD -- sendKeys -->
08:36:35.788 INFO  manager.ListenerWD -- sendKeys -->input
08:36:35.802 INFO  manager.ListenerWD -- Before find element-->By.cssSelector: [placeholder='email']
08:36:35.808 INFO  manager.ListenerWD -- After find element-->By.cssSelector: [placeholder='email']
08:36:35.810 INFO  manager.ListenerWD -- Location of element-->input
08:36:35.816 INFO  manager.ListenerWD -- Before click element-->inputtext -->
08:36:35.846 INFO  manager.ListenerWD -- After click element-->input
08:36:35.861 INFO  manager.ListenerWD -- sendKeys -->
08:36:35.863 INFO  manager.ListenerWD -- sendKeys -->input
08:36:35.878 INFO  manager.ListenerWD -- sendKeys -->
08:36:35.880 INFO  manager.ListenerWD -- sendKeys -->input
08:36:35.896 INFO  manager.ListenerWD -- sendKeys -->
08:36:35.898 INFO  manager.ListenerWD -- sendKeys -->input
08:36:35.914 INFO  manager.ListenerWD -- Before find element-->By.cssSelector: [placeholder='Address']
08:36:35.920 INFO  manager.ListenerWD -- After find element-->By.cssSelector: [placeholder='Address']
08:36:35.922 INFO  manager.ListenerWD -- Location of element-->input
08:36:35.927 INFO  manager.ListenerWD -- Before click element-->inputtext -->
08:36:35.955 INFO  manager.ListenerWD -- After click element-->input
08:36:35.974 INFO  manager.ListenerWD -- sendKeys -->
08:36:35.976 INFO  manager.ListenerWD -- sendKeys -->input
08:36:35.991 INFO  manager.ListenerWD -- sendKeys -->
08:36:35.994 INFO  manager.ListenerWD -- sendKeys -->input
08:36:36.010 INFO  manager.ListenerWD -- sendKeys -->
08:36:36.012 INFO  manager.ListenerWD -- sendKeys -->input
08:36:36.024 INFO  manager.ListenerWD -- Before find element-->By.cssSelector: [placeholder = 'description']
08:36:36.031 INFO  manager.ListenerWD -- After find element-->By.cssSelector: [placeholder = 'description']
08:36:36.033 INFO  manager.ListenerWD -- Location of element-->input
08:36:36.038 INFO  manager.ListenerWD -- Before click element-->inputtext -->
08:36:36.065 INFO  manager.ListenerWD -- After click element-->input
08:36:36.080 INFO  manager.ListenerWD -- sendKeys -->
08:36:36.083 INFO  manager.ListenerWD -- sendKeys -->input
08:36:36.098 INFO  manager.ListenerWD -- sendKeys -->
08:36:36.100 INFO  manager.ListenerWD -- sendKeys -->input
08:36:36.114 INFO  manager.ListenerWD -- sendKeys -->
08:36:36.116 INFO  manager.ListenerWD -- sendKeys -->input
08:36:36.126 INFO  manager.ListenerWD -- Before find element-->By.cssSelector: .add_form__2rsm2>button
08:36:36.132 INFO  manager.ListenerWD -- After find element-->By.cssSelector: .add_form__2rsm2>button
08:36:36.134 INFO  manager.ListenerWD -- Location of element-->button
08:36:36.140 INFO  manager.ListenerWD -- Before click element-->buttontext -->Save
08:36:36.163 INFO  manager.ListenerWD -- After click element-->button
08:36:36.666 INFO  manager.ListenerWD -- Before find element-->By.cssSelector: a[href='/add']
08:36:36.678 INFO  manager.ListenerWD -- After find element-->By.cssSelector: a[href='/add']
08:36:36.681 INFO  manager.ListenerWD -- Location of element-->a
08:36:36.688 INFO  manager.ListenerWD -- Before click element-->atext -->ADD
08:36:36.720 INFO  manager.ListenerWD -- After click element-->a
08:36:36.720 INFO  manager.ListenerWD -- Before find element-->By.cssSelector: [placeholder='Name']
08:36:36.727 INFO  manager.ListenerWD -- After find element-->By.cssSelector: [placeholder='Name']
08:36:36.730 INFO  manager.ListenerWD -- Location of element-->input
08:36:36.735 INFO  manager.ListenerWD -- Before click element-->inputtext -->
08:36:36.765 INFO  manager.ListenerWD -- After click element-->input
08:36:36.781 INFO  manager.ListenerWD -- sendKeys -->
08:36:36.783 INFO  manager.ListenerWD -- sendKeys -->input
08:36:36.798 INFO  manager.ListenerWD -- sendKeys -->
08:36:36.800 INFO  manager.ListenerWD -- sendKeys -->input
08:36:36.816 INFO  manager.ListenerWD -- sendKeys -->
08:36:36.818 INFO  manager.ListenerWD -- sendKeys -->input
08:36:36.830 INFO  manager.ListenerWD -- Before find element-->By.cssSelector: [placeholder='Last Name']
08:36:36.836 INFO  manager.ListenerWD -- After find element-->By.cssSelector: [placeholder='Last Name']
08:36:36.838 INFO  manager.ListenerWD -- Location of element-->input
08:36:36.844 INFO  manager.ListenerWD -- Before click element-->inputtext -->
08:36:36.872 INFO  manager.ListenerWD -- After click element-->input
08:36:36.888 INFO  manager.ListenerWD -- sendKeys -->
08:36:36.891 INFO  manager.ListenerWD -- sendKeys -->input
08:36:36.906 INFO  manager.ListenerWD -- sendKeys -->
08:36:36.908 INFO  manager.ListenerWD -- sendKeys -->input
08:36:36.924 INFO  manager.ListenerWD -- sendKeys -->
08:36:36.926 INFO  manager.ListenerWD -- sendKeys -->input
08:36:36.937 INFO  manager.ListenerWD -- Before find element-->By.cssSelector: [placeholder='Phone']
08:36:36.944 INFO  manager.ListenerWD -- After find element-->By.cssSelector: [placeholder='Phone']
08:36:36.946 INFO  manager.ListenerWD -- Location of element-->input
08:36:36.951 INFO  manager.ListenerWD -- Before click element-->inputtext -->
08:36:36.976 INFO  manager.ListenerWD -- After click element-->input
08:36:36.990 INFO  manager.ListenerWD -- sendKeys -->
08:36:36.992 INFO  manager.ListenerWD -- sendKeys -->input
08:36:37.008 INFO  manager.ListenerWD -- sendKeys -->
08:36:37.010 INFO  manager.ListenerWD -- sendKeys -->input
08:36:37.025 INFO  manager.ListenerWD -- sendKeys -->
08:36:37.027 INFO  manager.ListenerWD -- sendKeys -->input
08:36:37.039 INFO  manager.ListenerWD -- Before find element-->By.cssSelector: [placeholder='email']
08:36:37.045 INFO  manager.ListenerWD -- After find element-->By.cssSelector: [placeholder='email']
08:36:37.047 INFO  manager.ListenerWD -- Location of element-->input
08:36:37.052 INFO  manager.ListenerWD -- Before click element-->inputtext -->
08:36:37.077 INFO  manager.ListenerWD -- After click element-->input
08:36:37.092 INFO  manager.ListenerWD -- sendKeys -->
08:36:37.093 INFO  manager.ListenerWD -- sendKeys -->input
08:36:37.108 INFO  manager.ListenerWD -- sendKeys -->
08:36:37.109 INFO  manager.ListenerWD -- sendKeys -->input
08:36:37.124 INFO  manager.ListenerWD -- sendKeys -->
08:36:37.126 INFO  manager.ListenerWD -- sendKeys -->input
08:36:37.139 INFO  manager.ListenerWD -- Before find element-->By.cssSelector: [placeholder='Address']
08:36:37.146 INFO  manager.ListenerWD -- After find element-->By.cssSelector: [placeholder='Address']
08:36:37.148 INFO  manager.ListenerWD -- Location of element-->input
08:36:37.153 INFO  manager.ListenerWD -- Before click element-->inputtext -->
08:36:37.177 INFO  manager.ListenerWD -- After click element-->input
08:36:37.192 INFO  manager.ListenerWD -- sendKeys -->
08:36:37.194 INFO  manager.ListenerWD -- sendKeys -->input
08:36:37.209 INFO  manager.ListenerWD -- sendKeys -->
08:36:37.211 INFO  manager.ListenerWD -- sendKeys -->input
08:36:37.226 INFO  manager.ListenerWD -- sendKeys -->
08:36:37.228 INFO  manager.ListenerWD -- sendKeys -->input
08:36:37.240 INFO  manager.ListenerWD -- Before find element-->By.cssSelector: [placeholder = 'description']
08:36:37.246 INFO  manager.ListenerWD -- After find element-->By.cssSelector: [placeholder = 'description']
08:36:37.248 INFO  manager.ListenerWD -- Location of element-->input
08:36:37.253 INFO  manager.ListenerWD -- Before click element-->inputtext -->
08:36:37.279 INFO  manager.ListenerWD -- After click element-->input
08:36:37.294 INFO  manager.ListenerWD -- sendKeys -->
08:36:37.296 INFO  manager.ListenerWD -- sendKeys -->input
08:36:37.311 INFO  manager.ListenerWD -- sendKeys -->
08:36:37.313 INFO  manager.ListenerWD -- sendKeys -->input
08:36:37.329 INFO  manager.ListenerWD -- sendKeys -->
08:36:37.331 INFO  manager.ListenerWD -- sendKeys -->input
08:36:37.343 INFO  manager.ListenerWD -- Before find element-->By.cssSelector: .add_form__2rsm2>button
08:36:37.350 INFO  manager.ListenerWD -- After find element-->By.cssSelector: .add_form__2rsm2>button
08:36:37.352 INFO  manager.ListenerWD -- Location of element-->button
08:36:37.357 INFO  manager.ListenerWD -- Before click element-->buttontext -->Save
08:36:37.382 INFO  manager.ListenerWD -- After click element-->button
08:36:37.883 INFO  manager.TestNGListener -- Start test -->removeFirstContact
08:36:37.898 INFO  manager.HelperBase -- Number of Contacts before remove is-->3
08:36:37.898 INFO  manager.ListenerWD -- Before find element-->By.cssSelector: .contact-item_card__2SOIM
08:36:37.906 INFO  manager.ListenerWD -- After find element-->By.cssSelector: .contact-item_card__2SOIM
08:36:37.909 INFO  manager.ListenerWD -- Location of element-->div
08:36:37.917 INFO  manager.ListenerWD -- Before click element-->divtext -->Harry
555667771964
08:36:37.945 INFO  manager.ListenerWD -- After click element-->div
08:36:37.945 INFO  manager.ListenerWD -- Before find element-->By.xpath: //button[text()='Remove']
08:36:37.952 INFO  manager.ListenerWD -- After find element-->By.xpath: //button[text()='Remove']
08:36:37.955 INFO  manager.ListenerWD -- Location of element-->button
08:36:37.961 INFO  manager.ListenerWD -- Before click element-->buttontext -->Remove
08:36:37.983 INFO  manager.ListenerWD -- After click element-->button
08:36:39.011 INFO  manager.HelperBase -- Number of Contacts after remove is-->2
08:36:39.011 INFO  manager.TestNGListener -- Success test -->removeFirstContact
08:36:39.011 INFO  tests.TestBase -- ==============================================
08:36:39.011 INFO  manager.TestNGListener -- Stop testing  on date-->Thu Jun 04 08:36:39 IDT 2026
